,-unknown-,<05,<1,<2,<5,>=5,AE,CA,CH,FR,GB,HK,IE,JE,KY,Market_capitalization,NL,US,Total
2025-05-05,0.01,48,22,14,9,3,0.0,0.0,0.0,0.05,0.26,0.0,0.0,0.0,0.0,674053830000.0,0.06,0.25,0.63
2025-05-04,0.01,48,22,14,9,3,0.0,0.0,0.0,0.05,0.26,0.0,0.0,0.0,0.0,674053830000.0,0.06,0.25,0.63
2025-05-03,0.01,48,22,14,9,3,0.0,0.0,0.0,0.05,0.26,0.0,0.0,0.0,0.0,674053830000.0,0.06,0.25,0.63
2025-05-02,0.01,48,22,14,9,3,0.0,0.0,0.0,0.05,0.26,0.0,0.0,0.0,0.0,674053830000.0,0.06,0.25,0.63
2025-05-01,0.01,48,22,14,9,3,0.0,0.0,0.0,0.05,0.26,0.0,0.0,0.0,0.0,674053830000.0,0.06,0.25,0.63
2025-04-30,0.01,48,22,14,9,3,0.0,0.0,0.0,0.05,0.26,0.0,0.0,0.0,0.0,674053830000.0,0.06,0.25,0.63
2025-04-29,0.01,48,22,14,9,3,0.0,0.0,0.0,0.05,0.26,0.0,0.0,0.0,0.0,674053830000.0,0.06,0.25,0.63
2025-04-28,0.01,48,22,14,9,3,0.0,0.0,0.0,0.05,0.26,0.0,0.0,0.0,0.0,674053830000.0,0.06,0.25,0.63
2025-04-27,0.01,48,22,14,9,3,0.0,0.0,0.0,0.05,0.26,0.0,0.0,0.0,0.0,674053830000.0,0.06,0.25,0.63
2025-04-26,0.01,48,22,14,9,3,0.0,0.0,0.0,0.05,0.26,0.0,0.0,0.0,0.0,674053830000.0,0.06,0.25,0.63
2025-04-25,0.01,48,22,14,9,3,0.0,0.0,0.0,0.05,0.26,0.0,0.0,0.0,0.0,674053830000.0,0.06,0.25,0.63
2025-04-24,0.01,48,22,14,9,3,0.0,0.0,0.0,0.05,0.26,0.0,0.0,0.0,0.0,674053830000.0,0.06,0.25,0.63
2025-04-23,0.01,48,22,14,9,3,0.0,0.0,0.0,0.05,0.26,0.0,0.0,0.0,0.0,674053830000.0,0.06,0.25,0.63
2025-04-22,0.01,48,22,14,9,3,0.0,0.0,0.0,0.05,0.26,0.0,0.0,0.0,0.0,674053830000.0,0.06,0.25,0.63
2025-04-21,0.01,48,22,14,9,3,0.0,0.0,0.0,0.05,0.26,0.0,0.0,0.0,0.0,674053830000.0,0.06,0.25,0.63
2025-04-20,0.01,48,22,14,9,3,0.0,0.0,0.0,0.05,0.26,0.0,0.0,0.0,0.0,674053830000.0,0.06,0.25,0.63
2025-04-19,0.01,48,22,14,9,3,0.0,0.0,0.0,0.05,0.26,0.0,0.0,0.0,0.0,674053830000.0,0.06,0.25,0.63
2025-04-18,0.01,48,22,14,9,3,0.0,0.0,0.0,0.05,0.26,0.0,0.0,0.0,0.0,674053830000.0,0.06,0.25,0.63
2025-04-17,0.01,48,22,14,9,3,0.0,0.0,0.0,0.05,0.26,0.0,0.0,0.0,0.0,674053830000.0,0.06,0.25,0.63
2025-04-16,0.01,48,22,14,9,3,0.0,0.0,0.0,0.05,0.26,0.0,0.0,0.0,0.0,674053830000.0,0.06,0.25,0.63
2025-04-15,0.01,48,22,14,9,3,0.0,0.0,0.0,0.05,0.26,0.0,0.0,0.0,0.0,674053830000.0,0.06,0.25,0.63
2025-04-14,0.01,48,22,14,9,3,0.0,0.0,0.0,0.05,0.26,0.0,0.0,0.0,0.0,674053830000.0,0.06,0.25,0.63
2025-04-13,0.01,48,22,14,9,3,0.0,0.0,0.0,0.05,0.26,0.0,0.0,0.0,0.0,674053830000.0,0.06,0.25,0.63
2025-04-12,0.01,48,22,14,9,3,0.0,0.0,0.0,0.05,0.26,0.0,0.0,0.0,0.0,674053830000.0,0.06,0.25,0.63
2025-04-11,0.01,48,22,14,9,3,0.0,0.0,0.0,0.05,0.27,0.0,0.0,0.0,0.0,674053830000.0,0.06,0.25,0.64
2025-04-10,0.01,48,22,14,9,3,0.0,0.0,0.0,0.05,0.27,0.0,0.0,0.0,0.0,674053830000.0,0.06,0.27,0.66
2025-04-09,0.01,48,21,15,9,3,0.0,0.0,0.0,0.05,0.27,0.0,0.0,0.0,0.0,674053830000.0,0.06,0.28,0.67
2025-04-08,0.01,47,22,15,9,3,0.0,0.0,0.0,0.05,0.26,0.0,0.0,0.0,0.0,674053830000.0,0.06,0.28,0.66
2025-04-07,0.01,46,26,12,9,3,0.0,0.0,0.0,0.05,0.28,0.0,0.0,0.0,0.0,674053830000.0,0.06,0.27,0.67
2025-04-06,0.01,46,25,12,11,2,0.0,0.0,0.0,0.05,0.28,0.0,0.0,0.0,0.0,674053830000.0,0.06,0.27,0.67
2025-04-05,0.01,46,25,12,11,2,0.0,0.0,0.0,0.05,0.28,0.0,0.0,0.0,0.0,674053830000.0,0.06,0.27,0.67
2025-04-04,0.01,46,25,12,11,2,0.0,0.0,0.0,0.05,0.28,0.0,0.0,0.0,0.0,674053830000.0,0.06,0.27,0.67
2025-04-03,0.0,47,24,12,11,2,0.0,0.0,0.0,0.05,0.28,0.0,0.0,0.0,0.0,674053830000.0,0.06,0.27,0.66
2025-04-02,0.0,47,21,14,12,2,0.0,0.0,0.0,0.05,0.28,0.0,0.0,0.0,0.0,674053830000.0,0.06,0.27,0.66
2025-04-01,0.0,47,22,12,13,2,0.0,0.0,0.0,0.05,0.29,0.0,0.0,0.0,0.0,674053830000.0,0.06,0.27,0.67
2025-03-31,0.0,47,22,12,13,2,0.0,0.0,0.0,0.06,0.28,0.0,0.0,0.0,0.0,672223830000.0,0.06,0.27,0.67
2025-03-30,0.0,48,22,11,13,2,0.0,0.0,0.0,0.06,0.26,0.0,0.0,0.0,0.0,672223830000.0,0.06,0.25,0.63
2025-03-29,0.0,48,22,11,13,2,0.0,0.0,0.0,0.06,0.26,0.0,0.0,0.0,0.0,672223830000.0,0.06,0.25,0.63
2025-03-28,0.0,48,22,11,13,2,0.0,0.0,0.0,0.06,0.26,0.0,0.0,0.0,0.0,672223830000.0,0.06,0.25,0.63
2025-03-27,0.0,48,25,8,13,2,0.0,0.0,0.0,0.06,0.24,0.0,0.0,0.0,0.0,672223830000.0,0.06,0.25,0.61
2025-03-26,0.0,47,26,8,13,2,0.0,0.0,0.0,0.06,0.25,0.0,0.0,0.0,0.0,672223830000.0,0.06,0.25,0.62
2025-03-25,0.0,47,25,9,13,2,0.0,0.0,0.0,0.06,0.25,0.0,0.0,0.0,0.0,672223830000.0,0.06,0.25,0.62
2025-03-24,0.0,47,24,9,14,2,0.0,0.0,0.0,0.06,0.25,0.0,0.0,0.0,0.0,672223830000.0,0.06,0.26,0.63
2025-03-23,0.0,47,24,10,13,2,0.0,0.0,0.0,0.06,0.24,0.0,0.0,0.0,0.0,672223830000.0,0.06,0.26,0.62
2025-03-22,0.0,47,24,10,13,2,0.0,0.0,0.0,0.06,0.24,0.0,0.0,0.0,0.0,672223830000.0,0.06,0.26,0.62
2025-03-21,0.0,47,24,10,13,2,0.0,0.0,0.0,0.06,0.24,0.0,0.0,0.0,0.0,672223830000.0,0.06,0.26,0.62
2025-03-20,0.0,49,22,11,12,2,0.0,0.0,0.0,0.06,0.24,0.0,0.0,0.0,0.0,672223830000.0,0.06,0.26,0.62
2025-03-19,0.0,47,25,9,13,2,0.0,0.0,0.0,0.06,0.24,0.0,0.0,0.0,0.0,672223830000.0,0.06,0.26,0.62
2025-03-18,0.0,47,25,9,13,2,0.0,0.0,0.0,0.06,0.24,0.0,0.0,0.0,0.0,672223830000.0,0.06,0.25,0.61
2025-03-17,0.0,47,24,10,13,2,0.0,0.0,0.0,0.06,0.28,0.0,0.0,0.0,0.0,672223830000.0,0.06,0.26,0.66
2025-03-16,0.0,47,25,10,12,2,0.0,0.0,0.0,0.06,0.28,0.0,0.0,0.0,0.0,672223830000.0,0.06,0.25,0.65
2025-03-15,0.0,47,25,10,12,2,0.0,0.0,0.0,0.06,0.28,0.0,0.0,0.0,0.0,672223830000.0,0.06,0.25,0.65
2025-03-14,0.0,47,24,11,12,2,0.0,0.0,0.0,0.06,0.28,0.0,0.0,0.0,0.0,672223830000.0,0.06,0.25,0.65
2025-03-13,0.0,47,23,12,12,2,0.0,0.0,0.0,0.06,0.28,0.0,0.0,0.0,0.0,672223830000.0,0.07,0.25,0.66
2025-03-12,0.0,47,21,14,12,2,0.0,0.0,0.0,0.05,0.3,0.0,0.0,0.0,0.0,672223830000.0,0.07,0.25,0.67
2025-03-11,0.0,50,18,14,12,2,0.0,0.0,0.0,0.05,0.3,0.0,0.0,0.0,0.0,672223830000.0,0.07,0.23,0.65
2025-03-10,0.0,49,19,13,12,3,0.0,0.0,0.0,0.05,0.32,0.0,0.0,0.0,0.0,672223830000.0,0.07,0.24,0.68
2025-03-09,0.0,47,21,13,12,3,0.0,0.0,0.0,0.05,0.32,0.0,0.0,0.0,0.0,672223830000.0,0.07,0.24,0.68
2025-03-08,0.0,47,21,13,12,3,0.0,0.0,0.0,0.05,0.32,0.0,0.0,0.0,0.0,672223830000.0,0.07,0.24,0.68
2025-03-07,0.0,46,22,13,12,3,0.0,0.0,0.0,0.05,0.33,0.0,0.0,0.0,0.0,672223830000.0,0.07,0.24,0.69
2025-03-06,0.0,48,20,13,12,3,0.0,0.0,0.0,0.05,0.33,0.0,0.0,0.0,0.0,672223830000.0,0.07,0.24,0.69
2025-03-05,0.0,49,18,13,13,3,0.0,0.0,0.0,0.05,0.34,0.0,0.0,0.0,0.0,672223830000.0,0.07,0.14,0.6
2025-03-04,0.0,50,16,14,13,3,0.0,0.0,0.0,0.05,0.34,0.0,0.0,0.0,0.0,672223830000.0,0.07,0.14,0.6
2025-03-03,0.0,52,15,13,13,3,0.0,0.0,0.0,0.05,0.38,0.0,0.0,0.0,0.0,672223830000.0,0.07,0.14,0.64
2025-03-02,0.0,51,14,15,13,3,0.0,0.0,0.0,0.05,0.38,0.0,0.0,0.0,0.0,672223830000.0,0.07,0.14,0.64
2025-03-01,0.0,51,14,15,13,3,0.0,0.0,0.0,0.05,0.38,0.0,0.0,0.0,0.0,672223830000.0,0.07,0.14,0.64
2025-02-28,0.0,51,14,15,12,4,0.0,0.0,0.0,0.05,0.38,0.0,0.0,0.0,0.0,672223830000.0,0.07,0.14,0.64
2025-02-27,0.0,49,16,14,13,4,0.0,0.0,0.0,0.05,0.38,0.0,0.0,0.0,0.0,672223830000.0,0.07,0.14,0.64
2025-02-26,0.0,47,18,14,13,4,0.0,0.0,0.0,0.05,0.4,0.0,0.0,0.0,0.0,672223830000.0,0.07,0.14,0.66
2025-02-25,0.0,48,19,12,13,4,0.0,0.0,0.0,0.05,0.4,0.0,0.0,0.0,0.0,672223830000.0,0.07,0.14,0.66
2025-02-24,0.0,48,19,12,13,4,0.0,0.0,0.0,0.05,0.4,0.0,0.0,0.0,0.0,672223830000.0,0.07,0.14,0.66
2025-02-23,0.0,48,19,13,12,4,0.0,0.0,0.0,0.05,0.4,0.0,0.0,0.0,0.0,672223830000.0,0.07,0.14,0.66
2025-02-22,0.0,48,19,13,12,4,0.0,0.0,0.0,0.05,0.4,0.0,0.0,0.0,0.0,672223830000.0,0.07,0.14,0.66
2025-02-21,0.0,48,19,13,12,4,0.0,0.0,0.0,0.05,0.4,0.0,0.0,0.0,0.0,672223830000.0,0.07,0.14,0.66
2025-02-20,0.0,48,19,13,13,3,0.0,0.0,0.0,0.05,0.4,0.0,0.0,0.0,0.0,672223830000.0,0.07,0.14,0.66
2025-02-19,0.0,47,21,12,13,3,0.0,0.0,0.0,0.06,0.39,0.0,0.0,0.0,0.0,672223830000.0,0.06,0.12,0.63
2025-02-18,0.0,47,22,11,13,3,0.0,0.0,0.0,0.06,0.39,0.0,0.0,0.0,0.0,672223830000.0,0.06,0.15,0.66
2025-02-17,0.0,47,21,12,13,3,0.0,0.0,0.0,0.06,0.39,0.0,0.0,0.0,0.0,672223830000.0,0.06,0.15,0.66
2025-02-16,0.0,48,21,11,12,4,0.0,0.0,0.0,0.06,0.4,0.0,0.0,0.0,0.0,672223830000.0,0.06,0.15,0.67
2025-02-15,0.0,48,21,11,12,4,0.0,0.0,0.0,0.06,0.4,0.0,0.0,0.0,0.0,672223830000.0,0.06,0.15,0.67
2025-02-14,0.0,48,21,11,12,4,0.0,0.0,0.0,0.06,0.4,0.0,0.0,0.0,0.0,672223830000.0,0.06,0.15,0.67
2025-02-13,0.0,47,21,11,13,4,0.0,0.0,0.0,0.06,0.4,0.0,0.0,0.0,0.0,672223830000.0,0.06,0.15,0.67
2025-02-12,0.0,47,22,10,13,4,0.0,0.0,0.0,0.06,0.36,0.0,0.0,0.0,0.0,672223830000.0,0.06,0.14,0.62
2025-02-11,0.0,50,19,10,13,4,0.0,0.0,0.0,0.06,0.36,0.0,0.0,0.0,0.0,672223830000.0,0.06,0.13,0.61
2025-02-10,0.0,50,18,11,13,4,0.0,0.0,0.0,0.06,0.37,0.0,0.0,0.0,0.0,672223830000.0,0.06,0.14,0.63
2025-02-09,0.0,51,18,10,13,4,0.0,0.0,0.0,0.05,0.34,0.0,0.0,0.0,0.0,672223830000.0,0.06,0.13,0.58
2025-02-08,0.0,51,18,10,13,4,0.0,0.0,0.0,0.05,0.34,0.0,0.0,0.0,0.0,672223830000.0,0.06,0.13,0.58
2025-02-07,0.0,51,17,11,13,4,0.0,0.0,0.0,0.05,0.34,0.0,0.0,0.0,0.0,672223830000.0,0.06,0.13,0.58
2025-02-06,0.0,51,17,13,11,4,0.0,0.0,0.0,0.05,0.34,0.0,0.0,0.0,0.0,672223830000.0,0.03,0.14,0.56
2025-02-05,0.0,52,16,12,12,4,0.0,0.0,0.0,0.06,0.35,0.0,0.0,0.0,0.0,672223830000.0,0.03,0.13,0.57
2025-02-04,0.0,53,16,11,12,4,0.0,0.0,0.0,0.06,0.34,0.0,0.0,0.0,0.0,672223830000.0,0.03,0.11,0.54
2025-02-03,0.0,52,14,14,12,4,0.0,0.0,0.0,0.06,0.35,0.0,0.0,0.0,0.0,672223830000.0,0.03,0.12,0.56
2025-02-02,0.0,52,15,13,12,4,0.0,0.0,0.0,0.06,0.33,0.0,0.0,0.0,0.0,672223830000.0,0.03,0.11,0.53
2025-02-01,0.0,52,15,13,12,4,0.0,0.0,0.0,0.06,0.33,0.0,0.0,0.0,0.0,672223830000.0,0.03,0.11,0.53
2025-01-31,0.0,52,15,13,12,4,0.0,0.0,0.0,0.06,0.33,0.0,0.0,0.0,0.0,672223830000.0,0.03,0.11,0.53
2025-01-30,0.0,53,14,14,11,4,0.0,0.0,0.0,0.06,0.33,0.0,0.0,0.0,0.0,672223830000.0,0.03,0.11,0.53
2025-01-29,0.0,53,14,15,10,4,0.0,0.0,0.0,0.06,0.33,0.0,0.0,0.0,0.0,672223830000.0,0.03,0.11,0.53
2025-01-28,0.0,54,13,15,9,5,0.0,0.0,0.0,0.06,0.32,0.0,0.0,0.0,0.0,672223830000.0,0.03,0.13,0.54
2025-01-27,0.0,54,13,14,10,5,0.0,0.0,0.0,0.06,0.32,0.0,0.0,0.0,0.0,672223830000.0,0.03,0.13,0.54
2025-01-26,0.0,53,17,11,10,5,0.0,0.0,0.0,0.06,0.32,0.0,0.0,0.0,0.0,672223830000.0,0.03,0.11,0.52
2025-01-25,0.0,53,17,11,10,5,0.0,0.0,0.0,0.06,0.32,0.0,0.0,0.0,0.0,672223830000.0,0.03,0.11,0.52
2025-01-24,0.0,53,17,11,10,5,0.0,0.0,0.0,0.06,0.32,0.0,0.0,0.0,0.0,672223830000.0,0.03,0.11,0.52
2025-01-23,0.0,52,18,11,10,5,0.0,0.0,0.0,0.05,0.31,0.0,0.0,0.0,0.0,672223830000.0,0.03,0.12,0.51
2025-01-22,0.0,52,18,11,10,5,0.0,0.0,0.0,0.05,0.31,0.0,0.0,0.0,0.0,672223830000.0,0.03,0.12,0.51
2025-01-21,0.0,52,18,10,11,5,0.0,0.0,0.0,0.05,0.3,0.0,0.0,0.0,0.0,672223830000.0,0.03,0.12,0.5
2025-01-20,0.0,52,16,9,13,6,0.0,0.0,0.0,0.05,0.32,0.0,0.0,0.0,0.0,672223830000.0,0.03,0.12,0.52
2025-01-19,0.0,51,17,9,13,6,0.0,0.0,0.0,0.05,0.32,0.0,0.0,0.0,0.0,672223830000.0,0.03,0.12,0.52
2025-01-18,0.0,51,17,9,13,6,0.0,0.0,0.0,0.05,0.32,0.0,0.0,0.0,0.0,672223830000.0,0.03,0.12,0.52
2025-01-17,0.0,51,16,10,13,6,0.0,0.0,0.0,0.05,0.32,0.0,0.0,0.0,0.0,672223830000.0,0.03,0.12,0.52
2025-01-16,0.0,52,15,10,13,6,0.0,0.0,0.0,0.05,0.32,0.0,0.0,0.0,0.0,672223830000.0,0.03,0.11,0.51
2025-01-15,0.0,52,15,10,13,6,0.0,0.0,0.0,0.05,0.32,0.0,0.0,0.0,0.0,672223830000.0,0.03,0.11,0.51
2025-01-14,0.0,52,16,9,13,6,0.0,0.0,0.0,0.05,0.33,0.0,0.0,0.0,0.0,672223830000.0,0.03,0.1,0.51
2025-01-13,0.0,52,16,9,13,6,0.0,0.0,0.0,0.06,0.32,0.0,0.0,0.0,0.0,672223830000.0,0.03,0.1,0.51
2025-01-12,0.0,52,16,9,14,5,0.0,0.0,0.0,0.06,0.32,0.0,0.0,0.0,0.0,672223830000.0,0.03,0.1,0.51
2025-01-11,0.0,52,16,9,14,5,0.0,0.0,0.0,0.06,0.32,0.0,0.0,0.0,0.0,672223830000.0,0.03,0.1,0.51
2025-01-10,0.0,52,16,9,14,5,0.0,0.0,0.0,0.06,0.32,0.0,0.0,0.0,0.0,672223830000.0,0.03,0.1,0.51
2025-01-09,0.0,52,16,10,13,5,0.0,0.0,0.0,0.06,0.32,0.0,0.0,0.0,0.0,672223830000.0,0.03,0.1,0.51
2025-01-08,0.0,51,18,10,11,6,0.0,0.0,0.0,0.05,0.33,0.0,0.0,0.0,0.0,672223830000.0,0.03,0.1,0.51
2025-01-07,0.0,54,14,11,11,6,0.0,0.0,0.0,0.04,0.32,0.0,0.0,0.0,0.0,672223830000.0,0.03,0.08,0.47
2025-01-06,0.0,54,15,10,11,6,0.0,0.0,0.0,0.04,0.32,0.0,0.0,0.0,0.0,672223830000.0,0.03,0.08,0.47
2025-01-05,0.0,55,13,11,11,6,0.0,0.0,0.0,0.04,0.32,0.0,0.0,0.0,0.0,672223830000.0,0.03,0.08,0.47
2025-01-04,0.0,55,13,11,11,6,0.0,0.0,0.0,0.04,0.32,0.0,0.0,0.0,0.0,672223830000.0,0.03,0.08,0.47
2025-01-03,0.0,55,13,11,11,6,0.0,0.0,0.0,0.04,0.32,0.0,0.0,0.0,0.0,672223830000.0,0.03,0.08,0.47
2025-01-02,0.0,54,13,13,11,5,0.0,0.0,0.0,0.04,0.32,0.0,0.0,0.0,0.0,672223830000.0,0.03,0.08,0.47
2025-01-01,0.0,54,13,13,11,5,0.0,0.0,0.0,0.04,0.32,0.0,0.0,0.0,0.0,672223830000.0,0.03,0.08,0.47
2024-12-31,0.0,54,13,13,11,5,0.0,0.0,0.0,0.05,0.33,0.0,0.0,0.0,0.0,663694390000.0,0.03,0.08,0.49
2024-12-30,0.0,54,13,13,11,5,0.0,0.0,0.0,0.05,0.32,0.0,0.0,0.0,0.0,663694390000.0,0.03,0.08,0.48
2024-12-29,0.0,54,14,12,11,5,0.0,0.0,0.0,0.05,0.32,0.0,0.0,0.0,0.0,663694390000.0,0.03,0.08,0.48
2024-12-28,0.0,54,14,12,11,5,0.0,0.0,0.0,0.05,0.32,0.0,0.0,0.0,0.0,663694390000.0,0.03,0.08,0.48
2024-12-27,0.0,54,14,11,12,5,0.0,0.0,0.0,0.05,0.33,0.0,0.0,0.0,0.0,663694390000.0,0.03,0.08,0.49
2024-12-26,0.0,54,14,11,11,6,0.0,0.0,0.0,0.05,0.33,0.0,0.0,0.0,0.0,663694390000.0,0.03,0.08,0.49
2024-12-25,0.0,54,14,11,11,6,0.0,0.0,0.0,0.05,0.33,0.0,0.0,0.0,0.0,663694390000.0,0.03,0.08,0.49
2024-12-24,0.0,54,14,11,10,7,0.0,0.0,0.0,0.05,0.33,0.0,0.0,0.0,0.0,663694390000.0,0.03,0.08,0.49
2024-12-23,0.0,54,14,11,10,7,0.0,0.0,0.0,0.05,0.33,0.0,0.0,0.0,0.0,663694390000.0,0.03,0.08,0.49
2024-12-22,0.0,54,14,10,11,7,0.0,0.0,0.0,0.05,0.33,0.0,0.0,0.0,0.0,663694390000.0,0.03,0.08,0.49
2024-12-21,0.0,54,14,10,11,7,0.0,0.0,0.0,0.05,0.33,0.0,0.0,0.0,0.0,663694390000.0,0.03,0.08,0.49
2024-12-20,0.0,54,14,10,11,7,0.0,0.0,0.0,0.05,0.33,0.0,0.0,0.0,0.0,663694390000.0,0.03,0.08,0.49
2024-12-19,0.0,54,15,10,10,7,0.0,0.0,0.0,0.05,0.33,0.0,0.0,0.0,0.0,663694390000.0,0.03,0.08,0.49
2024-12-18,0.0,54,16,10,11,5,0.0,0.0,0.0,0.05,0.32,0.0,0.0,0.0,0.0,663694390000.0,0.03,0.08,0.48
2024-12-17,0.0,54,14,10,12,6,0.0,0.0,0.0,0.05,0.33,0.0,0.0,0.0,0.0,663694390000.0,0.03,0.08,0.49
2024-12-16,0.0,54,14,11,11,6,0.0,0.0,0.0,0.05,0.32,0.0,0.0,0.0,0.0,663694390000.0,0.03,0.08,0.48
2024-12-15,0.0,53,15,11,11,6,0.0,0.0,0.0,0.05,0.32,0.0,0.0,0.0,0.0,663694390000.0,0.03,0.08,0.48
2024-12-14,0.0,53,15,11,11,6,0.0,0.0,0.0,0.05,0.32,0.0,0.0,0.0,0.0,663694390000.0,0.03,0.08,0.48
2024-12-13,0.0,53,14,12,11,6,0.0,0.0,0.0,0.05,0.32,0.0,0.0,0.0,0.0,663694390000.0,0.03,0.08,0.48
2024-12-12,0.0,53,14,14,10,5,0.0,0.0,0.0,0.05,0.32,0.0,0.0,0.0,0.0,663694390000.0,0.03,0.08,0.48
2024-12-11,0.0,53,14,13,11,5,0.0,0.0,0.0,0.05,0.32,0.0,0.0,0.0,0.0,663694390000.0,0.03,0.08,0.48
2024-12-10,0.0,52,15,12,12,5,0.0,0.0,0.0,0.05,0.32,0.0,0.0,0.0,0.0,663694390000.0,0.03,0.08,0.48
2024-12-09,0.0,52,14,13,11,6,0.0,0.0,0.0,0.05,0.43,0.0,0.0,0.0,0.0,663694390000.0,0.03,0.08,0.59
2024-12-08,0.0,53,13,13,11,6,0.0,0.0,0.0,0.05,0.43,0.0,0.0,0.0,0.0,663694390000.0,0.03,0.08,0.59
2024-12-07,0.0,53,13,13,11,6,0.0,0.0,0.0,0.05,0.43,0.0,0.0,0.0,0.0,663694390000.0,0.03,0.08,0.59
2024-12-06,0.0,53,13,13,11,6,0.0,0.0,0.0,0.05,0.43,0.0,0.0,0.0,0.0,663694390000.0,0.03,0.09,0.6
2024-12-05,0.0,51,12,13,14,6,0.0,0.0,0.0,0.05,0.4,0.0,0.0,0.0,0.0,663694390000.0,0.03,0.08,0.56
2024-12-04,0.0,52,11,13,14,6,0.0,0.0,0.0,0.05,0.39,0.0,0.0,0.0,0.0,663694390000.0,0.03,0.08,0.55
2024-12-03,0.0,50,14,13,13,6,0.0,0.0,0.0,0.05,0.39,0.0,0.0,0.0,0.0,663694390000.0,0.03,0.08,0.55
2024-12-02,0.0,51,12,15,12,6,0.0,0.0,0.0,0.04,0.39,0.0,0.0,0.0,0.0,663694390000.0,0.03,0.08,0.54
2024-12-01,0.0,51,12,15,12,6,0.0,0.0,0.0,0.04,0.38,0.0,0.0,0.0,0.0,663694390000.0,0.03,0.08,0.53
2024-11-30,0.0,51,12,15,12,6,0.0,0.0,0.0,0.04,0.38,0.0,0.0,0.0,0.0,663694390000.0,0.03,0.08,0.53
2024-11-29,0.0,51,12,15,12,6,0.0,0.0,0.0,0.04,0.4,0.0,0.0,0.0,0.0,663694390000.0,0.03,0.08,0.55
2024-11-28,0.0,51,13,14,12,6,0.0,0.0,0.0,0.04,0.4,0.0,0.0,0.0,0.0,663694390000.0,0.03,0.07,0.54
2024-11-27,0.0,51,15,12,12,6,0.0,0.0,0.0,0.04,0.41,0.0,0.0,0.0,0.0,663694390000.0,0.03,0.07,0.55
2024-11-26,0.0,50,15,13,12,6,0.0,0.0,0.0,0.05,0.42,0.0,0.0,0.0,0.0,663694390000.0,0.03,0.07,0.57
2024-11-25,0.0,51,14,13,12,6,0.0,0.0,0.0,0.05,0.41,0.0,0.0,0.0,0.0,663694390000.0,0.03,0.07,0.56
2024-11-24,0.0,51,14,13,12,6,0.0,0.0,0.0,0.05,0.41,0.0,0.0,0.0,0.0,663694390000.0,0.03,0.07,0.56
2024-11-23,0.0,51,14,12,13,6,0.0,0.0,0.0,0.05,0.41,0.0,0.0,0.0,0.0,663694390000.0,0.03,0.07,0.56
2024-11-22,0.0,51,14,12,13,6,0.0,0.0,0.0,0.05,0.41,0.0,0.0,0.0,0.0,663694390000.0,0.03,0.07,0.56
2024-11-21,0.0,50,16,11,13,6,0.0,0.0,0.0,0.05,0.41,0.0,0.0,0.0,0.0,663694390000.0,0.03,0.07,0.56
2024-11-20,0.0,51,16,10,13,6,0.0,0.0,0.0,0.05,0.42,0.0,0.0,0.0,0.0,663694390000.0,0.03,0.07,0.57
2024-11-19,0.0,53,14,10,13,6,0.0,0.0,0.0,0.05,0.41,0.0,0.0,0.0,0.0,663694390000.0,0.03,0.07,0.56
2024-11-18,0.0,52,14,12,12,6,0.0,0.0,0.0,0.05,0.41,0.0,0.0,0.0,0.0,663694390000.0,0.03,0.08,0.57
2024-11-17,0.0,51,15,12,12,6,0.0,0.0,0.0,0.05,0.41,0.0,0.0,0.0,0.0,663694390000.0,0.03,0.08,0.57
2024-11-16,0.0,51,15,12,12,6,0.0,0.0,0.0,0.05,0.41,0.0,0.0,0.0,0.0,663694390000.0,0.03,0.08,0.57
2024-11-15,0.0,51,15,12,12,6,0.0,0.0,0.0,0.05,0.41,0.0,0.0,0.0,0.0,663694390000.0,0.03,0.08,0.57
2024-11-14,0.0,50,16,12,12,6,0.0,0.0,0.0,0.04,0.41,0.0,0.0,0.0,0.0,663694390000.0,0.03,0.08,0.56
2024-11-13,0.0,50,16,12,13,5,0.0,0.0,0.0,0.04,0.41,0.0,0.0,0.0,0.0,663694390000.0,0.03,0.08,0.56
2024-11-12,0.0,50,17,11,13,5,0.0,0.0,0.0,0.04,0.42,0.0,0.0,0.0,0.0,663694390000.0,0.03,0.07,0.56
2024-11-11,0.0,51,16,11,13,5,0.0,0.0,0.0,0.04,0.41,0.0,0.0,0.0,0.0,663694390000.0,0.03,0.07,0.55
2024-11-10,0.0,51,17,10,13,5,0.0,0.0,0.0,0.04,0.41,0.0,0.0,0.0,0.0,663694390000.0,0.02,0.07,0.54
2024-11-09,0.0,51,17,10,13,5,0.0,0.0,0.0,0.04,0.41,0.0,0.0,0.0,0.0,663694390000.0,0.02,0.07,0.54
2024-11-08,0.0,51,17,10,13,5,0.0,0.0,0.0,0.04,0.41,0.0,0.0,0.0,0.0,663694390000.0,0.02,0.07,0.54
2024-11-07,0.0,52,16,10,14,4,0.0,0.0,0.0,0.04,0.41,0.0,0.0,0.0,0.0,663694390000.0,0.02,0.07,0.54
2024-11-06,0.0,53,14,10,15,4,0.0,0.0,0.0,0.04,0.4,0.0,0.0,0.0,0.0,663694390000.0,0.02,0.07,0.53
2024-11-05,0.0,54,11,12,15,4,0.0,0.0,0.0,0.04,0.4,0.0,0.0,0.0,0.0,663694390000.0,0.02,0.06,0.52
2024-11-04,0.0,54,11,12,15,4,0.0,0.0,0.0,0.04,0.4,0.0,0.0,0.0,0.0,663694390000.0,0.02,0.06,0.52
2024-11-03,0.0,53,12,12,15,4,0.0,0.0,0.0,0.04,0.4,0.0,0.0,0.0,0.0,663694390000.0,0.02,0.06,0.52
2024-11-02,0.0,53,12,12,15,4,0.0,0.0,0.0,0.04,0.4,0.0,0.0,0.0,0.0,663694390000.0,0.02,0.06,0.52
2024-11-01,0.0,53,12,12,15,4,0.0,0.0,0.0,0.04,0.4,0.0,0.0,0.0,0.0,663694390000.0,0.02,0.06,0.52
2024-10-31,0.0,54,11,12,15,4,0.0,0.0,0.0,0.04,0.41,0.0,0.0,0.0,0.0,663694390000.0,0.02,0.06,0.53
2024-10-30,0.0,55,10,12,15,4,0.0,0.0,0.0,0.04,0.41,0.0,0.0,0.0,0.0,663694390000.0,0.02,0.06,0.53
2024-10-29,0.0,55,11,11,15,4,0.0,0.0,0.0,0.04,0.4,0.0,0.0,0.0,0.0,663694390000.0,0.02,0.06,0.52
2024-10-28,0.0,54,13,10,15,4,0.0,0.0,0.0,0.04,0.39,0.0,0.0,0.0,0.0,663694390000.0,0.02,0.06,0.51
2024-10-27,0.0,55,13,9,15,4,0.0,0.0,0.0,0.04,0.39,0.0,0.0,0.0,0.0,663694390000.0,0.02,0.06,0.51
2024-10-26,0.0,55,13,9,15,4,0.0,0.0,0.0,0.04,0.39,0.0,0.0,0.0,0.0,663694390000.0,0.02,0.06,0.51
2024-10-25,0.0,55,13,9,15,4,0.0,0.0,0.0,0.04,0.39,0.0,0.0,0.0,0.0,663694390000.0,0.02,0.06,0.51
2024-10-24,0.0,57,11,9,15,4,0.0,0.0,0.0,0.04,0.38,0.0,0.0,0.0,0.0,663694390000.0,0.02,0.06,0.5
2024-10-23,0.0,57,10,10,15,4,0.0,0.0,0.0,0.04,0.38,0.0,0.0,0.0,0.0,663694390000.0,0.02,0.06,0.5
2024-10-22,0.0,57,10,10,15,4,0.0,0.0,0.0,0.04,0.39,0.0,0.0,0.0,0.0,663694390000.0,0.02,0.06,0.51
2024-10-21,0.0,56,11,10,15,4,0.0,0.0,0.0,0.04,0.39,0.0,0.0,0.0,0.0,663694390000.0,0.02,0.06,0.51
2024-10-20,0.0,56,11,10,15,4,0.0,0.0,0.0,0.04,0.38,0.0,0.0,0.0,0.0,663694390000.0,0.02,0.06,0.5
2024-10-19,0.0,56,11,10,15,4,0.0,0.0,0.0,0.04,0.38,0.0,0.0,0.0,0.0,663694390000.0,0.02,0.06,0.5
2024-10-18,0.0,56,11,10,15,4,0.0,0.0,0.0,0.04,0.38,0.0,0.0,0.0,0.0,663694390000.0,0.02,0.06,0.5
2024-10-17,0.0,55,11,11,15,4,0.0,0.0,0.0,0.04,0.39,0.0,0.0,0.0,0.0,663694390000.0,0.02,0.07,0.52
2024-10-16,0.0,55,11,11,15,4,0.0,0.0,0.0,0.04,0.39,0.0,0.0,0.0,0.0,663694390000.0,0.02,0.07,0.52
2024-10-15,0.0,55,11,11,15,4,0.0,0.0,0.0,0.04,0.39,0.0,0.0,0.0,0.0,663694390000.0,0.02,0.07,0.52
2024-10-14,0.0,56,10,11,15,4,0.0,0.0,0.0,0.04,0.39,0.0,0.0,0.0,0.0,663694390000.0,0.02,0.08,0.53
2024-10-13,0.0,56,11,9,16,4,0.0,0.0,0.0,0.04,0.39,0.0,0.0,0.0,0.0,663694390000.0,0.02,0.07,0.52
2024-10-12,0.0,56,11,9,16,4,0.0,0.0,0.0,0.04,0.39,0.0,0.0,0.0,0.0,663694390000.0,0.02,0.07,0.52
2024-10-11,0.0,56,11,9,16,4,0.0,0.0,0.0,0.04,0.39,0.0,0.0,0.0,0.0,663694390000.0,0.02,0.07,0.52
2024-10-10,0.0,55,13,8,15,5,0.0,0.0,0.0,0.04,0.4,0.0,0.0,0.0,0.0,663694390000.0,0.02,0.07,0.53
2024-10-09,0.0,54,14,9,14,5,0.0,0.0,0.0,0.04,0.4,0.0,0.0,0.0,0.0,663694390000.0,0.02,0.07,0.53
2024-10-08,0.0,54,14,8,15,5,0.0,0.0,0.0,0.04,0.4,0.0,0.0,0.0,0.0,663694390000.0,0.02,0.07,0.53
2024-10-07,0.0,55,15,6,15,5,0.0,0.0,0.0,0.04,0.36,0.0,0.0,0.0,0.0,663694390000.0,0.02,0.07,0.49
2024-10-06,0.0,54,16,7,14,5,0.0,0.0,0.0,0.04,0.36,0.0,0.0,0.0,0.0,663694390000.0,0.02,0.07,0.49
2024-10-05,0.0,54,16,7,14,5,0.0,0.0,0.0,0.04,0.36,0.0,0.0,0.0,0.0,663694390000.0,0.02,0.07,0.49
2024-10-04,0.0,54,16,6,15,5,0.0,0.0,0.0,0.04,0.36,0.0,0.0,0.0,0.0,663694390000.0,0.02,0.07,0.49
2024-10-03,0.0,54,16,6,16,4,0.0,0.0,0.0,0.04,0.35,0.0,0.0,0.0,0.0,663694390000.0,0.02,0.06,0.47
2024-10-02,0.0,54,15,7,16,4,0.0,0.0,0.0,0.04,0.36,0.0,0.0,0.0,0.0,663694390000.0,0.02,0.06,0.48
2024-10-01,0.0,54,15,7,15,5,0.0,0.0,0.0,0.04,0.35,0.0,0.0,0.0,0.0,663694390000.0,0.02,0.07,0.48
2024-09-30,0.0,55,14,7,15,5,0.0,0.0,0.0,0.04,0.35,0.0,0.0,0.0,0.0,676385420000.0,0.02,0.07,0.48
2024-09-29,0.0,55,14,7,15,5,0.0,0.0,0.0,0.04,0.35,0.0,0.0,0.0,0.0,676385420000.0,0.02,0.07,0.48
2024-09-28,0.0,55,14,7,15,5,0.0,0.0,0.0,0.04,0.35,0.0,0.0,0.0,0.0,676385420000.0,0.02,0.07,0.48
2024-09-27,0.0,55,14,7,15,5,0.0,0.0,0.0,0.04,0.35,0.0,0.0,0.0,0.0,676385420000.0,0.02,0.07,0.48
2024-09-26,0.0,54,14,9,14,5,0.0,0.0,0.0,0.04,0.35,0.0,0.0,0.0,0.0,676385420000.0,0.02,0.07,0.48
2024-09-25,0.0,54,14,9,14,5,0.0,0.0,0.0,0.04,0.35,0.0,0.0,0.0,0.0,676385420000.0,0.02,0.07,0.48
2024-09-24,0.0,55,13,9,14,5,0.0,0.0,0.0,0.04,0.34,0.0,0.0,0.0,0.0,676385420000.0,0.02,0.07,0.47
2024-09-23,0.0,55,13,9,14,5,0.0,0.0,0.0,0.04,0.35,0.0,0.0,0.0,0.0,676385420000.0,0.02,0.07,0.48
2024-09-22,0.0,55,13,9,14,5,0.0,0.0,0.0,0.04,0.35,0.0,0.0,0.0,0.0,676385420000.0,0.02,0.07,0.48
2024-09-21,0.0,55,13,9,14,5,0.0,0.0,0.0,0.04,0.35,0.0,0.0,0.0,0.0,676385420000.0,0.02,0.07,0.48
2024-09-20,0.0,54,14,9,14,5,0.0,0.0,0.0,0.04,0.35,0.0,0.0,0.0,0.0,676385420000.0,0.02,0.07,0.48
2024-09-19,0.0,54,15,8,14,5,0.0,0.0,0.0,0.04,0.35,0.0,0.0,0.0,0.0,676385420000.0,0.02,0.08,0.49
2024-09-18,0.0,53,16,8,14,5,0.0,0.0,0.0,0.03,0.35,0.0,0.0,0.0,0.0,676385420000.0,0.02,0.08,0.48
2024-09-17,0.0,53,15,9,14,5,0.0,0.0,0.0,0.03,0.35,0.0,0.0,0.0,0.0,676385420000.0,0.02,0.08,0.48
2024-09-16,0.0,53,15,9,14,5,0.0,0.0,0.0,0.03,0.36,0.0,0.0,0.0,0.0,676385420000.0,0.02,0.08,0.49
2024-09-15,0.0,52,16,9,16,3,0.0,0.0,0.0,0.03,0.36,0.0,0.0,0.0,0.0,676385420000.0,0.02,0.08,0.49
2024-09-14,0.0,52,16,9,16,3,0.0,0.0,0.0,0.03,0.36,0.0,0.0,0.0,0.0,676385420000.0,0.02,0.08,0.49
2024-09-13,0.0,52,16,9,16,3,0.0,0.0,0.0,0.03,0.36,0.0,0.0,0.0,0.0,676385420000.0,0.02,0.08,0.49
2024-09-12,0.0,52,16,9,16,3,0.0,0.0,0.0,0.03,0.37,0.0,0.0,0.0,0.0,676385420000.0,0.02,0.08,0.5
2024-09-11,0.0,52,16,9,16,3,0.0,0.0,0.0,0.03,0.37,0.0,0.0,0.0,0.0,676385420000.0,0.02,0.08,0.5
2024-09-10,0.0,54,15,8,16,3,0.0,0.0,0.0,0.03,0.37,0.0,0.0,0.0,0.0,676385420000.0,0.02,0.08,0.5
2024-09-09,0.0,53,15,9,16,3,0.0,0.0,0.0,0.03,0.36,0.0,0.0,0.0,0.0,676385420000.0,0.02,0.08,0.49
2024-09-08,0.0,52,16,8,17,3,0.0,0.0,0.0,0.03,0.36,0.0,0.0,0.0,0.0,676385420000.0,0.02,0.08,0.49
2024-09-07,0.0,52,16,8,17,3,0.0,0.0,0.0,0.03,0.36,0.0,0.0,0.0,0.0,676385420000.0,0.02,0.08,0.49
2024-09-06,0.0,52,16,8,17,3,0.0,0.0,0.0,0.03,0.36,0.0,0.0,0.0,0.0,676385420000.0,0.02,0.08,0.49
2024-09-05,0.0,52,16,8,17,3,0.0,0.0,0.0,0.03,0.36,0.0,0.0,0.0,0.0,676385420000.0,0.02,0.08,0.49
2024-09-04,0.0,52,17,8,16,3,0.0,0.0,0.0,0.03,0.35,0.0,0.0,0.0,0.0,676385420000.0,0.02,0.08,0.48
2024-09-03,0.0,52,17,7,17,3,0.0,0.0,0.0,0.03,0.35,0.0,0.0,0.0,0.0,676385420000.0,0.02,0.08,0.48
2024-09-02,0.0,53,16,8,16,3,0.0,0.0,0.0,0.03,0.35,0.0,0.0,0.0,0.0,676385420000.0,0.02,0.08,0.48
2024-09-01,0.0,53,16,9,15,3,0.0,0.0,0.0,0.03,0.35,0.0,0.0,0.0,0.0,676385420000.0,0.02,0.08,0.48
2024-08-31,0.0,53,16,9,15,3,0.0,0.0,0.0,0.03,0.35,0.0,0.0,0.0,0.0,676385420000.0,0.02,0.08,0.48
2024-08-30,0.0,53,16,9,15,3,0.0,0.0,0.0,0.03,0.35,0.0,0.0,0.0,0.0,676385420000.0,0.02,0.08,0.48
2024-08-29,0.0,52,16,10,15,3,0.0,0.0,0.0,0.03,0.36,0.0,0.0,0.0,0.0,676385420000.0,0.02,0.08,0.49
2024-08-28,0.0,51,17,10,15,3,0.0,0.0,0.0,0.03,0.36,0.0,0.0,0.0,0.0,676385420000.0,0.02,0.08,0.49
2024-08-27,0.0,51,17,10,15,3,0.0,0.0,0.0,0.03,0.36,0.0,0.0,0.0,0.0,676385420000.0,0.02,0.08,0.49
2024-08-26,0.0,51,17,10,15,3,0.0,0.0,0.0,0.03,0.36,0.0,0.0,0.0,0.0,676385420000.0,0.02,0.08,0.49
2024-08-25,0.0,52,16,10,15,3,0.0,0.0,0.0,0.03,0.36,0.0,0.0,0.0,0.0,676385420000.0,0.02,0.08,0.49
2024-08-24,0.0,52,16,10,15,3,0.0,0.0,0.0,0.03,0.36,0.0,0.0,0.0,0.0,676385420000.0,0.02,0.08,0.49
2024-08-23,0.0,52,16,10,15,3,0.0,0.0,0.0,0.03,0.36,0.0,0.0,0.0,0.0,676385420000.0,0.02,0.08,0.49
2024-08-22,0.0,53,15,10,15,3,0.0,0.0,0.0,0.03,0.36,0.0,0.0,0.0,0.0,676385420000.0,0.02,0.08,0.49
2024-08-21,0.0,53,15,9,16,3,0.0,0.0,0.0,0.03,0.36,0.0,0.0,0.0,0.0,676385420000.0,0.02,0.08,0.49
2024-08-20,0.0,53,15,9,16,3,0.0,0.0,0.0,0.03,0.36,0.0,0.0,0.0,0.0,676385420000.0,0.02,0.08,0.49
2024-08-19,0.0,52,16,9,16,3,0.0,0.0,0.0,0.03,0.36,0.0,0.0,0.0,0.0,676385420000.0,0.02,0.09,0.5
2024-08-18,0.0,53,15,9,16,3,0.0,0.0,0.0,0.03,0.36,0.0,0.0,0.0,0.0,676385420000.0,0.02,0.09,0.5
2024-08-17,0.0,53,15,9,16,3,0.0,0.0,0.0,0.03,0.36,0.0,0.0,0.0,0.0,676385420000.0,0.02,0.09,0.5
2024-08-16,0.0,53,14,10,16,3,0.0,0.0,0.0,0.03,0.36,0.0,0.0,0.0,0.0,676385420000.0,0.02,0.09,0.5
2024-08-15,0.0,54,13,9,17,3,0.0,0.0,0.0,0.03,0.34,0.0,0.0,0.0,0.0,676385420000.0,0.02,0.1,0.49
2024-08-14,0.0,52,14,10,17,3,0.0,0.0,0.0,0.03,0.34,0.0,0.0,0.0,0.0,676385420000.0,0.02,0.1,0.49
2024-08-13,0.0,53,13,10,17,3,0.0,0.0,0.0,0.03,0.34,0.0,0.0,0.0,0.0,676385420000.0,0.02,0.1,0.49
2024-08-12,0.0,52,14,10,17,3,0.0,0.0,0.0,0.03,0.34,0.0,0.0,0.0,0.0,676385420000.0,0.02,0.1,0.49
2024-08-11,0.0,53,13,11,16,3,0.0,0.0,0.0,0.03,0.34,0.0,0.0,0.0,0.0,676385420000.0,0.02,0.1,0.49
2024-08-10,0.0,53,13,11,16,3,0.0,0.0,0.0,0.03,0.34,0.0,0.0,0.0,0.0,676385420000.0,0.02,0.1,0.49
2024-08-09,0.0,53,13,11,16,3,0.0,0.0,0.0,0.03,0.34,0.0,0.0,0.0,0.0,676385420000.0,0.02,0.1,0.49
2024-08-08,0.0,53,15,9,16,3,0.0,0.0,0.0,0.03,0.34,0.0,0.0,0.0,0.0,676385420000.0,0.02,0.09,0.48
2024-08-07,0.0,51,17,11,14,3,0.0,0.0,0.0,0.03,0.36,0.0,0.0,0.0,0.0,676385420000.0,0.02,0.09,0.5
2024-08-06,0.0,51,17,11,14,3,0.0,0.0,0.0,0.03,0.36,0.0,0.0,0.0,0.0,676385420000.0,0.02,0.09,0.5
2024-08-05,0.0,53,15,11,14,3,0.0,0.0,0.0,0.03,0.36,0.0,0.0,0.0,0.0,676385420000.0,0.02,0.07,0.48
2024-08-04,0.0,52,16,11,14,3,0.0,0.0,0.0,0.04,0.35,0.0,0.0,0.0,0.0,676385420000.0,0.02,0.07,0.48
2024-08-03,0.0,52,16,11,14,3,0.0,0.0,0.0,0.04,0.35,0.0,0.0,0.0,0.0,676385420000.0,0.02,0.07,0.48
2024-08-02,0.0,52,16,11,13,4,0.0,0.0,0.0,0.04,0.35,0.0,0.0,0.0,0.0,676385420000.0,0.02,0.07,0.48
2024-08-01,0.0,52,15,12,13,4,0.0,0.0,0.0,0.04,0.36,0.0,0.0,0.0,0.0,676385420000.0,0.02,0.07,0.49
2024-07-31,0.0,51,15,12,14,4,0.0,0.0,0.0,0.04,0.35,0.0,0.0,0.0,0.0,676385420000.0,0.02,0.07,0.48
2024-07-30,0.0,51,15,10,15,5,0.0,0.0,0.0,0.04,0.36,0.0,0.0,0.0,0.0,676385420000.0,0.02,0.07,0.49
2024-07-29,0.0,51,16,10,14,5,0.0,0.0,0.0,0.04,0.36,0.0,0.0,0.0,0.0,676385420000.0,0.02,0.07,0.49
2024-07-28,0.0,52,15,10,15,4,0.0,0.0,0.0,0.04,0.36,0.0,0.0,0.0,0.0,676385420000.0,0.02,0.07,0.49
2024-07-27,0.0,52,15,10,15,4,0.0,0.0,0.0,0.04,0.36,0.0,0.0,0.0,0.0,676385420000.0,0.02,0.07,0.49
2024-07-26,0.0,52,15,10,15,4,0.0,0.0,0.0,0.04,0.36,0.0,0.0,0.0,0.0,676385420000.0,0.02,0.07,0.49
2024-07-25,0.0,53,14,10,15,4,0.0,0.0,0.0,0.04,0.36,0.0,0.0,0.0,0.0,676385420000.0,0.02,0.07,0.49
2024-07-24,0.0,51,16,9,16,4,0.0,0.0,0.0,0.04,0.36,0.0,0.0,0.0,0.0,676385420000.0,0.02,0.07,0.49
2024-07-23,0.0,51,15,11,16,3,0.0,0.0,0.0,0.03,0.35,0.0,0.0,0.0,0.0,676385420000.0,0.02,0.07,0.47
2024-07-22,0.0,52,14,11,16,3,0.0,0.0,0.0,0.03,0.35,0.0,0.0,0.0,0.0,676385420000.0,0.02,0.07,0.47
2024-07-21,0.0,52,14,11,16,3,0.0,0.0,0.0,0.03,0.35,0.0,0.0,0.0,0.0,676385420000.0,0.02,0.07,0.47
2024-07-20,0.0,52,14,11,16,3,0.0,0.0,0.0,0.03,0.35,0.0,0.0,0.0,0.0,676385420000.0,0.02,0.07,0.47
2024-07-19,0.0,52,13,12,16,3,0.0,0.0,0.0,0.03,0.35,0.0,0.0,0.0,0.0,676385420000.0,0.02,0.09,0.49
2024-07-18,0.0,54,11,13,15,3,0.0,0.0,0.0,0.03,0.35,0.0,0.0,0.0,0.0,676385420000.0,0.02,0.08,0.48
2024-07-17,0.0,54,11,13,15,3,0.0,0.0,0.0,0.03,0.35,0.0,0.0,0.0,0.0,676385420000.0,0.02,0.08,0.48
2024-07-16,0.0,53,12,13,15,3,0.0,0.0,0.0,0.03,0.34,0.0,0.0,0.0,0.0,676385420000.0,0.02,0.1,0.49
2024-07-15,0.0,54,12,11,16,3,0.0,0.0,0.0,0.03,0.34,0.0,0.0,0.0,0.0,676385420000.0,0.02,0.1,0.49
2024-07-14,0.0,54,12,11,16,3,0.0,0.0,0.0,0.03,0.34,0.0,0.0,0.0,0.0,676385420000.0,0.02,0.1,0.49
2024-07-13,0.0,54,12,11,16,3,0.0,0.0,0.0,0.03,0.34,0.0,0.0,0.0,0.0,676385420000.0,0.02,0.1,0.49
2024-07-12,0.0,54,12,11,15,4,0.0,0.0,0.0,0.03,0.34,0.0,0.0,0.0,0.0,676385420000.0,0.02,0.1,0.49
2024-07-11,0.0,53,13,13,12,5,0.0,0.0,0.0,0.04,0.34,0.0,0.0,0.0,0.0,676385420000.0,0.02,0.1,0.5
2024-07-10,0.0,53,13,13,12,5,0.0,0.0,0.0,0.04,0.34,0.0,0.0,0.0,0.0,676385420000.0,0.02,0.11,0.51
2024-07-09,0.0,52,15,12,12,5,0.0,0.0,0.0,0.04,0.34,0.0,0.0,0.0,0.0,676385420000.0,0.02,0.11,0.51
2024-07-08,0.0,54,13,11,13,5,0.0,0.0,0.0,0.04,0.34,0.0,0.0,0.0,0.0,676385420000.0,0.02,0.1,0.5
2024-07-07,0.0,53,14,11,13,5,0.0,0.0,0.0,0.04,0.33,0.0,0.0,0.0,0.0,676385420000.0,0.02,0.1,0.49
2024-07-06,0.0,53,14,11,13,5,0.0,0.0,0.0,0.04,0.33,0.0,0.0,0.0,0.0,676385420000.0,0.02,0.1,0.49
2024-07-05,0.0,53,14,11,13,5,0.0,0.0,0.0,0.04,0.35,0.0,0.0,0.0,0.0,676385420000.0,0.02,0.1,0.51
2024-07-04,0.0,53,15,10,13,5,0.0,0.0,0.0,0.04,0.35,0.0,0.0,0.0,0.0,676385420000.0,0.02,0.1,0.51
2024-07-03,0.0,52,16,10,13,5,0.0,0.0,0.0,0.04,0.36,0.0,0.0,0.0,0.0,676385420000.0,0.02,0.11,0.53
2024-07-02,0.0,51,18,8,14,5,0.0,0.0,0.0,0.04,0.34,0.0,0.0,0.0,0.0,676385420000.0,0.02,0.1,0.5
2024-07-01,0.0,51,17,9,14,5,0.0,0.0,0.0,0.04,0.35,0.0,0.0,0.0,0.0,676385420000.0,0.02,0.1,0.51
2024-06-30,0.0,50,18,11,12,5,0.0,0.0,0.0,0.04,0.35,0.0,0.0,0.0,0.0,676186120000.0,0.02,0.1,0.51
2024-06-29,0.0,50,18,11,12,5,0.0,0.0,0.0,0.04,0.35,0.0,0.0,0.0,0.0,676186120000.0,0.02,0.1,0.51
2024-06-28,0.0,50,18,11,12,5,0.0,0.0,0.0,0.04,0.35,0.0,0.0,0.0,0.0,676186120000.0,0.02,0.1,0.51
2024-06-27,0.0,50,19,10,12,5,0.0,0.0,0.0,0.04,0.34,0.0,0.0,0.0,0.0,676186120000.0,0.02,0.1,0.5
2024-06-26,0.0,51,18,11,11,5,0.0,0.0,0.0,0.04,0.34,0.0,0.0,0.0,0.0,676186120000.0,0.02,0.1,0.5
2024-06-25,0.0,51,18,9,13,5,0.0,0.0,0.0,0.04,0.34,0.0,0.0,0.0,0.0,676186120000.0,0.02,0.1,0.5
2024-06-24,0.0,53,16,10,12,5,0.0,0.0,0.0,0.04,0.33,0.0,0.0,0.0,0.0,676186120000.0,0.02,0.08,0.47
2024-06-23,0.0,54,15,10,12,5,0.0,0.0,0.0,0.04,0.33,0.0,0.0,0.0,0.0,676186120000.0,0.02,0.08,0.47
2024-06-22,0.0,54,15,10,12,5,0.0,0.0,0.0,0.04,0.33,0.0,0.0,0.0,0.0,676186120000.0,0.02,0.08,0.47
2024-06-21,0.0,54,15,10,12,5,0.0,0.0,0.0,0.04,0.33,0.0,0.0,0.0,0.0,676186120000.0,0.02,0.08,0.47
2024-06-20,0.0,54,16,9,12,5,0.0,0.0,0.0,0.04,0.33,0.0,0.0,0.0,0.0,676186120000.0,0.02,0.08,0.47
2024-06-19,0.0,56,14,8,13,5,0.0,0.0,0.0,0.04,0.33,0.0,0.0,0.0,0.0,676186120000.0,0.02,0.07,0.46
2024-06-18,0.0,55,14,9,13,5,0.0,0.0,0.0,0.04,0.33,0.0,0.0,0.0,0.0,676186120000.0,0.02,0.07,0.46
2024-06-17,0.0,55,14,9,13,5,0.0,0.0,0.0,0.04,0.33,0.0,0.0,0.0,0.0,676186120000.0,0.03,0.07,0.47
2024-06-16,0.0,55,14,10,13,4,0.0,0.0,0.0,0.04,0.34,0.0,0.0,0.0,0.0,676186120000.0,0.03,0.07,0.48
2024-06-15,0.0,55,14,10,13,4,0.0,0.0,0.0,0.04,0.34,0.0,0.0,0.0,0.0,676186120000.0,0.03,0.07,0.48
2024-06-14,0.0,55,14,10,13,4,0.0,0.0,0.0,0.04,0.34,0.0,0.0,0.0,0.0,676186120000.0,0.03,0.07,0.48
2024-06-13,0.0,55,14,11,12,4,0.0,0.0,0.0,0.04,0.34,0.0,0.0,0.0,0.0,676186120000.0,0.03,0.07,0.48
2024-06-12,0.0,56,12,12,12,4,0.0,0.0,0.0,0.04,0.34,0.0,0.0,0.0,0.0,676186120000.0,0.03,0.07,0.48
2024-06-11,0.0,56,12,12,11,5,0.0,0.0,0.0,0.04,0.34,0.0,0.0,0.0,0.0,676186120000.0,0.03,0.07,0.48
2024-06-10,0.0,55,13,12,11,5,0.0,0.0,0.0,0.04,0.34,0.0,0.0,0.0,0.0,676186120000.0,0.03,0.06,0.47
2024-06-09,0.0,55,13,12,11,5,0.0,0.0,0.0,0.04,0.35,0.0,0.0,0.0,0.0,676186120000.0,0.03,0.06,0.48
2024-06-08,0.0,55,13,12,11,5,0.0,0.0,0.0,0.04,0.35,0.0,0.0,0.0,0.0,676186120000.0,0.03,0.06,0.48
2024-06-07,0.0,55,13,12,11,5,0.0,0.0,0.0,0.04,0.35,0.0,0.0,0.0,0.0,676186120000.0,0.03,0.06,0.48
2024-06-06,0.0,55,14,11,11,5,0.0,0.0,0.0,0.04,0.35,0.0,0.0,0.0,0.0,676186120000.0,0.03,0.07,0.49
2024-06-05,0.0,56,13,11,11,5,0.0,0.0,0.0,0.04,0.33,0.0,0.0,0.0,0.0,676186120000.0,0.03,0.06,0.46
2024-06-04,0.0,55,13,12,11,5,0.0,0.0,0.0,0.04,0.34,0.0,0.0,0.0,0.0,676186120000.0,0.03,0.06,0.47
2024-06-03,0.0,53,15,12,11,5,0.0,0.0,0.0,0.04,0.34,0.0,0.0,0.0,0.0,676186120000.0,0.03,0.06,0.47
2024-06-02,0.0,54,15,11,11,5,0.0,0.0,0.0,0.04,0.34,0.0,0.0,0.0,0.0,676186120000.0,0.03,0.06,0.47
2024-06-01,0.0,54,15,11,11,5,0.0,0.0,0.0,0.04,0.34,0.0,0.0,0.0,0.0,676186120000.0,0.03,0.06,0.47
2024-05-31,0.0,54,15,11,11,5,0.0,0.0,0.0,0.04,0.34,0.0,0.0,0.0,0.0,676186120000.0,0.03,0.06,0.47
2024-05-30,0.0,53,18,9,10,6,0.0,0.0,0.0,0.04,0.33,0.0,0.0,0.0,0.0,676186120000.0,0.03,0.06,0.46
2024-05-29,0.0,53,18,9,10,6,0.0,0.0,0.0,0.04,0.33,0.0,0.0,0.0,0.0,676186120000.0,0.03,0.06,0.46
2024-05-28,0.0,52,19,9,11,5,0.0,0.0,0.0,0.04,0.33,0.0,0.0,0.0,0.0,676186120000.0,0.03,0.06,0.46
2024-05-27,0.0,52,20,8,10,6,0.0,0.0,0.0,0.04,0.33,0.0,0.0,0.0,0.0,676186120000.0,0.03,0.06,0.46
2024-05-26,0.0,54,18,8,10,6,0.0,0.0,0.0,0.04,0.32,0.0,0.0,0.0,0.0,676186120000.0,0.03,0.06,0.45
2024-05-25,0.0,54,18,8,10,6,0.0,0.0,0.0,0.04,0.32,0.0,0.0,0.0,0.0,676186120000.0,0.03,0.06,0.45
2024-05-24,0.0,54,18,8,10,6,0.0,0.0,0.0,0.04,0.32,0.0,0.0,0.0,0.0,676186120000.0,0.03,0.07,0.46
2024-05-23,0.0,53,19,9,9,6,0.0,0.0,0.01,0.04,0.32,0.0,0.0,0.0,0.0,676186120000.0,0.03,0.07,0.47
2024-05-22,0.0,53,18,10,9,6,0.0,0.0,0.01,0.04,0.32,0.0,0.0,0.0,0.0,676186120000.0,0.03,0.07,0.47
2024-05-21,0.0,53,18,10,9,6,0.0,0.0,0.01,0.04,0.32,0.0,0.0,0.0,0.0,676186120000.0,0.03,0.07,0.47
2024-05-20,0.0,53,18,10,9,6,0.0,0.0,0.01,0.04,0.32,0.0,0.0,0.0,0.0,676186120000.0,0.03,0.07,0.47
2024-05-19,0.0,53,18,10,9,6,0.0,0.0,0.01,0.04,0.33,0.0,0.0,0.0,0.0,676186120000.0,0.03,0.07,0.48
2024-05-18,0.0,53,18,10,9,6,0.0,0.0,0.01,0.04,0.33,0.0,0.0,0.0,0.0,676186120000.0,0.03,0.07,0.48
2024-05-17,0.0,53,18,10,9,6,0.0,0.0,0.01,0.04,0.33,0.0,0.0,0.0,0.0,676186120000.0,0.03,0.07,0.48
2024-05-16,0.0,54,17,10,9,6,0.0,0.0,0.01,0.04,0.33,0.0,0.0,0.0,0.0,676186120000.0,0.03,0.07,0.48
2024-05-15,0.0,53,18,11,8,6,0.0,0.0,0.01,0.04,0.32,0.0,0.0,0.0,0.0,676186120000.0,0.03,0.07,0.47
2024-05-14,0.0,53,18,11,8,6,0.0,0.0,0.01,0.04,0.32,0.0,0.0,0.0,0.0,676186120000.0,0.03,0.07,0.47
2024-05-13,0.0,53,18,11,9,5,0.0,0.0,0.01,0.04,0.32,0.0,0.0,0.0,0.0,676186120000.0,0.03,0.07,0.47
2024-05-12,0.0,55,16,11,9,5,0.0,0.0,0.01,0.03,0.32,0.0,0.0,0.0,0.0,676186120000.0,0.03,0.07,0.46
2024-05-11,0.0,55,16,11,9,5,0.0,0.0,0.01,0.03,0.32,0.0,0.0,0.0,0.0,676186120000.0,0.03,0.07,0.46
2024-05-10,0.0,55,16,11,9,5,0.0,0.0,0.01,0.03,0.32,0.0,0.0,0.0,0.0,676186120000.0,0.03,0.07,0.46
2024-05-09,0.0,55,16,10,9,6,0.0,0.0,0.01,0.03,0.32,0.0,0.0,0.0,0.0,676186120000.0,0.03,0.07,0.46
2024-05-08,0.0,55,15,11,9,6,0.0,0.0,0.01,0.03,0.32,0.0,0.0,0.0,0.0,676186120000.0,0.03,0.07,0.46
2024-05-07,0.0,55,15,11,9,6,0.0,0.0,0.01,0.03,0.32,0.0,0.0,0.0,0.0,676186120000.0,0.03,0.07,0.46
2024-05-06,0.0,54,16,11,9,6,0.0,0.0,0.01,0.03,0.33,0.0,0.0,0.0,0.0,676186120000.0,0.03,0.07,0.47
2024-05-05,0.0,55,16,10,9,6,0.0,0.0,0.01,0.03,0.32,0.0,0.0,0.0,0.0,676186120000.0,0.03,0.06,0.45
2024-05-04,0.0,55,16,10,9,6,0.0,0.0,0.01,0.03,0.32,0.0,0.0,0.0,0.0,676186120000.0,0.03,0.06,0.45
2024-05-03,0.0,55,15,11,9,6,0.0,0.0,0.01,0.03,0.32,0.0,0.0,0.0,0.0,676186120000.0,0.03,0.06,0.45
2024-05-02,0.0,54,16,11,9,6,0.0,0.0,0.01,0.03,0.32,0.0,0.0,0.0,0.0,676186120000.0,0.03,0.06,0.45
2024-05-01,0.0,56,14,11,9,6,0.0,0.0,0.01,0.03,0.3,0.0,0.0,0.0,0.0,676186120000.0,0.03,0.06,0.43
2024-04-30,0.0,56,13,12,9,6,0.0,0.0,0.01,0.03,0.32,0.0,0.0,0.0,0.0,676186120000.0,0.03,0.06,0.45
2024-04-29,0.0,57,11,13,9,6,0.0,0.0,0.01,0.03,0.31,0.0,0.0,0.0,0.0,676186120000.0,0.03,0.06,0.44
2024-04-28,0.0,57,11,13,9,6,0.0,0.0,0.01,0.03,0.31,0.0,0.0,0.0,0.0,676186120000.0,0.03,0.06,0.44
2024-04-27,0.0,57,11,13,9,6,0.0,0.0,0.01,0.03,0.31,0.0,0.0,0.0,0.0,676186120000.0,0.03,0.06,0.44
2024-04-26,0.0,57,11,13,9,6,0.0,0.0,0.01,0.03,0.31,0.0,0.0,0.0,0.0,676186120000.0,0.03,0.06,0.44
2024-04-25,0.0,54,14,14,8,6,0.0,0.0,0.01,0.03,0.31,0.0,0.0,0.0,0.0,676186120000.0,0.03,0.07,0.45
2024-04-24,0.0,56,12,14,8,6,0.0,0.0,0.01,0.03,0.3,0.0,0.0,0.0,0.0,676186120000.0,0.03,0.05,0.42
2024-04-23,0.0,56,11,15,8,6,0.0,0.0,0.01,0.03,0.31,0.0,0.0,0.0,0.0,676186120000.0,0.03,0.04,0.42
2024-04-22,0.0,55,12,16,7,6,0.0,0.0,0.0,0.03,0.31,0.0,0.0,0.0,0.0,676186120000.0,0.03,0.05,0.42
2024-04-21,0.0,55,12,15,8,6,0.0,0.0,0.0,0.03,0.31,0.0,0.0,0.0,0.0,676186120000.0,0.03,0.05,0.42
2024-04-20,0.0,55,12,15,8,6,0.0,0.0,0.0,0.03,0.31,0.0,0.0,0.0,0.0,676186120000.0,0.03,0.05,0.42
2024-04-19,0.0,55,12,15,8,6,0.0,0.0,0.0,0.03,0.31,0.0,0.0,0.0,0.0,676186120000.0,0.03,0.05,0.42
2024-04-18,0.0,54,13,15,8,6,0.0,0.0,0.0,0.03,0.31,0.0,0.0,0.0,0.0,676186120000.0,0.03,0.05,0.42
2024-04-17,0.0,54,13,15,8,6,0.0,0.0,0.0,0.03,0.31,0.0,0.0,0.0,0.0,676186120000.0,0.03,0.05,0.42
2024-04-16,0.0,55,13,14,8,6,0.0,0.0,0.0,0.03,0.31,0.0,0.0,0.0,0.0,676186120000.0,0.03,0.04,0.41
2024-04-15,0.0,55,13,16,6,6,0.0,0.0,0.0,0.03,0.3,0.0,0.0,0.0,0.0,676186120000.0,0.03,0.04,0.4
2024-04-14,0.0,55,13,16,6,6,0.0,0.0,0.0,0.03,0.3,0.0,0.0,0.0,0.0,676186120000.0,0.03,0.05,0.41
2024-04-13,0.0,55,13,16,6,6,0.0,0.0,0.0,0.03,0.3,0.0,0.0,0.0,0.0,676186120000.0,0.03,0.05,0.41
2024-04-12,0.0,55,13,16,6,6,0.0,0.0,0.0,0.03,0.31,0.0,0.0,0.0,0.0,676186120000.0,0.03,0.05,0.42
2024-04-11,0.0,55,13,15,7,6,0.0,0.0,0.0,0.03,0.3,0.0,0.0,0.0,0.0,676186120000.0,0.03,0.05,0.41
2024-04-10,0.0,55,13,15,7,6,0.0,0.0,0.0,0.03,0.29,0.0,0.0,0.0,0.0,676186120000.0,0.03,0.05,0.4
2024-04-09,0.0,55,13,15,7,6,0.0,0.0,0.0,0.03,0.29,0.0,0.0,0.0,0.0,676186120000.0,0.03,0.05,0.4
2024-04-08,0.0,55,14,13,8,6,0.0,0.0,0.0,0.03,0.29,0.0,0.0,0.0,0.0,676186120000.0,0.03,0.05,0.4
2024-04-07,0.0,55,14,13,8,6,0.0,0.0,0.0,0.03,0.29,0.0,0.0,0.0,0.0,676186120000.0,0.03,0.05,0.4
2024-04-06,0.0,55,14,13,8,6,0.0,0.0,0.0,0.03,0.29,0.0,0.0,0.0,0.0,676186120000.0,0.03,0.05,0.4
2024-04-05,0.0,55,14,13,8,6,0.0,0.0,0.0,0.03,0.29,0.0,0.0,0.0,0.0,676186120000.0,0.03,0.05,0.4
2024-04-04,0.0,55,13,14,8,6,0.0,0.0,0.0,0.03,0.29,0.0,0.0,0.0,0.0,676186120000.0,0.03,0.05,0.4
2024-04-03,0.0,56,11,14,9,6,0.0,0.0,0.0,0.03,0.28,0.0,0.0,0.0,0.0,676186120000.0,0.03,0.05,0.39
2024-04-02,0.0,55,12,14,9,6,0.0,0.0,0.0,0.03,0.28,0.0,0.0,0.0,0.0,676186120000.0,0.03,0.05,0.39
2024-04-01,0.0,56,11,14,9,6,0.0,0.0,0.0,0.03,0.28,0.0,0.0,0.0,0.0,676186120000.0,0.03,0.05,0.39
2024-03-31,0.0,56,11,14,9,6,0.0,0.0,0.0,0.03,0.27,0.0,0.0,0.0,0.0,701085890000.0,0.03,0.05,0.38
2024-03-30,0.0,56,11,14,9,6,0.0,0.0,0.0,0.03,0.27,0.0,0.0,0.0,0.0,701085890000.0,0.03,0.05,0.38
2024-03-29,0.0,56,11,14,9,6,0.0,0.0,0.0,0.03,0.27,0.0,0.0,0.0,0.0,701085890000.0,0.03,0.05,0.38
2024-03-28,0.0,56,11,14,9,6,0.0,0.0,0.0,0.03,0.27,0.0,0.0,0.0,0.0,701085890000.0,0.03,0.05,0.38
2024-03-27,0.0,55,12,14,9,6,0.0,0.0,0.0,0.03,0.27,0.0,0.0,0.0,0.0,701085890000.0,0.03,0.05,0.38
2024-03-26,0.0,54,15,12,9,6,0.0,0.0,0.0,0.03,0.27,0.0,0.0,0.0,0.0,701085890000.0,0.03,0.05,0.38
2024-03-25,0.0,54,16,10,10,6,0.0,0.0,0.0,0.03,0.3,0.0,0.0,0.0,0.0,701085890000.0,0.03,0.05,0.41
2024-03-24,0.0,54,16,10,10,6,0.0,0.0,0.0,0.03,0.3,0.0,0.0,0.0,0.0,701085890000.0,0.03,0.05,0.41
2024-03-23,0.0,54,16,10,10,6,0.0,0.0,0.0,0.03,0.3,0.0,0.0,0.0,0.0,701085890000.0,0.03,0.05,0.41
2024-03-22,0.0,54,16,10,10,6,0.0,0.0,0.0,0.03,0.3,0.0,0.0,0.0,0.0,701085890000.0,0.03,0.05,0.41
2024-03-21,0.0,55,17,8,10,6,0.0,0.0,0.0,0.03,0.3,0.0,0.0,0.0,0.0,701085890000.0,0.03,0.05,0.41
2024-03-20,0.0,55,18,7,10,6,0.0,0.0,0.0,0.03,0.3,0.0,0.0,0.0,0.0,701085890000.0,0.03,0.05,0.41
2024-03-19,0.0,55,18,7,10,6,0.0,0.0,0.0,0.03,0.3,0.0,0.0,0.0,0.0,701085890000.0,0.03,0.05,0.41
2024-03-18,0.0,55,18,6,11,6,0.0,0.0,0.0,0.03,0.31,0.0,0.0,0.0,0.0,701085890000.0,0.03,0.05,0.42
2024-03-17,0.0,55,18,6,11,6,0.0,0.0,0.0,0.03,0.32,0.0,0.0,0.0,0.0,701085890000.0,0.03,0.05,0.43
2024-03-16,0.0,55,18,6,11,6,0.0,0.0,0.0,0.03,0.32,0.0,0.0,0.0,0.0,701085890000.0,0.03,0.05,0.43
2024-03-15,0.0,55,18,6,11,6,0.0,0.0,0.0,0.03,0.32,0.0,0.0,0.0,0.0,701085890000.0,0.03,0.05,0.43
2024-03-14,0.0,54,18,7,12,5,0.0,0.0,0.0,0.03,0.32,0.0,0.0,0.0,0.0,701085890000.0,0.03,0.05,0.43
2024-03-13,0.0,52,21,6,11,6,0.0,0.0,0.0,0.03,0.33,0.0,0.0,0.0,0.0,701085890000.0,0.03,0.06,0.45
2024-03-12,0.0,51,22,7,10,6,0.0,0.0,0.0,0.03,0.33,0.0,0.0,0.0,0.0,701085890000.0,0.03,0.05,0.44
2024-03-11,0.0,52,20,9,9,6,0.0,0.0,0.0,0.03,0.34,0.0,0.0,0.0,0.0,701085890000.0,0.03,0.05,0.45
2024-03-10,0.0,52,20,9,9,6,0.0,0.0,0.0,0.03,0.34,0.0,0.0,0.0,0.0,701085890000.0,0.03,0.05,0.45
2024-03-09,0.0,52,20,9,9,6,0.0,0.0,0.0,0.03,0.34,0.0,0.0,0.0,0.0,701085890000.0,0.03,0.05,0.45
2024-03-08,0.0,52,20,9,9,6,0.0,0.0,0.0,0.03,0.34,0.0,0.0,0.0,0.0,701085890000.0,0.03,0.05,0.45
2024-03-07,0.0,52,20,9,9,6,0.0,0.0,0.0,0.03,0.34,0.0,0.0,0.0,0.0,701085890000.0,0.03,0.05,0.45
2024-03-06,0.0,55,17,10,8,6,0.0,0.0,0.0,0.03,0.34,0.0,0.0,0.0,0.0,701085890000.0,0.03,0.05,0.45
2024-03-05,0.0,53,19,10,8,6,0.0,0.0,0.0,0.03,0.34,0.0,0.0,0.0,0.0,701085890000.0,0.03,0.05,0.45
2024-03-04,0.0,52,20,10,8,6,0.0,0.0,0.0,0.03,0.34,0.0,0.0,0.0,0.0,701085890000.0,0.03,0.05,0.45
2024-03-03,0.0,52,20,11,7,6,0.0,0.0,0.0,0.03,0.34,0.0,0.0,0.0,0.0,701085890000.0,0.03,0.05,0.45
2024-03-02,0.0,52,20,11,7,6,0.0,0.0,0.0,0.03,0.34,0.0,0.0,0.0,0.0,701085890000.0,0.03,0.05,0.45
2024-03-01,0.0,52,20,11,7,6,0.0,0.0,0.0,0.03,0.36,0.0,0.0,0.0,0.0,701085890000.0,0.03,0.05,0.47
2024-02-29,0.0,53,20,11,6,6,0.0,0.0,0.0,0.03,0.36,0.0,0.0,0.0,0.0,701085890000.0,0.02,0.05,0.46
2024-02-28,0.0,53,21,11,6,5,0.0,0.0,0.0,0.03,0.36,0.0,0.0,0.0,0.0,701085890000.0,0.02,0.04,0.45
2024-02-27,0.0,51,23,11,5,6,0.0,0.0,0.0,0.03,0.36,0.0,0.0,0.0,0.0,701085890000.0,0.02,0.04,0.45
2024-02-26,0.0,50,24,11,6,5,0.0,0.0,0.0,0.03,0.36,0.0,0.0,0.0,0.0,701085890000.0,0.02,0.04,0.45
2024-02-25,0.0,50,24,11,6,5,0.0,0.0,0.0,0.03,0.36,0.0,0.0,0.0,0.0,701085890000.0,0.02,0.04,0.45
2024-02-24,0.0,50,24,11,6,5,0.0,0.0,0.0,0.03,0.36,0.0,0.0,0.0,0.0,701085890000.0,0.02,0.04,0.45
2024-02-23,0.0,49,25,11,6,5,0.0,0.0,0.0,0.03,0.37,0.0,0.0,0.0,0.0,701085890000.0,0.02,0.04,0.46
2024-02-22,0.0,49,25,11,6,5,0.0,0.0,0.0,0.03,0.37,0.0,0.0,0.0,0.0,701085890000.0,0.02,0.04,0.46
2024-02-21,0.0,49,26,10,6,5,0.0,0.0,0.0,0.03,0.38,0.0,0.0,0.0,0.0,701085890000.0,0.02,0.04,0.47
2024-02-20,0.0,50,23,12,6,5,0.0,0.0,0.0,0.03,0.39,0.0,0.0,0.0,0.0,701085890000.0,0.01,0.04,0.47
2024-02-19,0.0,50,24,11,6,5,0.0,0.0,0.0,0.03,0.38,0.0,0.0,0.0,0.0,701085890000.0,0.01,0.04,0.46
2024-02-18,0.0,50,24,11,6,5,0.0,0.0,0.0,0.03,0.38,0.0,0.0,0.0,0.0,701085890000.0,0.01,0.04,0.46
2024-02-17,0.0,50,24,11,6,5,0.0,0.0,0.0,0.03,0.38,0.0,0.0,0.0,0.0,701085890000.0,0.01,0.04,0.46
2024-02-16,0.0,50,24,10,7,5,0.0,0.0,0.0,0.03,0.38,0.0,0.0,0.0,0.0,701085890000.0,0.01,0.04,0.46
2024-02-15,0.0,50,27,7,7,5,0.0,0.0,0.0,0.03,0.37,0.0,0.0,0.0,0.0,701085890000.0,0.01,0.04,0.45
2024-02-14,0.0,51,26,8,6,5,0.0,0.0,0.0,0.03,0.37,0.0,0.0,0.0,0.0,701085890000.0,0.01,0.04,0.45
2024-02-13,0.0,51,26,8,6,5,0.0,0.0,0.0,0.03,0.36,0.0,0.0,0.0,0.0,701085890000.0,0.01,0.04,0.44
2024-02-12,0.0,51,26,9,5,5,0.0,0.0,0.0,0.03,0.36,0.0,0.0,0.0,0.0,701085890000.0,0.01,0.04,0.44
2024-02-11,0.0,52,24,10,5,5,0.0,0.0,0.0,0.03,0.36,0.0,0.0,0.0,0.0,701085890000.0,0.01,0.04,0.44
2024-02-10,0.0,52,24,10,5,5,0.0,0.0,0.0,0.03,0.36,0.0,0.0,0.0,0.0,701085890000.0,0.01,0.04,0.44
2024-02-09,0.0,51,24,11,5,5,0.0,0.0,0.0,0.03,0.36,0.0,0.0,0.0,0.0,701085890000.0,0.02,0.04,0.45
2024-02-08,0.0,52,25,9,6,4,0.0,0.0,0.0,0.03,0.32,0.0,0.0,0.0,0.0,701085890000.0,0.02,0.04,0.41
2024-02-07,0.0,55,22,9,6,4,0.0,0.0,0.0,0.03,0.31,0.0,0.0,0.0,0.0,701085890000.0,0.02,0.04,0.4
2024-02-06,0.0,55,22,8,7,4,0.0,0.0,0.0,0.03,0.31,0.0,0.0,0.0,0.0,701085890000.0,0.02,0.04,0.4
2024-02-05,0.0,56,19,10,7,4,0.0,0.0,0.0,0.03,0.32,0.0,0.0,0.0,0.0,701085890000.0,0.02,0.04,0.41
2024-02-04,0.0,56,19,9,8,4,0.0,0.0,0.0,0.03,0.32,0.0,0.0,0.0,0.0,701085890000.0,0.02,0.04,0.41
2024-02-03,0.0,56,19,9,8,4,0.0,0.0,0.0,0.03,0.32,0.0,0.0,0.0,0.0,701085890000.0,0.02,0.04,0.41
2024-02-02,0.0,56,19,9,8,4,0.0,0.0,0.0,0.03,0.32,0.0,0.0,0.0,0.0,701085890000.0,0.02,0.04,0.41
2024-02-01,0.0,56,18,10,8,4,0.0,0.0,0.0,0.03,0.32,0.0,0.0,0.0,0.0,701085890000.0,0.02,0.04,0.41
2024-01-31,0.0,58,18,9,7,4,0.0,0.0,0.0,0.03,0.3,0.0,0.0,0.0,0.0,701085890000.0,0.02,0.04,0.39
2024-01-30,0.0,58,18,8,8,4,0.0,0.0,0.0,0.03,0.33,0.0,0.0,0.0,0.0,701085890000.0,0.02,0.04,0.42
2024-01-29,0.0,58,18,9,7,4,0.0,0.0,0.0,0.03,0.32,0.0,0.0,0.0,0.0,701085890000.0,0.02,0.04,0.41
2024-01-28,0.0,58,18,9,7,4,0.0,0.0,0.0,0.03,0.33,0.0,0.0,0.0,0.0,701085890000.0,0.02,0.04,0.42
2024-01-27,0.0,58,18,9,7,4,0.0,0.0,0.0,0.03,0.33,0.0,0.0,0.0,0.0,701085890000.0,0.02,0.04,0.42
2024-01-26,0.0,58,18,9,7,4,0.0,0.0,0.0,0.03,0.33,0.0,0.0,0.0,0.0,701085890000.0,0.02,0.04,0.42
2024-01-25,0.0,56,19,10,6,5,0.0,0.0,0.0,0.03,0.34,0.0,0.0,0.0,0.0,701085890000.0,0.02,0.04,0.43
2024-01-24,0.0,56,19,10,6,5,0.0,0.0,0.0,0.03,0.35,0.0,0.0,0.0,0.0,701085890000.0,0.02,0.04,0.44
2024-01-23,0.0,56,19,9,8,4,0.0,0.0,0.0,0.03,0.35,0.0,0.0,0.0,0.0,701085890000.0,0.02,0.03,0.43
2024-01-22,0.0,56,19,10,7,4,0.0,0.0,0.0,0.03,0.35,0.0,0.0,0.0,0.0,701085890000.0,0.02,0.03,0.43
2024-01-21,0.0,55,20,10,7,4,0.0,0.0,0.0,0.03,0.36,0.0,0.0,0.0,0.0,701085890000.0,0.02,0.03,0.44
2024-01-20,0.0,55,20,10,7,4,0.0,0.0,0.0,0.03,0.36,0.0,0.0,0.0,0.0,701085890000.0,0.02,0.03,0.44
2024-01-19,0.0,55,20,10,7,4,0.0,0.0,0.0,0.03,0.36,0.0,0.0,0.0,0.0,701085890000.0,0.02,0.03,0.44
2024-01-18,0.0,58,17,10,7,4,0.0,0.0,0.0,0.03,0.31,0.0,0.0,0.0,0.0,701085890000.0,0.02,0.03,0.39
2024-01-17,0.0,58,17,10,7,4,0.0,0.0,0.0,0.03,0.32,0.0,0.0,0.0,0.0,701085890000.0,0.02,0.03,0.4
2024-01-16,0.0,58,16,11,7,4,0.0,0.0,0.0,0.03,0.31,0.0,0.0,0.0,0.0,701085890000.0,0.02,0.03,0.39
2024-01-15,0.0,59,15,11,7,4,0.0,0.0,0.0,0.03,0.31,0.0,0.0,0.0,0.0,701085890000.0,0.02,0.03,0.39
2024-01-14,0.0,57,17,10,8,4,0.0,0.0,0.0,0.03,0.31,0.0,0.0,0.0,0.0,701085890000.0,0.02,0.03,0.39
2024-01-13,0.0,57,17,10,8,4,0.0,0.0,0.0,0.03,0.31,0.0,0.0,0.0,0.0,701085890000.0,0.02,0.03,0.39
2024-01-12,0.0,57,17,10,8,4,0.0,0.0,0.0,0.03,0.31,0.0,0.0,0.0,0.0,701085890000.0,0.02,0.03,0.39
2024-01-11,0.0,57,19,8,8,4,0.0,0.0,0.0,0.03,0.31,0.0,0.0,0.0,0.0,701085890000.0,0.02,0.02,0.38
2024-01-10,0.0,57,19,8,8,4,0.0,0.0,0.0,0.03,0.31,0.0,0.0,0.0,0.0,701085890000.0,0.02,0.02,0.38
2024-01-09,0.0,59,17,8,8,4,0.0,0.0,0.0,0.03,0.28,0.0,0.0,0.0,0.0,701085890000.0,0.02,0.03,0.36
2024-01-08,0.0,59,17,8,9,3,0.0,0.0,0.0,0.03,0.28,0.0,0.0,0.0,0.0,701085890000.0,0.02,0.03,0.36
2024-01-07,0.0,58,18,8,9,3,0.0,0.0,0.0,0.03,0.28,0.0,0.0,0.0,0.0,701085890000.0,0.02,0.03,0.36
2024-01-06,0.0,58,18,8,9,3,0.0,0.0,0.0,0.03,0.28,0.0,0.0,0.0,0.0,701085890000.0,0.02,0.03,0.36
2024-01-05,0.0,58,18,8,9,3,0.0,0.0,0.0,0.03,0.28,0.0,0.0,0.0,0.0,701085890000.0,0.02,0.03,0.36
2024-01-04,0.0,58,18,8,9,3,0.0,0.0,0.0,0.03,0.28,0.0,0.0,0.0,0.0,701085890000.0,0.02,0.03,0.36
2024-01-03,0.0,58,18,8,9,3,0.0,0.0,0.0,0.03,0.3,0.0,0.0,0.0,0.0,701085890000.0,0.02,0.03,0.38
2024-01-02,0.0,59,18,7,9,3,0.0,0.0,0.0,0.03,0.3,0.0,0.0,0.0,0.0,701085890000.0,0.02,0.02,0.37
2024-01-01,0.0,59,18,7,9,3,0.0,0.0,0.0,0.03,0.31,0.0,0.0,0.0,0.0,701085890000.0,0.02,0.02,0.38
2023-12-31,0.0,59,18,7,9,3,0.0,0.0,0.0,0.03,0.31,0.0,0.0,0.0,0.0,696478880000.0,0.02,0.02,0.38
2023-12-30,0.0,59,18,7,9,3,0.0,0.0,0.0,0.03,0.31,0.0,0.0,0.0,0.0,696478880000.0,0.02,0.02,0.38
2023-12-29,0.0,59,18,7,9,3,0.0,0.0,0.0,0.03,0.32,0.0,0.0,0.0,0.0,696478880000.0,0.02,0.02,0.39
2023-12-28,0.0,59,19,6,9,3,0.0,0.0,0.0,0.03,0.33,0.0,0.0,0.0,0.0,696478880000.0,0.02,0.02,0.4
2023-12-27,0.0,59,18,7,9,3,0.0,0.0,0.0,0.03,0.33,0.0,0.0,0.0,0.0,696478880000.0,0.02,0.03,0.41
2023-12-26,0.0,59,18,7,9,3,0.0,0.0,0.0,0.03,0.32,0.0,0.0,0.0,0.0,696478880000.0,0.02,0.03,0.4
2023-12-25,0.0,59,19,6,9,3,0.0,0.0,0.0,0.03,0.3,0.0,0.0,0.0,0.0,696478880000.0,0.02,0.03,0.38
2023-12-24,0.0,59,19,6,9,3,0.0,0.0,0.0,0.03,0.3,0.0,0.0,0.0,0.0,696478880000.0,0.02,0.03,0.38
2023-12-23,0.0,59,19,6,9,3,0.0,0.0,0.0,0.03,0.3,0.0,0.0,0.0,0.0,696478880000.0,0.02,0.03,0.38
2023-12-22,0.0,59,19,6,9,3,0.0,0.0,0.0,0.03,0.3,0.0,0.0,0.0,0.0,696478880000.0,0.02,0.03,0.38
2023-12-21,0.0,58,20,6,9,3,0.0,0.0,0.0,0.03,0.31,0.0,0.0,0.0,0.0,696478880000.0,0.02,0.03,0.39
2023-12-20,0.0,57,21,6,9,3,0.0,0.0,0.0,0.03,0.31,0.0,0.0,0.0,0.0,696478880000.0,0.02,0.03,0.39
2023-12-19,0.0,57,20,7,9,3,0.0,0.0,0.0,0.03,0.35,0.0,0.0,0.0,0.0,696478880000.0,0.02,0.03,0.43
2023-12-18,0.0,57,19,8,9,3,0.0,0.0,0.0,0.03,0.37,0.0,0.0,0.0,0.0,696478880000.0,0.02,0.03,0.45
2023-12-17,0.0,57,19,8,9,3,0.0,0.0,0.0,0.03,0.37,0.0,0.0,0.0,0.0,696478880000.0,0.02,0.03,0.45
2023-12-16,0.0,57,19,8,9,3,0.0,0.0,0.0,0.03,0.37,0.0,0.0,0.0,0.0,696478880000.0,0.02,0.03,0.45
2023-12-15,0.0,57,19,8,9,3,0.0,0.0,0.0,0.03,0.37,0.0,0.0,0.0,0.0,696478880000.0,0.02,0.03,0.45
2023-12-14,0.0,56,20,8,9,3,0.0,0.0,0.0,0.03,0.37,0.0,0.0,0.0,0.0,696478880000.0,0.02,0.03,0.45
2023-12-13,0.0,55,22,7,9,3,0.0,0.0,0.0,0.02,0.36,0.0,0.0,0.0,0.0,696478880000.0,0.02,0.03,0.43
2023-12-12,0.0,56,21,7,9,3,0.0,0.0,0.0,0.02,0.36,0.0,0.0,0.0,0.0,696478880000.0,0.02,0.03,0.43
2023-12-11,0.0,56,21,7,9,3,0.0,0.0,0.0,0.03,0.36,0.0,0.0,0.0,0.0,696478880000.0,0.03,0.02,0.44
2023-12-10,0.0,55,22,7,9,3,0.0,0.0,0.0,0.03,0.36,0.0,0.0,0.0,0.0,696478880000.0,0.03,0.02,0.44
2023-12-09,0.0,55,22,7,9,3,0.0,0.0,0.0,0.03,0.36,0.0,0.0,0.0,0.0,696478880000.0,0.03,0.02,0.44
2023-12-08,0.0,55,22,7,9,3,0.0,0.0,0.0,0.03,0.38,0.0,0.0,0.0,0.0,696478880000.0,0.03,0.02,0.46
2023-12-07,0.0,56,20,8,9,3,0.0,0.0,0.0,0.03,0.38,0.0,0.0,0.0,0.0,696478880000.0,0.03,0.03,0.47
2023-12-06,0.0,56,20,8,9,3,0.0,0.0,0.0,0.03,0.35,0.0,0.0,0.0,0.0,696478880000.0,0.04,0.03,0.45
2023-12-05,0.0,55,20,9,10,2,0.0,0.0,0.0,0.03,0.36,0.0,0.0,0.0,0.0,696478880000.0,0.04,0.03,0.46
2023-12-04,0.0,55,19,9,11,2,0.0,0.0,0.01,0.02,0.36,0.0,0.0,0.0,0.0,696478880000.0,0.04,0.03,0.46
2023-12-03,0.0,54,19,10,11,2,0.0,0.0,0.01,0.02,0.37,0.0,0.0,0.0,0.0,696478880000.0,0.04,0.03,0.47
2023-12-02,0.0,54,19,10,11,2,0.0,0.0,0.01,0.02,0.37,0.0,0.0,0.0,0.0,696478880000.0,0.04,0.03,0.47
2023-12-01,0.0,54,19,10,11,2,0.0,0.0,0.01,0.02,0.37,0.0,0.0,0.0,0.0,696478880000.0,0.04,0.03,0.47
2023-11-30,0.0,53,20,10,11,2,0.0,0.0,0.01,0.02,0.37,0.0,0.0,0.0,0.0,696478880000.0,0.04,0.03,0.47
2023-11-29,0.0,51,21,11,9,4,0.0,0.0,0.01,0.02,0.37,0.0,0.0,0.0,0.0,696478880000.0,0.04,0.05,0.49
2023-11-28,0.0,51,22,10,9,4,0.0,0.0,0.01,0.02,0.36,0.0,0.0,0.0,0.0,696478880000.0,0.04,0.05,0.48
2023-11-27,0.0,53,20,11,8,4,0.0,0.0,0.01,0.02,0.36,0.0,0.0,0.0,0.0,696478880000.0,0.04,0.05,0.48
2023-11-26,0.0,53,22,8,9,4,0.0,0.0,0.01,0.02,0.36,0.0,0.0,0.0,0.0,696478880000.0,0.04,0.05,0.48
2023-11-25,0.0,53,22,8,9,4,0.0,0.0,0.01,0.02,0.36,0.0,0.0,0.0,0.0,696478880000.0,0.04,0.05,0.48
2023-11-24,0.0,53,21,9,9,4,0.0,0.0,0.01,0.02,0.36,0.0,0.0,0.0,0.0,696478880000.0,0.04,0.05,0.48
2023-11-23,0.0,53,21,9,9,4,0.0,0.0,0.01,0.02,0.33,0.0,0.0,0.0,0.0,696478880000.0,0.04,0.05,0.45
2023-11-22,0.0,53,21,9,9,4,0.0,0.0,0.01,0.02,0.33,0.0,0.0,0.0,0.0,696478880000.0,0.04,0.05,0.45
2023-11-21,0.0,53,21,9,10,3,0.0,0.0,0.01,0.02,0.33,0.0,0.0,0.0,0.0,696478880000.0,0.04,0.05,0.45
2023-11-20,0.0,54,19,10,10,3,0.0,0.0,0.01,0.02,0.32,0.0,0.0,0.0,0.0,696478880000.0,0.04,0.07,0.46
2023-11-19,0.0,54,19,10,10,3,0.0,0.01,0.01,0.02,0.31,0.0,0.0,0.0,0.0,696478880000.0,0.04,0.07,0.46
2023-11-18,0.0,54,19,10,10,3,0.0,0.01,0.01,0.02,0.31,0.0,0.0,0.0,0.0,696478880000.0,0.04,0.07,0.46
2023-11-17,0.0,54,19,10,10,3,0.0,0.01,0.01,0.02,0.32,0.0,0.0,0.0,0.0,696478880000.0,0.04,0.07,0.47
2023-11-16,0.0,55,18,10,10,3,0.0,0.01,0.01,0.02,0.32,0.0,0.0,0.0,0.0,696478880000.0,0.04,0.07,0.47
2023-11-15,0.0,55,18,10,10,3,0.0,0.01,0.01,0.01,0.32,0.0,0.0,0.0,0.0,696478880000.0,0.04,0.06,0.45
2023-11-14,0.0,55,18,10,10,3,0.0,0.01,0.01,0.01,0.32,0.0,0.0,0.0,0.0,696478880000.0,0.04,0.06,0.45
2023-11-13,0.0,54,20,10,9,3,0.0,0.01,0.01,0.01,0.33,0.0,0.0,0.0,0.0,696478880000.0,0.04,0.06,0.46
2023-11-12,0.0,54,20,10,8,4,0.0,0.01,0.01,0.01,0.33,0.0,0.0,0.0,0.0,696478880000.0,0.04,0.06,0.46
2023-11-11,0.0,54,20,10,8,4,0.0,0.01,0.01,0.01,0.33,0.0,0.0,0.0,0.0,696478880000.0,0.04,0.06,0.46
2023-11-10,0.0,54,19,11,8,4,0.0,0.01,0.01,0.01,0.33,0.0,0.0,0.0,0.0,696478880000.0,0.04,0.06,0.46
2023-11-09,0.0,56,17,11,8,4,0.0,0.01,0.01,0.01,0.31,0.0,0.0,0.0,0.0,696478880000.0,0.04,0.06,0.44
2023-11-08,0.0,54,18,12,10,2,0.0,0.01,0.01,0.01,0.32,0.0,0.0,0.0,0.0,696478880000.0,0.04,0.06,0.45
2023-11-07,0.0,55,17,11,11,2,0.0,0.01,0.01,0.01,0.33,0.0,0.0,0.0,0.0,696478880000.0,0.04,0.06,0.46
2023-11-06,0.0,53,19,11,11,2,0.0,0.01,0.01,0.01,0.35,0.0,0.0,0.0,0.0,696478880000.0,0.04,0.05,0.47
2023-11-05,0.0,54,19,10,11,2,0.0,0.01,0.01,0.01,0.35,0.0,0.0,0.0,0.0,696478880000.0,0.05,0.05,0.48
2023-11-04,0.0,54,19,10,11,2,0.0,0.01,0.01,0.01,0.35,0.0,0.0,0.0,0.0,696478880000.0,0.05,0.05,0.48
2023-11-03,0.0,54,19,10,11,2,0.0,0.01,0.01,0.01,0.35,0.0,0.0,0.0,0.0,696478880000.0,0.05,0.05,0.48
2023-11-02,0.0,56,17,10,11,2,0.0,0.01,0.01,0.01,0.37,0.0,0.0,0.0,0.0,696478880000.0,0.05,0.04,0.49
2023-11-01,0.0,54,18,11,11,2,0.0,0.01,0.01,0.01,0.37,0.0,0.0,0.0,0.0,696478880000.0,0.05,0.04,0.49
2023-10-31,0.0,54,18,12,10,2,0.0,0.01,0.01,0.01,0.37,0.0,0.0,0.0,0.0,696478880000.0,0.05,0.04,0.49
2023-10-30,0.0,53,19,12,10,2,0.0,0.01,0.01,0.01,0.36,0.0,0.0,0.0,0.0,696478880000.0,0.05,0.04,0.48
2023-10-29,0.0,54,18,11,11,2,0.0,0.01,0.01,0.01,0.35,0.0,0.0,0.0,0.0,696478880000.0,0.05,0.03,0.46
2023-10-28,0.0,54,18,11,11,2,0.0,0.01,0.01,0.01,0.35,0.0,0.0,0.0,0.0,696478880000.0,0.05,0.03,0.46
2023-10-27,0.0,54,18,11,10,3,0.0,0.01,0.01,0.01,0.35,0.0,0.0,0.0,0.0,696478880000.0,0.05,0.03,0.46
2023-10-26,0.0,54,18,11,11,2,0.0,0.01,0.01,0.01,0.34,0.0,0.0,0.0,0.0,696478880000.0,0.05,0.03,0.45
2023-10-25,0.0,54,18,12,10,2,0.0,0.01,0.01,0.01,0.32,0.0,0.0,0.0,0.0,696478880000.0,0.05,0.03,0.43
2023-10-24,0.0,54,17,13,10,2,0.0,0.01,0.01,0.01,0.32,0.0,0.0,0.0,0.0,696478880000.0,0.05,0.03,0.43
2023-10-23,0.0,55,17,13,9,2,0.0,0.01,0.01,0.01,0.31,0.0,0.0,0.0,0.0,696478880000.0,0.05,0.03,0.42
2023-10-22,0.0,55,18,12,9,2,0.0,0.01,0.01,0.01,0.29,0.0,0.0,0.0,0.0,696478880000.0,0.04,0.03,0.39
2023-10-21,0.0,55,18,12,9,2,0.0,0.01,0.01,0.01,0.29,0.0,0.0,0.0,0.0,696478880000.0,0.04,0.03,0.39
2023-10-20,0.0,55,18,12,9,2,0.0,0.01,0.01,0.01,0.29,0.0,0.0,0.0,0.0,696478880000.0,0.04,0.03,0.39
2023-10-19,0.0,55,19,10,10,2,0.0,0.01,0.01,0.01,0.29,0.0,0.0,0.0,0.0,696478880000.0,0.04,0.03,0.39
2023-10-18,0.0,56,18,10,10,2,0.0,0.01,0.01,0.01,0.28,0.0,0.0,0.0,0.0,696478880000.0,0.04,0.03,0.38
2023-10-17,0.0,56,19,9,10,2,0.0,0.01,0.01,0.01,0.28,0.0,0.0,0.0,0.0,696478880000.0,0.04,0.03,0.38
2023-10-16,0.0,56,19,10,9,2,0.0,0.01,0.01,0.01,0.28,0.0,0.0,0.0,0.0,696478880000.0,0.04,0.03,0.38
2023-10-15,0.0,57,18,10,9,2,0.0,0.01,0.01,0.01,0.26,0.0,0.0,0.0,0.0,696478880000.0,0.04,0.03,0.36
2023-10-14,0.0,57,18,10,9,2,0.0,0.01,0.01,0.01,0.26,0.0,0.0,0.0,0.0,696478880000.0,0.04,0.03,0.36
2023-10-13,0.0,57,17,11,9,2,0.0,0.01,0.01,0.01,0.26,0.0,0.0,0.0,0.0,696478880000.0,0.04,0.03,0.36
2023-10-12,0.0,57,17,10,10,2,0.0,0.01,0.01,0.01,0.26,0.0,0.0,0.0,0.0,696478880000.0,0.04,0.03,0.36
2023-10-11,0.0,57,17,10,10,2,0.0,0.01,0.01,0.01,0.26,0.0,0.0,0.0,0.0,696478880000.0,0.04,0.03,0.36
2023-10-10,0.0,58,16,10,9,3,0.0,0.01,0.01,0.01,0.26,0.0,0.0,0.0,0.0,696478880000.0,0.05,0.03,0.37
2023-10-09,0.0,58,18,8,9,3,0.0,0.01,0.01,0.01,0.25,0.0,0.0,0.0,0.0,696478880000.0,0.05,0.03,0.36
2023-10-08,0.0,58,18,8,9,3,0.0,0.01,0.01,0.01,0.25,0.0,0.0,0.0,0.0,696478880000.0,0.05,0.03,0.36
2023-10-07,0.0,58,18,8,9,3,0.0,0.01,0.01,0.01,0.25,0.0,0.0,0.0,0.0,696478880000.0,0.05,0.03,0.36
2023-10-06,0.0,58,18,8,9,3,0.0,0.01,0.01,0.01,0.25,0.0,0.0,0.0,0.0,696478880000.0,0.05,0.03,0.36
2023-10-05,0.0,58,17,8,10,3,0.0,0.01,0.01,0.01,0.25,0.0,0.0,0.0,0.0,696478880000.0,0.05,0.04,0.37
2023-10-04,0.0,58,17,9,9,3,0.0,0.01,0.01,0.01,0.26,0.0,0.0,0.0,0.0,696478880000.0,0.05,0.04,0.38
2023-10-03,0.0,58,19,7,9,3,0.0,0.01,0.01,0.01,0.26,0.0,0.0,0.0,0.0,696478880000.0,0.05,0.04,0.38
2023-10-02,0.0,59,18,8,8,3,0.0,0.01,0.01,0.01,0.25,0.0,0.0,0.0,0.0,696478880000.0,0.05,0.04,0.37
2023-10-01,0.0,59,18,9,7,3,0.0,0.01,0.01,0.01,0.25,0.0,0.0,0.0,0.0,696478880000.0,0.05,0.03,0.36
2023-09-30,0.0,59,18,9,7,3,0.0,0.01,0.01,0.01,0.25,0.0,0.0,0.0,0.0,696098940000.0,0.05,0.03,0.36
2023-09-29,0.0,59,18,9,7,3,0.0,0.01,0.01,0.01,0.25,0.0,0.0,0.0,0.0,696098940000.0,0.05,0.03,0.36
2023-09-28,0.0,60,17,9,7,3,0.0,0.01,0.01,0.01,0.24,0.0,0.0,0.0,0.0,696098940000.0,0.05,0.03,0.35
2023-09-27,0.0,60,17,9,7,3,0.0,0.01,0.01,0.01,0.24,0.0,0.0,0.0,0.0,696098940000.0,0.05,0.03,0.35
2023-09-26,0.0,60,17,9,7,3,0.0,0.01,0.01,0.01,0.24,0.0,0.0,0.0,0.0,696098940000.0,0.05,0.03,0.35
2023-09-25,0.0,60,17,9,7,3,0.0,0.01,0.01,0.01,0.24,0.0,0.0,0.0,0.0,696098940000.0,0.05,0.03,0.35
2023-09-24,0.0,60,18,8,7,3,0.0,0.01,0.01,0.01,0.24,0.0,0.0,0.0,0.0,696098940000.0,0.05,0.03,0.35
2023-09-23,0.0,60,18,8,7,3,0.0,0.01,0.01,0.01,0.24,0.0,0.0,0.0,0.0,696098940000.0,0.05,0.03,0.35
2023-09-22,0.0,60,18,8,7,3,0.0,0.01,0.01,0.01,0.24,0.0,0.0,0.0,0.0,696098940000.0,0.05,0.03,0.35
2023-09-21,0.0,60,18,7,8,3,0.0,0.01,0.01,0.01,0.24,0.0,0.0,0.0,0.0,696098940000.0,0.05,0.03,0.35
2023-09-20,0.0,60,18,7,8,3,0.0,0.01,0.01,0.01,0.24,0.0,0.0,0.0,0.0,696098940000.0,0.05,0.04,0.36
2023-09-19,0.0,60,16,8,9,3,0.0,0.01,0.01,0.01,0.24,0.0,0.0,0.0,0.0,696098940000.0,0.05,0.04,0.36
2023-09-18,0.0,60,16,8,9,3,0.0,0.01,0.01,0.01,0.23,0.0,0.0,0.0,0.0,696098940000.0,0.05,0.04,0.35
2023-09-17,0.0,60,16,8,9,3,0.0,0.01,0.01,0.01,0.23,0.0,0.0,0.0,0.0,696098940000.0,0.05,0.04,0.35
2023-09-16,0.0,60,16,8,9,3,0.0,0.01,0.01,0.01,0.23,0.0,0.0,0.0,0.0,696098940000.0,0.05,0.04,0.35
2023-09-15,0.0,60,16,8,9,3,0.0,0.01,0.01,0.01,0.23,0.0,0.0,0.0,0.0,696098940000.0,0.05,0.04,0.35
2023-09-14,0.0,60,16,8,9,3,0.0,0.01,0.01,0.01,0.23,0.0,0.0,0.0,0.0,696098940000.0,0.05,0.04,0.35
2023-09-13,0.0,60,16,8,9,3,0.0,0.01,0.01,0.01,0.22,0.0,0.0,0.0,0.0,696098940000.0,0.05,0.04,0.34
2023-09-12,0.0,60,15,9,9,3,0.0,0.01,0.01,0.01,0.22,0.0,0.0,0.0,0.0,696098940000.0,0.05,0.04,0.34
2023-09-11,0.0,60,15,9,9,3,0.0,0.01,0.01,0.01,0.22,0.0,0.0,0.0,0.0,696098940000.0,0.05,0.04,0.34
2023-09-10,0.0,60,16,8,9,3,0.0,0.01,0.01,0.01,0.21,0.0,0.0,0.0,0.0,696098940000.0,0.05,0.04,0.33
2023-09-09,0.0,60,16,8,9,3,0.0,0.01,0.01,0.01,0.21,0.0,0.0,0.0,0.0,696098940000.0,0.05,0.04,0.33
2023-09-08,0.0,60,16,8,9,3,0.0,0.01,0.01,0.01,0.21,0.0,0.0,0.0,0.0,696098940000.0,0.05,0.04,0.33
2023-09-07,0.0,60,16,8,9,3,0.0,0.01,0.01,0.01,0.21,0.0,0.0,0.0,0.0,696098940000.0,0.05,0.04,0.33
2023-09-06,0.0,60,16,8,9,3,0.0,0.01,0.01,0.01,0.21,0.0,0.0,0.0,0.0,696098940000.0,0.05,0.04,0.33
2023-09-05,0.0,60,17,7,9,3,0.0,0.01,0.01,0.01,0.21,0.0,0.0,0.0,0.0,696098940000.0,0.04,0.04,0.32
2023-09-04,0.0,60,16,8,9,3,0.0,0.01,0.01,0.01,0.22,0.0,0.0,0.0,0.0,696098940000.0,0.04,0.04,0.33
2023-09-03,0.0,60,16,8,9,3,0.0,0.01,0.01,0.01,0.22,0.0,0.0,0.0,0.0,696098940000.0,0.04,0.04,0.33
2023-09-02,0.0,60,16,8,9,3,0.0,0.01,0.01,0.01,0.22,0.0,0.0,0.0,0.0,696098940000.0,0.04,0.04,0.33
2023-09-01,0.0,60,16,8,9,3,0.0,0.01,0.01,0.01,0.22,0.0,0.0,0.0,0.0,696098940000.0,0.04,0.04,0.33
2023-08-31,0.0,61,14,9,9,3,0.0,0.01,0.01,0.01,0.22,0.0,0.0,0.0,0.0,696098940000.0,0.04,0.04,0.33
2023-08-30,0.0,60,15,9,9,3,0.0,0.01,0.01,0.01,0.22,0.0,0.0,0.0,0.0,696098940000.0,0.04,0.05,0.34
2023-08-29,0.0,61,13,11,8,3,0.0,0.01,0.01,0.01,0.22,0.0,0.0,0.0,0.0,696098940000.0,0.04,0.05,0.34
2023-08-28,0.0,61,14,10,8,3,0.0,0.01,0.01,0.01,0.21,0.0,0.0,0.0,0.0,696098940000.0,0.04,0.04,0.32
2023-08-27,0.0,61,14,10,8,3,0.0,0.01,0.01,0.01,0.21,0.0,0.0,0.0,0.0,696098940000.0,0.04,0.04,0.32
2023-08-26,0.0,61,14,10,8,3,0.0,0.01,0.01,0.01,0.21,0.0,0.0,0.0,0.0,696098940000.0,0.04,0.04,0.32
2023-08-25,0.0,61,13,11,8,3,0.0,0.01,0.01,0.01,0.23,0.0,0.0,0.0,0.0,696098940000.0,0.04,0.04,0.34
2023-08-24,0.0,61,13,11,8,3,0.0,0.01,0.01,0.01,0.23,0.0,0.0,0.0,0.0,696098940000.0,0.04,0.04,0.34
2023-08-23,0.0,61,12,12,8,3,0.0,0.01,0.01,0.01,0.23,0.0,0.0,0.0,0.0,696098940000.0,0.04,0.04,0.34
2023-08-22,0.0,62,11,12,8,3,0.0,0.01,0.01,0.01,0.23,0.0,0.0,0.0,0.0,696098940000.0,0.04,0.04,0.34
2023-08-21,0.0,62,11,12,8,3,0.0,0.01,0.01,0.01,0.23,0.0,0.0,0.0,0.0,696098940000.0,0.04,0.04,0.34
2023-08-20,0.0,63,10,12,9,2,0.0,0.01,0.01,0.01,0.22,0.0,0.0,0.0,0.0,696098940000.0,0.04,0.04,0.33
2023-08-19,0.0,63,10,12,9,2,0.0,0.01,0.01,0.01,0.22,0.0,0.0,0.0,0.0,696098940000.0,0.04,0.04,0.33
2023-08-18,0.0,63,10,12,9,2,0.0,0.01,0.01,0.01,0.22,0.0,0.0,0.0,0.0,696098940000.0,0.04,0.04,0.33
2023-08-17,0.0,63,10,12,9,2,0.0,0.01,0.01,0.01,0.22,0.0,0.0,0.0,0.0,696098940000.0,0.04,0.04,0.33
2023-08-16,0.0,63,10,11,10,2,0.0,0.01,0.01,0.01,0.22,0.0,0.0,0.0,0.0,696098940000.0,0.04,0.04,0.33
2023-08-15,0.0,63,10,10,11,2,0.0,0.01,0.01,0.01,0.22,0.0,0.0,0.0,0.0,696098940000.0,0.04,0.04,0.33
2023-08-14,0.0,63,10,10,11,2,0.0,0.01,0.01,0.01,0.22,0.0,0.0,0.0,0.0,696098940000.0,0.04,0.04,0.33
2023-08-13,0.0,63,10,10,11,2,0.0,0.01,0.01,0.01,0.22,0.0,0.0,0.0,0.0,696098940000.0,0.04,0.04,0.33
2023-08-12,0.0,63,10,10,11,2,0.0,0.01,0.01,0.01,0.22,0.0,0.0,0.0,0.0,696098940000.0,0.04,0.04,0.33
2023-08-11,0.0,63,10,10,11,2,0.0,0.01,0.01,0.01,0.23,0.0,0.0,0.0,0.0,696098940000.0,0.04,0.04,0.34
2023-08-10,0.0,63,10,11,10,2,0.0,0.01,0.01,0.01,0.23,0.0,0.0,0.0,0.0,696098940000.0,0.04,0.04,0.34
2023-08-09,0.0,62,11,11,10,2,0.0,0.01,0.01,0.01,0.23,0.0,0.0,0.0,0.0,696098940000.0,0.04,0.04,0.34
2023-08-08,0.0,62,11,11,10,2,0.0,0.01,0.01,0.01,0.23,0.0,0.0,0.0,0.0,696098940000.0,0.04,0.04,0.34
2023-08-07,0.0,62,11,11,10,2,0.0,0.01,0.01,0.01,0.23,0.0,0.0,0.0,0.0,696098940000.0,0.04,0.04,0.34
2023-08-06,0.0,62,12,10,10,2,0.0,0.01,0.01,0.01,0.22,0.0,0.0,0.0,0.0,696098940000.0,0.04,0.04,0.33
2023-08-05,0.0,62,12,10,10,2,0.0,0.01,0.01,0.01,0.22,0.0,0.0,0.0,0.0,696098940000.0,0.04,0.04,0.33
2023-08-04,0.0,62,11,11,10,2,0.0,0.01,0.01,0.01,0.23,0.0,0.0,0.0,0.0,696098940000.0,0.04,0.04,0.34
2023-08-03,0.0,63,10,11,10,2,0.0,0.01,0.01,0.01,0.21,0.0,0.0,0.0,0.0,696098940000.0,0.04,0.04,0.32
2023-08-02,0.0,63,11,9,11,2,0.0,0.01,0.01,0.01,0.2,0.0,0.0,0.0,0.0,696098940000.0,0.04,0.04,0.31
2023-08-01,0.0,62,12,10,10,2,0.0,0.01,0.01,0.01,0.2,0.0,0.0,0.0,0.0,696098940000.0,0.05,0.04,0.32
2023-07-31,0.0,63,12,9,10,2,0.0,0.01,0.01,0.01,0.19,0.0,0.0,0.0,0.0,696098940000.0,0.05,0.04,0.31
2023-07-30,0.0,63,12,9,10,2,0.0,0.01,0.01,0.01,0.19,0.0,0.0,0.0,0.0,696098940000.0,0.05,0.04,0.31
2023-07-29,0.0,63,12,9,10,2,0.0,0.01,0.01,0.01,0.19,0.0,0.0,0.0,0.0,696098940000.0,0.05,0.04,0.31
2023-07-28,0.0,63,12,9,10,2,0.0,0.01,0.01,0.01,0.2,0.0,0.0,0.0,0.0,696098940000.0,0.05,0.04,0.32
2023-07-27,0.0,62,13,9,10,2,0.0,0.01,0.01,0.01,0.2,0.0,0.0,0.0,0.0,696098940000.0,0.05,0.04,0.32
2023-07-26,0.0,63,12,10,9,2,0.0,0.01,0.01,0.01,0.21,0.0,0.0,0.0,0.0,696098940000.0,0.03,0.04,0.31
2023-07-25,0.0,62,13,10,9,2,0.0,0.01,0.01,0.01,0.22,0.0,0.0,0.0,0.0,696098940000.0,0.03,0.04,0.32
2023-07-24,0.0,61,14,10,9,2,0.0,0.01,0.01,0.01,0.21,0.0,0.0,0.0,0.0,696098940000.0,0.03,0.04,0.31
2023-07-23,0.0,60,15,10,9,2,0.0,0.01,0.01,0.01,0.21,0.0,0.0,0.0,0.0,696098940000.0,0.03,0.04,0.31
2023-07-22,0.0,60,15,10,9,2,0.0,0.01,0.01,0.01,0.21,0.0,0.0,0.0,0.0,696098940000.0,0.03,0.04,0.31
2023-07-21,0.0,60,15,10,9,2,0.0,0.01,0.01,0.01,0.22,0.0,0.0,0.0,0.0,696098940000.0,0.03,0.04,0.32
2023-07-20,0.0,60,15,10,9,2,0.0,0.01,0.01,0.01,0.22,0.0,0.0,0.0,0.0,696098940000.0,0.03,0.04,0.32
2023-07-19,0.0,60,15,10,9,2,0.0,0.01,0.01,0.01,0.22,0.0,0.0,0.0,0.0,696098940000.0,0.03,0.04,0.32
2023-07-18,0.0,60,16,9,9,2,0.0,0.01,0.01,0.01,0.22,0.0,0.0,0.0,0.0,696098940000.0,0.03,0.04,0.32
2023-07-17,0.0,60,16,9,9,2,0.0,0.01,0.01,0.01,0.22,0.0,0.0,0.0,0.0,696098940000.0,0.03,0.04,0.32
2023-07-16,0.0,60,16,9,9,2,0.0,0.01,0.01,0.01,0.22,0.0,0.0,0.0,0.0,696098940000.0,0.03,0.04,0.32
2023-07-15,0.0,60,16,9,9,2,0.0,0.01,0.01,0.01,0.22,0.0,0.0,0.0,0.0,696098940000.0,0.03,0.04,0.32
2023-07-14,0.0,60,16,9,9,2,0.0,0.01,0.01,0.01,0.22,0.0,0.0,0.0,0.0,696098940000.0,0.03,0.04,0.32
2023-07-13,0.0,60,16,9,9,2,0.0,0.01,0.01,0.01,0.22,0.0,0.0,0.0,0.0,696098940000.0,0.03,0.04,0.32
2023-07-12,0.0,61,15,10,8,2,0.0,0.01,0.01,0.01,0.2,0.0,0.0,0.0,0.0,696098940000.0,0.03,0.04,0.3
2023-07-11,0.0,60,16,10,8,2,0.0,0.01,0.01,0.01,0.21,0.0,0.0,0.0,0.0,696098940000.0,0.03,0.04,0.31
2023-07-10,0.0,62,14,10,8,2,0.0,0.01,0.01,0.01,0.19,0.0,0.0,0.0,0.0,696098940000.0,0.03,0.04,0.29
2023-07-09,0.0,63,13,10,8,2,0.0,0.01,0.01,0.01,0.19,0.0,0.0,0.0,0.0,696098940000.0,0.03,0.04,0.29
2023-07-08,0.0,63,13,10,8,2,0.0,0.01,0.01,0.01,0.19,0.0,0.0,0.0,0.0,696098940000.0,0.03,0.04,0.29
2023-07-07,0.0,63,12,11,8,2,0.0,0.01,0.01,0.01,0.2,0.0,0.0,0.0,0.0,696098940000.0,0.03,0.04,0.3
2023-07-06,0.0,63,9,14,8,2,0.0,0.01,0.01,0.01,0.2,0.0,0.0,0.0,0.0,696098940000.0,0.03,0.04,0.3
2023-07-05,0.0,62,11,12,9,2,0.0,0.01,0.01,0.01,0.2,0.0,0.0,0.0,0.0,696098940000.0,0.03,0.04,0.3
2023-07-04,0.0,63,10,12,9,2,0.0,0.01,0.01,0.01,0.22,0.0,0.0,0.0,0.0,696098940000.0,0.03,0.04,0.32
2023-07-03,0.0,62,11,12,9,2,0.0,0.01,0.01,0.01,0.22,0.0,0.0,0.0,0.0,696098940000.0,0.03,0.04,0.32
2023-07-02,0.0,62,11,12,9,2,0.0,0.01,0.01,0.01,0.22,0.0,0.0,0.0,0.0,696098940000.0,0.03,0.04,0.32
2023-07-01,0.0,62,11,12,9,2,0.0,0.01,0.01,0.01,0.22,0.0,0.0,0.0,0.0,696098940000.0,0.03,0.04,0.32
2023-06-30,0.0,62,11,12,9,2,0.0,0.01,0.01,0.01,0.22,0.0,0.0,0.0,0.0,696098940000.0,0.03,0.04,0.32
2023-06-29,0.0,61,12,12,9,2,0.0,0.01,0.01,0.01,0.23,0.0,0.0,0.0,0.0,696098940000.0,0.03,0.04,0.33
2023-06-28,0.0,62,12,11,9,2,0.0,0.01,0.01,0.01,0.23,0.0,0.0,0.0,0.0,696098940000.0,0.03,0.04,0.33
2023-06-27,0.0,62,12,10,10,2,0.0,0.01,0.01,0.01,0.23,0.0,0.0,0.0,0.0,696098940000.0,0.03,0.04,0.33
2023-06-26,0.0,62,12,10,10,2,0.0,0.01,0.01,0.01,0.24,0.0,0.0,0.0,0.0,696098940000.0,0.03,0.04,0.34
2023-06-25,0.0,62,12,10,10,2,0.0,0.01,0.01,0.01,0.24,0.0,0.0,0.0,0.0,696098940000.0,0.03,0.04,0.34
2023-06-24,0.0,62,12,10,10,2,0.0,0.01,0.01,0.01,0.24,0.0,0.0,0.0,0.0,696098940000.0,0.03,0.04,0.34
2023-06-23,0.0,62,12,10,10,2,0.0,0.01,0.01,0.01,0.24,0.0,0.0,0.0,0.0,696098940000.0,0.03,0.04,0.34
2023-06-22,0.0,62,12,10,10,2,0.0,0.01,0.01,0.01,0.23,0.0,0.0,0.0,0.0,696098940000.0,0.03,0.04,0.33
2023-06-21,0.0,63,10,11,10,2,0.0,0.01,0.01,0.01,0.22,0.0,0.0,0.0,0.0,696098940000.0,0.03,0.04,0.32
2023-06-20,0.0,63,10,11,10,2,0.0,0.01,0.01,0.01,0.22,0.0,0.0,0.0,0.0,696098940000.0,0.03,0.04,0.32
2023-06-19,0.0,63,9,12,10,2,0.0,0.01,0.01,0.01,0.23,0.0,0.0,0.0,0.0,696098940000.0,0.03,0.05,0.34
2023-06-18,0.0,63,9,12,10,2,0.0,0.01,0.01,0.01,0.23,0.0,0.0,0.0,0.0,696098940000.0,0.03,0.05,0.34
2023-06-17,0.0,63,9,12,10,2,0.0,0.01,0.01,0.01,0.23,0.0,0.0,0.0,0.0,696098940000.0,0.03,0.05,0.34
2023-06-16,0.0,63,8,13,10,2,0.0,0.01,0.01,0.01,0.23,0.0,0.0,0.0,0.0,696098940000.0,0.03,0.05,0.34
2023-06-15,0.0,62,10,13,9,2,0.0,0.01,0.01,0.01,0.23,0.0,0.0,0.0,0.0,696098940000.0,0.03,0.05,0.34
2023-06-14,0.0,62,10,13,9,2,0.0,0.01,0.01,0.01,0.23,0.0,0.0,0.0,0.0,696098940000.0,0.03,0.05,0.34
2023-06-13,0.0,62,10,13,9,2,0.0,0.01,0.01,0.01,0.23,0.0,0.0,0.0,0.0,696098940000.0,0.03,0.05,0.34
2023-06-12,0.0,62,9,14,9,2,0.0,0.01,0.01,0.01,0.24,0.0,0.0,0.0,0.0,696098940000.0,0.03,0.05,0.35
2023-06-11,0.0,62,10,13,9,2,0.0,0.01,0.01,0.01,0.23,0.0,0.0,0.0,0.0,696098940000.0,0.03,0.06,0.35
2023-06-10,0.0,62,10,13,9,2,0.0,0.01,0.01,0.01,0.23,0.0,0.0,0.0,0.0,696098940000.0,0.03,0.06,0.35
2023-06-09,0.0,62,9,14,9,2,0.0,0.01,0.01,0.01,0.24,0.0,0.0,0.0,0.0,696098940000.0,0.03,0.06,0.36
2023-06-08,0.0,62,9,14,9,2,0.0,0.01,0.01,0.01,0.24,0.0,0.0,0.0,0.0,696098940000.0,0.03,0.05,0.35
2023-06-07,0.0,62,9,14,9,2,0.0,0.01,0.01,0.01,0.24,0.0,0.0,0.0,0.0,696098940000.0,0.03,0.05,0.35
2023-06-06,0.0,62,10,13,9,2,0.0,0.01,0.01,0.01,0.25,0.0,0.0,0.0,0.0,696098940000.0,0.03,0.05,0.36
2023-06-05,0.0,61,11,13,9,2,0.0,0.01,0.01,0.01,0.25,0.0,0.0,0.0,0.0,696098940000.0,0.03,0.05,0.36
2023-06-04,0.0,62,11,12,9,2,0.0,0.01,0.01,0.01,0.26,0.0,0.0,0.0,0.0,696098940000.0,0.03,0.05,0.37
2023-06-03,0.0,62,11,12,9,2,0.0,0.01,0.01,0.01,0.26,0.0,0.0,0.0,0.0,696098940000.0,0.03,0.05,0.37
2023-06-02,0.0,62,11,12,9,2,0.0,0.01,0.01,0.01,0.26,0.0,0.0,0.0,0.0,696098940000.0,0.03,0.05,0.37
2023-06-01,0.0,62,11,12,9,2,0.0,0.01,0.01,0.01,0.26,0.0,0.0,0.0,0.0,696098940000.0,0.03,0.05,0.37
2023-05-31,0.0,62,10,13,9,2,0.0,0.01,0.01,0.01,0.25,0.0,0.0,0.0,0.0,696098940000.0,0.03,0.05,0.36
2023-05-30,0.0,62,12,11,9,2,0.0,0.01,0.01,0.01,0.24,0.0,0.0,0.0,0.0,696098940000.0,0.03,0.06,0.36
2023-05-29,0.0,65,9,10,10,2,0.0,0.01,0.01,0.01,0.24,0.0,0.0,0.0,0.0,696098940000.0,0.03,0.05,0.35
2023-05-28,0.0,65,9,10,10,2,0.0,0.01,0.01,0.01,0.24,0.0,0.0,0.0,0.0,696098940000.0,0.03,0.05,0.35
2023-05-27,0.0,65,9,10,10,2,0.0,0.01,0.01,0.01,0.24,0.0,0.0,0.0,0.0,696098940000.0,0.03,0.05,0.35
2023-05-26,0.0,65,9,10,10,2,0.0,0.01,0.01,0.01,0.24,0.0,0.0,0.0,0.0,696098940000.0,0.03,0.05,0.35
2023-05-25,0.0,64,10,10,10,2,0.0,0.01,0.01,0.01,0.24,0.0,0.0,0.0,0.0,696098940000.0,0.03,0.05,0.35
2023-05-24,0.0,64,11,8,11,2,0.0,0.01,0.01,0.01,0.25,0.0,0.0,0.0,0.0,696098940000.0,0.03,0.05,0.36
2023-05-23,0.0,63,12,8,11,2,0.0,0.01,0.01,0.01,0.24,0.0,0.0,0.0,0.0,696098940000.0,0.03,0.05,0.35
2023-05-22,0.0,63,12,8,11,2,0.0,0.01,0.01,0.01,0.24,0.0,0.0,0.0,0.0,696098940000.0,0.03,0.05,0.35
2023-05-21,0.0,61,15,7,11,2,0.0,0.01,0.01,0.01,0.25,0.0,0.0,0.0,0.0,696098940000.0,0.02,0.05,0.35
2023-05-20,0.0,61,15,7,11,2,0.0,0.01,0.01,0.01,0.25,0.0,0.0,0.0,0.0,696098940000.0,0.02,0.05,0.35
2023-05-19,0.0,61,15,7,11,2,0.0,0.01,0.01,0.01,0.25,0.0,0.0,0.0,0.0,696098940000.0,0.02,0.05,0.35
2023-05-18,0.0,62,14,7,11,2,0.0,0.01,0.01,0.01,0.24,0.0,0.0,0.0,0.0,696098940000.0,0.02,0.05,0.34
2023-05-17,0.0,63,13,7,11,2,0.0,0.01,0.01,0.01,0.24,0.0,0.0,0.0,0.0,696098940000.0,0.02,0.05,0.34
2023-05-16,0.0,62,13,8,11,2,0.0,0.01,0.01,0.01,0.26,0.0,0.0,0.0,0.0,696098940000.0,0.02,0.05,0.36
2023-05-15,0.0,63,13,7,11,2,0.0,0.01,0.01,0.01,0.25,0.0,0.0,0.0,0.0,696098940000.0,0.02,0.06,0.36
2023-05-14,0.0,63,12,8,11,2,0.0,0.01,0.01,0.01,0.25,0.0,0.0,0.0,0.0,696098940000.0,0.02,0.05,0.35
2023-05-13,0.0,63,12,8,11,2,0.0,0.01,0.01,0.01,0.25,0.0,0.0,0.0,0.0,696098940000.0,0.02,0.05,0.35
2023-05-12,0.0,63,12,8,11,2,0.0,0.01,0.01,0.01,0.25,0.0,0.0,0.0,0.0,696098940000.0,0.02,0.05,0.35
2023-05-11,0.0,60,15,8,11,2,0.0,0.01,0.01,0.01,0.25,0.0,0.0,0.0,0.0,696098940000.0,0.02,0.05,0.35
2023-05-10,0.0,61,14,8,11,2,0.0,0.01,0.01,0.01,0.25,0.0,0.0,0.0,0.0,696098940000.0,0.02,0.05,0.35
2023-05-09,0.0,61,14,8,11,2,0.0,0.01,0.01,0.01,0.24,0.0,0.0,0.0,0.0,696098940000.0,0.02,0.05,0.34
2023-05-08,0.0,61,15,8,10,2,0.0,0.01,0.01,0.01,0.25,0.0,0.0,0.0,0.0,696098940000.0,0.02,0.05,0.35
2023-05-07,0.0,60,15,9,10,2,0.0,0.01,0.01,0.01,0.25,0.0,0.0,0.0,0.0,696098940000.0,0.02,0.05,0.35
