,-unknown-,<05,<1,<2,<5,>=5,CA,CH,FR,GB,HK,IE,IT,KY,Market_capitalization,US,Total
2025-05-08,0.0,51,12,10,2,1,0.01,0.0,0.01,0.17,0.0,0.0,0.02,0.0,325324590000.0,0.15,0.36
2025-05-07,0.0,51,12,10,2,1,0.01,0.0,0.01,0.17,0.0,0.0,0.02,0.0,325324590000.0,0.15,0.36
2025-05-06,0.0,51,11,11,2,1,0.01,0.0,0.01,0.17,0.0,0.0,0.02,0.0,325324590000.0,0.15,0.36
2025-05-05,0.0,52,11,10,2,1,0.01,0.0,0.01,0.17,0.0,0.0,0.02,0.0,325324590000.0,0.14,0.35
2025-05-04,0.0,52,11,10,2,1,0.01,0.0,0.01,0.17,0.0,0.0,0.02,0.0,325324590000.0,0.15,0.36
2025-05-03,0.0,52,11,10,2,1,0.01,0.0,0.01,0.17,0.0,0.0,0.02,0.0,325324590000.0,0.15,0.36
2025-05-02,0.0,52,11,10,2,1,0.02,0.0,0.01,0.17,0.0,0.0,0.02,0.0,325324590000.0,0.15,0.37
2025-05-01,0.0,52,11,10,2,1,0.02,0.0,0.01,0.17,0.0,0.0,0.02,0.0,325324590000.0,0.15,0.37
2025-04-30,0.0,52,11,10,2,1,0.02,0.0,0.01,0.17,0.0,0.0,0.02,0.0,325324590000.0,0.15,0.37
2025-04-29,0.0,53,10,10,2,1,0.02,0.0,0.01,0.17,0.0,0.0,0.02,0.0,325324590000.0,0.14,0.36
2025-04-28,0.0,53,10,10,2,1,0.02,0.0,0.01,0.16,0.0,0.0,0.02,0.0,325324590000.0,0.13,0.34
2025-04-27,0.0,50,12,11,2,1,0.02,0.0,0.01,0.16,0.0,0.0,0.02,0.0,325324590000.0,0.14,0.35
2025-04-26,0.0,50,12,11,2,1,0.02,0.0,0.01,0.16,0.0,0.0,0.02,0.0,325324590000.0,0.14,0.35
2025-04-25,0.0,50,12,11,2,1,0.02,0.0,0.01,0.16,0.0,0.0,0.02,0.0,325324590000.0,0.14,0.35
2025-04-24,0.0,49,13,11,2,1,0.03,0.0,0.01,0.16,0.0,0.0,0.02,0.0,325324590000.0,0.14,0.36
2025-04-23,0.0,49,13,11,2,1,0.03,0.0,0.01,0.16,0.0,0.0,0.02,0.0,325324590000.0,0.14,0.36
2025-04-22,0.02,49,13,11,2,1,0.03,0.0,0.01,0.16,0.0,0.0,0.02,0.0,325324590000.0,0.14,0.38
2025-04-21,0.02,49,13,11,2,1,0.03,0.0,0.01,0.16,0.0,0.0,0.02,0.0,325324590000.0,0.12,0.36
2025-04-20,0.02,49,13,11,2,1,0.03,0.0,0.01,0.16,0.0,0.0,0.02,0.0,325324590000.0,0.12,0.36
2025-04-19,0.02,49,13,11,2,1,0.03,0.0,0.01,0.16,0.0,0.0,0.02,0.0,325324590000.0,0.12,0.36
2025-04-18,0.02,49,13,11,2,1,0.03,0.0,0.01,0.16,0.0,0.0,0.02,0.0,325324590000.0,0.12,0.36
2025-04-17,0.02,49,13,11,2,1,0.03,0.0,0.01,0.16,0.0,0.0,0.02,0.0,325324590000.0,0.13,0.37
2025-04-16,0.02,48,13,12,2,1,0.03,0.0,0.02,0.16,0.0,0.0,0.02,0.0,325324590000.0,0.13,0.38
2025-04-15,0.02,49,12,12,2,1,0.03,0.0,0.02,0.17,0.0,0.0,0.02,0.0,325324590000.0,0.12,0.38
2025-04-14,0.02,49,12,12,2,1,0.03,0.0,0.02,0.16,0.0,0.0,0.02,0.0,325324590000.0,0.12,0.37
2025-04-13,0.02,49,12,13,2,0,0.03,0.0,0.02,0.16,0.0,0.0,0.02,0.0,325324590000.0,0.12,0.37
2025-04-12,0.02,49,12,13,2,0,0.03,0.0,0.02,0.16,0.0,0.0,0.02,0.0,325324590000.0,0.12,0.37
2025-04-11,0.02,49,12,13,2,0,0.04,0.0,0.02,0.17,0.0,0.0,0.02,0.0,325324590000.0,0.12,0.39
2025-04-10,0.02,49,13,12,2,0,0.04,0.0,0.02,0.16,0.0,0.0,0.02,0.0,325324590000.0,0.12,0.38
2025-04-09,0.04,48,14,12,2,0,0.04,0.0,0.02,0.17,0.0,0.0,0.02,0.0,325324590000.0,0.12,0.41
2025-04-08,0.04,49,13,12,2,0,0.04,0.0,0.02,0.17,0.0,0.0,0.02,0.0,325324590000.0,0.11,0.4
2025-04-07,0.04,49,12,13,2,0,0.04,0.0,0.02,0.17,0.0,0.0,0.02,0.0,325324590000.0,0.11,0.4
2025-04-06,0.04,49,11,14,2,0,0.04,0.0,0.02,0.15,0.0,0.0,0.02,0.0,325324590000.0,0.11,0.38
2025-04-05,0.04,49,11,14,2,0,0.04,0.0,0.02,0.15,0.0,0.0,0.02,0.0,325324590000.0,0.11,0.38
2025-04-04,0.04,48,12,14,2,0,0.04,0.0,0.03,0.15,0.0,0.0,0.02,0.0,325324590000.0,0.11,0.39
2025-04-03,0.0,48,12,14,2,0,0.04,0.0,0.03,0.14,0.0,0.0,0.02,0.0,325324590000.0,0.11,0.34
2025-04-02,0.0,49,13,12,2,0,0.04,0.0,0.03,0.12,0.0,0.0,0.02,0.0,325324590000.0,0.11,0.32
2025-04-01,0.0,49,12,13,2,0,0.04,0.0,0.03,0.12,0.0,0.0,0.02,0.01,325324590000.0,0.11,0.33
2025-03-31,0.0,49,12,13,2,0,0.04,0.0,0.03,0.12,0.0,0.0,0.02,0.01,325324590000.0,0.11,0.33
2025-03-30,0.0,49,12,13,2,0,0.04,0.0,0.03,0.12,0.0,0.0,0.02,0.01,325324590000.0,0.11,0.33
2025-03-29,0.0,49,12,13,2,0,0.04,0.0,0.03,0.12,0.0,0.0,0.02,0.01,325324590000.0,0.11,0.33
2025-03-28,0.0,49,12,13,2,0,0.04,0.0,0.03,0.12,0.0,0.0,0.02,0.01,325324590000.0,0.11,0.33
2025-03-27,0.0,50,11,12,3,0,0.04,0.0,0.03,0.11,0.0,0.0,0.02,0.01,325324590000.0,0.11,0.32
2025-03-26,0.0,50,11,13,2,0,0.04,0.0,0.03,0.11,0.0,0.0,0.02,0.01,325324590000.0,0.12,0.33
2025-03-25,0.0,51,12,11,2,0,0.04,0.0,0.03,0.11,0.0,0.0,0.02,0.01,325324590000.0,0.11,0.32
2025-03-24,0.0,51,14,9,2,0,0.04,0.0,0.05,0.11,0.0,0.0,0.02,0.01,325324590000.0,0.11,0.34
2025-03-23,0.0,52,13,9,2,0,0.04,0.0,0.05,0.12,0.0,0.0,0.02,0.01,325324590000.0,0.11,0.35
2025-03-22,0.0,52,13,9,2,0,0.04,0.0,0.05,0.12,0.0,0.0,0.02,0.01,325324590000.0,0.11,0.35
2025-03-21,0.0,51,13,10,2,0,0.04,0.0,0.05,0.12,0.0,0.0,0.02,0.01,325324590000.0,0.11,0.35
2025-03-20,0.0,51,13,11,1,0,0.03,0.0,0.05,0.12,0.0,0.0,0.02,0.01,325324590000.0,0.11,0.34
2025-03-19,0.0,51,13,11,1,0,0.01,0.0,0.05,0.12,0.0,0.0,0.02,0.01,325324590000.0,0.11,0.32
2025-03-18,0.0,51,13,11,1,0,0.01,0.0,0.05,0.12,0.0,0.0,0.02,0.01,325324590000.0,0.11,0.32
2025-03-17,0.0,49,15,11,1,0,0.01,0.0,0.07,0.1,0.0,0.0,0.02,0.01,325324590000.0,0.11,0.32
2025-03-16,0.0,48,16,11,1,0,0.01,0.0,0.07,0.1,0.0,0.0,0.02,0.01,325324590000.0,0.11,0.32
2025-03-15,0.0,48,16,11,1,0,0.01,0.0,0.07,0.1,0.0,0.0,0.02,0.01,325324590000.0,0.11,0.32
2025-03-14,0.0,48,16,11,1,0,0.01,0.0,0.07,0.1,0.0,0.0,0.02,0.01,325324590000.0,0.11,0.32
2025-03-13,0.0,48,16,11,1,0,0.01,0.0,0.07,0.1,0.0,0.0,0.02,0.01,325324590000.0,0.1,0.31
2025-03-12,0.0,48,16,11,1,0,0.01,0.0,0.07,0.11,0.0,0.0,0.02,0.01,325324590000.0,0.1,0.32
2025-03-11,0.0,49,16,10,1,0,0.01,0.0,0.08,0.09,0.0,0.0,0.02,0.01,325324590000.0,0.1,0.31
2025-03-10,0.0,49,16,10,1,0,0.01,0.0,0.08,0.1,0.0,0.0,0.02,0.01,325324590000.0,0.1,0.32
2025-03-09,0.0,47,17,11,1,0,0.01,0.0,0.08,0.1,0.0,0.0,0.02,0.01,325324590000.0,0.11,0.33
2025-03-08,0.0,47,17,11,1,0,0.01,0.0,0.08,0.1,0.0,0.0,0.02,0.01,325324590000.0,0.11,0.33
2025-03-07,0.0,47,17,11,1,0,0.01,0.0,0.08,0.1,0.0,0.0,0.02,0.01,325324590000.0,0.11,0.33
2025-03-06,0.0,47,17,11,1,0,0.01,0.0,0.08,0.1,0.0,0.0,0.02,0.01,325324590000.0,0.11,0.33
2025-03-05,0.0,47,16,12,1,0,0.01,0.0,0.08,0.11,0.0,0.0,0.02,0.01,325324590000.0,0.11,0.34
2025-03-04,0.0,46,18,11,1,0,0.0,0.0,0.08,0.11,0.0,0.0,0.02,0.0,325324590000.0,0.11,0.32
2025-03-03,0.0,45,19,11,1,0,0.0,0.0,0.09,0.11,0.0,0.0,0.02,0.0,325324590000.0,0.11,0.33
2025-03-02,0.0,45,20,10,1,0,0.0,0.0,0.08,0.1,0.0,0.0,0.02,0.0,325324590000.0,0.11,0.31
2025-03-01,0.0,45,20,10,1,0,0.0,0.0,0.08,0.1,0.0,0.0,0.02,0.0,325324590000.0,0.11,0.31
2025-02-28,0.0,45,19,11,1,0,0.0,0.0,0.08,0.1,0.0,0.0,0.02,0.0,325324590000.0,0.12,0.32
2025-02-27,0.0,45,19,11,1,0,0.0,0.0,0.08,0.13,0.0,0.0,0.02,0.0,325324590000.0,0.12,0.35
2025-02-26,0.0,46,18,11,1,0,0.0,0.0,0.08,0.15,0.0,0.0,0.02,0.0,325324590000.0,0.12,0.37
2025-02-25,0.0,46,17,12,1,0,0.0,0.0,0.08,0.16,0.0,0.0,0.02,0.0,325324590000.0,0.13,0.39
2025-02-24,0.0,47,15,13,1,0,0.0,0.0,0.09,0.18,0.0,0.0,0.02,0.0,325324590000.0,0.13,0.42
2025-02-23,0.0,47,15,13,1,0,0.0,0.0,0.08,0.18,0.0,0.0,0.02,0.0,325324590000.0,0.13,0.41
2025-02-22,0.0,47,15,13,1,0,0.0,0.0,0.08,0.18,0.0,0.0,0.02,0.0,325324590000.0,0.13,0.41
2025-02-21,0.0,47,15,13,1,0,0.0,0.0,0.08,0.18,0.0,0.0,0.02,0.0,325324590000.0,0.13,0.41
2025-02-20,0.0,46,16,13,1,0,0.0,0.0,0.08,0.19,0.0,0.0,0.02,0.0,325324590000.0,0.13,0.42
2025-02-19,0.0,46,16,13,1,0,0.0,0.0,0.08,0.19,0.0,0.0,0.02,0.0,325324590000.0,0.1,0.39
2025-02-18,0.0,45,17,13,1,0,0.0,0.0,0.08,0.2,0.0,0.0,0.02,0.0,325324590000.0,0.1,0.4
2025-02-17,0.0,45,17,12,2,0,0.0,0.0,0.07,0.21,0.0,0.0,0.02,0.0,325324590000.0,0.11,0.41
2025-02-16,0.0,46,16,12,2,0,0.0,0.0,0.07,0.22,0.0,0.0,0.02,0.0,325324590000.0,0.11,0.42
2025-02-15,0.0,46,16,12,2,0,0.0,0.0,0.07,0.22,0.0,0.0,0.02,0.0,325324590000.0,0.11,0.42
2025-02-14,0.0,46,16,12,2,0,0.0,0.0,0.07,0.22,0.0,0.0,0.02,0.0,325324590000.0,0.12,0.43
2025-02-13,0.0,48,15,11,2,0,0.0,0.0,0.07,0.22,0.0,0.0,0.02,0.0,325324590000.0,0.11,0.42
2025-02-12,0.0,47,16,11,2,0,0.0,0.0,0.07,0.22,0.0,0.0,0.02,0.0,325324590000.0,0.12,0.43
2025-02-11,0.0,47,16,11,1,1,0.0,0.0,0.07,0.22,0.0,0.0,0.02,0.0,325324590000.0,0.12,0.43
2025-02-10,0.0,47,16,11,1,1,0.0,0.0,0.07,0.22,0.0,0.0,0.02,0.0,325324590000.0,0.12,0.43
2025-02-09,0.0,48,14,12,1,1,0.0,0.0,0.07,0.22,0.0,0.0,0.02,0.0,325324590000.0,0.12,0.43
2025-02-08,0.0,48,14,12,1,1,0.0,0.0,0.07,0.22,0.0,0.0,0.02,0.0,325324590000.0,0.12,0.43
2025-02-07,0.0,48,14,12,1,1,0.0,0.0,0.07,0.22,0.0,0.0,0.02,0.0,325324590000.0,0.12,0.43
2025-02-06,0.0,47,15,12,1,1,0.0,0.0,0.07,0.22,0.0,0.0,0.02,0.0,325324590000.0,0.13,0.44
2025-02-05,0.0,46,16,12,2,0,0.0,0.0,0.07,0.23,0.0,0.0,0.02,0.0,325324590000.0,0.13,0.45
2025-02-04,0.0,46,17,11,2,0,0.0,0.0,0.06,0.23,0.0,0.0,0.02,0.0,325324590000.0,0.12,0.43
2025-02-03,0.0,47,16,11,2,0,0.0,0.0,0.06,0.23,0.0,0.0,0.02,0.0,325324590000.0,0.11,0.42
2025-02-02,0.0,47,16,11,2,0,0.0,0.0,0.06,0.23,0.0,0.0,0.02,0.0,325324590000.0,0.11,0.42
2025-02-01,0.0,47,16,11,2,0,0.0,0.0,0.06,0.23,0.0,0.0,0.02,0.0,325324590000.0,0.11,0.42
2025-01-31,0.0,47,16,11,2,0,0.0,0.0,0.06,0.23,0.0,0.0,0.02,0.0,325294590000.0,0.11,0.42
2025-01-30,0.0,46,17,11,2,0,0.01,0.0,0.05,0.23,0.0,0.0,0.02,0.0,325294590000.0,0.11,0.42
2025-01-29,0.0,46,16,11,3,0,0.01,0.0,0.05,0.24,0.0,0.0,0.02,0.0,325294590000.0,0.11,0.43
2025-01-28,0.0,47,15,11,3,0,0.01,0.0,0.03,0.24,0.0,0.0,0.02,0.0,325294590000.0,0.11,0.41
2025-01-27,0.0,48,14,11,3,0,0.01,0.0,0.02,0.24,0.0,0.0,0.02,0.0,325294590000.0,0.11,0.4
2025-01-26,0.0,49,14,10,3,0,0.01,0.0,0.02,0.24,0.0,0.0,0.02,0.0,325294590000.0,0.11,0.4
2025-01-25,0.0,49,14,10,3,0,0.01,0.0,0.02,0.24,0.0,0.0,0.02,0.0,325294590000.0,0.11,0.4
2025-01-24,0.0,48,14,11,3,0,0.01,0.0,0.02,0.24,0.0,0.0,0.02,0.0,325294590000.0,0.11,0.4
2025-01-23,0.0,48,14,11,3,0,0.01,0.0,0.02,0.26,0.0,0.0,0.02,0.0,325294590000.0,0.11,0.42
2025-01-22,0.0,48,14,11,3,0,0.01,0.0,0.02,0.26,0.0,0.0,0.02,0.0,325294590000.0,0.11,0.42
2025-01-21,0.0,47,15,11,3,0,0.01,0.0,0.02,0.26,0.0,0.0,0.02,0.0,325294590000.0,0.11,0.42
2025-01-20,0.0,46,15,12,3,0,0.01,0.0,0.02,0.26,0.0,0.0,0.02,0.0,325294590000.0,0.11,0.42
2025-01-19,0.0,46,15,13,2,0,0.01,0.0,0.02,0.26,0.0,0.0,0.02,0.0,325294590000.0,0.1,0.41
2025-01-18,0.0,46,15,13,2,0,0.01,0.0,0.02,0.26,0.0,0.0,0.02,0.0,325294590000.0,0.1,0.41
2025-01-17,0.0,46,15,13,2,0,0.01,0.0,0.02,0.26,0.0,0.0,0.02,0.0,325294590000.0,0.1,0.41
2025-01-16,0.0,45,15,15,1,0,0.01,0.0,0.02,0.26,0.0,0.0,0.02,0.0,325294590000.0,0.09,0.4
2025-01-15,0.0,44,16,15,1,0,0.01,0.0,0.02,0.26,0.0,0.0,0.02,0.0,325294590000.0,0.09,0.4
2025-01-14,0.0,44,17,14,1,0,0.01,0.0,0.02,0.26,0.0,0.0,0.02,0.0,325294590000.0,0.09,0.4
2025-01-13,0.0,44,17,14,1,0,0.01,0.0,0.02,0.25,0.0,0.0,0.02,0.0,325294590000.0,0.09,0.39
2025-01-12,0.0,44,17,14,1,0,0.01,0.0,0.02,0.25,0.0,0.0,0.02,0.0,325294590000.0,0.09,0.39
2025-01-11,0.0,44,17,14,1,0,0.01,0.0,0.02,0.25,0.0,0.0,0.02,0.0,325294590000.0,0.09,0.39
2025-01-10,0.0,44,17,14,1,0,0.01,0.0,0.02,0.25,0.0,0.0,0.02,0.0,325294590000.0,0.09,0.39
2025-01-09,0.0,45,19,11,1,0,0.01,0.0,0.03,0.24,0.0,0.0,0.02,0.0,325294590000.0,0.09,0.39
2025-01-08,0.0,45,19,11,1,0,0.01,0.0,0.03,0.24,0.0,0.0,0.02,0.0,325294590000.0,0.09,0.39
2025-01-07,0.0,45,19,11,1,0,0.01,0.0,0.03,0.24,0.0,0.0,0.02,0.0,325294590000.0,0.09,0.39
2025-01-06,0.0,46,18,11,1,0,0.01,0.0,0.03,0.24,0.0,0.0,0.02,0.0,325294590000.0,0.09,0.39
2025-01-05,0.0,45,19,11,1,0,0.01,0.0,0.03,0.24,0.0,0.0,0.02,0.0,325294590000.0,0.09,0.39
2025-01-04,0.0,45,19,11,1,0,0.01,0.0,0.03,0.24,0.0,0.0,0.02,0.0,325294590000.0,0.09,0.39
2025-01-03,0.0,45,18,12,1,0,0.01,0.0,0.03,0.24,0.0,0.0,0.02,0.0,325294590000.0,0.09,0.39
2025-01-02,0.0,46,17,12,1,0,0.01,0.0,0.04,0.24,0.0,0.0,0.02,0.0,325294590000.0,0.08,0.39
2025-01-01,0.0,46,17,12,1,0,0.01,0.0,0.04,0.24,0.0,0.0,0.02,0.0,325294590000.0,0.08,0.39
2024-12-31,0.0,46,17,12,1,0,0.01,0.0,0.04,0.24,0.0,0.0,0.03,0.0,309366120000.0,0.08,0.4
2024-12-30,0.0,46,17,12,1,0,0.01,0.0,0.04,0.24,0.0,0.0,0.03,0.0,309366120000.0,0.09,0.41
2024-12-29,0.0,46,17,12,1,0,0.01,0.0,0.04,0.24,0.0,0.0,0.03,0.0,309366120000.0,0.09,0.41
2024-12-28,0.0,46,17,12,1,0,0.01,0.0,0.04,0.24,0.0,0.0,0.03,0.0,309366120000.0,0.09,0.41
2024-12-27,0.0,46,17,12,1,0,0.01,0.0,0.04,0.24,0.0,0.0,0.03,0.0,309366120000.0,0.09,0.41
2024-12-26,0.0,46,16,13,1,0,0.01,0.0,0.04,0.24,0.0,0.0,0.03,0.0,309366120000.0,0.1,0.42
2024-12-25,0.0,46,16,13,1,0,0.01,0.0,0.04,0.24,0.0,0.0,0.03,0.0,309366120000.0,0.1,0.42
2024-12-24,0.0,46,15,13,2,0,0.01,0.0,0.04,0.24,0.0,0.0,0.03,0.0,309366120000.0,0.13,0.45
2024-12-23,0.0,45,16,13,2,0,0.01,0.0,0.04,0.24,0.0,0.0,0.03,0.0,309366120000.0,0.13,0.45
2024-12-22,0.0,45,16,13,2,0,0.01,0.0,0.04,0.24,0.0,0.0,0.03,0.0,309366120000.0,0.13,0.45
2024-12-21,0.0,45,16,13,2,0,0.01,0.0,0.04,0.24,0.0,0.0,0.03,0.0,309366120000.0,0.13,0.45
2024-12-20,0.0,45,15,14,2,0,0.01,0.0,0.04,0.24,0.0,0.0,0.03,0.0,309366120000.0,0.13,0.45
2024-12-19,0.0,46,15,13,2,0,0.03,0.0,0.04,0.24,0.0,0.0,0.0,0.0,309366120000.0,0.11,0.42
2024-12-18,0.0,46,15,13,2,0,0.03,0.0,0.04,0.23,0.0,0.0,0.0,0.0,309366120000.0,0.11,0.41
2024-12-17,0.0,47,13,14,2,0,0.03,0.0,0.04,0.23,0.0,0.0,0.0,0.0,309366120000.0,0.11,0.41
2024-12-16,0.0,47,12,14,2,1,0.03,0.0,0.04,0.24,0.0,0.0,0.0,0.0,309366120000.0,0.11,0.42
2024-12-15,0.0,47,13,13,3,0,0.03,0.0,0.04,0.22,0.0,0.0,0.0,0.0,309366120000.0,0.11,0.4
2024-12-14,0.0,47,13,13,3,0,0.03,0.0,0.04,0.22,0.0,0.0,0.0,0.0,309366120000.0,0.11,0.4
2024-12-13,0.0,47,12,14,3,0,0.03,0.0,0.04,0.23,0.0,0.0,0.0,0.0,309366120000.0,0.12,0.42
2024-12-12,0.0,48,11,14,3,0,0.03,0.0,0.04,0.23,0.0,0.0,0.0,0.0,309366120000.0,0.12,0.42
2024-12-11,0.0,47,13,13,3,0,0.03,0.0,0.04,0.23,0.0,0.0,0.0,0.0,309366120000.0,0.1,0.4
2024-12-10,0.0,47,12,14,3,0,0.03,0.0,0.04,0.22,0.0,0.0,0.0,0.0,309366120000.0,0.1,0.39
2024-12-09,0.0,47,12,14,3,0,0.03,0.0,0.04,0.22,0.0,0.0,0.0,0.0,309366120000.0,0.1,0.39
2024-12-08,0.0,48,13,12,3,0,0.03,0.0,0.04,0.22,0.0,0.0,0.0,0.0,309366120000.0,0.1,0.39
2024-12-07,0.0,48,13,12,3,0,0.03,0.0,0.04,0.22,0.0,0.0,0.0,0.0,309366120000.0,0.1,0.39
2024-12-06,0.0,48,13,12,3,0,0.03,0.0,0.04,0.22,0.0,0.0,0.0,0.0,309366120000.0,0.1,0.39
2024-12-05,0.0,47,14,12,3,0,0.03,0.0,0.04,0.22,0.0,0.0,0.0,0.0,309366120000.0,0.1,0.39
2024-12-04,0.0,47,14,12,3,0,0.03,0.0,0.04,0.22,0.0,0.0,0.0,0.0,309366120000.0,0.1,0.39
2024-12-03,0.0,48,13,12,3,0,0.03,0.0,0.04,0.23,0.0,0.0,0.0,0.0,309366120000.0,0.11,0.41
2024-12-02,0.0,48,14,11,3,0,0.03,0.0,0.04,0.22,0.0,0.0,0.0,0.0,309366120000.0,0.11,0.4
2024-12-01,0.0,48,14,11,3,0,0.03,0.0,0.04,0.22,0.0,0.0,0.0,0.0,309366120000.0,0.11,0.4
2024-11-30,0.0,48,14,11,3,0,0.03,0.0,0.04,0.22,0.0,0.0,0.0,0.0,309366120000.0,0.11,0.4
2024-11-29,0.0,48,13,12,3,0,0.03,0.0,0.04,0.22,0.0,0.0,0.0,0.0,309366120000.0,0.12,0.41
2024-11-28,0.0,49,12,13,2,0,0.03,0.0,0.04,0.22,0.0,0.0,0.0,0.0,309366120000.0,0.12,0.41
2024-11-27,0.0,47,14,13,2,0,0.03,0.0,0.04,0.22,0.0,0.0,0.0,0.0,309366120000.0,0.12,0.41
2024-11-26,0.0,47,14,13,2,0,0.03,0.0,0.04,0.22,0.0,0.0,0.0,0.0,309366120000.0,0.12,0.41
2024-11-25,0.0,47,15,12,2,0,0.03,0.0,0.04,0.22,0.0,0.0,0.0,0.0,309366120000.0,0.12,0.41
2024-11-24,0.0,48,16,11,1,0,0.03,0.0,0.04,0.21,0.0,0.0,0.0,0.0,309366120000.0,0.1,0.38
2024-11-23,0.0,48,16,11,1,0,0.03,0.0,0.04,0.21,0.0,0.0,0.0,0.0,309366120000.0,0.1,0.38
2024-11-22,0.0,48,16,11,1,0,0.03,0.0,0.04,0.21,0.0,0.0,0.0,0.0,309366120000.0,0.1,0.38
2024-11-21,0.0,47,17,11,1,0,0.03,0.0,0.04,0.21,0.0,0.0,0.0,0.0,309366120000.0,0.1,0.38
2024-11-20,0.0,47,17,11,1,0,0.03,0.0,0.04,0.21,0.0,0.0,0.0,0.0,309366120000.0,0.1,0.38
2024-11-19,0.0,47,17,11,1,0,0.03,0.0,0.04,0.21,0.0,0.0,0.0,0.0,309366120000.0,0.1,0.38
2024-11-18,0.0,46,18,11,1,0,0.03,0.0,0.04,0.21,0.0,0.0,0.0,0.0,309366120000.0,0.11,0.39
2024-11-17,0.0,44,19,12,1,0,0.03,0.0,0.04,0.21,0.0,0.0,0.02,0.0,309366120000.0,0.11,0.41
2024-11-16,0.0,44,19,12,1,0,0.03,0.0,0.04,0.21,0.0,0.0,0.02,0.0,309366120000.0,0.11,0.41
2024-11-15,0.0,44,19,12,1,0,0.03,0.0,0.04,0.21,0.0,0.0,0.02,0.0,309366120000.0,0.11,0.41
2024-11-14,0.0,44,19,12,1,0,0.03,0.0,0.04,0.21,0.0,0.0,0.02,0.0,309366120000.0,0.11,0.41
2024-11-13,0.0,44,18,13,1,0,0.03,0.0,0.04,0.19,0.0,0.0,0.02,0.0,309366120000.0,0.11,0.39
2024-11-12,0.0,44,18,13,1,0,0.03,0.0,0.04,0.19,0.0,0.0,0.02,0.0,309366120000.0,0.11,0.39
2024-11-11,0.0,47,14,14,1,0,0.03,0.0,0.05,0.18,0.0,0.0,0.02,0.0,309366120000.0,0.1,0.38
2024-11-10,0.01,47,13,15,1,0,0.03,0.0,0.06,0.18,0.0,0.0,0.02,0.0,309366120000.0,0.1,0.4
2024-11-09,0.01,47,13,15,1,0,0.03,0.0,0.06,0.18,0.0,0.0,0.02,0.0,309366120000.0,0.1,0.4
2024-11-08,0.01,47,13,15,1,0,0.03,0.0,0.06,0.18,0.0,0.0,0.02,0.0,309366120000.0,0.1,0.4
2024-11-07,0.01,48,12,15,1,0,0.03,0.0,0.06,0.17,0.0,0.0,0.02,0.0,309366120000.0,0.1,0.39
2024-11-06,0.01,48,12,15,1,0,0.03,0.0,0.06,0.17,0.0,0.0,0.02,0.0,309366120000.0,0.1,0.39
2024-11-05,0.01,48,14,13,1,0,0.03,0.0,0.06,0.17,0.0,0.0,0.02,0.0,309366120000.0,0.09,0.38
2024-11-04,0.01,49,13,13,1,0,0.03,0.0,0.06,0.17,0.0,0.0,0.02,0.0,309366120000.0,0.09,0.38
2024-11-03,0.01,50,12,13,1,0,0.03,0.0,0.06,0.17,0.0,0.0,0.02,0.0,309366120000.0,0.09,0.38
2024-11-02,0.01,50,12,13,1,0,0.03,0.0,0.06,0.17,0.0,0.0,0.02,0.0,309366120000.0,0.09,0.38
2024-11-01,0.01,50,12,13,1,0,0.03,0.0,0.06,0.17,0.0,0.0,0.02,0.0,309366120000.0,0.09,0.38
2024-10-31,0.01,51,11,13,1,0,0.03,0.0,0.06,0.14,0.0,0.0,0.02,0.0,309546120000.0,0.09,0.35
2024-10-30,0.01,51,12,12,1,0,0.03,0.0,0.06,0.14,0.0,0.0,0.02,0.0,309546120000.0,0.08,0.34
2024-10-29,0.01,49,14,12,1,0,0.03,0.0,0.06,0.15,0.0,0.0,0.02,0.0,309546120000.0,0.08,0.35
2024-10-28,0.01,49,14,12,1,0,0.03,0.0,0.06,0.15,0.0,0.0,0.02,0.0,309546120000.0,0.08,0.35
2024-10-27,0.01,50,15,10,1,0,0.03,0.0,0.04,0.15,0.0,0.0,0.02,0.0,309546120000.0,0.08,0.33
2024-10-26,0.01,50,15,10,1,0,0.03,0.0,0.04,0.15,0.0,0.0,0.02,0.0,309546120000.0,0.08,0.33
2024-10-25,0.01,50,15,10,1,0,0.03,0.0,0.04,0.15,0.0,0.0,0.02,0.0,309546120000.0,0.08,0.33
2024-10-24,0.01,49,16,10,1,0,0.03,0.0,0.04,0.15,0.0,0.0,0.02,0.0,309546120000.0,0.08,0.33
2024-10-23,0.01,48,17,10,1,0,0.03,0.0,0.04,0.15,0.0,0.0,0.02,0.0,309546120000.0,0.08,0.33
2024-10-22,0.01,48,17,9,2,0,0.03,0.0,0.04,0.15,0.0,0.0,0.02,0.0,309546120000.0,0.08,0.33
2024-10-21,0.01,48,17,9,2,0,0.03,0.0,0.04,0.17,0.0,0.0,0.02,0.0,309546120000.0,0.08,0.35
2024-10-20,0.01,48,17,9,2,0,0.03,0.0,0.04,0.17,0.0,0.0,0.02,0.0,309546120000.0,0.08,0.35
2024-10-19,0.01,48,17,9,2,0,0.03,0.0,0.04,0.17,0.0,0.0,0.02,0.0,309546120000.0,0.08,0.35
2024-10-18,0.01,48,17,9,2,0,0.03,0.0,0.04,0.17,0.0,0.0,0.02,0.0,309546120000.0,0.08,0.35
2024-10-17,0.01,48,17,9,2,0,0.03,0.0,0.04,0.17,0.0,0.0,0.02,0.0,309546120000.0,0.08,0.35
2024-10-16,0.01,48,17,9,2,0,0.03,0.0,0.04,0.18,0.0,0.0,0.02,0.0,309546120000.0,0.08,0.36
2024-10-15,0.01,48,16,10,2,0,0.03,0.0,0.04,0.17,0.0,0.0,0.02,0.0,309546120000.0,0.08,0.35
2024-10-14,0.01,48,16,10,2,0,0.03,0.0,0.04,0.17,0.0,0.0,0.02,0.0,309546120000.0,0.09,0.36
2024-10-13,0.01,47,17,10,2,0,0.03,0.0,0.04,0.17,0.0,0.0,0.02,0.0,309546120000.0,0.09,0.36
2024-10-12,0.01,47,17,10,2,0,0.03,0.0,0.04,0.17,0.0,0.0,0.02,0.0,309546120000.0,0.09,0.36
2024-10-11,0.01,47,17,10,2,0,0.03,0.0,0.04,0.17,0.0,0.01,0.02,0.0,309546120000.0,0.09,0.37
2024-10-10,0.01,47,17,10,2,0,0.03,0.0,0.04,0.17,0.0,0.01,0.02,0.0,309546120000.0,0.09,0.37
2024-10-09,0.01,48,16,10,2,0,0.03,0.0,0.04,0.17,0.0,0.01,0.02,0.0,309546120000.0,0.12,0.4
2024-10-08,0.01,50,14,10,2,0,0.03,0.0,0.05,0.2,0.0,0.01,0.02,0.0,309546120000.0,0.12,0.44
2024-10-07,0.01,50,14,10,2,0,0.03,0.0,0.05,0.2,0.0,0.01,0.02,0.0,309546120000.0,0.12,0.44
2024-10-06,0.01,51,13,10,2,0,0.03,0.0,0.05,0.19,0.0,0.01,0.02,0.0,309546120000.0,0.12,0.43
2024-10-05,0.01,51,13,10,2,0,0.03,0.0,0.05,0.19,0.0,0.01,0.02,0.0,309546120000.0,0.12,0.43
2024-10-04,0.01,51,11,12,2,0,0.03,0.0,0.06,0.19,0.0,0.01,0.02,0.0,309546120000.0,0.12,0.44
2024-10-03,0.01,49,13,12,2,0,0.03,0.0,0.06,0.19,0.0,0.01,0.02,0.0,309546120000.0,0.12,0.44
2024-10-02,0.01,51,11,12,2,0,0.03,0.0,0.06,0.19,0.0,0.0,0.02,0.0,309546120000.0,0.12,0.43
2024-10-01,0.01,51,12,11,2,0,0.03,0.0,0.06,0.19,0.0,0.0,0.02,0.0,309546120000.0,0.12,0.43
2024-09-30,0.01,50,13,11,2,0,0.03,0.0,0.05,0.18,0.0,0.0,0.02,0.0,299818340000.0,0.12,0.41
2024-09-29,0.01,51,13,10,2,0,0.02,0.0,0.05,0.18,0.0,0.0,0.02,0.0,299818340000.0,0.12,0.4
2024-09-28,0.01,51,13,10,2,0,0.02,0.0,0.05,0.18,0.0,0.0,0.02,0.0,299818340000.0,0.12,0.4
2024-09-27,0.01,51,13,10,2,0,0.02,0.0,0.05,0.18,0.0,0.0,0.02,0.0,299818340000.0,0.12,0.4
2024-09-26,0.01,50,14,11,1,0,0.02,0.0,0.05,0.18,0.0,0.0,0.02,0.0,299818340000.0,0.12,0.4
2024-09-25,0.01,52,12,11,1,0,0.02,0.0,0.03,0.18,0.0,0.0,0.02,0.0,299818340000.0,0.12,0.38
2024-09-24,0.01,52,12,11,1,0,0.02,0.0,0.03,0.15,0.0,0.0,0.02,0.0,299818340000.0,0.12,0.35
2024-09-23,0.01,52,11,12,1,0,0.02,0.0,0.03,0.15,0.0,0.0,0.02,0.0,299818340000.0,0.15,0.38
2024-09-22,0.01,53,11,11,1,0,0.02,0.0,0.03,0.15,0.0,0.0,0.02,0.0,299818340000.0,0.1,0.33
2024-09-21,0.01,53,11,11,1,0,0.02,0.0,0.03,0.15,0.0,0.0,0.02,0.0,299818340000.0,0.1,0.33
2024-09-20,0.01,53,11,11,1,0,0.02,0.0,0.03,0.15,0.0,0.0,0.02,0.0,299818340000.0,0.1,0.33
2024-09-19,0.01,53,11,11,1,0,0.02,0.0,0.03,0.15,0.0,0.0,0.02,0.0,299818340000.0,0.1,0.33
2024-09-18,0.01,54,10,11,1,0,0.02,0.0,0.03,0.15,0.0,0.0,0.02,0.0,299818340000.0,0.08,0.31
2024-09-17,0.01,54,10,12,0,0,0.02,0.0,0.02,0.14,0.0,0.0,0.02,0.0,299818340000.0,0.08,0.29
2024-09-16,0.01,55,11,9,1,0,0.02,0.0,0.02,0.11,0.0,0.0,0.02,0.0,299818340000.0,0.08,0.26
2024-09-15,0.01,53,14,8,1,0,0.02,0.0,0.02,0.12,0.0,0.0,0.02,0.0,299818340000.0,0.08,0.27
2024-09-14,0.01,53,14,8,1,0,0.02,0.0,0.02,0.12,0.0,0.0,0.02,0.0,299818340000.0,0.08,0.27
2024-09-13,0.01,53,14,8,1,0,0.02,0.0,0.02,0.12,0.0,0.0,0.02,0.0,299818340000.0,0.09,0.28
2024-09-12,0.01,54,13,8,1,0,0.02,0.0,0.02,0.12,0.0,0.0,0.02,0.0,299818340000.0,0.09,0.28
2024-09-11,0.01,54,13,8,1,0,0.02,0.0,0.02,0.12,0.0,0.0,0.02,0.0,299818340000.0,0.09,0.28
2024-09-10,0.01,52,16,6,2,0,0.02,0.0,0.02,0.12,0.0,0.0,0.02,0.0,299818340000.0,0.09,0.28
2024-09-09,0.01,52,16,6,2,0,0.02,0.0,0.02,0.12,0.0,0.0,0.02,0.0,299818340000.0,0.09,0.28
2024-09-08,0.01,50,18,6,2,0,0.03,0.0,0.02,0.12,0.0,0.0,0.02,0.0,299818340000.0,0.09,0.29
2024-09-07,0.01,50,18,6,2,0,0.03,0.0,0.02,0.12,0.0,0.0,0.02,0.0,299818340000.0,0.09,0.29
2024-09-06,0.01,50,18,6,2,0,0.03,0.0,0.02,0.12,0.0,0.0,0.02,0.0,299818340000.0,0.09,0.29
2024-09-05,0.01,50,17,7,2,0,0.03,0.0,0.02,0.12,0.0,0.0,0.02,0.0,299818340000.0,0.09,0.29
2024-09-04,0.01,50,18,7,1,0,0.03,0.0,0.02,0.12,0.0,0.0,0.02,0.0,299818340000.0,0.09,0.29
2024-09-03,0.01,50,19,6,1,0,0.03,0.0,0.02,0.12,0.0,0.0,0.02,0.0,299818340000.0,0.09,0.29
2024-09-02,0.01,51,18,6,1,0,0.03,0.0,0.02,0.12,0.0,0.0,0.02,0.0,299818340000.0,0.09,0.29
2024-09-01,0.01,50,19,6,1,0,0.03,0.0,0.02,0.12,0.0,0.0,0.02,0.0,299818340000.0,0.09,0.29
2024-08-31,0.01,50,19,6,1,0,0.03,0.0,0.02,0.12,0.0,0.0,0.02,0.0,299818340000.0,0.09,0.29
2024-08-30,0.01,50,19,6,1,0,0.03,0.0,0.02,0.12,0.0,0.0,0.02,0.0,299818340000.0,0.09,0.29
2024-08-29,0.01,49,19,7,1,0,0.03,0.0,0.02,0.12,0.0,0.0,0.02,0.0,299818340000.0,0.09,0.29
2024-08-28,0.01,49,19,8,0,0,0.03,0.0,0.02,0.12,0.0,0.0,0.02,0.0,299818340000.0,0.09,0.29
2024-08-27,0.01,50,18,8,0,0,0.03,0.0,0.02,0.12,0.0,0.0,0.02,0.0,299818340000.0,0.09,0.29
2024-08-26,0.01,51,17,8,0,0,0.03,0.0,0.02,0.12,0.0,0.0,0.02,0.0,299818340000.0,0.09,0.29
2024-08-25,0.01,51,17,8,0,0,0.03,0.0,0.02,0.12,0.0,0.0,0.02,0.0,299818340000.0,0.09,0.29
2024-08-24,0.01,51,17,8,0,0,0.03,0.0,0.02,0.12,0.0,0.0,0.02,0.0,299818340000.0,0.09,0.29
2024-08-23,0.01,51,17,8,0,0,0.03,0.0,0.02,0.12,0.0,0.0,0.02,0.0,299818340000.0,0.09,0.29
2024-08-22,0.01,51,17,8,0,0,0.03,0.0,0.02,0.12,0.0,0.0,0.02,0.0,299818340000.0,0.09,0.29
2024-08-21,0.01,52,16,8,0,0,0.03,0.0,0.02,0.12,0.0,0.0,0.02,0.0,299818340000.0,0.09,0.29
2024-08-20,0.01,52,16,7,1,0,0.03,0.0,0.02,0.12,0.0,0.0,0.02,0.0,299818340000.0,0.09,0.29
2024-08-19,0.01,51,17,5,3,0,0.03,0.0,0.02,0.13,0.0,0.0,0.02,0.0,299818340000.0,0.09,0.3
2024-08-18,0.01,50,18,5,3,0,0.04,0.0,0.02,0.13,0.0,0.0,0.02,0.0,299818340000.0,0.09,0.31
2024-08-17,0.01,50,18,5,3,0,0.04,0.0,0.02,0.13,0.0,0.0,0.02,0.0,299818340000.0,0.09,0.31
2024-08-16,0.01,50,18,5,3,0,0.04,0.0,0.02,0.13,0.0,0.0,0.02,0.0,299818340000.0,0.09,0.31
2024-08-15,0.01,50,19,4,3,0,0.04,0.0,0.02,0.12,0.0,0.0,0.02,0.0,299818340000.0,0.09,0.3
2024-08-14,0.01,50,19,4,3,0,0.04,0.0,0.02,0.12,0.0,0.0,0.02,0.0,299818340000.0,0.09,0.3
2024-08-13,0.01,49,20,4,3,0,0.04,0.0,0.02,0.12,0.0,0.0,0.02,0.0,299818340000.0,0.09,0.3
2024-08-12,0.01,49,20,3,4,0,0.04,0.0,0.02,0.13,0.0,0.0,0.02,0.01,299818340000.0,0.09,0.32
2024-08-11,0.01,49,21,2,4,0,0.04,0.0,0.02,0.13,0.0,0.0,0.02,0.01,299818340000.0,0.09,0.32
2024-08-10,0.01,49,21,2,4,0,0.04,0.0,0.02,0.13,0.0,0.0,0.02,0.01,299818340000.0,0.09,0.32
2024-08-09,0.01,49,20,3,4,0,0.04,0.0,0.03,0.13,0.0,0.0,0.02,0.01,299818340000.0,0.09,0.33
2024-08-08,0.01,49,20,3,4,0,0.04,0.0,0.03,0.13,0.0,0.0,0.02,0.01,299818340000.0,0.09,0.33
2024-08-07,0.01,51,19,2,4,0,0.01,0.0,0.03,0.12,0.0,0.0,0.02,0.01,299818340000.0,0.09,0.29
2024-08-06,0.01,51,19,2,4,0,0.01,0.0,0.03,0.12,0.0,0.0,0.02,0.01,299818340000.0,0.09,0.29
2024-08-05,0.01,52,16,4,4,0,0.01,0.0,0.03,0.12,0.0,0.0,0.02,0.01,299818340000.0,0.09,0.29
2024-08-04,0.01,51,16,5,4,0,0.01,0.0,0.03,0.12,0.0,0.0,0.02,0.01,299818340000.0,0.09,0.29
2024-08-03,0.01,51,15,6,4,0,0.01,0.0,0.03,0.13,0.0,0.0,0.02,0.01,299818340000.0,0.09,0.3
2024-08-02,0.01,50,15,7,4,0,0.01,0.0,0.06,0.13,0.0,0.0,0.02,0.01,299818340000.0,0.09,0.33
2024-08-01,0.01,49,16,7,4,0,0.03,0.0,0.06,0.13,0.0,0.0,0.02,0.01,299818340000.0,0.09,0.35
2024-07-31,0.01,50,15,6,5,0,0.03,0.0,0.06,0.13,0.0,0.0,0.02,0.01,300158340000.0,0.09,0.35
2024-07-30,0.01,52,14,5,5,0,0.03,0.0,0.06,0.12,0.0,0.0,0.02,0.01,300158340000.0,0.09,0.34
2024-07-29,0.01,51,15,6,4,0,0.03,0.0,0.06,0.12,0.0,0.0,0.02,0.0,300158340000.0,0.09,0.33
2024-07-28,0.01,51,15,6,4,0,0.03,0.0,0.06,0.12,0.0,0.0,0.02,0.0,300158340000.0,0.09,0.33
2024-07-27,0.01,51,15,6,4,0,0.03,0.0,0.06,0.12,0.0,0.0,0.02,0.0,300158340000.0,0.09,0.33
2024-07-26,0.01,51,15,6,4,0,0.03,0.0,0.06,0.12,0.0,0.0,0.02,0.0,300158340000.0,0.09,0.33
2024-07-25,0.01,51,15,6,4,0,0.03,0.0,0.06,0.12,0.0,0.0,0.02,0.0,300158340000.0,0.08,0.32
2024-07-24,0.01,50,16,6,4,0,0.03,0.0,0.06,0.11,0.0,0.0,0.02,0.0,300158340000.0,0.08,0.31
2024-07-23,0.01,51,15,6,4,0,0.04,0.0,0.06,0.11,0.0,0.0,0.02,0.0,300158340000.0,0.08,0.32
2024-07-22,0.0,51,15,7,3,0,0.04,0.0,0.06,0.11,0.0,0.0,0.02,0.0,300158340000.0,0.08,0.31
2024-07-21,0.0,52,15,6,3,0,0.04,0.0,0.06,0.11,0.0,0.0,0.02,0.0,300158340000.0,0.05,0.28
2024-07-20,0.0,52,15,6,3,0,0.04,0.0,0.06,0.11,0.0,0.0,0.02,0.0,300158340000.0,0.05,0.28
2024-07-19,0.0,52,15,6,3,0,0.04,0.0,0.06,0.11,0.0,0.0,0.02,0.0,300158340000.0,0.05,0.28
2024-07-18,0.0,52,14,8,2,0,0.04,0.0,0.06,0.12,0.0,0.0,0.02,0.0,300158340000.0,0.05,0.29
2024-07-17,0.0,53,14,7,2,0,0.04,0.0,0.06,0.12,0.0,0.0,0.0,0.0,300158340000.0,0.05,0.27
2024-07-16,0.0,53,14,7,2,0,0.04,0.0,0.06,0.12,0.0,0.0,0.0,0.0,300158340000.0,0.05,0.27
2024-07-15,0.0,55,12,7,2,0,0.01,0.0,0.06,0.12,0.0,0.0,0.0,0.0,300158340000.0,0.06,0.25
2024-07-14,0.0,55,12,7,2,0,0.01,0.0,0.06,0.12,0.0,0.0,0.0,0.0,300158340000.0,0.06,0.25
2024-07-13,0.0,55,12,7,2,0,0.01,0.0,0.08,0.12,0.0,0.0,0.0,0.0,300158340000.0,0.06,0.27
2024-07-12,0.0,55,11,8,2,0,0.01,0.0,0.08,0.12,0.0,0.0,0.0,0.0,300158340000.0,0.07,0.28
2024-07-11,0.0,54,12,8,2,0,0.01,0.0,0.08,0.12,0.0,0.0,0.0,0.0,300158340000.0,0.07,0.28
2024-07-10,0.0,56,9,8,3,0,0.01,0.0,0.08,0.12,0.0,0.02,0.0,0.0,300158340000.0,0.07,0.3
2024-07-09,0.0,56,9,9,2,0,0.01,0.0,0.08,0.13,0.0,0.02,0.0,0.0,300158340000.0,0.06,0.3
2024-07-08,0.0,53,12,8,3,0,0.01,0.0,0.1,0.13,0.0,0.02,0.0,0.0,300158340000.0,0.09,0.35
2024-07-07,0.0,53,12,8,3,0,0.01,0.0,0.1,0.13,0.0,0.02,0.0,0.0,300158340000.0,0.09,0.35
2024-07-06,0.0,53,12,8,3,0,0.01,0.0,0.1,0.13,0.0,0.02,0.0,0.0,300158340000.0,0.09,0.35
2024-07-05,0.0,53,12,8,3,0,0.01,0.0,0.1,0.13,0.0,0.02,0.0,0.0,300158340000.0,0.09,0.35
2024-07-04,0.0,53,12,8,3,0,0.01,0.0,0.1,0.12,0.0,0.02,0.0,0.0,300158340000.0,0.09,0.34
2024-07-03,0.0,52,13,8,3,0,0.01,0.0,0.1,0.12,0.0,0.02,0.0,0.0,300158340000.0,0.1,0.35
2024-07-02,0.0,52,13,8,3,0,0.01,0.0,0.1,0.12,0.0,0.02,0.0,0.0,300158340000.0,0.1,0.35
2024-07-01,0.0,53,12,8,3,0,0.01,0.0,0.1,0.12,0.0,0.02,0.0,0.0,300158340000.0,0.07,0.32
2024-06-30,0.0,53,11,9,3,0,0.02,0.0,0.11,0.13,0.0,0.01,0.0,0.0,286804690000.0,0.07,0.34
2024-06-29,0.0,52,11,10,3,0,0.02,0.0,0.11,0.13,0.0,0.02,0.0,0.0,286804690000.0,0.07,0.35
2024-06-28,0.0,52,11,10,3,0,0.02,0.0,0.11,0.13,0.0,0.02,0.0,0.0,286804690000.0,0.07,0.35
2024-06-27,0.0,52,11,10,3,0,0.02,0.0,0.11,0.13,0.0,0.02,0.0,0.0,286804690000.0,0.07,0.35
2024-06-26,0.0,51,13,9,3,0,0.02,0.0,0.11,0.13,0.0,0.02,0.0,0.0,286804690000.0,0.04,0.32
2024-06-25,0.0,51,13,9,3,0,0.02,0.0,0.11,0.15,0.0,0.02,0.0,0.0,286804690000.0,0.04,0.34
2024-06-24,0.0,51,13,9,3,0,0.02,0.0,0.11,0.15,0.0,0.02,0.0,0.0,286804690000.0,0.04,0.34
2024-06-23,0.0,50,15,9,2,0,0.02,0.0,0.11,0.15,0.0,0.01,0.0,0.0,286804690000.0,0.04,0.33
2024-06-22,0.0,50,15,9,2,0,0.02,0.0,0.11,0.15,0.0,0.01,0.0,0.0,286804690000.0,0.04,0.33
2024-06-21,0.0,50,15,8,3,0,0.02,0.0,0.11,0.15,0.0,0.01,0.0,0.0,286804690000.0,0.04,0.33
2024-06-20,0.0,50,15,8,3,0,0.02,0.0,0.11,0.14,0.0,0.01,0.0,0.0,286804690000.0,0.05,0.33
2024-06-19,0.0,52,13,7,4,0,0.02,0.0,0.11,0.14,0.0,0.01,0.0,0.0,286804690000.0,0.05,0.33
2024-06-18,0.0,52,13,7,4,0,0.02,0.0,0.11,0.14,0.0,0.01,0.0,0.0,286804690000.0,0.05,0.33
2024-06-17,0.0,52,13,7,4,0,0.02,0.0,0.11,0.14,0.0,0.01,0.0,0.0,286804690000.0,0.05,0.33
2024-06-16,0.0,52,14,6,4,0,0.02,0.0,0.1,0.14,0.0,0.01,0.0,0.0,286804690000.0,0.05,0.32
2024-06-15,0.0,52,14,6,4,0,0.02,0.0,0.1,0.14,0.0,0.01,0.0,0.0,286804690000.0,0.05,0.32
2024-06-14,0.0,52,14,6,4,0,0.02,0.0,0.1,0.14,0.0,0.01,0.0,0.0,286804690000.0,0.05,0.32
2024-06-13,0.0,52,14,6,4,0,0.02,0.0,0.1,0.12,0.0,0.01,0.0,0.0,286804690000.0,0.05,0.3
2024-06-12,0.0,52,14,6,4,0,0.02,0.0,0.1,0.12,0.0,0.01,0.0,0.0,286804690000.0,0.05,0.3
2024-06-11,0.0,51,15,6,4,0,0.02,0.0,0.07,0.13,0.0,0.01,0.0,0.0,286804690000.0,0.05,0.28
2024-06-10,0.0,51,16,5,4,0,0.02,0.0,0.07,0.13,0.0,0.01,0.0,0.0,286804690000.0,0.04,0.27
2024-06-09,0.0,52,15,5,4,0,0.02,0.0,0.06,0.13,0.0,0.01,0.0,0.0,286804690000.0,0.04,0.26
2024-06-08,0.0,52,15,5,4,0,0.02,0.0,0.06,0.13,0.0,0.01,0.0,0.0,286804690000.0,0.04,0.26
2024-06-07,0.0,52,15,5,4,0,0.02,0.0,0.06,0.13,0.0,0.01,0.0,0.0,286804690000.0,0.04,0.26
2024-06-06,0.0,52,15,5,4,0,0.02,0.0,0.06,0.13,0.0,0.01,0.0,0.0,286804690000.0,0.04,0.26
2024-06-05,0.0,52,15,5,4,0,0.02,0.0,0.06,0.15,0.0,0.01,0.0,0.0,286804690000.0,0.04,0.28
2024-06-04,0.0,51,15,6,4,0,0.02,0.0,0.06,0.15,0.0,0.01,0.0,0.0,286804690000.0,0.04,0.28
2024-06-03,0.0,52,14,6,4,0,0.02,0.0,0.06,0.15,0.0,0.01,0.0,0.0,286804690000.0,0.04,0.28
2024-06-02,0.0,53,13,6,4,0,0.02,0.0,0.06,0.15,0.0,0.01,0.0,0.0,286804690000.0,0.04,0.28
2024-06-01,0.0,53,13,6,4,0,0.02,0.0,0.06,0.15,0.0,0.01,0.0,0.0,286804690000.0,0.04,0.28
2024-05-31,0.0,53,13,6,4,0,0.02,0.0,0.06,0.15,0.0,0.01,0.0,0.0,286804690000.0,0.04,0.28
2024-05-30,0.0,53,13,6,4,0,0.02,0.0,0.06,0.15,0.0,0.01,0.0,0.0,286804690000.0,0.04,0.28
2024-05-29,0.0,53,13,6,4,0,0.02,0.0,0.06,0.15,0.0,0.01,0.0,0.0,286804690000.0,0.04,0.28
2024-05-28,0.0,52,14,6,4,0,0.02,0.0,0.06,0.15,0.0,0.01,0.0,0.0,286804690000.0,0.04,0.28
2024-05-27,0.0,52,14,6,4,0,0.02,0.0,0.06,0.16,0.0,0.01,0.0,0.0,286804690000.0,0.04,0.29
2024-05-26,0.0,53,13,6,4,0,0.02,0.0,0.06,0.14,0.0,0.01,0.0,0.0,286804690000.0,0.04,0.27
2024-05-25,0.0,53,13,6,4,0,0.02,0.0,0.06,0.14,0.0,0.01,0.0,0.0,286804690000.0,0.04,0.27
2024-05-24,0.0,53,13,6,4,0,0.02,0.0,0.06,0.14,0.0,0.01,0.0,0.0,286804690000.0,0.04,0.27
2024-05-23,0.0,53,12,7,4,0,0.02,0.0,0.06,0.14,0.0,0.01,0.0,0.0,286804690000.0,0.05,0.28
2024-05-22,0.0,53,13,5,5,0,0.02,0.0,0.06,0.13,0.0,0.01,0.0,0.0,286804690000.0,0.05,0.27
2024-05-21,0.0,52,14,6,4,0,0.02,0.0,0.06,0.13,0.0,0.01,0.0,0.0,286804690000.0,0.04,0.26
2024-05-20,0.0,52,13,7,4,0,0.02,0.0,0.06,0.14,0.0,0.01,0.0,0.0,286804690000.0,0.04,0.27
2024-05-19,0.0,54,10,8,4,0,0.02,0.0,0.06,0.14,0.0,0.01,0.0,0.0,286804690000.0,0.03,0.26
2024-05-18,0.0,54,10,8,4,0,0.02,0.0,0.06,0.14,0.0,0.01,0.0,0.0,286804690000.0,0.03,0.26
2024-05-17,0.0,54,10,8,4,0,0.02,0.0,0.06,0.14,0.0,0.01,0.0,0.0,286804690000.0,0.03,0.26
2024-05-16,0.0,54,11,7,4,0,0.02,0.0,0.06,0.14,0.0,0.01,0.0,0.0,286804690000.0,0.03,0.26
2024-05-15,0.0,53,12,7,4,0,0.02,0.0,0.06,0.14,0.0,0.01,0.0,0.0,286804690000.0,0.04,0.27
2024-05-14,0.0,54,11,7,4,0,0.02,0.0,0.06,0.14,0.0,0.01,0.0,0.0,286804690000.0,0.03,0.26
2024-05-13,0.0,55,11,6,4,0,0.02,0.0,0.06,0.14,0.0,0.01,0.0,0.0,286804690000.0,0.03,0.26
2024-05-12,0.0,53,12,7,4,0,0.02,0.0,0.06,0.14,0.0,0.01,0.0,0.0,286804690000.0,0.03,0.26
2024-05-11,0.0,53,12,7,4,0,0.02,0.0,0.06,0.14,0.0,0.01,0.0,0.0,286804690000.0,0.03,0.26
2024-05-10,0.0,53,12,7,4,0,0.02,0.0,0.06,0.14,0.0,0.01,0.0,0.0,286804690000.0,0.03,0.26
2024-05-09,0.0,53,12,7,4,0,0.02,0.0,0.06,0.14,0.0,0.01,0.0,0.0,286804690000.0,0.03,0.26
2024-05-08,0.0,54,11,7,4,0,0.0,0.0,0.06,0.14,0.0,0.01,0.0,0.0,286804690000.0,0.03,0.24
2024-05-07,0.0,55,10,7,4,0,0.0,0.0,0.06,0.14,0.0,0.01,0.0,0.0,286804690000.0,0.03,0.24
2024-05-06,0.0,55,10,7,4,0,0.0,0.0,0.06,0.13,0.0,0.01,0.0,0.0,286804690000.0,0.03,0.23
2024-05-05,0.0,54,11,7,4,0,0.0,0.0,0.06,0.13,0.0,0.01,0.0,0.0,286804690000.0,0.03,0.23
2024-05-04,0.0,54,11,7,4,0,0.0,0.0,0.06,0.13,0.0,0.01,0.0,0.0,286804690000.0,0.03,0.23
2024-05-03,0.0,54,11,7,4,0,0.0,0.0,0.06,0.14,0.0,0.01,0.0,0.0,286804690000.0,0.03,0.24
2024-05-02,0.0,54,12,6,4,0,0.0,0.0,0.06,0.14,0.0,0.01,0.0,0.0,286804690000.0,0.03,0.24
2024-05-01,0.0,54,12,6,4,0,0.0,0.0,0.06,0.14,0.0,0.01,0.0,0.0,286804690000.0,0.03,0.24
2024-04-30,0.0,54,12,6,4,0,0.0,0.0,0.06,0.14,0.0,0.01,0.0,0.0,286744690000.0,0.03,0.24
2024-04-29,0.0,54,12,6,4,0,0.01,0.0,0.06,0.14,0.0,0.01,0.0,0.0,286744690000.0,0.03,0.25
2024-04-28,0.0,54,13,5,4,0,0.01,0.0,0.06,0.14,0.0,0.01,0.0,0.0,286744690000.0,0.03,0.25
2024-04-27,0.0,54,13,5,4,0,0.01,0.0,0.06,0.14,0.0,0.01,0.0,0.0,286744690000.0,0.03,0.25
2024-04-26,0.0,54,13,5,4,0,0.01,0.0,0.06,0.14,0.0,0.01,0.0,0.0,286744690000.0,0.04,0.26
2024-04-25,0.0,53,14,5,4,0,0.01,0.0,0.06,0.14,0.0,0.01,0.0,0.0,286744690000.0,0.04,0.26
2024-04-24,0.0,53,14,5,4,0,0.01,0.0,0.06,0.14,0.0,0.01,0.0,0.0,286744690000.0,0.05,0.27
2024-04-23,0.0,53,14,5,4,0,0.01,0.0,0.06,0.14,0.0,0.01,0.0,0.0,286744690000.0,0.05,0.27
2024-04-22,0.0,53,14,5,4,0,0.01,0.0,0.05,0.13,0.0,0.01,0.0,0.0,286744690000.0,0.04,0.24
2024-04-21,0.0,52,14,6,4,0,0.0,0.0,0.05,0.13,0.0,0.01,0.0,0.0,286744690000.0,0.04,0.23
2024-04-20,0.0,52,14,6,4,0,0.0,0.0,0.05,0.13,0.0,0.01,0.0,0.0,286744690000.0,0.04,0.23
2024-04-19,0.0,52,14,6,4,0,0.0,0.0,0.05,0.13,0.0,0.01,0.0,0.0,286744690000.0,0.04,0.23
2024-04-18,0.0,52,14,6,4,0,0.0,0.0,0.05,0.14,0.0,0.01,0.0,0.0,286744690000.0,0.04,0.24
2024-04-17,0.0,52,14,6,4,0,0.0,0.0,0.05,0.14,0.0,0.01,0.0,0.0,286744690000.0,0.03,0.23
2024-04-16,0.0,51,14,7,4,0,0.0,0.0,0.05,0.14,0.0,0.01,0.0,0.0,286744690000.0,0.04,0.24
2024-04-15,0.0,51,13,8,4,0,0.0,0.0,0.05,0.14,0.0,0.01,0.0,0.0,286744690000.0,0.04,0.24
2024-04-14,0.0,51,13,8,4,0,0.0,0.0,0.05,0.14,0.0,0.01,0.0,0.0,286744690000.0,0.04,0.24
2024-04-13,0.0,51,13,8,4,0,0.0,0.0,0.05,0.14,0.0,0.01,0.0,0.0,286744690000.0,0.04,0.24
2024-04-12,0.0,50,14,8,4,0,0.0,0.0,0.05,0.14,0.0,0.01,0.0,0.0,286744690000.0,0.04,0.24
2024-04-11,0.0,50,14,8,4,0,0.0,0.0,0.05,0.14,0.0,0.01,0.0,0.0,286744690000.0,0.05,0.25
2024-04-10,0.0,51,13,8,4,0,0.0,0.0,0.05,0.14,0.0,0.01,0.0,0.0,286744690000.0,0.05,0.25
2024-04-09,0.0,52,14,7,3,0,0.0,0.0,0.05,0.13,0.0,0.01,0.0,0.0,286744690000.0,0.05,0.24
2024-04-08,0.0,52,14,7,3,0,0.0,0.0,0.05,0.12,0.0,0.01,0.0,0.0,286744690000.0,0.05,0.23
2024-04-07,0.0,51,16,6,3,0,0.0,0.0,0.05,0.12,0.0,0.01,0.0,0.0,286744690000.0,0.05,0.23
2024-04-06,0.0,51,16,6,3,0,0.0,0.0,0.05,0.12,0.0,0.01,0.0,0.0,286744690000.0,0.05,0.23
2024-04-05,0.0,51,16,6,3,0,0.0,0.0,0.05,0.12,0.0,0.01,0.0,0.0,286744690000.0,0.05,0.23
2024-04-04,0.0,51,16,6,3,0,0.0,0.0,0.05,0.12,0.0,0.01,0.0,0.0,286744690000.0,0.05,0.23
2024-04-03,0.0,51,16,6,3,0,0.0,0.0,0.05,0.13,0.0,0.01,0.0,0.0,286744690000.0,0.05,0.24
2024-04-02,0.0,52,15,6,3,0,0.0,0.0,0.05,0.12,0.0,0.01,0.0,0.0,286744690000.0,0.05,0.23
2024-04-01,0.0,52,15,6,3,0,0.0,0.0,0.05,0.11,0.0,0.01,0.0,0.0,286744690000.0,0.05,0.22
2024-03-31,0.0,52,15,6,3,0,0.0,0.0,0.05,0.12,0.0,0.01,0.0,0.0,288522160000.0,0.05,0.23
2024-03-30,0.0,52,15,6,3,0,0.0,0.0,0.05,0.12,0.0,0.01,0.0,0.0,288522160000.0,0.05,0.23
2024-03-29,0.0,51,15,7,3,0,0.0,0.0,0.06,0.12,0.0,0.01,0.0,0.0,288522160000.0,0.05,0.24
2024-03-28,0.0,51,15,7,3,0,0.0,0.0,0.06,0.12,0.0,0.01,0.0,0.0,288522160000.0,0.05,0.24
2024-03-27,0.0,53,13,7,3,0,0.0,0.0,0.06,0.12,0.0,0.01,0.0,0.0,288522160000.0,0.04,0.23
2024-03-26,0.0,54,11,8,3,0,0.0,0.0,0.06,0.12,0.0,0.01,0.0,0.0,288522160000.0,0.04,0.23
2024-03-25,0.0,54,11,8,3,0,0.0,0.0,0.06,0.13,0.0,0.01,0.0,0.0,288522160000.0,0.05,0.25
2024-03-24,0.0,54,12,7,3,0,0.0,0.0,0.06,0.13,0.0,0.01,0.0,0.0,288522160000.0,0.04,0.24
2024-03-23,0.0,54,12,7,3,0,0.0,0.0,0.06,0.13,0.0,0.01,0.0,0.0,288522160000.0,0.04,0.24
2024-03-22,0.0,54,12,7,3,0,0.0,0.0,0.06,0.13,0.0,0.01,0.0,0.0,288522160000.0,0.04,0.24
2024-03-21,0.0,52,14,7,3,0,0.0,0.0,0.06,0.14,0.0,0.01,0.0,0.0,288522160000.0,0.04,0.25
2024-03-20,0.0,53,13,7,3,0,0.0,0.0,0.06,0.13,0.0,0.01,0.0,0.0,288522160000.0,0.04,0.24
2024-03-19,0.0,51,16,6,3,0,0.0,0.0,0.05,0.12,0.0,0.01,0.0,0.0,288522160000.0,0.04,0.22
2024-03-18,0.0,51,16,7,2,0,0.0,0.0,0.05,0.12,0.0,0.01,0.0,0.0,288522160000.0,0.04,0.22
2024-03-17,0.0,52,17,5,2,0,0.0,0.0,0.05,0.1,0.0,0.01,0.0,0.0,288522160000.0,0.04,0.2
2024-03-16,0.0,52,17,5,2,0,0.0,0.0,0.05,0.1,0.0,0.01,0.0,0.0,288522160000.0,0.04,0.2
2024-03-15,0.0,52,17,5,2,0,0.0,0.0,0.05,0.1,0.0,0.01,0.0,0.0,288522160000.0,0.04,0.2
2024-03-14,0.0,53,16,5,2,0,0.0,0.0,0.05,0.1,0.0,0.01,0.0,0.0,288522160000.0,0.03,0.19
2024-03-13,0.0,53,15,6,2,0,0.0,0.0,0.05,0.1,0.0,0.01,0.0,0.0,288522160000.0,0.04,0.2
2024-03-12,0.0,54,13,6,3,0,0.0,0.0,0.05,0.1,0.0,0.01,0.0,0.0,288522160000.0,0.04,0.2
2024-03-11,0.0,54,13,6,3,0,0.0,0.0,0.05,0.1,0.0,0.01,0.0,0.0,288522160000.0,0.04,0.2
2024-03-10,0.0,54,13,6,3,0,0.0,0.0,0.05,0.1,0.0,0.01,0.0,0.0,288522160000.0,0.04,0.2
2024-03-09,0.0,54,13,6,3,0,0.0,0.0,0.05,0.1,0.0,0.01,0.0,0.0,288522160000.0,0.04,0.2
2024-03-08,0.01,53,13,7,3,0,0.03,0.0,0.05,0.1,0.0,0.01,0.0,0.0,288522160000.0,0.06,0.26
2024-03-07,0.01,52,14,7,3,0,0.03,0.0,0.05,0.1,0.0,0.01,0.0,0.0,288522160000.0,0.06,0.26
2024-03-06,0.01,52,13,9,2,0,0.03,0.0,0.05,0.1,0.0,0.01,0.0,0.0,288522160000.0,0.06,0.26
2024-03-05,0.01,52,13,8,3,0,0.03,0.0,0.05,0.1,0.0,0.01,0.0,0.0,288522160000.0,0.06,0.26
2024-03-04,0.01,54,13,6,3,0,0.03,0.0,0.05,0.1,0.0,0.01,0.0,0.0,288522160000.0,0.06,0.26
2024-03-03,0.01,54,13,6,3,0,0.03,0.0,0.05,0.11,0.0,0.01,0.0,0.0,288522160000.0,0.06,0.27
2024-03-02,0.01,54,13,6,3,0,0.03,0.0,0.05,0.11,0.0,0.01,0.0,0.0,288522160000.0,0.06,0.27
2024-03-01,0.01,54,13,6,3,0,0.03,0.0,0.05,0.11,0.0,0.01,0.0,0.0,288522160000.0,0.06,0.27
2024-02-29,0.01,53,14,6,3,0,0.03,0.0,0.05,0.11,0.0,0.01,0.0,0.0,288522160000.0,0.06,0.27
2024-02-28,0.0,53,15,5,3,0,0.03,0.0,0.05,0.12,0.0,0.01,0.0,0.0,288522160000.0,0.05,0.26
2024-02-27,0.0,54,14,5,3,0,0.03,0.0,0.05,0.09,0.0,0.01,0.0,0.0,288522160000.0,0.05,0.23
2024-02-26,0.0,54,14,5,3,0,0.03,0.0,0.05,0.1,0.0,0.01,0.0,0.0,288522160000.0,0.06,0.25
2024-02-25,0.0,56,12,6,2,0,0.03,0.0,0.05,0.1,0.0,0.0,0.0,0.0,288522160000.0,0.05,0.23
2024-02-24,0.0,56,12,6,2,0,0.03,0.0,0.05,0.1,0.0,0.0,0.0,0.0,288522160000.0,0.05,0.23
2024-02-23,0.0,56,12,6,2,0,0.03,0.0,0.05,0.1,0.0,0.0,0.0,0.0,288522160000.0,0.05,0.23
2024-02-22,0.0,56,12,6,2,0,0.03,0.0,0.05,0.1,0.0,0.0,0.0,0.0,288522160000.0,0.05,0.23
2024-02-21,0.0,57,11,6,2,0,0.03,0.0,0.05,0.13,0.0,0.0,0.0,0.0,288522160000.0,0.05,0.26
2024-02-20,0.0,57,11,7,1,0,0.03,0.0,0.05,0.13,0.0,0.0,0.0,0.0,288522160000.0,0.05,0.26
2024-02-19,0.0,57,11,7,1,0,0.03,0.0,0.05,0.13,0.0,0.0,0.0,0.0,288522160000.0,0.05,0.26
2024-02-18,0.0,56,12,7,1,0,0.03,0.0,0.05,0.13,0.0,0.0,0.0,0.0,288522160000.0,0.05,0.26
2024-02-17,0.0,56,12,7,1,0,0.03,0.0,0.05,0.13,0.0,0.0,0.0,0.0,288522160000.0,0.05,0.26
2024-02-16,0.0,56,12,7,1,0,0.03,0.0,0.05,0.13,0.0,0.0,0.0,0.0,288522160000.0,0.05,0.26
2024-02-15,0.0,58,11,6,0,1,0.03,0.0,0.05,0.12,0.0,0.0,0.0,0.0,288522160000.0,0.05,0.25
2024-02-14,0.0,57,13,5,0,1,0.03,0.0,0.05,0.12,0.0,0.0,0.0,0.0,288522160000.0,0.05,0.25
2024-02-13,0.0,56,14,5,0,1,0.03,0.0,0.05,0.13,0.0,0.0,0.0,0.0,288522160000.0,0.05,0.26
2024-02-12,0.0,55,15,5,0,1,0.05,0.0,0.05,0.13,0.0,0.0,0.0,0.0,288522160000.0,0.05,0.28
2024-02-11,0.0,54,16,5,0,1,0.05,0.0,0.05,0.13,0.0,0.0,0.0,0.0,288522160000.0,0.06,0.29
2024-02-10,0.0,54,16,5,0,1,0.05,0.0,0.05,0.13,0.0,0.0,0.0,0.0,288522160000.0,0.06,0.29
2024-02-09,0.0,53,16,6,0,1,0.05,0.0,0.05,0.13,0.0,0.0,0.0,0.0,288522160000.0,0.06,0.29
2024-02-08,0.0,53,16,6,0,1,0.05,0.0,0.05,0.13,0.0,0.0,0.0,0.0,288522160000.0,0.06,0.29
2024-02-07,0.0,53,16,6,0,1,0.05,0.0,0.05,0.13,0.0,0.0,0.0,0.0,288522160000.0,0.06,0.29
2024-02-06,0.0,53,16,6,0,1,0.05,0.0,0.06,0.13,0.0,0.0,0.0,0.0,288522160000.0,0.06,0.3
2024-02-05,0.0,53,16,6,0,1,0.05,0.0,0.06,0.14,0.0,0.0,0.0,0.0,288522160000.0,0.06,0.31
2024-02-04,0.0,53,16,6,0,1,0.05,0.0,0.06,0.14,0.0,0.0,0.0,0.0,288522160000.0,0.06,0.31
2024-02-03,0.0,53,16,6,0,1,0.05,0.0,0.06,0.14,0.0,0.0,0.0,0.0,288522160000.0,0.06,0.31
2024-02-02,0.0,53,16,6,0,1,0.05,0.0,0.06,0.14,0.0,0.0,0.0,0.0,288522160000.0,0.06,0.31
2024-02-01,0.0,53,15,7,0,1,0.05,0.0,0.06,0.16,0.0,0.0,0.0,0.0,288522160000.0,0.06,0.33
2024-01-31,0.0,52,15,8,0,1,0.05,0.0,0.06,0.17,0.0,0.0,0.0,0.0,288962160000.0,0.06,0.34
2024-01-30,0.0,52,14,9,0,1,0.05,0.0,0.06,0.17,0.0,0.0,0.0,0.0,288962160000.0,0.06,0.34
2024-01-29,0.0,54,12,9,1,0,0.05,0.0,0.06,0.15,0.0,0.0,0.0,0.0,288962160000.0,0.04,0.3
2024-01-28,0.0,55,11,9,1,0,0.05,0.0,0.06,0.15,0.0,0.0,0.0,0.0,288962160000.0,0.03,0.29
2024-01-27,0.0,55,11,9,1,0,0.05,0.0,0.06,0.15,0.0,0.0,0.0,0.0,288962160000.0,0.03,0.29
2024-01-26,0.0,55,11,9,1,0,0.05,0.0,0.06,0.15,0.0,0.0,0.0,0.0,288962160000.0,0.03,0.29
2024-01-25,0.0,54,12,9,1,0,0.05,0.0,0.06,0.15,0.0,0.0,0.0,0.0,288962160000.0,0.02,0.28
2024-01-24,0.0,54,12,9,1,0,0.05,0.0,0.06,0.16,0.0,0.0,0.0,0.0,288962160000.0,0.02,0.29
2024-01-23,0.0,54,12,9,1,0,0.05,0.0,0.06,0.17,0.0,0.0,0.0,0.0,288962160000.0,0.02,0.3
2024-01-22,0.0,56,10,9,1,0,0.05,0.0,0.06,0.14,0.0,0.0,0.0,0.0,288962160000.0,0.02,0.27
2024-01-21,0.0,56,10,9,1,0,0.05,0.0,0.06,0.14,0.0,0.0,0.0,0.0,288962160000.0,0.02,0.27
2024-01-20,0.0,56,10,9,1,0,0.05,0.0,0.06,0.14,0.0,0.0,0.0,0.0,288962160000.0,0.02,0.27
2024-01-19,0.0,55,11,9,1,0,0.05,0.0,0.06,0.14,0.0,0.0,0.0,0.0,288962160000.0,0.02,0.27
2024-01-18,0.0,55,11,9,1,0,0.05,0.0,0.06,0.14,0.0,0.0,0.0,0.0,288962160000.0,0.02,0.27
2024-01-17,0.0,55,12,8,1,0,0.05,0.0,0.03,0.14,0.0,0.0,0.0,0.0,288962160000.0,0.02,0.24
2024-01-16,0.0,55,12,8,1,0,0.05,0.0,0.03,0.14,0.0,0.0,0.0,0.0,288962160000.0,0.02,0.24
2024-01-15,0.0,55,12,8,1,0,0.05,0.0,0.03,0.14,0.0,0.0,0.0,0.0,288962160000.0,0.02,0.24
2024-01-14,0.0,55,13,7,1,0,0.05,0.0,0.03,0.14,0.0,0.0,0.0,0.0,288962160000.0,0.02,0.24
2024-01-13,0.0,55,13,7,1,0,0.05,0.0,0.03,0.14,0.0,0.0,0.0,0.0,288962160000.0,0.02,0.24
2024-01-12,0.0,55,13,7,1,0,0.05,0.0,0.03,0.14,0.0,0.0,0.0,0.0,288962160000.0,0.02,0.24
2024-01-11,0.0,57,11,7,1,0,0.05,0.0,0.02,0.14,0.0,0.0,0.0,0.0,288962160000.0,0.02,0.23
2024-01-10,0.0,57,11,7,1,0,0.05,0.0,0.01,0.14,0.0,0.0,0.0,0.0,288962160000.0,0.02,0.22
2024-01-09,0.0,57,11,7,1,0,0.05,0.0,0.01,0.13,0.0,0.0,0.0,0.0,288962160000.0,0.02,0.21
2024-01-08,0.0,57,11,6,2,0,0.05,0.0,0.01,0.13,0.0,0.0,0.0,0.0,288962160000.0,0.02,0.21
2024-01-07,0.0,57,11,6,2,0,0.05,0.0,0.01,0.13,0.0,0.0,0.0,0.0,288962160000.0,0.02,0.21
2024-01-06,0.0,57,11,6,2,0,0.05,0.0,0.01,0.13,0.0,0.0,0.0,0.0,288962160000.0,0.02,0.21
2024-01-05,0.0,57,11,6,2,0,0.05,0.0,0.01,0.13,0.0,0.0,0.0,0.0,288962160000.0,0.02,0.21
2024-01-04,0.0,57,11,6,2,0,0.05,0.0,0.01,0.13,0.0,0.0,0.0,0.0,288962160000.0,0.02,0.21
2024-01-03,0.0,57,12,5,2,0,0.05,0.0,0.01,0.12,0.0,0.0,0.0,0.0,288962160000.0,0.02,0.2
2024-01-02,0.0,57,12,5,2,0,0.05,0.0,0.01,0.12,0.0,0.0,0.0,0.0,288962160000.0,0.02,0.2
2024-01-01,0.0,57,13,4,2,0,0.05,0.0,0.01,0.12,0.0,0.0,0.0,0.0,288962160000.0,0.02,0.2
2023-12-31,0.0,57,13,4,2,0,0.05,0.0,0.01,0.11,0.0,0.0,0.0,0.0,268940280000.0,0.02,0.19
2023-12-30,0.0,57,13,4,2,0,0.05,0.0,0.01,0.11,0.0,0.0,0.0,0.0,268940280000.0,0.02,0.19
2023-12-29,0.0,57,13,4,2,0,0.05,0.0,0.01,0.11,0.0,0.0,0.0,0.0,268940280000.0,0.02,0.19
2023-12-28,0.0,57,13,3,3,0,0.05,0.0,0.01,0.11,0.0,0.0,0.0,0.0,268940280000.0,0.03,0.2
2023-12-27,0.0,56,14,3,3,0,0.05,0.0,0.01,0.1,0.0,0.0,0.0,0.0,268940280000.0,0.03,0.19
2023-12-26,0.0,55,15,3,3,0,0.05,0.0,0.01,0.12,0.0,0.0,0.0,0.0,268940280000.0,0.03,0.21
2023-12-25,0.0,55,14,4,3,0,0.05,0.0,0.01,0.12,0.0,0.0,0.0,0.0,268940280000.0,0.04,0.22
2023-12-24,0.0,55,14,4,3,0,0.05,0.0,0.01,0.12,0.0,0.0,0.0,0.0,268940280000.0,0.04,0.22
2023-12-23,0.0,55,14,4,3,0,0.05,0.0,0.01,0.12,0.0,0.0,0.0,0.0,268940280000.0,0.04,0.22
2023-12-22,0.0,55,14,4,3,0,0.05,0.0,0.01,0.12,0.0,0.0,0.0,0.0,268940280000.0,0.04,0.22
2023-12-21,0.0,55,15,3,3,0,0.05,0.0,0.01,0.12,0.0,0.0,0.0,0.0,268940280000.0,0.04,0.22
2023-12-20,0.0,56,14,3,3,0,0.05,0.0,0.01,0.11,0.0,0.0,0.0,0.0,268940280000.0,0.04,0.21
2023-12-19,0.0,56,14,3,3,0,0.05,0.0,0.01,0.11,0.0,0.0,0.0,0.0,268940280000.0,0.04,0.21
2023-12-18,0.0,55,15,4,2,0,0.05,0.0,0.01,0.11,0.0,0.0,0.0,0.0,268940280000.0,0.04,0.21
2023-12-17,0.0,55,16,4,1,0,0.05,0.0,0.01,0.11,0.0,0.0,0.0,0.0,268940280000.0,0.04,0.21
2023-12-16,0.0,55,16,4,1,0,0.05,0.0,0.01,0.11,0.0,0.0,0.0,0.0,268940280000.0,0.04,0.21
2023-12-15,0.0,55,16,4,1,0,0.05,0.0,0.01,0.11,0.0,0.0,0.0,0.0,268940280000.0,0.04,0.21
2023-12-14,0.0,56,16,3,1,0,0.05,0.0,0.01,0.1,0.0,0.0,0.0,0.0,268940280000.0,0.03,0.19
2023-12-13,0.0,57,15,3,1,0,0.05,0.0,0.01,0.09,0.0,0.0,0.0,0.0,268940280000.0,0.03,0.18
2023-12-12,0.0,57,15,3,1,0,0.05,0.0,0.01,0.09,0.0,0.0,0.0,0.0,268940280000.0,0.03,0.18
2023-12-11,0.0,56,16,3,1,0,0.05,0.01,0.01,0.09,0.0,0.0,0.0,0.0,268940280000.0,0.03,0.19
2023-12-10,0.0,57,14,4,1,0,0.05,0.01,0.01,0.08,0.0,0.0,0.0,0.0,268940280000.0,0.04,0.19
2023-12-09,0.0,57,14,4,1,0,0.05,0.01,0.01,0.08,0.0,0.0,0.0,0.0,268940280000.0,0.04,0.19
2023-12-08,0.0,57,14,4,1,0,0.05,0.01,0.01,0.08,0.0,0.0,0.0,0.0,268940280000.0,0.05,0.2
2023-12-07,0.0,57,14,4,1,0,0.05,0.01,0.01,0.08,0.0,0.0,0.0,0.0,268940280000.0,0.05,0.2
2023-12-06,0.0,57,14,4,1,0,0.05,0.01,0.01,0.09,0.0,0.0,0.0,0.0,268940280000.0,0.04,0.2
2023-12-05,0.0,58,13,4,1,0,0.05,0.01,0.01,0.08,0.0,0.0,0.0,0.0,268940280000.0,0.04,0.19
2023-12-04,0.0,58,13,4,1,0,0.05,0.01,0.01,0.09,0.0,0.0,0.0,0.0,268940280000.0,0.05,0.21
2023-12-03,0.0,58,12,5,1,0,0.05,0.01,0.01,0.09,0.0,0.0,0.0,0.0,268940280000.0,0.05,0.21
2023-12-02,0.0,58,12,5,1,0,0.05,0.01,0.01,0.09,0.0,0.0,0.0,0.0,268940280000.0,0.05,0.21
2023-12-01,0.0,58,12,5,1,0,0.05,0.01,0.01,0.09,0.0,0.0,0.0,0.0,268940280000.0,0.05,0.21
2023-11-30,0.0,59,11,5,1,0,0.05,0.01,0.01,0.08,0.0,0.0,0.0,0.0,268940280000.0,0.05,0.2
2023-11-29,0.0,59,11,5,1,0,0.05,0.01,0.02,0.08,0.0,0.0,0.0,0.0,268940280000.0,0.05,0.21
2023-11-28,0.0,59,12,4,1,0,0.05,0.01,0.02,0.09,0.0,0.0,0.0,0.0,268940280000.0,0.04,0.21
2023-11-27,0.0,59,12,4,1,0,0.05,0.01,0.02,0.09,0.0,0.0,0.0,0.0,268940280000.0,0.04,0.21
2023-11-26,0.0,58,13,4,1,0,0.05,0.01,0.02,0.09,0.0,0.0,0.0,0.0,268940280000.0,0.04,0.21
2023-11-25,0.0,58,13,4,1,0,0.05,0.01,0.02,0.09,0.0,0.0,0.0,0.0,268940280000.0,0.04,0.21
2023-11-24,0.0,58,12,5,1,0,0.05,0.01,0.02,0.09,0.0,0.0,0.0,0.0,268940280000.0,0.04,0.21
2023-11-23,0.0,57,12,6,1,0,0.05,0.01,0.02,0.09,0.0,0.0,0.0,0.0,268940280000.0,0.04,0.21
2023-11-22,0.0,57,12,6,1,0,0.05,0.01,0.02,0.1,0.0,0.0,0.0,0.0,268940280000.0,0.04,0.22
2023-11-21,0.0,57,12,6,1,0,0.05,0.01,0.02,0.1,0.0,0.0,0.0,0.0,268940280000.0,0.04,0.22
2023-11-20,0.0,57,12,5,2,0,0.05,0.01,0.02,0.11,0.0,0.0,0.0,0.0,268940280000.0,0.04,0.23
2023-11-19,0.0,58,12,4,2,0,0.05,0.01,0.02,0.11,0.0,0.0,0.0,0.0,268940280000.0,0.04,0.23
2023-11-18,0.0,58,12,4,2,0,0.05,0.01,0.02,0.11,0.0,0.0,0.0,0.0,268940280000.0,0.04,0.23
2023-11-17,0.0,58,12,4,2,0,0.05,0.01,0.02,0.11,0.0,0.0,0.0,0.0,268940280000.0,0.04,0.23
2023-11-16,0.0,57,13,4,2,0,0.05,0.01,0.02,0.11,0.0,0.0,0.0,0.0,268940280000.0,0.04,0.23
2023-11-15,0.0,56,14,4,2,0,0.05,0.01,0.02,0.11,0.0,0.0,0.0,0.0,268940280000.0,0.04,0.23
2023-11-14,0.0,56,14,4,2,0,0.05,0.01,0.02,0.11,0.0,0.0,0.0,0.0,268940280000.0,0.04,0.23
2023-11-13,0.0,56,14,4,2,0,0.05,0.01,0.02,0.1,0.0,0.0,0.0,0.0,268940280000.0,0.04,0.22
2023-11-12,0.0,56,14,4,2,0,0.05,0.01,0.02,0.1,0.0,0.0,0.0,0.0,268940280000.0,0.04,0.22
2023-11-11,0.0,56,14,4,2,0,0.05,0.01,0.02,0.1,0.0,0.0,0.0,0.0,268940280000.0,0.04,0.22
2023-11-10,0.0,56,14,4,2,0,0.05,0.01,0.02,0.1,0.0,0.0,0.0,0.0,268940280000.0,0.04,0.22
2023-11-09,0.0,56,15,3,2,0,0.05,0.01,0.02,0.1,0.0,0.0,0.0,0.0,268940280000.0,0.03,0.21
2023-11-08,0.0,57,14,3,2,0,0.05,0.01,0.02,0.1,0.0,0.0,0.0,0.0,268940280000.0,0.03,0.21
2023-11-07,0.0,56,15,3,2,0,0.05,0.01,0.02,0.11,0.0,0.0,0.0,0.0,268940280000.0,0.03,0.22
2023-11-06,0.0,56,15,3,2,0,0.05,0.01,0.02,0.11,0.0,0.0,0.0,0.0,268940280000.0,0.04,0.23
2023-11-05,0.0,57,14,2,3,0,0.05,0.01,0.02,0.1,0.0,0.0,0.0,0.0,268940280000.0,0.04,0.22
2023-11-04,0.0,56,15,2,3,0,0.05,0.01,0.02,0.1,0.0,0.0,0.0,0.0,268940280000.0,0.04,0.22
2023-11-03,0.0,56,15,2,3,0,0.05,0.01,0.02,0.1,0.0,0.0,0.0,0.0,268940280000.0,0.04,0.22
2023-11-02,0.0,55,16,2,3,0,0.05,0.01,0.02,0.1,0.0,0.0,0.0,0.0,268940280000.0,0.04,0.22
2023-11-01,0.0,55,16,3,2,0,0.05,0.01,0.02,0.1,0.0,0.0,0.0,0.0,268940280000.0,0.04,0.22
2023-10-31,0.0,54,17,3,2,0,0.05,0.01,0.02,0.1,0.0,0.0,0.0,0.0,268940280000.0,0.04,0.22
2023-10-30,0.0,54,18,2,2,0,0.05,0.01,0.02,0.1,0.0,0.0,0.0,0.0,268940280000.0,0.04,0.22
2023-10-29,0.0,54,17,3,2,0,0.05,0.01,0.02,0.1,0.0,0.0,0.0,0.0,268940280000.0,0.04,0.22
2023-10-28,0.0,54,17,3,2,0,0.05,0.01,0.02,0.1,0.0,0.0,0.0,0.0,268940280000.0,0.04,0.22
2023-10-27,0.0,54,17,3,2,0,0.05,0.01,0.02,0.1,0.0,0.0,0.0,0.0,268940280000.0,0.04,0.22
2023-10-26,0.0,54,17,3,2,0,0.05,0.01,0.02,0.1,0.0,0.0,0.0,0.0,268940280000.0,0.04,0.22
2023-10-25,0.0,54,17,3,2,0,0.05,0.01,0.02,0.1,0.0,0.0,0.0,0.0,268940280000.0,0.04,0.22
2023-10-24,0.0,54,17,3,2,0,0.05,0.01,0.02,0.1,0.0,0.0,0.0,0.0,268940280000.0,0.04,0.22
2023-10-23,0.0,54,16,4,2,0,0.05,0.01,0.02,0.11,0.0,0.0,0.0,0.0,268940280000.0,0.04,0.23
2023-10-22,0.0,54,16,4,2,0,0.05,0.01,0.02,0.1,0.0,0.0,0.0,0.0,268940280000.0,0.04,0.22
2023-10-21,0.0,54,16,4,2,0,0.05,0.01,0.02,0.1,0.0,0.0,0.0,0.0,268940280000.0,0.04,0.22
2023-10-20,0.0,53,17,4,2,0,0.08,0.01,0.02,0.1,0.0,0.0,0.0,0.0,268940280000.0,0.04,0.25
2023-10-19,0.0,54,16,4,2,0,0.08,0.01,0.02,0.1,0.0,0.0,0.0,0.0,268940280000.0,0.04,0.25
2023-10-18,0.0,56,14,4,2,0,0.08,0.01,0.02,0.11,0.0,0.0,0.0,0.0,268940280000.0,0.04,0.26
2023-10-17,0.0,56,14,5,1,0,0.08,0.0,0.02,0.11,0.0,0.0,0.0,0.0,268940280000.0,0.04,0.25
2023-10-16,0.0,56,16,3,1,0,0.06,0.0,0.02,0.11,0.0,0.0,0.0,0.0,268940280000.0,0.04,0.23
2023-10-15,0.0,56,16,3,1,0,0.06,0.0,0.02,0.11,0.0,0.0,0.0,0.0,268940280000.0,0.04,0.23
2023-10-14,0.0,56,16,3,1,0,0.06,0.0,0.02,0.11,0.0,0.0,0.0,0.0,268940280000.0,0.04,0.23
2023-10-13,0.0,56,16,3,1,0,0.06,0.0,0.02,0.11,0.0,0.0,0.0,0.0,268940280000.0,0.04,0.23
2023-10-12,0.0,57,15,3,1,0,0.06,0.0,0.02,0.11,0.0,0.0,0.0,0.0,268940280000.0,0.04,0.23
2023-10-11,0.0,57,15,3,1,0,0.06,0.0,0.02,0.11,0.0,0.0,0.0,0.0,268940280000.0,0.06,0.25
2023-10-10,0.0,56,17,2,1,0,0.06,0.0,0.02,0.11,0.0,0.0,0.0,0.0,268940280000.0,0.06,0.25
2023-10-09,0.0,56,17,2,1,0,0.06,0.0,0.02,0.11,0.0,0.0,0.0,0.0,268940280000.0,0.06,0.25
2023-10-08,0.0,56,17,2,1,0,0.05,0.0,0.02,0.11,0.0,0.0,0.0,0.0,268940280000.0,0.06,0.24
2023-10-07,0.0,56,17,2,1,0,0.05,0.0,0.02,0.11,0.0,0.0,0.0,0.0,268940280000.0,0.06,0.24
2023-10-06,0.0,56,17,2,1,0,0.05,0.0,0.02,0.11,0.0,0.0,0.0,0.0,268940280000.0,0.06,0.24
2023-10-05,0.0,58,15,2,1,0,0.05,0.0,0.02,0.1,0.0,0.0,0.0,0.0,268940280000.0,0.06,0.23
2023-10-04,0.0,57,16,2,1,0,0.05,0.0,0.02,0.1,0.0,0.0,0.0,0.0,268940280000.0,0.06,0.23
2023-10-03,0.0,56,17,2,1,0,0.05,0.0,0.02,0.11,0.0,0.0,0.0,0.0,268940280000.0,0.06,0.24
2023-10-02,0.0,56,17,2,1,0,0.05,0.0,0.02,0.11,0.0,0.0,0.0,0.0,268940280000.0,0.06,0.24
2023-10-01,0.0,56,17,2,1,0,0.05,0.0,0.02,0.1,0.0,0.0,0.0,0.0,268940280000.0,0.06,0.23
2023-09-30,0.0,55,17,3,1,0,0.05,0.0,0.02,0.11,0.0,0.0,0.0,0.0,263335390000.0,0.06,0.24
2023-09-29,0.0,55,17,3,1,0,0.05,0.0,0.02,0.11,0.0,0.0,0.0,0.0,263335390000.0,0.07,0.25
2023-09-28,0.0,54,18,3,1,0,0.05,0.0,0.02,0.11,0.0,0.0,0.0,0.0,263335390000.0,0.07,0.25
2023-09-27,0.0,56,14,5,1,0,0.05,0.0,0.03,0.11,0.0,0.0,0.0,0.0,263335390000.0,0.07,0.26
2023-09-26,0.0,56,14,5,1,0,0.05,0.0,0.03,0.11,0.0,0.0,0.0,0.0,263335390000.0,0.07,0.26
2023-09-25,0.0,56,14,5,1,0,0.05,0.0,0.03,0.11,0.0,0.0,0.0,0.0,263335390000.0,0.06,0.25
2023-09-24,0.0,56,14,5,1,0,0.05,0.0,0.03,0.11,0.0,0.0,0.0,0.0,263335390000.0,0.07,0.26
2023-09-23,0.0,56,14,5,1,0,0.05,0.0,0.03,0.11,0.0,0.0,0.0,0.0,263335390000.0,0.07,0.26
2023-09-22,0.0,56,14,5,1,0,0.05,0.0,0.03,0.11,0.0,0.0,0.0,0.0,263335390000.0,0.07,0.26
2023-09-21,0.0,56,14,5,1,0,0.05,0.0,0.02,0.11,0.0,0.0,0.0,0.0,263335390000.0,0.07,0.25
2023-09-20,0.0,57,13,5,1,0,0.05,0.0,0.02,0.11,0.0,0.0,0.0,0.0,263335390000.0,0.07,0.25
2023-09-19,0.0,56,14,5,1,0,0.05,0.0,0.02,0.11,0.0,0.0,0.0,0.0,263335390000.0,0.07,0.25
2023-09-18,0.0,57,13,5,1,0,0.05,0.0,0.02,0.11,0.0,0.0,0.0,0.0,263335390000.0,0.07,0.25
2023-09-17,0.0,57,13,5,1,0,0.05,0.0,0.03,0.11,0.0,0.0,0.0,0.0,263335390000.0,0.07,0.26
2023-09-16,0.0,57,13,5,1,0,0.05,0.0,0.03,0.11,0.0,0.0,0.0,0.0,263335390000.0,0.07,0.26
2023-09-15,0.0,57,13,5,1,0,0.05,0.0,0.03,0.11,0.0,0.0,0.0,0.0,263335390000.0,0.07,0.26
2023-09-14,0.0,57,13,5,1,0,0.05,0.0,0.03,0.11,0.0,0.0,0.0,0.0,263335390000.0,0.07,0.26
2023-09-13,0.0,56,14,6,0,0,0.05,0.0,0.03,0.11,0.0,0.0,0.0,0.0,263335390000.0,0.07,0.26
2023-09-12,0.0,57,13,6,0,0,0.05,0.0,0.03,0.1,0.0,0.0,0.0,0.0,263335390000.0,0.07,0.25
2023-09-11,0.0,57,13,6,0,0,0.05,0.0,0.03,0.1,0.0,0.0,0.0,0.0,263335390000.0,0.07,0.25
2023-09-10,0.0,57,12,7,0,0,0.07,0.0,0.03,0.1,0.0,0.0,0.0,0.0,263335390000.0,0.07,0.27
2023-09-09,0.0,56,13,7,0,0,0.07,0.0,0.03,0.1,0.0,0.0,0.0,0.0,263335390000.0,0.07,0.27
2023-09-08,0.0,56,13,7,0,0,0.07,0.0,0.03,0.1,0.0,0.0,0.0,0.0,263335390000.0,0.07,0.27
2023-09-07,0.0,59,10,7,0,0,0.07,0.0,0.03,0.09,0.0,0.0,0.0,0.0,263335390000.0,0.04,0.23
2023-09-06,0.0,59,10,6,1,0,0.07,0.0,0.03,0.09,0.0,0.0,0.0,0.0,263335390000.0,0.04,0.23
2023-09-05,0.0,59,10,6,1,0,0.07,0.0,0.03,0.09,0.0,0.0,0.0,0.0,263335390000.0,0.04,0.23
2023-09-04,0.0,59,10,6,1,0,0.07,0.0,0.03,0.09,0.0,0.0,0.0,0.0,263335390000.0,0.04,0.23
2023-09-03,0.0,59,10,6,1,0,0.07,0.0,0.02,0.09,0.0,0.0,0.0,0.0,263335390000.0,0.04,0.22
2023-09-02,0.0,59,10,6,1,0,0.07,0.0,0.02,0.09,0.0,0.0,0.0,0.0,263335390000.0,0.04,0.22
2023-09-01,0.0,59,10,6,1,0,0.07,0.0,0.02,0.09,0.0,0.0,0.0,0.0,263335390000.0,0.04,0.22
2023-08-31,0.0,59,10,6,1,0,0.07,0.0,0.02,0.09,0.0,0.0,0.0,0.0,263335390000.0,0.04,0.22
2023-08-30,0.0,59,10,6,1,0,0.07,0.0,0.02,0.1,0.0,0.0,0.0,0.0,263335390000.0,0.04,0.23
2023-08-29,0.0,59,10,6,1,0,0.07,0.0,0.02,0.1,0.0,0.0,0.0,0.0,263335390000.0,0.04,0.23
2023-08-28,0.0,59,10,6,1,0,0.07,0.0,0.02,0.1,0.0,0.0,0.0,0.0,263335390000.0,0.04,0.23
2023-08-27,0.0,59,10,6,1,0,0.07,0.0,0.02,0.1,0.0,0.0,0.0,0.0,263335390000.0,0.04,0.23
2023-08-26,0.0,59,10,6,1,0,0.07,0.0,0.02,0.1,0.0,0.0,0.0,0.0,263335390000.0,0.04,0.23
2023-08-25,0.0,59,10,6,1,0,0.07,0.0,0.02,0.1,0.0,0.0,0.0,0.0,263335390000.0,0.04,0.23
2023-08-24,0.0,59,10,6,1,0,0.07,0.0,0.02,0.1,0.0,0.0,0.0,0.0,263335390000.0,0.04,0.23
2023-08-23,0.0,59,10,5,2,0,0.07,0.0,0.02,0.1,0.0,0.0,0.0,0.0,263335390000.0,0.04,0.23
2023-08-22,0.0,59,10,5,2,0,0.07,0.0,0.02,0.1,0.0,0.0,0.0,0.0,263335390000.0,0.04,0.23
2023-08-21,0.0,59,10,6,1,0,0.07,0.0,0.02,0.1,0.0,0.0,0.0,0.0,263335390000.0,0.04,0.23
2023-08-20,0.0,59,10,6,1,0,0.07,0.0,0.02,0.1,0.0,0.0,0.0,0.0,263335390000.0,0.04,0.23
2023-08-19,0.0,59,10,6,1,0,0.07,0.0,0.02,0.1,0.0,0.0,0.0,0.0,263335390000.0,0.04,0.23
2023-08-18,0.0,59,10,6,1,0,0.07,0.0,0.02,0.1,0.0,0.0,0.0,0.0,263335390000.0,0.04,0.23
2023-08-17,0.0,59,10,5,2,0,0.07,0.0,0.02,0.1,0.0,0.0,0.0,0.0,263335390000.0,0.04,0.23
2023-08-16,0.0,59,10,6,1,0,0.07,0.0,0.02,0.1,0.0,0.0,0.0,0.0,263335390000.0,0.04,0.23
2023-08-15,0.0,58,11,6,1,0,0.07,0.0,0.02,0.1,0.0,0.0,0.0,0.0,263335390000.0,0.04,0.23
2023-08-14,0.0,57,12,6,1,0,0.07,0.0,0.02,0.1,0.0,0.0,0.0,0.0,263335390000.0,0.04,0.23
2023-08-13,0.0,56,13,5,2,0,0.07,0.0,0.02,0.11,0.0,0.0,0.0,0.0,263335390000.0,0.04,0.24
2023-08-12,0.0,56,13,5,2,0,0.07,0.0,0.02,0.11,0.0,0.0,0.0,0.0,263335390000.0,0.04,0.24
2023-08-11,0.0,55,14,5,2,0,0.07,0.0,0.02,0.11,0.0,0.0,0.0,0.0,263335390000.0,0.05,0.25
2023-08-10,0.0,55,14,5,2,0,0.07,0.0,0.02,0.12,0.0,0.0,0.0,0.0,263335390000.0,0.05,0.26
2023-08-09,0.0,55,14,5,2,0,0.07,0.0,0.02,0.11,0.0,0.0,0.0,0.0,263335390000.0,0.04,0.24
2023-08-08,0.0,55,15,4,2,0,0.07,0.0,0.01,0.11,0.0,0.0,0.0,0.0,263335390000.0,0.04,0.23
2023-08-07,0.0,55,15,4,2,0,0.07,0.0,0.01,0.11,0.0,0.0,0.0,0.0,263335390000.0,0.04,0.23
2023-08-06,0.0,55,14,5,2,0,0.07,0.0,0.01,0.12,0.0,0.0,0.0,0.0,263335390000.0,0.04,0.24
2023-08-05,0.0,55,14,5,2,0,0.07,0.0,0.01,0.12,0.0,0.0,0.0,0.0,263335390000.0,0.04,0.24
2023-08-04,0.0,55,14,5,2,0,0.07,0.0,0.01,0.12,0.0,0.0,0.0,0.0,263335390000.0,0.04,0.24
2023-08-03,0.0,55,14,4,3,0,0.07,0.0,0.01,0.12,0.0,0.0,0.0,0.0,263335390000.0,0.04,0.24
2023-08-02,0.0,55,14,5,2,0,0.07,0.0,0.01,0.12,0.0,0.0,0.0,0.0,263335390000.0,0.04,0.24
2023-08-01,0.0,55,14,5,2,0,0.07,0.0,0.01,0.12,0.0,0.0,0.0,0.0,263335390000.0,0.04,0.24
2023-07-31,0.0,57,11,6,2,0,0.07,0.0,0.02,0.12,0.0,0.0,0.0,0.0,263335390000.0,0.04,0.25
2023-07-30,0.0,56,11,7,2,0,0.07,0.0,0.02,0.11,0.0,0.0,0.0,0.0,263335390000.0,0.04,0.24
2023-07-29,0.0,56,11,7,2,0,0.07,0.0,0.02,0.11,0.0,0.0,0.0,0.0,263335390000.0,0.04,0.24
2023-07-28,0.0,56,11,7,2,0,0.07,0.0,0.02,0.11,0.0,0.0,0.0,0.0,263335390000.0,0.04,0.24
2023-07-27,0.0,56,11,7,2,0,0.07,0.0,0.02,0.11,0.0,0.0,0.0,0.0,263335390000.0,0.04,0.24
2023-07-26,0.0,56,11,7,2,0,0.07,0.0,0.02,0.12,0.0,0.0,0.0,0.0,263335390000.0,0.05,0.26
2023-07-25,0.0,56,11,7,2,0,0.07,0.0,0.02,0.13,0.0,0.0,0.0,0.0,263335390000.0,0.05,0.27
2023-07-24,0.0,55,12,7,2,0,0.07,0.0,0.02,0.13,0.0,0.0,0.0,0.0,263335390000.0,0.05,0.27
2023-07-23,0.0,55,12,7,2,0,0.07,0.0,0.03,0.13,0.0,0.0,0.0,0.0,263335390000.0,0.05,0.28
2023-07-22,0.0,55,12,7,2,0,0.07,0.0,0.03,0.13,0.0,0.0,0.0,0.0,263335390000.0,0.05,0.28
2023-07-21,0.0,55,12,7,2,0,0.07,0.0,0.03,0.13,0.0,0.0,0.0,0.0,263335390000.0,0.05,0.28
2023-07-20,0.0,55,12,7,2,0,0.07,0.0,0.03,0.12,0.0,0.01,0.0,0.0,263335390000.0,0.05,0.28
2023-07-19,0.0,55,13,6,2,0,0.07,0.0,0.03,0.11,0.0,0.01,0.0,0.0,263335390000.0,0.04,0.26
2023-07-18,0.0,55,13,6,2,0,0.07,0.0,0.03,0.11,0.0,0.01,0.0,0.0,263335390000.0,0.04,0.26
2023-07-17,0.0,54,14,6,2,0,0.07,0.0,0.03,0.12,0.0,0.01,0.0,0.0,263335390000.0,0.04,0.27
2023-07-16,0.0,54,14,6,2,0,0.07,0.0,0.03,0.12,0.0,0.01,0.0,0.0,263335390000.0,0.04,0.27
2023-07-15,0.0,54,14,6,2,0,0.07,0.0,0.03,0.12,0.0,0.01,0.0,0.0,263335390000.0,0.04,0.27
2023-07-14,0.0,53,14,7,2,0,0.07,0.0,0.03,0.12,0.0,0.01,0.0,0.0,263335390000.0,0.04,0.27
2023-07-13,0.0,54,13,6,3,0,0.07,0.0,0.03,0.13,0.0,0.01,0.0,0.0,263335390000.0,0.05,0.29
2023-07-12,0.0,54,13,6,3,0,0.07,0.0,0.03,0.13,0.0,0.01,0.0,0.0,263335390000.0,0.05,0.29
2023-07-11,0.0,54,13,6,3,0,0.07,0.0,0.03,0.13,0.0,0.01,0.0,0.0,263335390000.0,0.05,0.29
2023-07-10,0.0,54,13,5,4,0,0.07,0.0,0.03,0.13,0.0,0.01,0.0,0.0,263335390000.0,0.06,0.3
2023-07-09,0.0,54,13,5,4,0,0.07,0.0,0.03,0.14,0.0,0.01,0.0,0.0,263335390000.0,0.06,0.31
2023-07-08,0.0,54,13,5,4,0,0.07,0.0,0.03,0.14,0.0,0.01,0.0,0.0,263335390000.0,0.06,0.31
2023-07-07,0.0,53,14,5,4,0,0.07,0.0,0.03,0.16,0.0,0.01,0.0,0.0,263335390000.0,0.06,0.33
2023-07-06,0.0,53,13,5,5,0,0.07,0.0,0.03,0.17,0.0,0.01,0.0,0.0,263335390000.0,0.06,0.34
2023-07-05,0.0,53,13,5,5,0,0.07,0.0,0.03,0.18,0.0,0.01,0.0,0.0,263335390000.0,0.06,0.35
2023-07-04,0.0,53,13,5,5,0,0.07,0.0,0.03,0.18,0.0,0.01,0.0,0.0,263335390000.0,0.06,0.35
2023-07-03,0.0,52,14,5,5,0,0.07,0.0,0.03,0.18,0.0,0.01,0.0,0.0,263335390000.0,0.06,0.35
2023-07-02,0.0,53,13,5,5,0,0.07,0.0,0.03,0.17,0.0,0.01,0.0,0.0,263335390000.0,0.06,0.34
2023-07-01,0.0,52,14,5,5,0,0.07,0.0,0.03,0.18,0.0,0.01,0.0,0.0,263335390000.0,0.06,0.35
2023-06-30,0.0,52,14,5,5,0,0.07,0.0,0.03,0.18,0.0,0.01,0.0,0.0,263335390000.0,0.06,0.35
2023-06-29,0.0,52,15,4,5,0,0.07,0.0,0.03,0.18,0.0,0.01,0.0,0.0,263335390000.0,0.06,0.35
2023-06-28,0.0,52,15,6,3,0,0.07,0.0,0.03,0.17,0.0,0.01,0.0,0.0,263335390000.0,0.05,0.33
2023-06-27,0.0,52,16,5,3,0,0.07,0.0,0.03,0.17,0.0,0.01,0.0,0.0,263335390000.0,0.05,0.33
2023-06-26,0.0,52,16,5,3,0,0.07,0.0,0.03,0.17,0.0,0.01,0.0,0.0,263335390000.0,0.05,0.33
2023-06-25,0.0,52,16,5,3,0,0.07,0.0,0.03,0.17,0.0,0.01,0.0,0.0,263335390000.0,0.05,0.33
2023-06-24,0.0,52,16,5,3,0,0.07,0.0,0.03,0.17,0.0,0.01,0.0,0.0,263335390000.0,0.05,0.33
2023-06-23,0.0,52,16,5,3,0,0.07,0.0,0.03,0.17,0.0,0.01,0.0,0.0,263335390000.0,0.05,0.33
2023-06-22,0.0,53,15,5,3,0,0.07,0.0,0.03,0.17,0.0,0.01,0.0,0.0,263335390000.0,0.05,0.33
2023-06-21,0.0,53,15,5,3,0,0.07,0.0,0.03,0.17,0.0,0.01,0.0,0.0,263335390000.0,0.05,0.33
2023-06-20,0.0,53,15,5,3,0,0.07,0.0,0.03,0.17,0.0,0.01,0.0,0.0,263335390000.0,0.05,0.33
2023-06-19,0.0,53,15,5,3,0,0.06,0.0,0.03,0.16,0.0,0.01,0.0,0.0,263335390000.0,0.05,0.31
2023-06-18,0.0,53,15,5,3,0,0.06,0.0,0.03,0.16,0.0,0.01,0.0,0.0,263335390000.0,0.05,0.31
2023-06-17,0.0,53,15,5,3,0,0.06,0.0,0.03,0.16,0.0,0.01,0.0,0.0,263335390000.0,0.05,0.31
2023-06-16,0.0,53,15,5,3,0,0.06,0.0,0.03,0.16,0.0,0.01,0.0,0.0,263335390000.0,0.05,0.31
2023-06-15,0.0,53,15,5,3,0,0.06,0.0,0.03,0.16,0.0,0.01,0.0,0.0,263335390000.0,0.05,0.31
2023-06-14,0.0,53,15,5,3,0,0.06,0.0,0.03,0.16,0.0,0.01,0.0,0.0,263335390000.0,0.05,0.31
2023-06-13,0.0,53,14,6,3,0,0.06,0.0,0.03,0.17,0.0,0.01,0.0,0.0,263335390000.0,0.05,0.32
2023-06-12,0.0,53,14,6,3,0,0.06,0.0,0.03,0.17,0.0,0.01,0.0,0.0,263335390000.0,0.05,0.32
2023-06-11,0.0,52,15,6,3,0,0.06,0.0,0.03,0.17,0.0,0.01,0.0,0.0,263335390000.0,0.05,0.32
2023-06-10,0.0,52,15,6,3,0,0.06,0.0,0.03,0.17,0.0,0.01,0.0,0.0,263335390000.0,0.05,0.32
2023-06-09,0.0,52,15,5,4,0,0.06,0.0,0.03,0.17,0.0,0.01,0.0,0.0,263335390000.0,0.06,0.33
2023-06-08,0.0,52,15,5,4,0,0.06,0.0,0.03,0.17,0.0,0.01,0.0,0.0,263335390000.0,0.06,0.33
2023-06-07,0.0,51,16,5,4,0,0.06,0.0,0.03,0.17,0.0,0.01,0.0,0.0,263335390000.0,0.06,0.33
2023-06-06,0.0,52,15,5,4,0,0.06,0.0,0.03,0.16,0.0,0.01,0.0,0.0,263335390000.0,0.06,0.32
2023-06-05,0.0,51,17,4,4,0,0.06,0.0,0.03,0.15,0.0,0.01,0.0,0.0,263335390000.0,0.07,0.32
2023-06-04,0.0,51,17,4,4,0,0.06,0.0,0.03,0.15,0.0,0.01,0.0,0.0,263335390000.0,0.07,0.32
2023-06-03,0.0,51,17,4,4,0,0.06,0.0,0.03,0.15,0.0,0.01,0.0,0.0,263335390000.0,0.07,0.32
2023-06-02,0.0,51,17,4,4,0,0.06,0.0,0.03,0.15,0.0,0.01,0.0,0.0,263335390000.0,0.07,0.32
2023-06-01,0.0,52,16,5,3,0,0.06,0.0,0.03,0.14,0.0,0.01,0.0,0.0,263335390000.0,0.07,0.31
2023-05-31,0.0,52,16,5,3,0,0.06,0.0,0.03,0.14,0.0,0.01,0.0,0.0,263335390000.0,0.07,0.31
2023-05-30,0.0,52,16,5,3,0,0.06,0.0,0.03,0.14,0.0,0.01,0.0,0.0,263335390000.0,0.07,0.31
2023-05-29,0.0,51,17,5,3,0,0.08,0.0,0.03,0.14,0.0,0.01,0.0,0.0,263335390000.0,0.07,0.33
2023-05-28,0.0,51,17,5,3,0,0.08,0.0,0.03,0.14,0.0,0.01,0.0,0.0,263335390000.0,0.07,0.33
2023-05-27,0.0,51,17,5,3,0,0.08,0.0,0.03,0.14,0.0,0.01,0.0,0.0,263335390000.0,0.07,0.33
2023-05-26,0.0,51,17,5,3,0,0.08,0.0,0.03,0.14,0.0,0.01,0.0,0.0,263335390000.0,0.07,0.33
2023-05-25,0.0,51,17,5,3,0,0.08,0.0,0.03,0.14,0.0,0.01,0.0,0.0,263335390000.0,0.07,0.33
2023-05-24,0.0,51,17,5,3,0,0.08,0.0,0.03,0.14,0.0,0.01,0.0,0.0,263335390000.0,0.07,0.33
2023-05-23,0.0,51,17,6,2,0,0.08,0.0,0.03,0.13,0.0,0.01,0.0,0.0,263335390000.0,0.06,0.31
2023-05-22,0.0,50,18,6,2,0,0.08,0.0,0.03,0.13,0.0,0.01,0.0,0.0,263335390000.0,0.06,0.31
2023-05-21,0.0,50,18,6,2,0,0.08,0.0,0.03,0.13,0.0,0.01,0.0,0.0,263335390000.0,0.06,0.31
2023-05-20,0.0,49,19,6,2,0,0.08,0.0,0.03,0.13,0.0,0.01,0.0,0.0,263335390000.0,0.06,0.31
2023-05-19,0.0,47,20,7,2,0,0.08,0.0,0.03,0.18,0.0,0.01,0.0,0.0,263335390000.0,0.06,0.36
2023-05-18,0.0,47,20,7,2,0,0.08,0.0,0.03,0.18,0.0,0.01,0.0,0.0,263335390000.0,0.07,0.37
2023-05-17,0.0,47,20,7,2,0,0.08,0.0,0.03,0.18,0.0,0.01,0.0,0.0,263335390000.0,0.07,0.37
2023-05-16,0.0,47,20,7,2,0,0.08,0.0,0.03,0.18,0.0,0.01,0.0,0.0,263335390000.0,0.08,0.38
2023-05-15,0.0,47,21,6,2,0,0.08,0.0,0.03,0.18,0.0,0.01,0.0,0.0,263335390000.0,0.08,0.38
2023-05-14,0.0,47,21,6,2,0,0.08,0.0,0.03,0.18,0.0,0.01,0.0,0.0,263335390000.0,0.08,0.38
2023-05-13,0.0,46,22,6,2,0,0.08,0.0,0.03,0.18,0.0,0.01,0.0,0.0,263335390000.0,0.1,0.4
2023-05-12,0.0,45,23,6,2,0,0.08,0.0,0.03,0.18,0.0,0.01,0.0,0.0,263335390000.0,0.11,0.41
2023-05-11,0.0,46,22,6,2,0,0.08,0.0,0.03,0.2,0.0,0.01,0.0,0.0,263335390000.0,0.11,0.43
2023-05-10,0.0,46,23,5,2,0,0.06,0.0,0.03,0.2,0.0,0.01,0.0,0.0,263335390000.0,0.11,0.41
