,-unknown-,<05,<1,<2,<5,>=5,FR,GB,HK,Market_capitalization,US,Total
2025-05-08,0.69,0,0,1,1,0,0.15,0.77,0.0,11790000000.0,0.34,1.95
2025-05-07,0.69,0,0,1,1,0,0.15,0.77,0.0,11790000000.0,0.34,1.95
2025-05-06,0.69,0,0,1,1,0,0.15,0.77,0.0,11790000000.0,0.34,1.95
2025-05-05,0.69,0,0,1,1,0,0.15,0.77,0.0,11790000000.0,0.34,1.95
2025-05-04,0.69,0,0,1,1,0,0.15,0.77,0.0,11790000000.0,0.34,1.95
2025-05-03,0.69,0,0,1,1,0,0.15,0.77,0.0,11790000000.0,0.34,1.95
2025-05-02,0.69,0,0,1,1,0,0.15,0.77,0.0,11790000000.0,0.34,1.95
2025-05-01,0.69,0,0,1,1,0,0.15,0.77,0.0,11790000000.0,0.34,1.95
2025-04-30,0.69,0,0,1,1,0,0.15,0.77,0.0,11790000000.0,0.34,1.95
2025-04-29,0.67,0,0,1,1,0,0.15,0.77,0.0,11790000000.0,0.34,1.9300000000000002
2025-04-28,0.67,0,0,1,1,0,0.15,0.73,0.0,11790000000.0,0.34,1.8900000000000001
2025-04-27,0.67,0,0,1,1,0,0.15,0.75,0.0,11790000000.0,0.34,1.9100000000000001
2025-04-26,0.67,0,0,1,1,0,0.15,0.75,0.0,11790000000.0,0.34,1.9100000000000001
2025-04-25,0.67,0,0,1,1,0,0.15,0.75,0.0,11790000000.0,0.34,1.9100000000000001
2025-04-24,0.67,0,0,1,1,0,0.15,0.75,0.0,11790000000.0,0.34,1.9100000000000001
2025-04-23,0.67,0,0,1,1,0,0.15,0.75,0.0,11790000000.0,0.34,1.9100000000000001
2025-04-22,0.67,0,0,1,1,0,0.15,0.75,0.0,11790000000.0,0.34,1.9100000000000001
2025-04-21,0.69,0,0,1,1,0,0.15,0.75,0.0,11790000000.0,0.34,1.93
2025-04-20,0.69,0,0,1,1,0,0.15,0.75,0.0,11790000000.0,0.34,1.93
2025-04-19,0.69,0,0,1,1,0,0.15,0.75,0.0,11790000000.0,0.34,1.93
2025-04-18,0.69,0,0,1,1,0,0.15,0.75,0.0,11790000000.0,0.34,1.93
2025-04-17,0.63,0,0,1,1,0,0.15,0.75,0.0,11790000000.0,0.34,1.87
2025-04-16,0.63,0,0,1,1,0,0.15,0.74,0.0,11790000000.0,0.34,1.86
2025-04-15,0.63,0,0,1,1,0,0.15,0.75,0.0,11790000000.0,0.34,1.87
2025-04-14,0.63,0,0,1,1,0,0.15,0.68,0.0,11790000000.0,0.34,1.8
2025-04-13,0.63,0,0,1,1,0,0.15,0.68,0.0,11790000000.0,0.34,1.8
2025-04-12,0.63,0,0,1,1,0,0.15,0.68,0.0,11790000000.0,0.34,1.8
2025-04-11,0.63,0,0,1,1,0,0.15,0.68,0.0,11790000000.0,0.34,1.8
2025-04-10,0.63,0,0,1,1,0,0.54,0.68,0.0,11790000000.0,0.34,2.19
2025-04-09,0.76,0,0,1,1,0,0.54,0.68,0.0,11790000000.0,0.34,2.32
2025-04-08,0.69,0,0,1,1,0,0.54,0.41,0.0,11790000000.0,0.34,1.98
2025-04-07,0.69,0,0,1,1,0,0.54,0.41,0.0,11790000000.0,0.34,1.98
2025-04-06,0.71,0,0,1,1,0,0.54,1.17,0.0,11790000000.0,0.34,2.76
2025-04-05,0.71,0,0,1,1,0,0.54,1.17,0.0,11790000000.0,0.34,2.76
2025-04-04,0.71,0,0,1,1,0,0.54,1.17,0.0,11790000000.0,0.34,2.76
2025-04-03,0.71,0,1,0,1,0,0.54,1.09,0.0,11790000000.0,0.34,2.6799999999999997
2025-04-02,0.71,0,1,0,1,0,0.54,0.76,0.0,11790000000.0,0.34,2.3499999999999996
2025-04-01,0.71,0,1,0,1,0,0.54,0.76,0.0,11790000000.0,0.34,2.3499999999999996
2025-03-31,0.71,0,1,0,1,0,0.54,0.76,0.0,11790000000.0,0.34,2.3499999999999996
2025-03-30,0.71,0,1,0,1,0,0.54,0.76,0.0,11790000000.0,0.34,2.3499999999999996
2025-03-29,0.71,0,1,0,1,0,0.54,0.76,0.0,11790000000.0,0.34,2.3499999999999996
2025-03-28,0.71,0,1,0,1,0,0.54,0.76,0.0,11790000000.0,0.34,2.3499999999999996
2025-03-27,0.71,0,1,0,1,0,0.54,0.76,0.0,11790000000.0,0.34,2.3499999999999996
2025-03-26,0.71,0,1,0,1,0,0.54,0.76,0.0,11790000000.0,0.34,2.3499999999999996
2025-03-25,0.71,0,1,0,1,0,0.55,0.76,0.0,11790000000.0,0.34,2.36
2025-03-24,0.71,0,0,1,1,0,0.55,0.84,0.0,11790000000.0,0.34,2.44
2025-03-23,0.71,0,0,1,1,0,0.55,0.84,0.0,11790000000.0,0.34,2.44
2025-03-22,0.71,0,0,1,1,0,0.55,0.84,0.0,11790000000.0,0.34,2.44
2025-03-21,0.71,0,0,1,1,0,0.55,0.84,0.0,11790000000.0,0.34,2.44
2025-03-20,0.71,0,0,1,1,0,0.55,0.84,0.0,11790000000.0,0.34,2.44
2025-03-19,0.71,0,0,1,1,0,0.55,0.86,0.0,11790000000.0,0.34,2.46
2025-03-18,0.71,0,0,1,1,0,0.55,0.86,0.0,11790000000.0,0.34,2.46
2025-03-17,0.71,0,0,1,1,0,0.55,0.86,0.0,11790000000.0,0.34,2.46
2025-03-16,0.71,0,0,1,1,0,0.55,0.86,0.0,11790000000.0,0.34,2.46
2025-03-15,0.71,0,0,1,1,0,0.55,0.86,0.0,11790000000.0,0.34,2.46
2025-03-14,0.62,0,0,1,1,0,0.55,0.86,0.0,11790000000.0,0.34,2.3699999999999997
2025-03-13,0.62,0,0,0,2,0,0.55,0.86,0.0,11790000000.0,0.43,2.46
2025-03-12,0.62,0,0,0,2,0,0.55,0.85,0.0,11790000000.0,0.38,2.4
2025-03-11,0.62,0,0,0,2,0,0.55,0.87,0.0,11790000000.0,0.38,2.42
2025-03-10,0.62,0,0,0,2,0,0.55,0.87,0.0,11790000000.0,0.38,2.42
2025-03-09,0.62,0,0,0,2,0,0.55,0.88,0.0,11790000000.0,0.38,2.4299999999999997
2025-03-08,0.62,0,0,0,2,0,0.55,0.88,0.0,11790000000.0,0.38,2.4299999999999997
2025-03-07,0.62,0,0,0,2,0,0.55,1.25,0.0,11790000000.0,0.38,2.8
2025-03-06,0.71,0,0,0,2,0,0.57,1.28,0.0,11790000000.0,0.38,2.9399999999999995
2025-03-05,0.76,0,0,0,2,0,0.57,1.28,0.0,11790000000.0,0.38,2.99
2025-03-04,0.76,0,0,0,2,0,0.57,1.29,0.0,11790000000.0,0.43,3.0500000000000003
2025-03-03,0.72,0,0,0,2,0,0.57,1.29,0.0,11790000000.0,0.4,2.98
2025-03-02,0.67,0,0,0,2,0,0.57,1.29,0.0,11790000000.0,0.4,2.93
2025-03-01,0.67,0,0,0,2,0,0.57,1.29,0.0,11790000000.0,0.4,2.93
2025-02-28,0.67,0,0,0,2,0,0.57,1.29,0.0,11790000000.0,0.4,2.93
2025-02-27,0.69,0,0,0,2,0,0.57,1.29,0.0,11790000000.0,0.4,2.9499999999999997
2025-02-26,0.69,0,0,0,2,0,0.57,1.29,0.0,11790000000.0,0.4,2.9499999999999997
2025-02-25,0.74,0,0,0,2,0,0.57,1.29,0.0,11790000000.0,0.45,3.0500000000000003
2025-02-24,0.74,0,0,0,2,0,0.57,1.29,0.0,11790000000.0,0.45,3.0500000000000003
2025-02-23,0.74,0,0,0,2,0,0.57,1.29,0.0,11790000000.0,0.48,3.08
2025-02-22,0.74,0,0,0,2,0,0.57,1.29,0.0,11790000000.0,0.48,3.08
2025-02-21,0.74,0,0,0,2,0,0.57,1.29,0.0,11790000000.0,0.48,3.08
2025-02-20,0.74,0,0,0,2,0,0.57,1.29,0.0,11790000000.0,0.48,3.08
2025-02-19,0.74,0,0,0,2,0,0.57,1.29,0.0,11790000000.0,0.48,3.08
2025-02-18,0.74,0,0,0,2,0,0.57,1.29,0.0,11790000000.0,0.48,3.08
2025-02-17,0.74,0,0,0,2,0,0.57,1.29,0.0,11790000000.0,0.46,3.06
2025-02-16,0.74,0,0,0,2,0,0.57,1.29,0.0,11790000000.0,0.46,3.06
2025-02-15,0.74,0,0,0,2,0,0.57,1.29,0.0,11790000000.0,0.46,3.06
2025-02-14,0.74,0,0,0,2,0,0.57,1.29,0.0,11790000000.0,0.46,3.06
2025-02-13,0.74,0,0,0,2,0,0.57,1.29,0.0,11790000000.0,0.46,3.06
2025-02-12,0.74,0,0,0,2,0,0.57,1.29,0.0,11790000000.0,0.46,3.06
2025-02-11,0.71,0,0,0,2,0,0.57,1.26,0.0,11790000000.0,0.46,3.0
2025-02-10,0.74,0,0,0,2,0,0.57,1.26,0.0,11790000000.0,0.54,3.1100000000000003
2025-02-09,0.74,0,0,0,2,0,0.57,1.26,0.0,11790000000.0,0.54,3.1100000000000003
2025-02-08,0.74,0,0,0,2,0,0.57,1.26,0.0,11790000000.0,0.54,3.1100000000000003
2025-02-07,0.74,0,0,0,2,0,0.57,1.26,0.0,11790000000.0,0.54,3.1100000000000003
2025-02-06,0.74,0,0,0,2,0,0.57,1.26,0.0,11790000000.0,0.54,3.1100000000000003
2025-02-05,0.39,0,0,0,2,0,0.57,1.26,0.0,11790000000.0,0.59,2.8099999999999996
2025-02-04,0.39,0,0,0,2,0,0.57,1.26,0.0,11790000000.0,0.59,2.8099999999999996
2025-02-03,0.39,0,0,0,2,0,0.58,1.26,0.0,11790000000.0,0.68,2.91
2025-02-02,0.39,0,0,0,2,0,0.58,1.26,0.0,11790000000.0,0.68,2.91
2025-02-01,0.39,0,0,0,2,0,0.58,1.26,0.0,11790000000.0,0.68,2.91
2025-01-31,0.25,0,0,0,2,0,0.58,1.26,0.0,11790000000.0,0.68,2.77
2025-01-30,0.25,0,0,0,2,0,0.58,1.25,0.0,11790000000.0,0.76,2.84
2025-01-29,0.25,0,0,0,2,0,0.58,1.25,0.0,11790000000.0,0.8,2.88
2025-01-28,0.25,0,0,0,2,0,0.58,1.25,0.0,11790000000.0,0.88,2.96
2025-01-27,0.25,0,0,0,2,0,0.58,1.25,0.0,11790000000.0,0.88,2.96
2025-01-26,0.25,0,0,0,2,0,0.58,1.25,0.0,11790000000.0,0.88,2.96
2025-01-25,0.25,0,0,0,2,0,0.58,1.25,0.0,11790000000.0,0.88,2.96
2025-01-24,0.25,0,0,0,2,0,0.58,1.25,0.0,11790000000.0,0.88,2.96
2025-01-23,0.39,0,0,0,2,0,0.58,1.26,0.0,11790000000.0,0.89,3.12
2025-01-22,0.39,0,0,0,2,0,0.58,1.26,0.0,11790000000.0,0.89,3.12
2025-01-21,0.39,0,0,0,2,0,0.58,1.26,0.0,11790000000.0,0.89,3.12
2025-01-20,0.39,0,0,0,1,1,0.58,1.62,0.0,11790000000.0,0.9,3.4899999999999998
2025-01-19,0.39,0,0,0,1,1,0.58,1.62,0.0,11790000000.0,0.91,3.5
2025-01-18,0.39,0,0,0,1,1,0.58,1.62,0.0,11790000000.0,0.91,3.5
2025-01-17,0.39,0,0,0,1,1,0.58,1.62,0.0,11790000000.0,0.91,3.5
2025-01-16,0.4,0,0,0,1,1,0.58,1.62,0.0,11790000000.0,0.91,3.5100000000000002
2025-01-15,0.4,0,0,0,1,1,0.58,1.62,0.0,11790000000.0,0.83,3.43
2025-01-14,0.4,0,0,0,1,1,0.58,1.62,0.0,11790000000.0,0.83,3.43
2025-01-13,0.4,0,0,0,1,1,0.58,1.63,0.0,11790000000.0,0.82,3.4299999999999997
2025-01-12,0.4,0,0,0,1,1,0.57,1.63,0.0,11790000000.0,0.73,3.3299999999999996
2025-01-11,0.4,0,0,0,1,1,0.57,1.63,0.0,11790000000.0,0.73,3.3299999999999996
2025-01-10,0.4,0,0,0,1,1,0.57,1.63,0.0,11790000000.0,0.73,3.3299999999999996
2025-01-09,0.4,0,0,0,1,1,0.57,1.63,0.0,11790000000.0,0.72,3.3199999999999994
2025-01-08,0.0,0,0,0,1,1,0.57,1.63,0.0,11790000000.0,0.65,2.8499999999999996
2025-01-07,0.0,0,0,0,1,1,0.57,1.63,0.0,11790000000.0,0.57,2.7699999999999996
2025-01-06,0.0,0,0,0,1,1,0.57,1.66,0.0,11790000000.0,0.56,2.79
2025-01-05,0.0,0,0,0,1,1,0.57,2.02,0.0,11790000000.0,0.56,3.15
2025-01-04,0.0,0,0,0,1,1,0.57,2.02,0.0,11790000000.0,0.56,3.15
2025-01-03,0.0,0,0,0,1,1,0.57,2.02,0.0,11790000000.0,0.56,3.15
2025-01-02,0.0,0,0,0,1,1,0.57,1.99,0.0,11790000000.0,0.55,3.1100000000000003
2025-01-01,0.0,0,0,0,1,1,0.57,1.99,0.0,11790000000.0,0.56,3.12
2024-12-31,0.0,0,0,0,1,1,0.57,1.97,0.0,11610000000.0,0.56,3.1
2024-12-30,0.0,0,0,0,1,1,0.57,1.97,0.0,11610000000.0,0.56,3.1
2024-12-29,0.0,0,0,0,1,1,0.57,1.97,0.0,11610000000.0,0.6,3.14
2024-12-28,0.0,0,0,0,1,1,0.57,1.97,0.0,11610000000.0,0.6,3.14
2024-12-27,0.0,0,0,0,1,1,0.57,1.97,0.0,11610000000.0,0.68,3.22
2024-12-26,0.0,0,0,0,1,1,0.51,1.97,0.0,11610000000.0,0.68,3.16
2024-12-25,0.0,0,0,0,1,1,0.51,1.97,0.0,11610000000.0,0.68,3.16
2024-12-24,0.0,0,0,0,1,1,0.51,1.97,0.0,11610000000.0,0.68,3.16
2024-12-23,0.0,0,0,0,1,1,0.51,1.97,0.0,11610000000.0,0.68,3.16
2024-12-22,0.0,0,0,0,1,1,0.51,1.97,0.0,11610000000.0,0.69,3.17
2024-12-21,0.0,0,0,0,1,1,0.51,1.97,0.0,11610000000.0,0.69,3.17
2024-12-20,0.0,0,0,0,1,1,0.51,1.97,0.0,11610000000.0,0.69,3.17
2024-12-19,0.0,0,0,0,1,1,0.51,1.96,0.0,11610000000.0,0.73,3.1999999999999997
2024-12-18,0.0,0,0,0,1,1,0.57,1.94,0.0,11610000000.0,0.73,3.2399999999999998
2024-12-17,0.0,0,0,0,1,1,0.57,1.92,0.0,11610000000.0,0.48,2.9699999999999998
2024-12-16,0.0,0,0,0,1,1,0.57,1.91,0.0,11610000000.0,0.48,2.96
2024-12-15,0.0,0,0,0,1,1,0.57,1.89,0.0,11610000000.0,0.48,2.94
2024-12-14,0.0,0,0,0,1,1,0.57,1.89,0.0,11610000000.0,0.48,2.94
2024-12-13,0.0,0,0,1,0,1,0.57,1.16,0.0,11610000000.0,0.48,2.21
2024-12-12,0.0,0,0,1,0,1,0.57,1.15,0.0,11610000000.0,0.49,2.21
2024-12-11,0.0,0,0,1,0,1,0.57,1.15,0.0,11610000000.0,0.5,2.2199999999999998
2024-12-10,0.0,0,0,1,0,1,0.57,1.15,0.0,11610000000.0,0.5,2.2199999999999998
2024-12-09,0.0,0,0,1,0,1,0.57,1.15,0.0,11610000000.0,0.5,2.2199999999999998
2024-12-08,0.0,0,0,1,0,1,0.58,1.15,0.0,11610000000.0,0.5,2.23
2024-12-07,0.0,0,0,1,0,1,0.58,1.15,0.0,11610000000.0,0.5,2.23
2024-12-06,0.0,0,0,1,0,1,0.58,1.15,0.0,11610000000.0,0.5,2.23
2024-12-05,0.0,0,0,0,1,1,0.58,1.91,0.0,11610000000.0,0.51,3.0
2024-12-04,0.0,0,0,0,1,1,0.58,2.08,0.0,11610000000.0,0.51,3.17
2024-12-03,0.0,0,0,0,1,1,0.58,2.08,0.0,11610000000.0,0.51,3.17
2024-12-02,0.0,0,0,0,1,1,0.58,2.08,0.0,11610000000.0,0.49,3.1500000000000004
2024-12-01,0.0,0,0,0,1,1,0.58,2.08,0.0,11610000000.0,0.49,3.1500000000000004
2024-11-30,0.0,0,0,0,1,1,0.58,2.08,0.0,11610000000.0,0.49,3.1500000000000004
2024-11-29,0.0,0,0,0,1,1,0.58,2.08,0.0,11610000000.0,0.49,3.1500000000000004
2024-11-28,0.0,0,0,0,1,1,0.58,2.08,0.0,11610000000.0,0.49,3.1500000000000004
2024-11-27,0.0,0,0,0,1,1,0.57,2.08,0.0,11610000000.0,0.49,3.1399999999999997
2024-11-26,0.0,0,0,0,1,1,0.57,2.05,0.0,11610000000.0,0.49,3.1099999999999994
2024-11-25,0.0,0,0,0,1,1,0.61,2.05,0.0,11610000000.0,0.49,3.1499999999999995
2024-11-24,0.0,0,0,0,1,1,0.61,2.18,0.0,11610000000.0,0.49,3.2800000000000002
2024-11-23,0.0,0,0,0,1,1,0.61,2.18,0.0,11610000000.0,0.49,3.2800000000000002
2024-11-22,0.0,0,0,0,1,1,0.61,2.18,0.0,11610000000.0,0.49,3.2800000000000002
2024-11-21,0.0,0,0,0,1,1,0.61,2.16,0.0,11610000000.0,0.49,3.26
2024-11-20,0.0,0,0,0,1,1,0.61,2.15,0.0,11610000000.0,0.49,3.25
2024-11-19,0.0,0,0,0,1,1,0.61,2.15,0.0,11610000000.0,0.49,3.25
2024-11-18,0.0,0,0,0,1,1,0.61,2.14,0.0,11610000000.0,0.49,3.24
2024-11-17,0.0,0,0,0,1,1,0.61,2.14,0.0,11610000000.0,0.49,3.24
2024-11-16,0.0,0,0,0,1,1,0.61,2.14,0.0,11610000000.0,0.49,3.24
2024-11-15,0.0,0,0,0,1,1,0.61,2.14,0.0,11610000000.0,0.49,3.24
2024-11-14,0.0,0,0,0,1,1,0.61,2.16,0.0,11610000000.0,0.39,3.16
2024-11-13,0.0,0,0,0,1,1,0.61,2.2,0.0,11610000000.0,0.39,3.2
2024-11-12,0.0,0,0,0,1,1,0.61,2.19,0.0,11610000000.0,0.39,3.19
2024-11-11,0.0,0,0,0,1,1,0.61,2.15,0.0,11610000000.0,0.39,3.15
2024-11-10,0.0,0,0,0,1,1,0.61,2.11,0.0,11610000000.0,0.39,3.11
2024-11-09,0.0,0,0,0,1,1,0.61,2.11,0.0,11610000000.0,0.39,3.11
2024-11-08,0.0,0,0,0,1,1,0.61,2.11,0.0,11610000000.0,0.39,3.11
2024-11-07,0.0,0,0,0,2,0,0.61,2.01,0.0,11610000000.0,0.39,3.01
2024-11-06,0.0,0,0,0,2,0,0.61,2.0,0.0,11610000000.0,0.3,2.9099999999999997
2024-11-05,0.0,0,0,0,2,0,0.61,2.0,0.0,11610000000.0,0.3,2.9099999999999997
2024-11-04,0.0,0,0,0,2,0,0.61,2.0,0.0,11610000000.0,0.3,2.9099999999999997
2024-11-03,0.0,0,0,0,2,0,0.61,2.0,0.0,11610000000.0,0.3,2.9099999999999997
2024-11-02,0.0,0,0,0,2,0,0.61,2.0,0.0,11610000000.0,0.3,2.9099999999999997
2024-11-01,0.0,0,0,0,2,0,0.61,2.0,0.0,11610000000.0,0.3,2.9099999999999997
2024-10-31,0.0,0,0,0,2,0,0.61,2.11,0.0,11610000000.0,0.3,3.0199999999999996
2024-10-30,0.0,0,0,0,2,0,0.61,2.11,0.0,11610000000.0,0.3,3.0199999999999996
2024-10-29,0.0,0,0,0,2,0,0.61,2.15,0.0,11610000000.0,0.3,3.0599999999999996
2024-10-28,0.0,0,0,0,2,0,0.61,2.11,0.0,11610000000.0,0.3,3.0199999999999996
2024-10-27,0.0,0,0,0,2,0,0.61,2.11,0.0,11610000000.0,0.3,3.0199999999999996
2024-10-26,0.0,0,0,0,2,0,0.61,2.11,0.0,11610000000.0,0.3,3.0199999999999996
2024-10-25,0.0,0,0,0,2,0,0.61,2.2,0.0,11610000000.0,0.3,3.11
2024-10-24,0.0,0,0,0,2,0,0.61,2.2,0.0,11610000000.0,0.3,3.11
2024-10-23,0.0,0,0,0,2,0,0.61,2.2,0.0,11610000000.0,0.3,3.11
2024-10-22,0.0,0,0,0,2,0,0.61,2.22,0.0,11610000000.0,0.3,3.13
2024-10-21,0.0,0,0,0,2,0,0.61,2.27,0.0,11610000000.0,0.62,3.5
2024-10-20,0.0,0,0,0,2,0,0.61,2.37,0.0,11610000000.0,0.62,3.6
2024-10-19,0.0,0,0,0,2,0,0.61,2.37,0.0,11610000000.0,0.62,3.6
2024-10-18,0.0,0,0,0,2,0,0.61,2.37,0.0,11610000000.0,0.62,3.6
2024-10-17,0.0,0,0,0,2,0,0.61,2.36,0.0,11610000000.0,0.62,3.59
2024-10-16,0.0,0,0,0,2,0,0.61,2.4,0.0,11610000000.0,0.62,3.63
2024-10-15,0.0,0,0,0,2,0,0.61,2.47,0.0,11610000000.0,0.62,3.7
2024-10-14,0.0,0,0,0,2,0,0.61,2.51,0.0,11610000000.0,0.62,3.7399999999999998
2024-10-13,0.0,0,0,0,2,0,0.61,2.51,0.0,11610000000.0,0.62,3.7399999999999998
2024-10-12,0.0,0,0,0,2,0,0.61,2.51,0.0,11610000000.0,0.62,3.7399999999999998
2024-10-11,0.0,0,0,0,2,0,0.61,2.51,0.0,11610000000.0,0.62,3.7399999999999998
2024-10-10,0.0,0,0,0,1,1,0.61,2.52,0.0,11610000000.0,0.62,3.75
2024-10-09,0.0,0,0,0,1,1,0.61,2.52,0.0,11610000000.0,0.62,3.75
2024-10-08,0.0,0,0,0,1,1,0.61,2.53,0.0,11610000000.0,0.62,3.76
2024-10-07,0.0,0,0,0,1,1,0.61,2.52,0.0,11610000000.0,0.62,3.75
2024-10-06,0.0,0,0,0,1,1,0.61,2.55,0.0,11610000000.0,0.62,3.78
2024-10-05,0.0,0,0,0,1,1,0.61,2.55,0.0,11610000000.0,0.62,3.78
2024-10-04,0.0,0,0,0,1,1,0.61,2.55,0.0,11610000000.0,0.62,3.78
2024-10-03,0.0,0,0,0,2,0,0.61,2.57,0.0,11610000000.0,0.52,3.6999999999999997
2024-10-02,0.0,0,0,0,2,0,0.61,2.68,0.0,11610000000.0,0.52,3.81
2024-10-01,0.0,0,0,0,1,1,0.61,2.71,0.0,11610000000.0,0.52,3.84
2024-09-30,0.0,0,0,0,1,1,0.61,2.66,0.0,12610000000.0,0.52,3.79
2024-09-29,0.0,0,0,0,1,1,0.61,2.59,0.0,12610000000.0,0.52,3.7199999999999998
2024-09-28,0.0,0,0,0,1,1,0.61,2.59,0.0,12610000000.0,0.52,3.7199999999999998
2024-09-27,0.0,0,0,0,1,1,0.61,2.59,0.0,12610000000.0,0.61,3.8099999999999996
2024-09-26,0.0,0,0,0,1,1,0.63,2.59,0.0,12610000000.0,0.61,3.8299999999999996
2024-09-25,0.0,0,0,0,1,1,0.7,2.61,0.0,12610000000.0,0.61,3.9199999999999995
2024-09-24,0.0,0,0,0,1,1,0.7,2.63,0.0,12610000000.0,0.63,3.96
2024-09-23,0.0,0,0,0,1,1,0.7,2.63,0.0,12610000000.0,0.63,3.96
2024-09-22,0.0,0,0,0,1,1,0.7,2.61,0.0,12610000000.0,0.63,3.9399999999999995
2024-09-21,0.0,0,0,0,1,1,0.7,2.61,0.0,12610000000.0,0.63,3.9399999999999995
2024-09-20,0.0,0,0,0,1,1,0.7,2.61,0.0,12610000000.0,0.63,3.9399999999999995
2024-09-19,0.0,0,0,0,1,1,0.77,2.61,0.0,12610000000.0,0.72,4.1
2024-09-18,0.0,0,0,0,1,1,0.56,2.55,0.0,12610000000.0,0.72,3.83
2024-09-17,0.0,0,0,0,1,1,0.56,2.5,0.0,12610000000.0,0.72,3.7800000000000002
2024-09-16,0.0,0,0,0,1,1,0.56,2.52,0.0,12610000000.0,0.74,3.8200000000000003
2024-09-15,0.0,0,0,0,2,0,0.56,2.52,0.0,12610000000.0,0.72,3.8
2024-09-14,0.0,0,0,0,2,0,0.56,2.52,0.0,12610000000.0,0.72,3.8
2024-09-13,0.0,0,0,0,2,0,0.56,2.52,0.0,12610000000.0,0.72,3.8
2024-09-12,0.0,0,0,0,2,0,0.56,2.52,0.0,12610000000.0,0.72,3.8
2024-09-11,0.0,0,0,0,2,0,0.56,2.52,0.0,12610000000.0,0.72,3.8
2024-09-10,0.0,0,0,0,2,0,0.56,2.52,0.0,12610000000.0,0.72,3.8
2024-09-09,0.0,0,0,0,2,0,0.56,2.49,0.0,12610000000.0,0.74,3.79
2024-09-08,0.0,0,0,0,2,0,0.56,2.49,0.0,12610000000.0,0.74,3.79
2024-09-07,0.0,0,0,0,2,0,0.56,2.49,0.0,12610000000.0,0.74,3.79
2024-09-06,0.0,0,0,0,2,0,0.56,2.49,0.0,12610000000.0,0.74,3.79
2024-09-05,0.0,0,0,0,2,0,0.56,2.49,0.0,12610000000.0,0.74,3.79
2024-09-04,0.0,0,0,0,2,0,0.56,2.53,0.0,12610000000.0,0.74,3.83
2024-09-03,0.0,0,0,0,2,0,0.56,2.53,0.0,12610000000.0,0.74,3.83
2024-09-02,0.0,0,0,0,2,0,0.56,2.53,0.0,12610000000.0,0.65,3.7399999999999998
2024-09-01,0.0,0,0,0,2,0,0.56,2.53,0.0,12610000000.0,0.65,3.7399999999999998
2024-08-31,0.0,0,0,0,2,0,0.56,2.53,0.0,12610000000.0,0.65,3.7399999999999998
2024-08-30,0.0,0,0,0,2,0,0.56,2.53,0.0,12610000000.0,0.65,3.7399999999999998
2024-08-29,0.0,0,0,0,2,0,0.56,2.53,0.0,12610000000.0,0.65,3.7399999999999998
2024-08-28,0.0,0,0,0,2,0,0.56,2.48,0.0,12610000000.0,0.65,3.69
2024-08-27,0.0,0,0,0,2,0,0.56,2.48,0.0,12610000000.0,0.65,3.69
2024-08-26,0.0,0,0,0,2,0,0.56,2.55,0.0,12610000000.0,0.65,3.76
2024-08-25,0.0,0,0,0,2,0,0.56,2.55,0.0,12610000000.0,0.65,3.76
2024-08-24,0.0,0,0,0,2,0,0.56,2.55,0.0,12610000000.0,0.65,3.76
2024-08-23,0.0,0,0,0,2,0,0.56,2.55,0.0,12610000000.0,0.65,3.76
2024-08-22,0.0,0,0,0,2,0,0.56,2.57,0.0,12610000000.0,0.65,3.78
2024-08-21,0.0,0,0,0,2,0,0.56,2.57,0.0,12610000000.0,0.65,3.78
2024-08-20,0.0,0,0,0,2,0,0.56,2.57,0.0,12610000000.0,0.65,3.78
2024-08-19,0.0,0,0,0,2,0,0.56,2.57,0.0,12610000000.0,0.65,3.78
2024-08-18,0.0,0,0,0,2,0,0.56,2.64,0.0,12610000000.0,0.56,3.7600000000000002
2024-08-17,0.0,0,0,0,2,0,0.56,2.64,0.0,12610000000.0,0.56,3.7600000000000002
2024-08-16,0.0,0,0,0,2,0,0.56,2.64,0.0,12610000000.0,0.56,3.7600000000000002
2024-08-15,0.0,0,0,0,2,0,0.56,2.64,0.0,12610000000.0,0.56,3.7600000000000002
2024-08-14,0.0,0,0,0,2,0,0.56,2.64,0.0,12610000000.0,0.56,3.7600000000000002
2024-08-13,0.0,0,0,0,2,0,0.56,2.64,0.0,12610000000.0,0.56,3.7600000000000002
2024-08-12,0.0,0,0,0,2,0,0.5,2.64,0.0,12610000000.0,0.56,3.7
2024-08-11,0.0,0,0,0,2,0,0.5,2.64,0.0,12610000000.0,0.56,3.7
2024-08-10,0.0,0,0,0,2,0,0.5,2.64,0.0,12610000000.0,0.56,3.7
2024-08-09,0.0,0,0,0,2,0,0.5,2.64,0.0,12610000000.0,0.56,3.7
2024-08-08,0.0,0,0,0,2,0,0.5,2.67,0.0,12610000000.0,0.56,3.73
2024-08-07,0.0,0,0,0,2,0,0.5,2.66,0.0,12610000000.0,0.54,3.7
2024-08-06,0.0,0,0,0,2,0,0.5,2.62,0.0,12610000000.0,0.54,3.66
2024-08-05,0.0,0,0,0,2,0,0.5,2.62,0.0,12610000000.0,0.54,3.66
2024-08-04,0.0,0,0,0,2,0,0.5,2.54,0.0,12610000000.0,0.54,3.58
2024-08-03,0.0,0,0,0,2,0,0.5,2.54,0.0,12610000000.0,0.54,3.58
2024-08-02,0.0,0,0,0,2,0,0.5,2.54,0.0,12610000000.0,0.54,3.58
2024-08-01,0.0,0,0,0,2,0,0.5,2.56,0.0,12610000000.0,0.53,3.59
2024-07-31,0.0,0,0,0,2,0,0.5,2.48,0.0,12610000000.0,0.53,3.51
2024-07-30,0.0,0,0,0,2,0,0.5,2.42,0.0,12610000000.0,0.53,3.45
2024-07-29,0.0,0,0,0,2,0,0.5,2.41,0.0,12610000000.0,0.53,3.4400000000000004
2024-07-28,0.0,0,0,0,2,0,0.5,2.38,0.0,12610000000.0,0.53,3.41
2024-07-27,0.0,0,0,0,2,0,0.5,2.38,0.0,12610000000.0,0.53,3.41
2024-07-26,0.0,0,0,0,2,0,0.5,2.38,0.0,12610000000.0,0.53,3.41
2024-07-25,0.0,0,0,0,2,0,0.5,2.44,0.0,12610000000.0,0.54,3.48
2024-07-24,0.0,0,0,0,2,0,0.5,2.45,0.0,12610000000.0,0.54,3.49
2024-07-23,0.0,0,0,0,2,0,0.5,2.48,0.0,12610000000.0,0.54,3.52
2024-07-22,0.0,0,0,0,2,0,0.5,2.46,0.0,12610000000.0,0.54,3.5
2024-07-21,0.0,0,0,0,2,0,0.5,2.46,0.0,12610000000.0,0.54,3.5
2024-07-20,0.0,0,0,0,2,0,0.5,2.46,0.0,12610000000.0,0.54,3.5
2024-07-19,0.0,0,0,0,2,0,0.5,2.46,0.0,12610000000.0,0.54,3.5
2024-07-18,0.0,0,0,0,2,0,0.5,2.42,0.0,12610000000.0,0.52,3.44
2024-07-17,0.0,0,0,0,2,0,0.5,2.45,0.0,12610000000.0,0.52,3.47
2024-07-16,0.0,0,0,0,2,0,0.5,2.45,0.0,12610000000.0,0.52,3.47
2024-07-15,0.0,0,0,0,2,0,0.5,2.39,0.0,12610000000.0,0.52,3.41
2024-07-14,0.0,0,0,0,2,0,0.44,2.34,0.0,12610000000.0,0.52,3.3
2024-07-13,0.0,0,0,0,2,0,0.44,2.34,0.0,12610000000.0,0.52,3.3
2024-07-12,0.0,0,0,0,2,0,0.44,2.34,0.0,12610000000.0,0.62,3.4
2024-07-11,0.0,0,0,0,1,1,0.66,2.36,0.0,12610000000.0,0.62,3.64
2024-07-10,0.0,0,0,0,1,1,0.66,2.38,0.0,12610000000.0,0.63,3.67
2024-07-09,0.0,0,0,0,1,1,0.66,2.31,0.0,12610000000.0,0.63,3.6
2024-07-08,0.0,0,0,0,1,1,0.66,2.3,0.0,12610000000.0,0.63,3.59
2024-07-07,0.0,0,0,0,1,1,0.66,2.24,0.0,12610000000.0,0.53,3.4300000000000006
2024-07-06,0.0,0,0,0,1,1,0.66,2.24,0.0,12610000000.0,0.53,3.4300000000000006
2024-07-05,0.0,0,0,0,1,1,0.66,2.24,0.0,12610000000.0,0.53,3.4300000000000006
2024-07-04,0.0,0,0,0,1,1,0.66,2.24,0.0,12610000000.0,0.63,3.5300000000000002
2024-07-03,0.0,0,0,0,1,1,0.66,2.22,0.0,12610000000.0,0.63,3.5100000000000002
2024-07-02,0.0,0,0,0,1,1,0.66,2.23,0.0,12610000000.0,0.64,3.5300000000000002
2024-07-01,0.0,0,0,0,1,1,0.66,2.16,0.0,12610000000.0,0.65,3.47
2024-06-30,0.0,0,0,0,1,1,0.66,2.16,0.0,11150000000.0,0.65,3.47
2024-06-29,0.0,0,0,0,1,1,0.66,2.16,0.0,11150000000.0,0.65,3.47
2024-06-28,0.0,0,0,0,1,1,0.66,2.16,0.0,11150000000.0,0.65,3.47
2024-06-27,0.0,0,0,0,1,1,0.66,2.12,0.0,11150000000.0,0.65,3.43
2024-06-26,0.0,0,0,0,1,1,0.66,2.1,0.0,11150000000.0,0.65,3.41
2024-06-25,0.0,0,0,0,1,1,0.66,1.99,0.0,11150000000.0,0.67,3.32
2024-06-24,0.0,0,0,0,1,1,0.66,1.68,0.0,11150000000.0,0.67,3.01
2024-06-23,0.0,0,0,0,1,1,0.66,1.74,0.0,11150000000.0,0.67,3.07
2024-06-22,0.0,0,0,0,1,1,0.66,1.74,0.0,11150000000.0,0.67,3.07
2024-06-21,0.0,0,0,0,1,1,0.66,1.74,0.0,11150000000.0,0.67,3.07
2024-06-20,0.0,0,0,0,1,1,0.66,1.63,0.0,11150000000.0,0.36,2.65
2024-06-19,0.0,0,0,0,1,1,0.61,1.62,0.0,11150000000.0,0.36,2.59
2024-06-18,0.0,0,0,0,1,1,0.61,1.69,0.0,11150000000.0,0.36,2.6599999999999997
2024-06-17,0.0,0,0,0,1,1,0.61,1.73,0.0,11150000000.0,0.37,2.71
2024-06-16,0.0,0,0,0,1,1,0.61,1.71,0.0,11150000000.0,0.37,2.69
2024-06-15,0.0,0,0,0,1,1,0.61,1.71,0.0,11150000000.0,0.37,2.69
2024-06-14,0.0,0,0,0,1,1,0.61,1.71,0.0,11150000000.0,0.37,2.69
2024-06-13,0.0,0,0,0,1,1,0.61,1.67,0.0,11150000000.0,0.35,2.63
2024-06-12,0.0,0,0,0,1,1,0.61,1.45,0.0,11150000000.0,0.35,2.41
2024-06-11,0.0,0,0,0,1,1,0.61,1.46,0.0,11150000000.0,0.35,2.42
2024-06-10,0.0,0,0,0,1,1,0.55,1.44,0.0,11150000000.0,0.35,2.34
2024-06-09,0.0,0,0,1,0,1,0.55,1.4,0.0,11150000000.0,0.34,2.29
2024-06-08,0.0,0,0,1,0,1,0.55,1.4,0.0,11150000000.0,0.34,2.29
2024-06-07,0.0,0,0,1,0,1,0.55,1.4,0.0,11150000000.0,0.34,2.29
2024-06-06,0.0,0,0,1,0,1,0.55,1.36,0.0,11150000000.0,0.34,2.25
2024-06-05,0.0,0,0,1,0,1,0.55,1.35,0.0,11150000000.0,0.34,2.24
2024-06-04,0.0,0,0,1,0,1,0.55,1.35,0.0,11150000000.0,0.24,2.14
2024-06-03,0.0,0,0,1,0,1,0.55,1.35,0.0,11150000000.0,0.24,2.14
2024-06-02,0.0,0,0,1,0,1,0.23,1.35,0.0,11150000000.0,0.24,1.82
2024-06-01,0.0,0,0,1,0,1,0.23,1.35,0.0,11150000000.0,0.24,1.82
2024-05-31,0.0,0,0,1,0,1,0.23,1.35,0.0,11150000000.0,0.24,1.82
2024-05-30,0.0,0,0,1,1,0,0.23,1.29,0.0,11150000000.0,0.22,1.74
2024-05-29,0.0,0,0,1,1,0,0.23,1.2,0.0,11150000000.0,0.22,1.65
2024-05-28,0.0,0,0,1,1,0,0.23,1.23,0.0,11150000000.0,0.22,1.68
2024-05-27,0.0,0,0,1,0,1,0.23,1.21,0.0,11150000000.0,0.25,1.69
2024-05-26,0.0,0,0,1,0,1,0.23,1.23,0.0,11150000000.0,0.25,1.71
2024-05-25,0.0,0,0,1,0,1,0.23,1.23,0.0,11150000000.0,0.25,1.71
2024-05-24,0.0,0,0,1,0,1,0.23,1.23,0.0,11150000000.0,0.25,1.71
2024-05-23,0.0,0,0,1,0,1,0.23,1.19,0.0,11150000000.0,0.25,1.67
2024-05-22,0.0,0,0,1,0,1,0.23,1.19,0.0,11150000000.0,0.25,1.67
2024-05-21,0.0,0,0,1,0,1,0.23,1.19,0.0,11150000000.0,0.25,1.67
2024-05-20,0.0,0,0,1,0,1,0.23,1.16,0.0,11150000000.0,0.25,1.64
2024-05-19,0.0,0,0,1,0,1,0.23,1.16,0.0,11150000000.0,0.25,1.64
2024-05-18,0.0,0,0,1,0,1,0.23,1.16,0.0,11150000000.0,0.25,1.64
2024-05-17,0.0,0,0,1,0,1,0.23,1.16,0.0,11150000000.0,0.25,1.64
2024-05-16,0.0,0,0,1,0,1,0.23,1.16,0.0,11150000000.0,0.25,1.64
2024-05-15,0.0,0,0,1,0,1,0.23,1.13,0.0,11150000000.0,0.25,1.6099999999999999
2024-05-14,0.0,0,0,1,0,1,0.23,1.13,0.0,11150000000.0,0.25,1.6099999999999999
2024-05-13,0.0,0,0,1,1,0,0.23,1.06,0.0,11150000000.0,0.25,1.54
2024-05-12,0.0,0,0,1,1,0,0.23,1.06,0.0,11150000000.0,0.25,1.54
2024-05-11,0.0,0,0,1,1,0,0.23,1.06,0.0,11150000000.0,0.25,1.54
2024-05-10,0.0,0,0,1,1,0,0.23,1.06,0.0,11150000000.0,0.25,1.54
2024-05-09,0.0,0,1,0,0,1,0.23,1.1,0.0,11150000000.0,0.25,1.58
2024-05-08,0.0,0,1,0,0,1,0.23,1.1,0.0,11150000000.0,0.25,1.58
2024-05-07,0.0,0,1,0,0,1,0.23,1.13,0.0,11150000000.0,0.25,1.6099999999999999
2024-05-06,0.0,1,0,0,0,1,0.23,0.83,0.0,11150000000.0,0.25,1.31
2024-05-05,0.0,1,0,0,0,1,0.23,0.83,0.0,11150000000.0,0.25,1.31
2024-05-04,0.0,1,0,0,0,1,0.23,0.83,0.0,11150000000.0,0.25,1.31
2024-05-03,0.0,1,0,0,0,1,0.23,0.83,0.0,11150000000.0,0.25,1.31
2024-05-02,0.0,1,0,0,0,1,0.23,0.83,0.0,11150000000.0,0.25,1.31
2024-05-01,0.0,0,1,0,0,1,0.23,0.89,0.0,11150000000.0,0.25,1.37
2024-04-30,0.0,0,1,0,0,1,0.23,0.89,0.0,11150000000.0,0.25,1.37
2024-04-29,0.0,0,1,0,0,1,0.23,0.89,0.0,11150000000.0,0.34,1.4600000000000002
2024-04-28,0.0,0,1,0,0,1,0.23,0.89,0.0,11150000000.0,0.35,1.4700000000000002
2024-04-27,0.0,0,1,0,0,1,0.23,0.89,0.0,11150000000.0,0.35,1.4700000000000002
2024-04-26,0.0,0,1,0,0,1,0.23,0.89,0.0,11150000000.0,0.35,1.4700000000000002
2024-04-25,0.0,0,1,0,0,1,0.23,0.89,0.0,11150000000.0,0.35,1.4700000000000002
2024-04-24,0.0,0,1,0,0,1,0.23,0.89,0.0,11150000000.0,0.37,1.4900000000000002
2024-04-23,0.0,0,1,0,0,1,0.23,0.89,0.0,11150000000.0,0.37,1.4900000000000002
2024-04-22,0.0,0,1,0,0,1,0.23,0.89,0.0,11150000000.0,0.37,1.4900000000000002
2024-04-21,0.0,0,1,0,0,1,0.23,0.89,0.0,11150000000.0,0.37,1.4900000000000002
2024-04-20,0.0,0,1,0,0,1,0.23,0.89,0.0,11150000000.0,0.37,1.4900000000000002
2024-04-19,0.0,0,1,0,0,1,0.23,0.89,0.0,11150000000.0,0.37,1.4900000000000002
2024-04-18,0.0,0,1,0,0,1,0.23,0.9,0.0,11150000000.0,0.37,1.5
2024-04-17,0.0,0,1,0,0,1,0.23,0.9,0.0,11150000000.0,0.37,1.5
2024-04-16,0.0,0,1,0,0,1,0.23,0.9,0.0,11150000000.0,0.35,1.48
2024-04-15,0.0,0,1,0,0,1,0.23,0.9,0.0,11150000000.0,0.35,1.48
2024-04-14,0.0,0,1,0,0,1,0.23,0.9,0.0,11150000000.0,0.35,1.48
2024-04-13,0.0,0,1,0,0,1,0.23,0.9,0.0,11150000000.0,0.35,1.48
2024-04-12,0.0,0,1,0,0,1,0.23,0.9,0.0,11150000000.0,0.35,1.48
2024-04-11,0.0,0,1,0,0,1,0.23,0.89,0.0,11150000000.0,0.35,1.4700000000000002
2024-04-10,0.0,0,1,0,0,1,0.23,0.9,0.0,11150000000.0,0.35,1.48
2024-04-09,0.0,0,1,0,0,1,0.23,0.86,0.0,11150000000.0,0.35,1.44
2024-04-08,0.0,0,1,0,0,1,0.23,0.86,0.0,11150000000.0,0.35,1.44
2024-04-07,0.0,0,1,0,0,1,0.23,0.86,0.0,11150000000.0,0.35,1.44
2024-04-06,0.0,0,1,0,0,1,0.23,0.86,0.0,11150000000.0,0.35,1.44
2024-04-05,0.0,0,1,0,0,1,0.23,0.86,0.0,11150000000.0,0.35,1.44
2024-04-04,0.0,0,1,0,0,1,0.23,0.86,0.0,11150000000.0,0.35,1.44
2024-04-03,0.0,0,1,0,0,1,0.23,0.86,0.0,11150000000.0,0.35,1.44
2024-04-02,0.0,0,1,0,0,1,0.23,0.86,0.0,11150000000.0,0.34,1.4300000000000002
2024-04-01,0.0,0,1,0,0,1,0.23,0.86,0.0,11150000000.0,0.35,1.44
2024-03-31,0.0,0,1,0,0,1,0.23,0.86,0.0,14130000000.0,0.35,1.44
2024-03-30,0.0,0,1,0,0,1,0.23,0.86,0.0,14130000000.0,0.35,1.44
2024-03-29,0.0,0,1,0,0,1,0.23,0.86,0.0,14130000000.0,0.35,1.44
2024-03-28,0.0,0,1,0,0,1,0.23,0.86,0.0,14130000000.0,0.35,1.44
2024-03-27,0.0,0,1,0,0,1,0.23,0.91,0.0,14130000000.0,0.35,1.4900000000000002
2024-03-26,0.0,0,1,0,0,1,0.23,0.9,0.0,14130000000.0,0.35,1.48
2024-03-25,0.0,0,1,0,0,1,0.23,0.9,0.0,14130000000.0,0.35,1.48
2024-03-24,0.0,0,1,0,0,1,0.23,0.9,0.0,14130000000.0,0.35,1.48
2024-03-23,0.0,0,1,0,0,1,0.23,0.9,0.0,14130000000.0,0.35,1.48
2024-03-22,0.0,0,1,0,0,1,0.23,0.9,0.0,14130000000.0,0.35,1.48
2024-03-21,0.0,0,1,0,0,1,0.23,0.91,0.0,14130000000.0,0.35,1.4900000000000002
2024-03-20,0.0,0,1,0,0,1,0.23,0.93,0.0,14130000000.0,0.43,1.59
2024-03-19,0.0,0,1,0,0,1,0.23,0.93,0.0,14130000000.0,0.43,1.59
2024-03-18,0.0,0,1,0,0,1,0.23,0.92,0.0,14130000000.0,0.43,1.58
2024-03-17,0.0,0,1,0,0,1,0.23,0.94,0.0,14130000000.0,0.43,1.5999999999999999
2024-03-16,0.0,0,1,0,0,1,0.23,0.94,0.0,14130000000.0,0.43,1.5999999999999999
2024-03-15,0.0,0,1,0,0,1,0.23,0.94,0.0,14130000000.0,0.43,1.5999999999999999
2024-03-14,0.0,0,1,0,0,1,0.23,0.94,0.0,14130000000.0,0.44,1.6099999999999999
2024-03-13,0.0,0,2,0,0,1,0.23,1.09,0.0,14130000000.0,0.44,1.76
2024-03-12,0.0,0,2,0,0,1,0.23,1.09,0.0,14130000000.0,0.44,1.76
2024-03-11,0.0,0,2,0,0,1,0.23,1.09,0.0,14130000000.0,0.44,1.76
2024-03-10,0.0,0,2,0,0,1,0.22,1.11,0.0,14130000000.0,0.34,1.6700000000000002
2024-03-09,0.0,0,2,0,0,1,0.22,1.11,0.0,14130000000.0,0.34,1.6700000000000002
2024-03-08,0.0,0,2,0,0,1,0.22,1.11,0.0,14130000000.0,0.34,1.6700000000000002
2024-03-07,0.0,0,2,0,0,1,0.22,1.11,0.0,14130000000.0,0.34,1.6700000000000002
2024-03-06,0.0,0,2,0,0,1,0.19,1.11,0.0,14130000000.0,0.34,1.6400000000000001
2024-03-05,0.0,0,2,0,0,1,0.19,1.11,0.0,14130000000.0,0.34,1.6400000000000001
2024-03-04,0.0,0,1,0,0,1,0.19,0.77,0.0,14130000000.0,0.34,1.3
2024-03-03,0.0,0,1,0,0,1,0.16,0.74,0.0,14130000000.0,0.34,1.24
2024-03-02,0.0,0,1,0,0,1,0.16,0.74,0.0,14130000000.0,0.34,1.24
2024-03-01,0.0,0,1,0,0,1,0.16,0.74,0.0,14130000000.0,0.34,1.24
2024-02-29,0.0,0,1,0,1,0,0.16,0.72,0.0,14130000000.0,0.21,1.09
2024-02-28,0.0,0,1,0,1,0,0.16,0.68,0.0,14130000000.0,0.12,0.9600000000000001
2024-02-27,0.0,0,1,0,1,0,0.16,0.68,0.0,14130000000.0,0.12,0.9600000000000001
2024-02-26,0.0,0,1,0,1,0,0.16,0.68,0.0,14130000000.0,0.12,0.9600000000000001
2024-02-25,0.0,0,1,0,1,0,0.16,0.68,0.0,14130000000.0,0.12,0.9600000000000001
2024-02-24,0.0,0,1,0,1,0,0.16,0.68,0.0,14130000000.0,0.12,0.9600000000000001
2024-02-23,0.0,0,1,0,1,0,0.16,0.68,0.0,14130000000.0,0.12,0.9600000000000001
2024-02-22,0.0,0,1,0,1,0,0.16,0.68,0.0,14130000000.0,0.12,0.9600000000000001
2024-02-21,0.0,0,1,0,1,0,0.16,0.67,0.0,14130000000.0,0.12,0.9500000000000001
2024-02-20,0.0,0,1,0,1,0,0.16,0.67,0.0,14130000000.0,0.12,0.9500000000000001
2024-02-19,0.0,0,1,0,1,0,0.16,0.67,0.0,14130000000.0,0.1,0.93
2024-02-18,0.0,0,1,0,1,0,0.16,0.67,0.0,14130000000.0,0.1,0.93
2024-02-17,0.0,0,1,0,1,0,0.16,0.67,0.0,14130000000.0,0.1,0.93
2024-02-16,0.0,0,1,0,1,0,0.16,0.67,0.0,14130000000.0,0.1,0.93
2024-02-15,0.0,0,1,0,1,0,0.16,0.67,0.0,14130000000.0,0.1,0.93
2024-02-14,0.0,0,1,0,1,0,0.16,0.67,0.0,14130000000.0,0.1,0.93
2024-02-13,0.0,0,1,0,1,0,0.16,0.67,0.0,14130000000.0,0.1,0.93
2024-02-12,0.0,0,1,0,1,0,0.16,0.65,0.0,14130000000.0,0.1,0.91
2024-02-11,0.0,0,1,0,1,0,0.16,0.66,0.0,14130000000.0,0.1,0.92
2024-02-10,0.0,0,1,0,1,0,0.16,0.66,0.0,14130000000.0,0.1,0.92
2024-02-09,0.0,0,1,0,1,0,0.16,0.66,0.0,14130000000.0,0.1,0.92
2024-02-08,0.0,0,1,0,1,0,0.16,0.66,0.0,14130000000.0,0.1,0.92
2024-02-07,0.0,0,1,0,1,0,0.16,0.66,0.0,14130000000.0,0.1,0.92
2024-02-06,0.0,0,1,0,1,0,0.16,0.68,0.0,14130000000.0,0.1,0.9400000000000001
2024-02-05,0.0,0,1,0,1,0,0.16,0.68,0.0,14130000000.0,0.1,0.9400000000000001
2024-02-04,0.0,0,1,0,1,0,0.16,0.68,0.0,14130000000.0,0.1,0.9400000000000001
2024-02-03,0.0,0,1,0,1,0,0.16,0.68,0.0,14130000000.0,0.1,0.9400000000000001
2024-02-02,0.0,0,1,0,1,0,0.16,0.68,0.0,14130000000.0,0.1,0.9400000000000001
2024-02-01,0.0,0,1,0,1,0,0.16,0.68,0.0,14130000000.0,0.1,0.9400000000000001
2024-01-31,0.0,0,1,0,1,0,0.16,0.68,0.0,14130000000.0,0.1,0.9400000000000001
2024-01-30,0.0,0,1,0,1,0,0.16,0.68,0.0,14130000000.0,0.1,0.9400000000000001
2024-01-29,0.0,0,1,0,1,0,0.16,0.68,0.0,14130000000.0,0.1,0.9400000000000001
2024-01-28,0.0,0,1,0,1,0,0.16,0.7,0.0,14130000000.0,0.1,0.96
2024-01-27,0.0,0,1,0,1,0,0.16,0.7,0.0,14130000000.0,0.1,0.96
2024-01-26,0.0,0,1,0,1,0,0.16,0.7,0.0,14130000000.0,0.1,0.96
2024-01-25,0.0,0,1,0,1,0,0.16,0.7,0.0,14130000000.0,0.1,0.96
2024-01-24,0.0,0,1,0,1,0,0.16,0.7,0.0,14130000000.0,0.1,0.96
2024-01-23,0.0,0,1,0,1,0,0.16,0.68,0.0,14130000000.0,0.1,0.9400000000000001
2024-01-22,0.0,0,1,0,1,0,0.16,0.68,0.0,14130000000.0,0.1,0.9400000000000001
2024-01-21,0.0,0,1,0,1,0,0.16,0.68,0.0,14130000000.0,0.1,0.9400000000000001
2024-01-20,0.0,0,1,0,1,0,0.16,0.68,0.0,14130000000.0,0.1,0.9400000000000001
2024-01-19,0.0,0,1,0,1,0,0.16,0.68,0.0,14130000000.0,0.1,0.9400000000000001
2024-01-18,0.0,0,1,0,1,0,0.16,0.68,0.0,14130000000.0,0.1,0.9400000000000001
2024-01-17,0.0,0,1,0,1,0,0.16,0.68,0.0,14130000000.0,0.1,0.9400000000000001
2024-01-16,0.0,0,1,0,1,0,0.16,0.68,0.0,14130000000.0,0.1,0.9400000000000001
2024-01-15,0.0,0,1,0,1,0,0.16,0.68,0.0,14130000000.0,0.1,0.9400000000000001
2024-01-14,0.0,0,1,0,1,0,0.16,0.68,0.0,14130000000.0,0.1,0.9400000000000001
2024-01-13,0.0,0,1,0,1,0,0.16,0.68,0.0,14130000000.0,0.1,0.9400000000000001
2024-01-12,0.0,0,1,0,1,0,0.16,0.68,0.0,14130000000.0,0.1,0.9400000000000001
2024-01-11,0.0,0,1,0,1,0,0.16,0.67,0.0,14130000000.0,0.1,0.93
2024-01-10,0.0,0,1,0,1,0,0.16,0.67,0.0,14130000000.0,0.1,0.93
2024-01-09,0.0,0,1,0,1,0,0.16,0.67,0.0,14130000000.0,0.0,0.8300000000000001
2024-01-08,0.0,0,1,0,1,0,0.16,0.67,0.0,14130000000.0,0.0,0.8300000000000001
2024-01-07,0.0,0,1,0,1,0,0.16,0.67,0.0,14130000000.0,0.0,0.8300000000000001
2024-01-06,0.0,0,1,0,1,0,0.16,0.67,0.0,14130000000.0,0.0,0.8300000000000001
2024-01-05,0.0,0,1,0,1,0,0.16,0.67,0.0,14130000000.0,0.0,0.8300000000000001
2024-01-04,0.0,0,1,0,1,0,0.16,0.67,0.0,14130000000.0,0.0,0.8300000000000001
2024-01-03,0.0,0,1,0,1,0,0.16,0.69,0.0,14130000000.0,0.0,0.85
2024-01-02,0.0,0,1,0,1,0,0.16,0.69,0.0,14130000000.0,0.0,0.85
2024-01-01,0.0,0,1,0,1,0,0.16,0.69,0.0,14130000000.0,0.0,0.85
2023-12-31,0.0,0,1,0,1,0,0.17,0.76,0.0,16770000000.0,0.0,0.93
2023-12-30,0.0,0,1,0,1,0,0.17,0.76,0.0,16770000000.0,0.0,0.93
2023-12-29,0.0,0,1,0,1,0,0.17,0.76,0.0,16770000000.0,0.0,0.93
2023-12-28,0.0,0,1,0,1,0,0.17,0.76,0.0,16770000000.0,0.0,0.93
2023-12-27,0.0,0,1,0,1,0,0.17,0.76,0.0,16770000000.0,0.0,0.93
2023-12-26,0.0,0,1,0,1,0,0.17,0.78,0.0,16770000000.0,0.0,0.9500000000000001
2023-12-25,0.0,0,1,0,1,0,0.17,0.78,0.0,16770000000.0,0.0,0.9500000000000001
2023-12-24,0.0,0,1,0,1,0,0.17,0.78,0.0,16770000000.0,0.0,0.9500000000000001
2023-12-23,0.0,0,1,0,1,0,0.17,0.78,0.0,16770000000.0,0.0,0.9500000000000001
2023-12-22,0.0,0,1,0,1,0,0.17,0.78,0.0,16770000000.0,0.0,0.9500000000000001
2023-12-21,0.0,0,1,0,1,0,0.17,0.78,0.0,16770000000.0,0.0,0.9500000000000001
2023-12-20,0.0,0,1,0,1,0,0.17,0.78,0.0,16770000000.0,0.0,0.9500000000000001
2023-12-19,0.0,0,1,0,1,0,0.17,0.78,0.0,16770000000.0,0.0,0.9500000000000001
2023-12-18,0.0,0,1,0,1,0,0.17,0.77,0.0,16770000000.0,0.0,0.9400000000000001
2023-12-17,0.0,0,1,0,1,0,0.17,0.77,0.0,16770000000.0,0.0,0.9400000000000001
2023-12-16,0.0,0,1,0,1,0,0.17,0.77,0.0,16770000000.0,0.0,0.9400000000000001
2023-12-15,0.0,0,1,0,1,0,0.17,0.77,0.0,16770000000.0,0.0,0.9400000000000001
2023-12-14,0.0,0,1,0,1,0,0.17,0.77,0.0,16770000000.0,0.0,0.9400000000000001
2023-12-13,0.0,0,1,0,1,0,0.17,0.76,0.0,16770000000.0,0.0,0.93
2023-12-12,0.0,0,1,0,1,0,0.17,0.77,0.0,16770000000.0,0.0,0.9400000000000001
2023-12-11,0.0,0,1,0,1,0,0.17,0.76,0.0,16770000000.0,0.0,0.93
2023-12-10,0.0,0,1,0,1,0,0.17,0.76,0.0,16770000000.0,0.0,0.93
2023-12-09,0.0,0,1,0,1,0,0.17,0.76,0.0,16770000000.0,0.0,0.93
2023-12-08,0.0,0,1,0,1,0,0.17,0.76,0.0,16770000000.0,0.0,0.93
2023-12-07,0.0,0,1,0,1,0,0.15,0.74,0.0,16770000000.0,0.0,0.89
2023-12-06,0.0,0,1,0,1,0,0.15,0.75,0.0,16770000000.0,0.0,0.9
2023-12-05,0.0,0,1,0,1,0,0.15,0.75,0.0,16770000000.0,0.0,0.9
2023-12-04,0.0,0,1,0,1,0,0.15,0.73,0.0,16770000000.0,0.0,0.88
2023-12-03,0.0,0,1,0,1,0,0.15,0.73,0.0,16770000000.0,0.0,0.88
2023-12-02,0.0,0,1,0,1,0,0.15,0.73,0.0,16770000000.0,0.0,0.88
2023-12-01,0.0,0,1,0,1,0,0.15,0.73,0.0,16770000000.0,0.0,0.88
2023-11-30,0.0,0,1,0,1,0,0.15,0.71,0.0,16770000000.0,0.0,0.86
2023-11-29,0.0,0,1,0,1,0,0.13,0.71,0.0,16770000000.0,0.0,0.84
2023-11-28,0.0,0,1,0,1,0,0.13,0.71,0.0,16770000000.0,0.0,0.84
2023-11-27,0.0,0,1,0,1,0,0.13,0.71,0.0,16770000000.0,0.0,0.84
2023-11-26,0.0,0,1,0,1,0,0.13,0.71,0.0,16770000000.0,0.0,0.84
2023-11-25,0.0,0,1,0,1,0,0.13,0.71,0.0,16770000000.0,0.0,0.84
2023-11-24,0.0,0,1,0,1,0,0.13,0.71,0.0,16770000000.0,0.0,0.84
2023-11-23,0.0,0,1,0,1,0,0.13,0.69,0.0,16770000000.0,0.0,0.82
2023-11-22,0.0,0,1,0,1,0,0.13,0.69,0.0,16770000000.0,0.0,0.82
2023-11-21,0.0,0,1,0,1,0,0.13,0.67,0.0,16770000000.0,0.0,0.8
2023-11-20,0.0,0,1,0,1,0,0.13,0.67,0.0,16770000000.0,0.0,0.8
2023-11-19,0.0,0,1,0,1,0,0.13,0.66,0.0,16770000000.0,0.0,0.79
2023-11-18,0.0,0,1,0,1,0,0.13,0.66,0.0,16770000000.0,0.0,0.79
2023-11-17,0.0,0,1,0,1,0,0.13,0.66,0.0,16770000000.0,0.0,0.79
2023-11-16,0.0,0,1,0,1,0,0.13,0.66,0.0,16770000000.0,0.0,0.79
2023-11-15,0.0,0,1,0,1,0,0.13,0.67,0.0,16770000000.0,0.0,0.8
2023-11-14,0.0,0,1,0,1,0,0.13,0.64,0.0,16770000000.0,0.0,0.77
2023-11-13,0.0,0,1,0,1,0,0.13,0.64,0.0,16770000000.0,0.0,0.77
2023-11-12,0.0,0,1,0,1,0,0.13,0.65,0.0,16770000000.0,0.0,0.78
2023-11-11,0.0,0,1,0,1,0,0.13,0.65,0.0,16770000000.0,0.0,0.78
2023-11-10,0.0,0,1,0,1,0,0.13,0.65,0.0,16770000000.0,0.0,0.78
2023-11-09,0.0,0,1,0,1,0,0.13,0.65,0.0,16770000000.0,0.0,0.78
2023-11-08,0.0,0,1,0,1,0,0.13,0.65,0.0,16770000000.0,0.0,0.78
2023-11-07,0.0,0,1,0,1,0,0.13,0.64,0.0,16770000000.0,0.0,0.77
2023-11-06,0.0,0,1,0,1,0,0.13,0.64,0.0,16770000000.0,0.0,0.77
2023-11-05,0.0,0,1,0,1,0,0.13,0.64,0.0,16770000000.0,0.0,0.77
2023-11-04,0.0,0,1,0,1,0,0.13,0.64,0.0,16770000000.0,0.0,0.77
2023-11-03,0.0,0,1,0,1,0,0.13,0.64,0.0,16770000000.0,0.1,0.87
2023-11-02,0.0,0,1,0,1,0,0.13,0.64,0.0,16770000000.0,0.1,0.87
2023-11-01,0.0,0,1,0,1,0,0.11,0.63,0.0,16770000000.0,0.1,0.84
2023-10-31,0.0,0,1,0,1,0,0.11,0.63,0.0,16770000000.0,0.11,0.85
2023-10-30,0.0,0,1,0,1,0,0.0,0.65,0.0,16770000000.0,0.11,0.76
2023-10-29,0.0,0,1,0,1,0,0.0,0.63,0.0,16770000000.0,0.0,0.63
2023-10-28,0.0,0,1,0,1,0,0.0,0.63,0.0,16770000000.0,0.0,0.63
2023-10-27,0.0,0,1,0,1,0,0.0,0.63,0.0,16770000000.0,0.0,0.63
2023-10-26,0.0,0,1,0,1,0,0.0,0.67,0.0,16770000000.0,0.0,0.67
2023-10-25,0.0,0,1,0,1,0,0.0,0.67,0.0,16770000000.0,0.0,0.67
2023-10-24,0.0,0,1,0,1,0,0.0,0.66,0.0,16770000000.0,0.0,0.66
2023-10-23,0.0,0,1,0,1,0,0.0,0.66,0.0,16770000000.0,0.0,0.66
2023-10-22,0.0,0,1,0,1,0,0.0,0.63,0.0,16770000000.0,0.0,0.63
2023-10-21,0.0,0,1,0,1,0,0.0,0.63,0.0,16770000000.0,0.0,0.63
2023-10-20,0.0,0,1,0,1,0,0.0,0.63,0.0,16770000000.0,0.0,0.63
2023-10-19,0.0,0,1,0,1,0,0.0,0.6,0.0,16770000000.0,0.0,0.6
2023-10-18,0.0,0,1,0,1,0,0.0,0.6,0.0,16770000000.0,0.0,0.6
2023-10-17,0.0,0,1,0,1,0,0.0,0.6,0.0,16770000000.0,0.0,0.6
2023-10-16,0.0,0,1,1,0,0,0.0,0.49,0.0,16770000000.0,0.0,0.49
2023-10-15,0.0,0,1,1,0,0,0.0,0.49,0.0,16770000000.0,0.0,0.49
2023-10-14,0.0,0,1,1,0,0,0.0,0.49,0.0,16770000000.0,0.0,0.49
2023-10-13,0.0,0,1,1,0,0,0.0,0.49,0.0,16770000000.0,0.0,0.49
2023-10-12,0.0,0,1,0,1,0,0.0,0.59,0.0,16770000000.0,0.0,0.59
2023-10-11,0.0,0,1,0,1,0,0.0,0.59,0.0,16770000000.0,0.0,0.59
2023-10-10,0.0,0,1,0,1,0,0.0,0.58,0.0,16770000000.0,0.0,0.58
2023-10-09,0.0,0,1,1,0,0,0.0,0.47,0.0,16770000000.0,0.0,0.47
2023-10-08,0.0,0,1,1,0,0,0.0,0.49,0.0,16770000000.0,0.0,0.49
2023-10-07,0.0,0,1,1,0,0,0.0,0.49,0.0,16770000000.0,0.0,0.49
2023-10-06,0.0,0,1,1,0,0,0.0,0.49,0.0,16770000000.0,0.0,0.49
2023-10-05,0.0,0,0,1,1,0,0.0,0.47,0.0,16770000000.0,0.33,0.8
2023-10-04,0.0,0,0,1,1,0,0.0,0.47,0.0,16770000000.0,0.33,0.8
2023-10-03,0.0,0,0,1,1,0,0.0,0.47,0.0,16770000000.0,0.33,0.8
2023-10-02,0.0,0,0,2,0,0,0.0,0.47,0.0,16770000000.0,0.23,0.7
2023-10-01,0.0,0,0,2,0,0,0.0,0.47,0.0,16770000000.0,0.23,0.7
2023-09-30,0.0,0,0,2,0,0,0.0,0.47,0.0,16770000000.0,0.23,0.7
2023-09-29,0.0,0,0,2,0,0,0.0,0.47,0.0,16770000000.0,0.23,0.7
2023-09-28,0.0,0,0,2,0,0,0.0,0.47,0.0,16770000000.0,0.23,0.7
2023-09-27,0.0,0,0,2,0,0,0.0,0.36,0.0,16770000000.0,0.23,0.59
2023-09-26,0.0,0,0,2,0,0,0.0,0.36,0.0,16770000000.0,0.23,0.59
2023-09-25,0.0,0,0,2,0,0,0.0,0.36,0.0,16770000000.0,0.23,0.59
2023-09-24,0.0,0,1,1,0,0,0.0,0.34,0.0,16770000000.0,0.23,0.5700000000000001
2023-09-23,0.0,0,1,1,0,0,0.0,0.34,0.0,16770000000.0,0.23,0.5700000000000001
2023-09-22,0.0,0,1,1,0,0,0.0,0.34,0.0,16770000000.0,0.23,0.5700000000000001
2023-09-21,0.0,0,1,1,0,0,0.0,0.34,0.0,16770000000.0,0.23,0.5700000000000001
2023-09-20,0.0,0,1,1,0,0,0.0,0.34,0.0,16770000000.0,0.23,0.5700000000000001
2023-09-19,0.0,0,0,1,1,0,0.0,0.54,0.0,16770000000.0,0.23,0.77
2023-09-18,0.0,0,0,1,1,0,0.0,0.54,0.0,16770000000.0,0.23,0.77
2023-09-17,0.0,0,0,1,1,0,0.0,0.54,0.0,16770000000.0,0.23,0.77
2023-09-16,0.0,0,0,1,1,0,0.0,0.54,0.0,16770000000.0,0.23,0.77
2023-09-15,0.0,0,0,1,1,0,0.0,0.54,0.0,16770000000.0,0.23,0.77
2023-09-14,0.0,0,1,0,1,0,0.0,0.43,0.0,16770000000.0,0.23,0.66
2023-09-13,0.0,0,1,0,1,0,0.0,0.43,0.0,16770000000.0,0.23,0.66
2023-09-12,0.0,0,1,0,1,0,0.0,0.45,0.0,16770000000.0,0.23,0.68
2023-09-11,0.0,0,1,0,1,0,0.0,0.44,0.0,16770000000.0,0.23,0.67
2023-09-10,0.0,0,1,0,1,0,0.0,0.44,0.0,16770000000.0,0.23,0.67
2023-09-09,0.0,0,1,0,1,0,0.0,0.44,0.0,16770000000.0,0.23,0.67
2023-09-08,0.0,0,1,0,1,0,0.0,0.44,0.0,16770000000.0,0.23,0.67
2023-09-07,0.0,0,1,0,1,0,0.0,0.44,0.0,16770000000.0,0.23,0.67
2023-09-06,0.0,0,1,0,1,0,0.0,0.44,0.0,16770000000.0,0.23,0.67
2023-09-05,0.0,0,1,0,1,0,0.0,0.46,0.0,16770000000.0,0.23,0.6900000000000001
2023-09-04,0.0,0,1,0,1,0,0.0,0.46,0.0,16770000000.0,0.23,0.6900000000000001
2023-09-03,0.0,0,1,0,1,0,0.0,0.46,0.0,16770000000.0,0.23,0.6900000000000001
2023-09-02,0.0,0,1,0,1,0,0.0,0.46,0.0,16770000000.0,0.23,0.6900000000000001
2023-09-01,0.0,0,1,0,1,0,0.0,0.46,0.0,16770000000.0,0.23,0.6900000000000001
2023-08-31,0.0,0,0,0,1,0,0.0,0.27,0.0,16770000000.0,0.23,0.5
2023-08-30,0.0,0,0,0,1,0,0.0,0.27,0.0,16770000000.0,0.23,0.5
2023-08-29,0.0,0,0,0,1,0,0.0,0.32,0.0,16770000000.0,0.23,0.55
2023-08-28,0.0,0,0,0,1,0,0.0,0.31,0.0,16770000000.0,0.23,0.54
2023-08-27,0.0,0,0,0,1,0,0.0,0.31,0.0,16770000000.0,0.23,0.54
2023-08-26,0.0,0,0,0,1,0,0.0,0.31,0.0,16770000000.0,0.23,0.54
2023-08-25,0.0,0,0,0,1,0,0.0,0.31,0.0,16770000000.0,0.23,0.54
2023-08-24,0.0,0,0,0,1,0,0.0,0.31,0.0,16770000000.0,0.23,0.54
2023-08-23,0.0,0,0,0,1,0,0.0,0.31,0.0,16770000000.0,0.23,0.54
2023-08-22,0.0,0,0,0,1,0,0.0,0.31,0.0,16770000000.0,0.23,0.54
2023-08-21,0.0,0,0,0,1,0,0.0,0.31,0.0,16770000000.0,0.23,0.54
2023-08-20,0.0,0,0,0,1,0,0.0,0.31,0.0,16770000000.0,0.23,0.54
2023-08-19,0.0,0,0,0,1,0,0.0,0.31,0.0,16770000000.0,0.23,0.54
2023-08-18,0.0,0,0,0,1,0,0.0,0.31,0.0,16770000000.0,0.23,0.54
2023-08-17,0.0,0,0,0,1,0,0.0,0.31,0.0,16770000000.0,0.23,0.54
2023-08-16,0.0,0,0,0,1,0,0.0,0.31,0.0,16770000000.0,0.23,0.54
2023-08-15,0.0,0,0,0,1,0,0.0,0.31,0.0,16770000000.0,0.23,0.54
2023-08-14,0.0,0,0,0,1,0,0.0,0.31,0.0,16770000000.0,0.23,0.54
2023-08-13,0.0,0,0,0,1,0,0.0,0.33,0.0,16770000000.0,0.23,0.56
2023-08-12,0.0,0,0,0,1,0,0.0,0.33,0.0,16770000000.0,0.23,0.56
2023-08-11,0.0,0,0,0,1,0,0.0,0.33,0.0,16770000000.0,0.23,0.56
2023-08-10,0.0,0,0,0,1,0,0.0,0.35,0.0,16770000000.0,0.23,0.58
2023-08-09,0.0,0,0,0,1,0,0.0,0.35,0.0,16770000000.0,0.23,0.58
2023-08-08,0.0,0,0,0,1,0,0.0,0.35,0.1,16770000000.0,0.23,0.6799999999999999
2023-08-07,0.0,0,0,0,1,0,0.0,0.35,0.1,16770000000.0,0.23,0.6799999999999999
2023-08-06,0.0,0,0,0,1,0,0.0,0.35,0.1,16770000000.0,0.23,0.6799999999999999
2023-08-05,0.0,0,0,0,1,0,0.0,0.35,0.1,16770000000.0,0.23,0.6799999999999999
2023-08-04,0.0,0,0,0,1,0,0.0,0.35,0.1,16770000000.0,0.23,0.6799999999999999
2023-08-03,0.0,0,0,0,1,0,0.0,0.35,0.11,16770000000.0,0.23,0.69
2023-08-02,0.0,0,0,0,1,0,0.0,0.35,0.11,16770000000.0,0.23,0.69
2023-08-01,0.0,0,0,0,1,0,0.0,0.35,0.11,16770000000.0,0.25,0.71
2023-07-31,0.0,0,0,0,1,0,0.0,0.35,0.11,16770000000.0,0.25,0.71
2023-07-30,0.0,0,0,0,1,0,0.0,0.35,0.11,16770000000.0,0.25,0.71
2023-07-29,0.0,0,0,0,1,0,0.0,0.35,0.11,16770000000.0,0.25,0.71
2023-07-28,0.0,0,0,0,1,0,0.0,0.35,0.11,16770000000.0,0.25,0.71
2023-07-27,0.0,0,0,0,1,0,0.0,0.35,0.11,16770000000.0,0.25,0.71
2023-07-26,0.0,0,0,0,1,0,0.0,0.35,0.11,16770000000.0,0.25,0.71
2023-07-25,0.0,0,0,0,1,0,0.0,0.35,0.11,16770000000.0,0.25,0.71
2023-07-24,0.0,0,0,0,1,0,0.0,0.35,0.11,16770000000.0,0.25,0.71
2023-07-23,0.0,0,0,0,1,0,0.0,0.35,0.11,16770000000.0,0.25,0.71
2023-07-22,0.0,0,0,0,1,0,0.0,0.35,0.11,16770000000.0,0.25,0.71
2023-07-21,0.0,0,0,0,1,0,0.0,0.35,0.11,16770000000.0,0.25,0.71
2023-07-20,0.0,0,0,0,1,0,0.0,0.35,0.11,16770000000.0,0.25,0.71
2023-07-19,0.0,0,0,0,1,0,0.0,0.35,0.11,16770000000.0,0.25,0.71
2023-07-18,0.0,0,0,0,1,0,0.0,0.35,0.11,16770000000.0,0.25,0.71
2023-07-17,0.0,0,0,0,1,0,0.0,0.35,0.11,16770000000.0,0.25,0.71
2023-07-16,0.0,0,0,0,1,0,0.0,0.35,0.11,16770000000.0,0.25,0.71
2023-07-15,0.0,0,0,0,1,0,0.0,0.35,0.11,16770000000.0,0.25,0.71
2023-07-14,0.0,0,0,0,1,0,0.0,0.35,0.11,16770000000.0,0.25,0.71
2023-07-13,0.0,0,0,0,1,0,0.0,0.35,0.11,16770000000.0,0.25,0.71
2023-07-12,0.0,0,0,0,1,0,0.0,0.35,0.11,16770000000.0,0.25,0.71
2023-07-11,0.0,0,0,0,1,0,0.0,0.37,0.11,16770000000.0,0.25,0.73
2023-07-10,0.0,0,0,0,1,0,0.0,0.37,0.11,16770000000.0,0.25,0.73
2023-07-09,0.0,0,0,0,1,0,0.0,0.37,0.11,16770000000.0,0.25,0.73
2023-07-08,0.0,0,0,0,1,0,0.0,0.37,0.11,16770000000.0,0.25,0.73
2023-07-07,0.0,0,0,0,1,0,0.0,0.37,0.11,16770000000.0,0.25,0.73
2023-07-06,0.0,0,0,0,1,0,0.0,0.37,0.11,16770000000.0,0.25,0.73
2023-07-05,0.0,0,0,0,1,0,0.0,0.39,0.11,16770000000.0,0.25,0.75
2023-07-04,0.0,0,0,0,1,0,0.0,0.39,0.11,16770000000.0,0.25,0.75
2023-07-03,0.0,0,0,0,1,0,0.0,0.39,0.11,16770000000.0,0.25,0.75
2023-07-02,0.0,0,0,0,1,0,0.0,0.39,0.11,16770000000.0,0.25,0.75
2023-07-01,0.0,0,0,0,1,0,0.0,0.39,0.11,16770000000.0,0.25,0.75
2023-06-30,0.0,0,0,0,1,0,0.0,0.39,0.11,16770000000.0,0.25,0.75
2023-06-29,0.0,0,0,0,1,0,0.0,0.39,0.11,16770000000.0,0.25,0.75
2023-06-28,0.0,0,0,0,1,0,0.0,0.37,0.11,16770000000.0,0.25,0.73
2023-06-27,0.0,0,0,0,1,0,0.0,0.37,0.11,16770000000.0,0.25,0.73
2023-06-26,0.0,0,0,0,1,0,0.0,0.37,0.11,16770000000.0,0.25,0.73
2023-06-25,0.0,0,0,0,1,0,0.0,0.37,0.11,16770000000.0,0.25,0.73
2023-06-24,0.0,0,0,0,1,0,0.0,0.37,0.11,16770000000.0,0.25,0.73
2023-06-23,0.0,0,0,0,1,0,0.0,0.37,0.11,16770000000.0,0.25,0.73
2023-06-22,0.0,0,0,0,1,0,0.0,0.37,0.11,16770000000.0,0.25,0.73
2023-06-21,0.0,0,0,0,1,0,0.0,0.37,0.11,16770000000.0,0.25,0.73
2023-06-20,0.0,0,0,0,1,0,0.0,0.37,0.0,16770000000.0,0.25,0.62
2023-06-19,0.0,0,0,0,1,0,0.0,0.35,0.0,16770000000.0,0.25,0.6
2023-06-18,0.0,0,0,0,1,0,0.0,0.35,0.0,16770000000.0,0.25,0.6
2023-06-17,0.0,0,0,0,1,0,0.0,0.35,0.0,16770000000.0,0.25,0.6
2023-06-16,0.0,0,0,0,1,0,0.0,0.35,0.0,16770000000.0,0.25,0.6
2023-06-15,0.0,0,0,0,1,0,0.0,0.35,0.0,16770000000.0,0.25,0.6
2023-06-14,0.0,0,0,0,1,0,0.0,0.35,0.0,16770000000.0,0.25,0.6
2023-06-13,0.0,0,0,0,1,0,0.0,0.35,0.0,16770000000.0,0.25,0.6
2023-06-12,0.0,0,0,0,1,0,0.0,0.35,0.0,16770000000.0,0.25,0.6
2023-06-11,0.0,0,0,0,1,0,0.0,0.35,0.0,16770000000.0,0.26,0.61
2023-06-10,0.0,0,0,0,1,0,0.0,0.35,0.0,16770000000.0,0.26,0.61
2023-06-09,0.0,0,0,0,1,0,0.0,0.35,0.0,16770000000.0,0.26,0.61
2023-06-08,0.0,0,0,0,1,0,0.0,0.35,0.0,16770000000.0,0.26,0.61
2023-06-07,0.0,0,0,0,1,0,0.0,0.34,0.0,16770000000.0,0.26,0.6000000000000001
2023-06-06,0.0,0,0,0,1,0,0.0,0.34,0.0,16770000000.0,0.26,0.6000000000000001
2023-06-05,0.0,0,0,0,1,0,0.0,0.34,0.0,16770000000.0,0.26,0.6000000000000001
2023-06-04,0.0,0,0,0,1,0,0.0,0.34,0.0,16770000000.0,0.26,0.6000000000000001
2023-06-03,0.0,0,0,0,1,0,0.0,0.34,0.0,16770000000.0,0.26,0.6000000000000001
2023-06-02,0.0,0,0,0,1,0,0.0,0.34,0.0,16770000000.0,0.26,0.6000000000000001
2023-06-01,0.0,0,0,0,1,0,0.0,0.34,0.0,16770000000.0,0.26,0.6000000000000001
2023-05-31,0.0,0,0,0,1,0,0.0,0.36,0.0,16770000000.0,0.26,0.62
2023-05-30,0.0,0,0,0,1,0,0.0,0.36,0.0,16770000000.0,0.25,0.61
2023-05-29,0.0,0,0,0,1,0,0.0,0.36,0.0,16770000000.0,0.25,0.61
2023-05-28,0.0,0,0,0,1,0,0.0,0.36,0.0,16770000000.0,0.25,0.61
2023-05-27,0.0,0,0,0,1,0,0.0,0.36,0.0,16770000000.0,0.25,0.61
2023-05-26,0.0,0,0,0,1,0,0.0,0.36,0.0,16770000000.0,0.25,0.61
2023-05-25,0.0,0,0,0,1,0,0.0,0.36,0.0,16770000000.0,0.25,0.61
2023-05-24,0.0,0,0,0,1,0,0.0,0.36,0.0,16770000000.0,0.25,0.61
2023-05-23,0.0,0,0,0,1,0,0.0,0.36,0.0,16770000000.0,0.25,0.61
2023-05-22,0.0,0,0,0,1,0,0.0,0.36,0.0,16770000000.0,0.25,0.61
2023-05-21,0.0,0,0,0,1,0,0.0,0.36,0.0,16770000000.0,0.25,0.61
2023-05-20,0.0,0,0,0,1,0,0.0,0.36,0.0,16770000000.0,0.25,0.61
2023-05-19,0.0,0,0,0,1,0,0.0,0.36,0.0,16770000000.0,0.25,0.61
2023-05-18,0.0,0,0,0,1,0,0.0,0.35,0.0,16770000000.0,0.25,0.6
2023-05-17,0.0,0,0,0,1,0,0.0,0.33,0.0,16770000000.0,0.25,0.5800000000000001
2023-05-16,0.0,0,0,0,1,0,0.0,0.33,0.0,16770000000.0,0.25,0.5800000000000001
2023-05-15,0.0,0,0,0,1,0,0.0,0.35,0.0,16770000000.0,0.25,0.6
2023-05-14,0.0,0,0,0,1,0,0.0,0.33,0.0,16770000000.0,0.25,0.5800000000000001
2023-05-13,0.0,0,0,0,1,0,0.0,0.33,0.0,16770000000.0,0.25,0.5800000000000001
2023-05-12,0.0,0,0,0,1,0,0.0,0.33,0.0,16770000000.0,0.25,0.5800000000000001
2023-05-11,0.0,0,0,0,1,0,0.0,0.33,0.0,16770000000.0,0.25,0.5800000000000001
2023-05-10,0.0,0,0,0,1,0,0.0,0.33,0.0,16770000000.0,0.25,0.5800000000000001
