,-unknown-,<05,<1,<2,<5,>=5,CA,CH,FR,GB,HK,IE,KY,Market_capitalization,US,Total
2025-04-28,0.04,8,3,0,1,0,0.0,0.0,0.03,0.16,0.0,0.0,0.0,147975920000.0,0.06,0.29000000000000004
2025-04-27,0.04,8,3,0,1,0,0.0,0.0,0.03,0.16,0.0,0.0,0.0,147975920000.0,0.06,0.29000000000000004
2025-04-26,0.04,8,3,0,1,0,0.0,0.0,0.03,0.16,0.0,0.0,0.0,147975920000.0,0.06,0.29000000000000004
2025-04-25,0.04,8,3,0,1,0,0.0,0.0,0.03,0.16,0.0,0.0,0.0,147975920000.0,0.06,0.29000000000000004
2025-04-24,0.04,8,3,0,1,0,0.0,0.0,0.03,0.16,0.0,0.0,0.0,147975920000.0,0.06,0.29000000000000004
2025-04-23,0.04,8,3,0,1,0,0.0,0.0,0.03,0.16,0.0,0.0,0.0,147975920000.0,0.06,0.29000000000000004
2025-04-22,0.04,8,3,0,1,0,0.0,0.0,0.03,0.16,0.0,0.0,0.0,147975920000.0,0.06,0.29000000000000004
2025-04-21,0.04,8,3,0,1,0,0.0,0.0,0.03,0.16,0.0,0.0,0.0,147975920000.0,0.03,0.26
2025-04-20,0.04,8,3,0,1,0,0.0,0.0,0.03,0.16,0.0,0.0,0.0,147975920000.0,0.03,0.26
2025-04-19,0.04,8,3,0,1,0,0.0,0.0,0.03,0.16,0.0,0.0,0.0,147975920000.0,0.03,0.26
2025-04-18,0.04,8,3,0,1,0,0.0,0.0,0.03,0.16,0.0,0.0,0.0,147975920000.0,0.03,0.26
2025-04-17,0.04,8,2,1,1,0,0.0,0.0,0.03,0.16,0.0,0.0,0.0,147975920000.0,0.03,0.26
2025-04-16,0.04,8,2,1,1,0,0.0,0.0,0.03,0.16,0.0,0.0,0.0,147975920000.0,0.03,0.26
2025-04-15,0.04,8,2,1,1,0,0.0,0.0,0.03,0.16,0.0,0.0,0.0,147975920000.0,0.03,0.26
2025-04-14,0.05,7,3,1,1,0,0.0,0.0,0.03,0.16,0.0,0.0,0.0,147975920000.0,0.03,0.27
2025-04-13,0.05,7,3,1,1,0,0.0,0.0,0.03,0.16,0.0,0.0,0.0,147975920000.0,0.03,0.27
2025-04-12,0.05,7,3,1,1,0,0.0,0.0,0.03,0.16,0.0,0.0,0.0,147975920000.0,0.03,0.27
2025-04-11,0.05,7,3,1,1,0,0.0,0.0,0.03,0.16,0.0,0.0,0.0,147975920000.0,0.03,0.27
2025-04-10,0.05,7,3,1,1,0,0.0,0.0,0.03,0.16,0.0,0.0,0.0,147975920000.0,0.03,0.27
2025-04-09,0.08,7,3,1,1,0,0.0,0.0,0.03,0.16,0.0,0.0,0.0,147975920000.0,0.03,0.30000000000000004
2025-04-08,0.08,7,3,1,1,0,0.0,0.0,0.03,0.15,0.0,0.0,0.0,147975920000.0,0.03,0.29000000000000004
2025-04-07,0.08,7,3,1,1,0,0.0,0.0,0.03,0.15,0.0,0.0,0.0,147975920000.0,0.03,0.29000000000000004
2025-04-06,0.08,7,3,1,1,0,0.0,0.0,0.03,0.15,0.0,0.0,0.0,147975920000.0,0.03,0.29000000000000004
2025-04-05,0.08,7,3,1,1,0,0.0,0.0,0.03,0.15,0.0,0.0,0.0,147975920000.0,0.03,0.29000000000000004
2025-04-04,0.08,7,3,1,1,0,0.0,0.0,0.03,0.15,0.0,0.0,0.0,147975920000.0,0.03,0.29000000000000004
2025-04-03,0.0,8,2,2,0,0,0.0,0.0,0.03,0.16,0.0,0.0,0.0,147975920000.0,0.03,0.22
2025-04-02,0.0,8,2,2,0,0,0.0,0.0,0.03,0.12,0.0,0.0,0.0,147975920000.0,0.03,0.18
2025-04-01,0.0,8,2,2,0,0,0.0,0.0,0.03,0.12,0.0,0.0,0.0,147975920000.0,0.03,0.18
2025-03-31,0.0,8,2,2,0,0,0.0,0.0,0.03,0.12,0.0,0.0,0.0,147975920000.0,0.03,0.18
2025-03-30,0.0,8,2,2,0,0,0.0,0.0,0.03,0.12,0.0,0.0,0.0,147975920000.0,0.03,0.18
2025-03-29,0.0,8,2,2,0,0,0.0,0.0,0.03,0.12,0.0,0.0,0.0,147975920000.0,0.03,0.18
2025-03-28,0.0,8,2,2,0,0,0.0,0.0,0.03,0.12,0.0,0.0,0.0,147975920000.0,0.03,0.18
2025-03-27,0.0,9,1,2,0,0,0.0,0.0,0.03,0.09,0.0,0.0,0.0,147975920000.0,0.03,0.15
2025-03-26,0.0,9,1,2,0,0,0.0,0.0,0.03,0.09,0.0,0.0,0.0,147975920000.0,0.03,0.15
2025-03-25,0.0,9,1,2,0,0,0.0,0.0,0.03,0.09,0.0,0.0,0.0,147975920000.0,0.03,0.15
2025-03-24,0.0,9,1,2,0,0,0.0,0.0,0.03,0.09,0.0,0.0,0.0,147975920000.0,0.06,0.18
2025-03-23,0.0,9,1,2,0,0,0.0,0.0,0.03,0.09,0.0,0.0,0.0,147975920000.0,0.06,0.18
2025-03-22,0.0,9,1,2,0,0,0.0,0.0,0.03,0.09,0.0,0.0,0.0,147975920000.0,0.06,0.18
2025-03-21,0.0,9,1,2,0,0,0.0,0.0,0.03,0.09,0.0,0.0,0.0,147975920000.0,0.06,0.18
2025-03-20,0.0,9,1,2,0,0,0.0,0.0,0.03,0.09,0.0,0.0,0.0,147975920000.0,0.06,0.18
2025-03-19,0.0,9,1,2,0,0,0.0,0.0,0.03,0.09,0.0,0.0,0.0,147975920000.0,0.06,0.18
2025-03-18,0.0,9,1,2,0,0,0.0,0.0,0.03,0.09,0.0,0.0,0.0,147975920000.0,0.06,0.18
2025-03-17,0.0,9,1,2,0,0,0.0,0.0,0.03,0.09,0.0,0.0,0.0,147975920000.0,0.06,0.18
2025-03-16,0.0,9,1,2,0,0,0.0,0.0,0.03,0.09,0.0,0.0,0.0,147975920000.0,0.06,0.18
2025-03-15,0.0,9,1,2,0,0,0.0,0.0,0.03,0.09,0.0,0.0,0.0,147975920000.0,0.06,0.18
2025-03-14,0.0,9,1,2,0,0,0.0,0.0,0.03,0.09,0.0,0.0,0.0,147975920000.0,0.06,0.18
2025-03-13,0.0,9,1,2,0,0,0.0,0.0,0.03,0.09,0.0,0.0,0.0,147975920000.0,0.06,0.18
2025-03-12,0.0,9,1,2,0,0,0.0,0.0,0.03,0.09,0.0,0.0,0.0,147975920000.0,0.06,0.18
2025-03-11,0.0,9,1,2,0,0,0.0,0.0,0.03,0.06,0.0,0.0,0.0,147975920000.0,0.06,0.15
2025-03-10,0.0,9,1,2,0,0,0.0,0.0,0.03,0.06,0.0,0.0,0.0,147975920000.0,0.06,0.15
2025-03-09,0.0,8,2,2,0,0,0.0,0.0,0.03,0.06,0.0,0.0,0.0,147975920000.0,0.06,0.15
2025-03-08,0.0,8,2,2,0,0,0.0,0.0,0.03,0.06,0.0,0.0,0.0,147975920000.0,0.06,0.15
2025-03-07,0.0,8,2,2,0,0,0.0,0.0,0.03,0.06,0.0,0.0,0.0,147975920000.0,0.06,0.15
2025-03-06,0.0,8,2,2,0,0,0.0,0.0,0.07,0.06,0.0,0.0,0.0,147975920000.0,0.06,0.19
2025-03-05,0.0,8,2,2,0,0,0.0,0.0,0.07,0.06,0.0,0.0,0.0,147975920000.0,0.06,0.19
2025-03-04,0.0,7,3,2,0,0,0.0,0.0,0.07,0.06,0.0,0.0,0.0,147975920000.0,0.06,0.19
2025-03-03,0.0,7,3,2,0,0,0.0,0.0,0.08,0.06,0.0,0.0,0.0,147975920000.0,0.06,0.2
2025-03-02,0.0,7,3,2,0,0,0.0,0.0,0.08,0.06,0.0,0.0,0.0,147975920000.0,0.06,0.2
2025-03-01,0.0,7,3,2,0,0,0.0,0.0,0.08,0.06,0.0,0.0,0.0,147975920000.0,0.06,0.2
2025-02-28,0.0,7,3,2,0,0,0.0,0.0,0.08,0.06,0.0,0.0,0.0,147975920000.0,0.06,0.2
2025-02-27,0.0,7,3,2,0,0,0.0,0.0,0.08,0.06,0.0,0.0,0.0,147975920000.0,0.06,0.2
2025-02-26,0.0,8,2,2,0,0,0.0,0.0,0.08,0.04,0.0,0.0,0.0,147975920000.0,0.06,0.18
2025-02-25,0.0,8,2,2,0,0,0.0,0.0,0.08,0.04,0.0,0.0,0.0,147975920000.0,0.06,0.18
2025-02-24,0.0,8,1,3,0,0,0.0,0.0,0.09,0.04,0.0,0.0,0.0,147975920000.0,0.06,0.19
2025-02-23,0.0,8,1,3,0,0,0.0,0.0,0.09,0.04,0.0,0.0,0.0,147975920000.0,0.06,0.19
2025-02-22,0.0,8,1,3,0,0,0.0,0.0,0.09,0.04,0.0,0.0,0.0,147975920000.0,0.06,0.19
2025-02-21,0.0,8,1,3,0,0,0.0,0.0,0.09,0.04,0.0,0.0,0.0,147975920000.0,0.06,0.19
2025-02-20,0.0,8,1,3,0,0,0.0,0.0,0.09,0.04,0.0,0.0,0.0,147975920000.0,0.06,0.19
2025-02-19,0.0,8,1,3,0,0,0.0,0.0,0.09,0.04,0.0,0.0,0.0,147975920000.0,0.06,0.19
2025-02-18,0.0,8,1,3,0,0,0.0,0.0,0.09,0.04,0.0,0.0,0.0,147975920000.0,0.06,0.19
2025-02-17,0.0,8,1,3,0,0,0.0,0.0,0.09,0.04,0.0,0.0,0.0,147975920000.0,0.06,0.19
2025-02-16,0.0,8,2,2,0,0,0.0,0.0,0.09,0.04,0.0,0.0,0.0,147975920000.0,0.06,0.19
2025-02-15,0.0,8,2,2,0,0,0.0,0.0,0.09,0.04,0.0,0.0,0.0,147975920000.0,0.06,0.19
2025-02-14,0.0,8,2,2,0,0,0.0,0.0,0.09,0.04,0.0,0.0,0.0,147975920000.0,0.06,0.19
2025-02-13,0.0,8,2,2,0,0,0.0,0.0,0.09,0.04,0.0,0.0,0.0,147975920000.0,0.06,0.19
2025-02-12,0.0,8,2,2,0,0,0.0,0.0,0.09,0.04,0.0,0.0,0.0,147975920000.0,0.06,0.19
2025-02-11,0.0,8,2,2,0,0,0.0,0.0,0.09,0.04,0.0,0.0,0.0,147975920000.0,0.06,0.19
2025-02-10,0.0,8,1,3,0,0,0.0,0.0,0.09,0.04,0.0,0.0,0.0,147975920000.0,0.06,0.19
2025-02-09,0.0,8,1,3,0,0,0.0,0.0,0.09,0.04,0.0,0.0,0.0,147975920000.0,0.06,0.19
2025-02-08,0.0,8,1,3,0,0,0.0,0.0,0.09,0.04,0.0,0.0,0.0,147975920000.0,0.06,0.19
2025-02-07,0.0,8,1,3,0,0,0.0,0.0,0.09,0.04,0.0,0.0,0.0,147975920000.0,0.06,0.19
2025-02-06,0.0,8,1,3,0,0,0.0,0.0,0.09,0.04,0.0,0.0,0.0,147975920000.0,0.07,0.2
2025-02-05,0.0,8,1,3,0,0,0.0,0.0,0.09,0.04,0.0,0.0,0.0,147975920000.0,0.07,0.2
2025-02-04,0.0,8,2,2,0,0,0.0,0.0,0.09,0.04,0.0,0.0,0.0,147975920000.0,0.07,0.2
2025-02-03,0.0,8,2,2,0,0,0.0,0.0,0.09,0.04,0.0,0.0,0.0,147975920000.0,0.07,0.2
2025-02-02,0.0,8,2,2,0,0,0.0,0.0,0.09,0.04,0.0,0.0,0.0,147975920000.0,0.07,0.2
2025-02-01,0.0,8,2,2,0,0,0.0,0.0,0.09,0.04,0.0,0.0,0.0,147975920000.0,0.07,0.2
2025-01-31,0.0,8,2,2,0,0,0.0,0.0,0.09,0.04,0.0,0.0,0.0,147975920000.0,0.07,0.2
2025-01-30,0.0,8,2,2,0,0,0.0,0.0,0.08,0.04,0.0,0.0,0.0,147975920000.0,0.07,0.19
2025-01-29,0.0,8,2,2,0,0,0.0,0.0,0.08,0.04,0.0,0.0,0.0,147975920000.0,0.07,0.19
2025-01-28,0.0,8,2,2,0,0,0.0,0.0,0.07,0.04,0.0,0.0,0.0,147975920000.0,0.07,0.18000000000000002
2025-01-27,0.0,9,1,2,0,0,0.0,0.0,0.07,0.03,0.0,0.0,0.0,147975920000.0,0.07,0.17
2025-01-26,0.0,9,1,2,0,0,0.0,0.0,0.07,0.03,0.0,0.0,0.0,147975920000.0,0.07,0.17
2025-01-25,0.0,9,1,2,0,0,0.0,0.0,0.07,0.03,0.0,0.0,0.0,147975920000.0,0.07,0.17
2025-01-24,0.0,9,1,2,0,0,0.0,0.0,0.07,0.03,0.0,0.0,0.0,147975920000.0,0.07,0.17
2025-01-23,0.0,9,1,2,0,0,0.0,0.0,0.07,0.03,0.0,0.0,0.0,147975920000.0,0.07,0.17
2025-01-22,0.0,9,1,2,0,0,0.0,0.0,0.07,0.03,0.0,0.0,0.0,147975920000.0,0.07,0.17
2025-01-21,0.0,9,1,2,0,0,0.0,0.0,0.07,0.03,0.0,0.0,0.0,147975920000.0,0.07,0.17
2025-01-20,0.0,9,1,2,0,0,0.0,0.0,0.07,0.03,0.0,0.0,0.0,147975920000.0,0.07,0.17
2025-01-19,0.0,9,1,2,0,0,0.0,0.0,0.07,0.03,0.0,0.0,0.0,147975920000.0,0.07,0.17
2025-01-18,0.0,9,1,2,0,0,0.0,0.0,0.07,0.03,0.0,0.0,0.0,147975920000.0,0.07,0.17
2025-01-17,0.0,9,1,2,0,0,0.0,0.0,0.07,0.03,0.0,0.0,0.0,147975920000.0,0.07,0.17
2025-01-16,0.0,8,2,2,0,0,0.0,0.0,0.07,0.03,0.0,0.0,0.0,147975920000.0,0.07,0.17
2025-01-15,0.0,8,2,1,1,0,0.0,0.0,0.07,0.04,0.0,0.0,0.0,147975920000.0,0.07,0.18000000000000002
2025-01-14,0.0,8,2,1,1,0,0.0,0.0,0.07,0.04,0.0,0.0,0.0,147975920000.0,0.07,0.18000000000000002
2025-01-13,0.0,8,2,1,1,0,0.0,0.0,0.07,0.04,0.0,0.0,0.0,147975920000.0,0.07,0.18000000000000002
2025-01-12,0.0,8,2,1,1,0,0.0,0.0,0.07,0.05,0.0,0.0,0.0,147975920000.0,0.07,0.19
2025-01-11,0.0,8,2,1,1,0,0.0,0.0,0.07,0.05,0.0,0.0,0.0,147975920000.0,0.07,0.19
2025-01-10,0.0,8,2,1,1,0,0.0,0.0,0.07,0.05,0.0,0.0,0.0,147975920000.0,0.07,0.19
2025-01-09,0.0,8,2,1,1,0,0.0,0.0,0.08,0.05,0.0,0.0,0.0,147975920000.0,0.07,0.2
2025-01-08,0.0,8,2,1,1,0,0.0,0.0,0.08,0.05,0.0,0.0,0.0,147975920000.0,0.07,0.2
2025-01-07,0.0,8,2,1,1,0,0.0,0.0,0.09,0.05,0.0,0.0,0.0,147975920000.0,0.07,0.21000000000000002
2025-01-06,0.0,8,2,1,1,0,0.0,0.0,0.09,0.05,0.0,0.0,0.0,147975920000.0,0.07,0.21000000000000002
2025-01-05,0.0,8,2,1,1,0,0.0,0.0,0.09,0.05,0.0,0.0,0.0,147975920000.0,0.07,0.21000000000000002
2025-01-04,0.0,8,2,1,1,0,0.0,0.0,0.09,0.05,0.0,0.0,0.0,147975920000.0,0.07,0.21000000000000002
2025-01-03,0.0,8,2,1,1,0,0.0,0.0,0.09,0.05,0.0,0.0,0.0,147975920000.0,0.07,0.21000000000000002
2025-01-02,0.0,8,2,1,1,0,0.0,0.0,0.09,0.05,0.0,0.0,0.0,147975920000.0,0.07,0.21000000000000002
2025-01-01,0.0,8,2,1,1,0,0.0,0.0,0.09,0.05,0.0,0.0,0.0,147975920000.0,0.07,0.21000000000000002
2024-12-31,0.0,8,2,1,1,0,0.0,0.0,0.1,0.05,0.0,0.0,0.0,118495240000.0,0.07,0.22000000000000003
2024-12-30,0.0,8,2,1,1,0,0.0,0.0,0.1,0.05,0.0,0.0,0.0,118495240000.0,0.07,0.22000000000000003
2024-12-29,0.0,8,2,1,1,0,0.0,0.0,0.1,0.05,0.0,0.0,0.0,118495240000.0,0.07,0.22000000000000003
2024-12-28,0.0,8,2,1,1,0,0.0,0.0,0.1,0.05,0.0,0.0,0.0,118495240000.0,0.07,0.22000000000000003
2024-12-27,0.0,8,2,1,1,0,0.0,0.0,0.1,0.05,0.0,0.0,0.0,118495240000.0,0.07,0.22000000000000003
2024-12-26,0.0,8,2,1,1,0,0.0,0.0,0.1,0.05,0.0,0.0,0.0,118495240000.0,0.07,0.22000000000000003
2024-12-25,0.0,8,2,1,1,0,0.0,0.0,0.1,0.05,0.0,0.0,0.0,118495240000.0,0.07,0.22000000000000003
2024-12-24,0.0,8,2,1,1,0,0.0,0.0,0.1,0.05,0.0,0.0,0.0,118495240000.0,0.07,0.22000000000000003
2024-12-23,0.0,8,2,1,1,0,0.0,0.0,0.1,0.05,0.0,0.0,0.0,118495240000.0,0.07,0.22000000000000003
2024-12-22,0.0,8,2,1,1,0,0.0,0.0,0.1,0.05,0.0,0.0,0.0,118495240000.0,0.07,0.22000000000000003
2024-12-21,0.0,8,2,1,1,0,0.0,0.0,0.1,0.05,0.0,0.0,0.0,118495240000.0,0.07,0.22000000000000003
2024-12-20,0.0,8,2,1,1,0,0.0,0.0,0.1,0.05,0.0,0.0,0.0,118495240000.0,0.07,0.22000000000000003
2024-12-19,0.0,8,2,0,2,0,0.0,0.0,0.1,0.05,0.0,0.0,0.0,118495240000.0,0.07,0.22000000000000003
2024-12-18,0.0,8,2,0,2,0,0.0,0.0,0.1,0.04,0.0,0.0,0.0,118495240000.0,0.08,0.22000000000000003
2024-12-17,0.0,8,2,0,2,0,0.0,0.0,0.1,0.04,0.0,0.0,0.0,118495240000.0,0.08,0.22000000000000003
2024-12-16,0.0,8,2,0,1,1,0.0,0.0,0.1,0.04,0.0,0.0,0.01,118495240000.0,0.08,0.23000000000000004
2024-12-15,0.0,8,2,1,1,0,0.0,0.0,0.1,0.0,0.0,0.0,0.0,118495240000.0,0.08,0.18
2024-12-14,0.0,8,2,1,1,0,0.0,0.0,0.1,0.0,0.0,0.0,0.0,118495240000.0,0.08,0.18
2024-12-13,0.0,8,2,1,1,0,0.0,0.0,0.1,0.0,0.0,0.0,0.0,118495240000.0,0.08,0.18
2024-12-12,0.0,8,2,1,0,1,0.0,0.0,0.1,0.01,0.0,0.0,0.0,118495240000.0,0.09,0.2
2024-12-11,0.0,8,2,1,1,0,0.0,0.0,0.1,0.0,0.0,0.0,0.0,118495240000.0,0.09,0.19
2024-12-10,0.0,8,1,2,1,0,0.0,0.0,0.11,0.0,0.0,0.0,0.0,118495240000.0,0.09,0.2
2024-12-09,0.0,8,1,2,1,0,0.0,0.0,0.11,0.0,0.0,0.0,0.0,118495240000.0,0.09,0.2
2024-12-08,0.0,8,1,2,0,1,0.0,0.0,0.11,0.0,0.0,0.0,0.0,118495240000.0,0.09,0.2
2024-12-07,0.0,8,1,2,0,1,0.0,0.0,0.11,0.0,0.0,0.0,0.0,118495240000.0,0.09,0.2
2024-12-06,0.0,8,1,2,0,1,0.0,0.0,0.11,0.0,0.0,0.0,0.0,118495240000.0,0.09,0.2
2024-12-05,0.0,8,1,2,0,1,0.0,0.0,0.11,0.0,0.0,0.0,0.0,118495240000.0,0.09,0.2
2024-12-04,0.0,8,1,2,1,0,0.0,0.0,0.11,0.0,0.0,0.0,0.0,118495240000.0,0.09,0.2
2024-12-03,0.0,8,1,2,1,0,0.0,0.0,0.11,0.0,0.0,0.0,0.0,118495240000.0,0.09,0.2
2024-12-02,0.0,8,1,2,1,0,0.0,0.0,0.11,0.0,0.0,0.0,0.0,118495240000.0,0.09,0.2
2024-12-01,0.0,8,1,2,1,0,0.0,0.0,0.11,0.0,0.0,0.0,0.0,118495240000.0,0.09,0.2
2024-11-30,0.0,8,1,2,1,0,0.0,0.0,0.11,0.0,0.0,0.0,0.0,118495240000.0,0.09,0.2
2024-11-29,0.0,8,1,2,1,0,0.0,0.0,0.11,0.0,0.0,0.0,0.0,118495240000.0,0.09,0.2
2024-11-28,0.0,8,1,2,1,0,0.0,0.0,0.11,0.0,0.0,0.0,0.0,118495240000.0,0.08,0.19
2024-11-27,0.0,8,1,2,1,0,0.0,0.0,0.11,0.0,0.0,0.0,0.0,118495240000.0,0.08,0.19
2024-11-26,0.0,8,1,2,1,0,0.0,0.0,0.11,0.0,0.0,0.0,0.0,118495240000.0,0.08,0.19
2024-11-25,0.0,8,2,1,1,0,0.0,0.0,0.11,0.0,0.0,0.0,0.0,118495240000.0,0.08,0.19
2024-11-24,0.0,8,3,1,0,0,0.04,0.0,0.11,0.0,0.0,0.0,0.0,118495240000.0,0.03,0.18
2024-11-23,0.0,8,3,1,0,0,0.04,0.0,0.11,0.0,0.0,0.0,0.0,118495240000.0,0.03,0.18
2024-11-22,0.0,8,3,1,0,0,0.04,0.0,0.11,0.0,0.0,0.0,0.0,118495240000.0,0.03,0.18
2024-11-21,0.0,9,1,2,0,0,0.04,0.0,0.11,0.0,0.0,0.0,0.0,118495240000.0,0.05,0.2
2024-11-20,0.0,9,1,2,0,0,0.04,0.0,0.11,0.0,0.0,0.0,0.0,118495240000.0,0.05,0.2
2024-11-19,0.0,9,1,2,0,0,0.04,0.0,0.11,0.0,0.0,0.0,0.0,118495240000.0,0.05,0.2
2024-11-18,0.0,9,1,2,0,0,0.04,0.0,0.11,0.0,0.0,0.0,0.0,118495240000.0,0.05,0.2
2024-11-17,0.0,8,2,2,0,0,0.04,0.0,0.11,0.0,0.0,0.0,0.0,118495240000.0,0.05,0.2
2024-11-16,0.0,8,2,2,0,0,0.04,0.0,0.11,0.0,0.0,0.0,0.0,118495240000.0,0.05,0.2
2024-11-15,0.0,8,2,2,0,0,0.04,0.0,0.11,0.0,0.0,0.0,0.0,118495240000.0,0.05,0.2
2024-11-14,0.0,8,2,2,0,0,0.04,0.0,0.11,0.0,0.0,0.0,0.0,118495240000.0,0.05,0.2
2024-11-13,0.0,8,2,2,0,0,0.04,0.0,0.11,0.0,0.0,0.0,0.0,118495240000.0,0.05,0.2
2024-11-12,0.0,8,2,2,0,0,0.04,0.0,0.11,0.0,0.0,0.0,0.0,118495240000.0,0.05,0.2
2024-11-11,0.0,8,2,2,0,0,0.04,0.0,0.11,0.0,0.0,0.0,0.0,118495240000.0,0.05,0.2
2024-11-10,0.0,8,1,3,0,0,0.04,0.0,0.12,0.0,0.0,0.0,0.0,118495240000.0,0.05,0.21000000000000002
2024-11-09,0.0,8,1,3,0,0,0.04,0.0,0.12,0.0,0.0,0.0,0.0,118495240000.0,0.05,0.21000000000000002
2024-11-08,0.0,8,1,3,0,0,0.04,0.0,0.12,0.0,0.0,0.0,0.0,118495240000.0,0.05,0.21000000000000002
2024-11-07,0.0,8,1,3,0,0,0.04,0.0,0.12,0.0,0.0,0.0,0.0,118495240000.0,0.05,0.21000000000000002
2024-11-06,0.0,8,1,3,0,0,0.04,0.0,0.12,0.0,0.0,0.0,0.0,118495240000.0,0.05,0.21000000000000002
2024-11-05,0.0,8,1,3,0,0,0.04,0.0,0.12,0.0,0.0,0.0,0.0,118495240000.0,0.05,0.21000000000000002
2024-11-04,0.0,8,1,3,0,0,0.04,0.0,0.12,0.0,0.0,0.0,0.0,118495240000.0,0.05,0.21000000000000002
2024-11-03,0.0,8,1,3,0,0,0.04,0.0,0.12,0.0,0.0,0.0,0.0,118495240000.0,0.05,0.21000000000000002
2024-11-02,0.0,8,1,3,0,0,0.04,0.0,0.12,0.0,0.0,0.0,0.0,118495240000.0,0.05,0.21000000000000002
2024-11-01,0.0,8,1,3,0,0,0.04,0.0,0.12,0.0,0.0,0.0,0.0,118495240000.0,0.05,0.21000000000000002
2024-10-31,0.0,8,1,3,0,0,0.04,0.0,0.12,0.0,0.0,0.0,0.0,118495240000.0,0.05,0.21000000000000002
2024-10-30,0.0,8,1,3,0,0,0.04,0.0,0.12,0.0,0.0,0.0,0.0,118495240000.0,0.05,0.21000000000000002
2024-10-29,0.0,8,1,3,0,0,0.04,0.0,0.12,0.0,0.0,0.0,0.0,118495240000.0,0.05,0.21000000000000002
2024-10-28,0.0,8,1,3,0,0,0.04,0.0,0.12,0.0,0.0,0.0,0.0,118495240000.0,0.05,0.21000000000000002
2024-10-27,0.0,8,1,3,0,0,0.04,0.0,0.12,0.0,0.0,0.0,0.0,118495240000.0,0.05,0.21000000000000002
2024-10-26,0.0,8,1,3,0,0,0.04,0.0,0.12,0.0,0.0,0.0,0.0,118495240000.0,0.05,0.21000000000000002
2024-10-25,0.0,8,1,3,0,0,0.04,0.0,0.12,0.0,0.0,0.0,0.0,118495240000.0,0.05,0.21000000000000002
2024-10-24,0.0,8,1,3,0,0,0.04,0.0,0.12,0.0,0.0,0.0,0.0,118495240000.0,0.05,0.21000000000000002
2024-10-23,0.0,8,1,3,0,0,0.04,0.0,0.12,0.0,0.0,0.0,0.0,118495240000.0,0.05,0.21000000000000002
2024-10-22,0.0,8,1,3,0,0,0.04,0.0,0.12,0.0,0.0,0.0,0.0,118495240000.0,0.05,0.21000000000000002
2024-10-21,0.0,8,1,3,0,0,0.04,0.0,0.12,0.0,0.0,0.0,0.0,118495240000.0,0.05,0.21000000000000002
2024-10-20,0.0,8,1,3,0,0,0.04,0.0,0.12,0.0,0.0,0.0,0.0,118495240000.0,0.05,0.21000000000000002
2024-10-19,0.0,8,1,3,0,0,0.04,0.0,0.12,0.0,0.0,0.0,0.0,118495240000.0,0.05,0.21000000000000002
2024-10-18,0.0,8,1,3,0,0,0.04,0.0,0.12,0.05,0.0,0.0,0.0,118495240000.0,0.05,0.26
2024-10-17,0.0,8,1,3,0,0,0.04,0.0,0.12,0.05,0.0,0.0,0.0,118495240000.0,0.05,0.26
2024-10-16,0.0,8,1,3,0,0,0.04,0.0,0.12,0.05,0.0,0.0,0.0,118495240000.0,0.05,0.26
2024-10-15,0.0,8,1,3,0,0,0.04,0.0,0.12,0.05,0.0,0.0,0.0,118495240000.0,0.05,0.26
2024-10-14,0.0,8,1,3,0,0,0.04,0.0,0.12,0.05,0.0,0.0,0.0,118495240000.0,0.05,0.26
2024-10-13,0.0,8,1,3,0,0,0.04,0.0,0.12,0.05,0.0,0.0,0.0,118495240000.0,0.05,0.26
2024-10-12,0.0,8,1,3,0,0,0.04,0.0,0.12,0.05,0.0,0.0,0.0,118495240000.0,0.05,0.26
2024-10-11,0.0,8,1,3,0,0,0.04,0.0,0.12,0.05,0.0,0.0,0.0,118495240000.0,0.05,0.26
2024-10-10,0.0,8,1,3,0,0,0.04,0.0,0.12,0.05,0.0,0.0,0.0,118495240000.0,0.05,0.26
2024-10-09,0.0,8,1,3,0,0,0.04,0.0,0.12,0.05,0.0,0.0,0.0,118495240000.0,0.05,0.26
2024-10-08,0.0,9,0,3,0,0,0.04,0.0,0.12,0.05,0.0,0.0,0.0,118495240000.0,0.05,0.26
2024-10-07,0.0,9,0,3,0,0,0.04,0.0,0.12,0.05,0.0,0.0,0.0,118495240000.0,0.05,0.26
2024-10-06,0.0,9,0,3,0,0,0.04,0.0,0.12,0.05,0.0,0.0,0.0,118495240000.0,0.05,0.26
2024-10-05,0.0,9,0,3,0,0,0.04,0.0,0.12,0.05,0.0,0.0,0.0,118495240000.0,0.05,0.26
2024-10-04,0.0,9,0,3,0,0,0.04,0.0,0.12,0.05,0.0,0.0,0.0,118495240000.0,0.05,0.26
2024-10-03,0.0,9,0,3,0,0,0.04,0.0,0.12,0.05,0.0,0.0,0.0,118495240000.0,0.05,0.26
2024-10-02,0.0,9,0,3,0,0,0.04,0.0,0.11,0.05,0.0,0.0,0.0,118495240000.0,0.05,0.25
2024-10-01,0.0,9,0,3,0,0,0.04,0.0,0.11,0.05,0.0,0.0,0.0,118495240000.0,0.05,0.25
2024-09-30,0.0,9,0,3,0,0,0.05,0.0,0.1,0.05,0.0,0.0,0.0,107485020000.0,0.04,0.24000000000000002
2024-09-29,0.0,9,0,3,0,0,0.05,0.0,0.1,0.05,0.0,0.0,0.0,107485020000.0,0.04,0.24000000000000002
2024-09-28,0.0,9,0,3,0,0,0.05,0.0,0.1,0.05,0.0,0.0,0.0,107485020000.0,0.04,0.24000000000000002
2024-09-27,0.0,9,0,3,0,0,0.05,0.0,0.1,0.05,0.0,0.0,0.0,107485020000.0,0.04,0.24000000000000002
2024-09-26,0.0,9,0,3,0,0,0.05,0.0,0.1,0.05,0.0,0.0,0.0,107485020000.0,0.04,0.24000000000000002
2024-09-25,0.0,10,0,2,0,0,0.05,0.0,0.04,0.05,0.0,0.0,0.0,107485020000.0,0.04,0.18000000000000002
2024-09-24,0.0,10,0,2,0,0,0.05,0.0,0.04,0.05,0.0,0.0,0.0,107485020000.0,0.04,0.18000000000000002
2024-09-23,0.0,10,0,2,0,0,0.05,0.0,0.04,0.05,0.0,0.0,0.0,107485020000.0,0.04,0.18000000000000002
2024-09-22,0.0,10,1,1,0,0,0.05,0.0,0.04,0.05,0.0,0.0,0.0,107485020000.0,0.0,0.14
2024-09-21,0.0,10,1,1,0,0,0.05,0.0,0.04,0.05,0.0,0.0,0.0,107485020000.0,0.0,0.14
2024-09-20,0.0,10,1,1,0,0,0.05,0.0,0.04,0.05,0.0,0.0,0.0,107485020000.0,0.0,0.14
2024-09-19,0.0,10,1,1,0,0,0.05,0.0,0.04,0.05,0.0,0.0,0.0,107485020000.0,0.0,0.14
2024-09-18,0.0,10,1,1,0,0,0.05,0.0,0.04,0.05,0.0,0.0,0.0,107485020000.0,0.0,0.14
2024-09-17,0.0,10,1,1,0,0,0.05,0.0,0.04,0.05,0.0,0.0,0.0,107485020000.0,0.0,0.14
2024-09-16,0.0,10,1,1,0,0,0.05,0.0,0.04,0.05,0.0,0.0,0.0,107485020000.0,0.0,0.14
2024-09-15,0.0,10,1,1,0,0,0.05,0.0,0.04,0.05,0.0,0.0,0.0,107485020000.0,0.0,0.14
2024-09-14,0.0,10,1,1,0,0,0.05,0.0,0.04,0.05,0.0,0.0,0.0,107485020000.0,0.0,0.14
2024-09-13,0.0,10,1,1,0,0,0.05,0.0,0.04,0.05,0.0,0.0,0.0,107485020000.0,0.0,0.14
2024-09-12,0.0,10,1,1,0,0,0.05,0.0,0.04,0.05,0.0,0.0,0.0,107485020000.0,0.0,0.14
2024-09-11,0.0,10,1,1,0,0,0.05,0.0,0.04,0.05,0.0,0.0,0.0,107485020000.0,0.0,0.14
2024-09-10,0.0,10,1,1,0,0,0.05,0.0,0.04,0.05,0.0,0.0,0.0,107485020000.0,0.0,0.14
2024-09-09,0.0,10,1,1,0,0,0.05,0.0,0.04,0.05,0.0,0.0,0.0,107485020000.0,0.0,0.14
2024-09-08,0.0,10,1,1,0,0,0.05,0.0,0.04,0.05,0.0,0.0,0.0,107485020000.0,0.0,0.14
2024-09-07,0.0,10,1,1,0,0,0.05,0.0,0.04,0.05,0.0,0.0,0.0,107485020000.0,0.0,0.14
2024-09-06,0.0,10,1,1,0,0,0.05,0.0,0.04,0.05,0.0,0.0,0.0,107485020000.0,0.0,0.14
2024-09-05,0.0,10,1,1,0,0,0.05,0.0,0.04,0.05,0.0,0.0,0.0,107485020000.0,0.0,0.14
2024-09-04,0.0,10,1,1,0,0,0.05,0.0,0.04,0.05,0.0,0.0,0.0,107485020000.0,0.0,0.14
2024-09-03,0.0,10,1,1,0,0,0.05,0.0,0.04,0.05,0.0,0.0,0.0,107485020000.0,0.0,0.14
2024-09-02,0.0,10,1,1,0,0,0.05,0.0,0.04,0.05,0.0,0.0,0.0,107485020000.0,0.0,0.14
2024-09-01,0.0,10,1,1,0,0,0.05,0.0,0.04,0.05,0.0,0.0,0.0,107485020000.0,0.0,0.14
2024-08-31,0.0,10,1,1,0,0,0.05,0.0,0.04,0.05,0.0,0.0,0.0,107485020000.0,0.0,0.14
2024-08-30,0.0,10,1,1,0,0,0.05,0.0,0.04,0.05,0.0,0.0,0.0,107485020000.0,0.0,0.14
2024-08-29,0.0,10,1,1,0,0,0.05,0.0,0.04,0.05,0.0,0.0,0.0,107485020000.0,0.0,0.14
2024-08-28,0.0,10,1,1,0,0,0.05,0.0,0.04,0.05,0.0,0.0,0.0,107485020000.0,0.0,0.14
2024-08-27,0.0,10,1,1,0,0,0.05,0.0,0.04,0.05,0.0,0.0,0.0,107485020000.0,0.0,0.14
2024-08-26,0.0,10,1,1,0,0,0.05,0.0,0.04,0.05,0.0,0.0,0.0,107485020000.0,0.0,0.14
2024-08-25,0.0,10,1,1,0,0,0.05,0.0,0.04,0.05,0.0,0.0,0.0,107485020000.0,0.0,0.14
2024-08-24,0.0,10,1,1,0,0,0.05,0.0,0.04,0.05,0.0,0.0,0.0,107485020000.0,0.0,0.14
2024-08-23,0.0,10,1,1,0,0,0.05,0.0,0.04,0.05,0.0,0.0,0.0,107485020000.0,0.0,0.14
2024-08-22,0.0,10,1,1,0,0,0.05,0.0,0.04,0.05,0.0,0.0,0.0,107485020000.0,0.0,0.14
2024-08-21,0.0,10,1,1,0,0,0.05,0.0,0.04,0.05,0.0,0.0,0.0,107485020000.0,0.0,0.14
2024-08-20,0.0,10,1,1,0,0,0.05,0.0,0.04,0.05,0.0,0.0,0.0,107485020000.0,0.0,0.14
2024-08-19,0.0,10,1,1,0,0,0.05,0.0,0.04,0.05,0.0,0.0,0.0,107485020000.0,0.08,0.22000000000000003
2024-08-18,0.0,10,1,1,0,0,0.05,0.0,0.04,0.05,0.0,0.0,0.0,107485020000.0,0.08,0.22000000000000003
2024-08-17,0.0,10,1,1,0,0,0.05,0.0,0.04,0.05,0.0,0.0,0.0,107485020000.0,0.08,0.22000000000000003
2024-08-16,0.0,10,1,1,0,0,0.05,0.0,0.04,0.05,0.0,0.0,0.0,107485020000.0,0.08,0.22000000000000003
2024-08-15,0.0,10,1,1,0,0,0.05,0.0,0.04,0.05,0.0,0.0,0.0,107485020000.0,0.08,0.22000000000000003
2024-08-14,0.0,9,2,1,0,0,0.05,0.0,0.04,0.05,0.0,0.0,0.0,107485020000.0,0.08,0.22000000000000003
2024-08-13,0.0,10,1,1,0,0,0.05,0.0,0.04,0.05,0.0,0.0,0.0,107485020000.0,0.08,0.22000000000000003
2024-08-12,0.0,9,2,1,0,0,0.05,0.0,0.04,0.05,0.0,0.0,0.0,107485020000.0,0.08,0.22000000000000003
2024-08-11,0.0,9,2,1,0,0,0.05,0.0,0.04,0.05,0.0,0.0,0.0,107485020000.0,0.08,0.22000000000000003
2024-08-10,0.0,9,2,1,0,0,0.05,0.0,0.04,0.05,0.0,0.0,0.0,107485020000.0,0.08,0.22000000000000003
2024-08-09,0.0,9,2,1,0,0,0.05,0.0,0.04,0.05,0.0,0.0,0.0,107485020000.0,0.08,0.22000000000000003
2024-08-08,0.0,10,1,1,0,0,0.05,0.0,0.04,0.05,0.0,0.0,0.0,107485020000.0,0.08,0.22000000000000003
2024-08-07,0.0,9,2,1,0,0,0.05,0.0,0.04,0.05,0.0,0.0,0.0,107485020000.0,0.08,0.22000000000000003
2024-08-06,0.0,9,2,1,0,0,0.05,0.0,0.04,0.05,0.0,0.0,0.0,107485020000.0,0.08,0.22000000000000003
2024-08-05,0.0,10,1,1,0,0,0.05,0.0,0.04,0.05,0.0,0.0,0.0,107485020000.0,0.0,0.14
2024-08-04,0.0,10,1,1,0,0,0.05,0.0,0.04,0.05,0.0,0.0,0.0,107485020000.0,0.0,0.14
2024-08-03,0.0,10,1,0,1,0,0.05,0.0,0.04,0.05,0.0,0.0,0.0,107485020000.0,0.0,0.14
2024-08-02,0.0,9,1,1,1,0,0.05,0.0,0.12,0.05,0.0,0.0,0.0,107485020000.0,0.0,0.21999999999999997
2024-08-01,0.0,9,1,1,1,0,0.05,0.0,0.12,0.05,0.0,0.0,0.0,107485020000.0,0.0,0.21999999999999997
2024-07-31,0.0,9,1,1,1,0,0.05,0.0,0.12,0.05,0.0,0.0,0.0,107485020000.0,0.0,0.21999999999999997
2024-07-30,0.0,9,1,1,1,0,0.05,0.0,0.12,0.05,0.0,0.0,0.0,107485020000.0,0.0,0.21999999999999997
2024-07-29,0.0,9,1,1,1,0,0.05,0.0,0.12,0.05,0.0,0.0,0.0,107485020000.0,0.0,0.21999999999999997
2024-07-28,0.0,9,1,1,1,0,0.05,0.0,0.12,0.05,0.0,0.0,0.0,107485020000.0,0.0,0.21999999999999997
2024-07-27,0.0,9,1,1,1,0,0.05,0.0,0.12,0.05,0.0,0.0,0.0,107485020000.0,0.0,0.21999999999999997
2024-07-26,0.0,9,1,1,1,0,0.05,0.0,0.12,0.05,0.0,0.0,0.0,107485020000.0,0.0,0.21999999999999997
2024-07-25,0.0,9,1,1,1,0,0.05,0.0,0.12,0.05,0.0,0.0,0.0,107485020000.0,0.0,0.21999999999999997
2024-07-24,0.0,8,2,1,1,0,0.05,0.0,0.12,0.05,0.0,0.0,0.0,107485020000.0,0.0,0.21999999999999997
2024-07-23,0.0,8,2,1,1,0,0.07,0.0,0.12,0.05,0.0,0.0,0.0,107485020000.0,0.0,0.24
2024-07-22,0.0,7,3,1,1,0,0.07,0.0,0.16,0.05,0.0,0.0,0.0,107485020000.0,0.0,0.28
2024-07-21,0.0,7,3,1,1,0,0.07,0.0,0.16,0.05,0.0,0.0,0.0,107485020000.0,0.0,0.28
2024-07-20,0.0,7,3,1,1,0,0.07,0.0,0.16,0.05,0.0,0.0,0.0,107485020000.0,0.0,0.28
2024-07-19,0.0,7,3,1,1,0,0.07,0.0,0.16,0.05,0.0,0.0,0.0,107485020000.0,0.0,0.28
2024-07-18,0.0,7,3,1,1,0,0.08,0.0,0.16,0.18,0.0,0.0,0.0,107485020000.0,0.0,0.42
2024-07-17,0.0,7,3,1,1,0,0.08,0.0,0.16,0.18,0.0,0.0,0.0,107485020000.0,0.0,0.42
2024-07-16,0.0,7,3,1,1,0,0.08,0.0,0.16,0.18,0.0,0.0,0.0,107485020000.0,0.0,0.42
2024-07-15,0.0,8,2,1,1,0,0.0,0.0,0.16,0.18,0.0,0.0,0.0,107485020000.0,0.0,0.33999999999999997
2024-07-14,0.0,8,2,1,1,0,0.0,0.0,0.16,0.18,0.0,0.0,0.0,107485020000.0,0.0,0.33999999999999997
2024-07-13,0.0,8,2,1,1,0,0.0,0.0,0.16,0.18,0.0,0.0,0.0,107485020000.0,0.0,0.33999999999999997
2024-07-12,0.0,8,2,1,1,0,0.0,0.0,0.16,0.18,0.0,0.0,0.0,107485020000.0,0.0,0.33999999999999997
2024-07-11,0.0,8,2,1,1,0,0.0,0.0,0.16,0.18,0.0,0.0,0.0,107485020000.0,0.0,0.33999999999999997
2024-07-10,0.0,8,2,1,1,0,0.0,0.0,0.16,0.18,0.0,0.0,0.0,107485020000.0,0.0,0.33999999999999997
2024-07-09,0.0,8,2,1,1,0,0.0,0.0,0.16,0.18,0.0,0.0,0.0,107485020000.0,0.0,0.33999999999999997
2024-07-08,0.0,8,2,1,1,0,0.0,0.0,0.16,0.18,0.0,0.0,0.0,107485020000.0,0.0,0.33999999999999997
2024-07-07,0.0,8,2,1,1,0,0.0,0.0,0.16,0.18,0.0,0.0,0.0,107485020000.0,0.0,0.33999999999999997
2024-07-06,0.0,8,2,1,1,0,0.0,0.0,0.16,0.18,0.0,0.0,0.0,107485020000.0,0.0,0.33999999999999997
2024-07-05,0.0,8,2,1,1,0,0.0,0.0,0.16,0.18,0.0,0.0,0.0,107485020000.0,0.0,0.33999999999999997
2024-07-04,0.0,8,2,1,1,0,0.0,0.0,0.16,0.18,0.0,0.0,0.0,107485020000.0,0.0,0.33999999999999997
2024-07-03,0.0,8,2,1,1,0,0.0,0.0,0.16,0.18,0.0,0.0,0.0,107485020000.0,0.0,0.33999999999999997
2024-07-02,0.0,8,2,1,1,0,0.0,0.0,0.16,0.18,0.0,0.0,0.0,107485020000.0,0.0,0.33999999999999997
2024-07-01,0.0,8,2,1,1,0,0.0,0.0,0.16,0.18,0.0,0.0,0.0,107485020000.0,0.05,0.38999999999999996
2024-06-30,0.0,8,2,1,1,0,0.0,0.0,0.15,0.19,0.0,0.0,0.0,101265600000.0,0.05,0.38999999999999996
2024-06-29,0.0,8,2,1,1,0,0.0,0.0,0.15,0.19,0.0,0.0,0.0,101265600000.0,0.05,0.38999999999999996
2024-06-28,0.0,8,2,1,1,0,0.0,0.0,0.15,0.19,0.0,0.0,0.0,101265600000.0,0.05,0.38999999999999996
2024-06-27,0.0,8,2,1,1,0,0.0,0.0,0.15,0.22,0.0,0.0,0.0,101265600000.0,0.05,0.42
2024-06-26,0.0,8,2,1,1,0,0.0,0.0,0.15,0.22,0.0,0.0,0.0,101265600000.0,0.05,0.42
2024-06-25,0.0,8,2,1,1,0,0.0,0.0,0.15,0.22,0.0,0.0,0.0,101265600000.0,0.05,0.42
2024-06-24,0.0,8,2,1,1,0,0.0,0.0,0.15,0.22,0.0,0.0,0.0,101265600000.0,0.05,0.42
2024-06-23,0.0,8,2,1,1,0,0.0,0.0,0.15,0.22,0.0,0.0,0.0,101265600000.0,0.05,0.42
2024-06-22,0.0,8,2,1,1,0,0.0,0.0,0.15,0.22,0.0,0.0,0.0,101265600000.0,0.05,0.42
2024-06-21,0.0,8,2,1,1,0,0.0,0.0,0.15,0.22,0.0,0.0,0.0,101265600000.0,0.05,0.42
2024-06-20,0.0,8,2,1,1,0,0.0,0.0,0.15,0.22,0.0,0.0,0.0,101265600000.0,0.05,0.42
2024-06-19,0.0,8,2,1,1,0,0.0,0.0,0.15,0.22,0.0,0.0,0.0,101265600000.0,0.05,0.42
2024-06-18,0.0,8,2,1,1,0,0.0,0.0,0.15,0.22,0.0,0.0,0.0,101265600000.0,0.05,0.42
2024-06-17,0.0,8,2,1,1,0,0.0,0.0,0.15,0.22,0.0,0.0,0.0,101265600000.0,0.05,0.42
2024-06-16,0.0,8,2,1,1,0,0.0,0.0,0.15,0.22,0.0,0.0,0.0,101265600000.0,0.05,0.42
2024-06-15,0.0,8,2,1,1,0,0.0,0.0,0.15,0.22,0.0,0.0,0.0,101265600000.0,0.05,0.42
2024-06-14,0.0,8,2,1,1,0,0.0,0.0,0.15,0.22,0.0,0.0,0.0,101265600000.0,0.05,0.42
2024-06-13,0.0,8,2,1,1,0,0.0,0.0,0.15,0.22,0.0,0.0,0.0,101265600000.0,0.05,0.42
2024-06-12,0.0,8,2,1,1,0,0.0,0.0,0.15,0.22,0.0,0.0,0.0,101265600000.0,0.05,0.42
2024-06-11,0.0,8,2,1,1,0,0.0,0.0,0.15,0.22,0.0,0.0,0.0,101265600000.0,0.05,0.42
2024-06-10,0.0,8,2,1,1,0,0.0,0.0,0.15,0.22,0.0,0.0,0.0,101265600000.0,0.05,0.42
2024-06-09,0.0,9,1,1,1,0,0.0,0.0,0.12,0.22,0.0,0.0,0.0,101265600000.0,0.05,0.38999999999999996
2024-06-08,0.0,9,1,1,1,0,0.0,0.0,0.12,0.22,0.0,0.0,0.0,101265600000.0,0.05,0.38999999999999996
2024-06-07,0.0,9,1,1,1,0,0.0,0.0,0.12,0.22,0.0,0.0,0.0,101265600000.0,0.05,0.38999999999999996
2024-06-06,0.0,9,1,1,1,0,0.0,0.0,0.12,0.22,0.0,0.0,0.0,101265600000.0,0.05,0.38999999999999996
2024-06-05,0.0,9,1,1,1,0,0.0,0.0,0.12,0.22,0.0,0.0,0.0,101265600000.0,0.05,0.38999999999999996
2024-06-04,0.0,9,1,1,1,0,0.0,0.0,0.12,0.22,0.0,0.0,0.0,101265600000.0,0.05,0.38999999999999996
2024-06-03,0.0,9,1,1,1,0,0.0,0.0,0.12,0.22,0.0,0.0,0.0,101265600000.0,0.05,0.38999999999999996
2024-06-02,0.0,9,1,1,1,0,0.0,0.0,0.12,0.22,0.0,0.0,0.0,101265600000.0,0.05,0.38999999999999996
2024-06-01,0.0,9,1,1,1,0,0.0,0.0,0.12,0.22,0.0,0.0,0.0,101265600000.0,0.05,0.38999999999999996
2024-05-31,0.0,9,1,1,1,0,0.0,0.0,0.12,0.22,0.0,0.0,0.0,101265600000.0,0.05,0.38999999999999996
2024-05-30,0.0,9,1,1,1,0,0.0,0.0,0.12,0.22,0.0,0.0,0.0,101265600000.0,0.05,0.38999999999999996
2024-05-29,0.0,9,1,1,1,0,0.0,0.0,0.12,0.22,0.0,0.0,0.0,101265600000.0,0.05,0.38999999999999996
2024-05-28,0.0,9,1,1,1,0,0.0,0.0,0.12,0.22,0.0,0.0,0.0,101265600000.0,0.05,0.38999999999999996
2024-05-27,0.0,9,1,1,1,0,0.0,0.0,0.12,0.22,0.0,0.0,0.0,101265600000.0,0.05,0.38999999999999996
2024-05-26,0.0,9,1,1,1,0,0.0,0.0,0.12,0.22,0.0,0.0,0.0,101265600000.0,0.05,0.38999999999999996
2024-05-25,0.0,8,2,1,1,0,0.0,0.0,0.12,0.25,0.0,0.0,0.0,101265600000.0,0.05,0.42
2024-05-24,0.0,8,2,1,1,0,0.0,0.0,0.12,0.25,0.0,0.0,0.0,101265600000.0,0.05,0.42
2024-05-23,0.0,8,2,1,1,0,0.0,0.0,0.12,0.25,0.0,0.0,0.0,101265600000.0,0.05,0.42
2024-05-22,0.0,8,2,1,1,0,0.0,0.0,0.12,0.25,0.0,0.0,0.0,101265600000.0,0.05,0.42
2024-05-21,0.0,8,2,1,1,0,0.0,0.0,0.12,0.25,0.0,0.0,0.0,101265600000.0,0.05,0.42
2024-05-20,0.0,8,2,1,1,0,0.0,0.0,0.12,0.25,0.0,0.0,0.0,101265600000.0,0.05,0.42
2024-05-19,0.0,8,2,1,1,0,0.0,0.0,0.12,0.25,0.0,0.0,0.0,101265600000.0,0.05,0.42
2024-05-18,0.0,8,2,1,1,0,0.0,0.0,0.12,0.25,0.0,0.0,0.0,101265600000.0,0.05,0.42
2024-05-17,0.0,8,2,1,1,0,0.0,0.0,0.12,0.25,0.0,0.0,0.0,101265600000.0,0.05,0.42
2024-05-16,0.0,8,2,1,1,0,0.0,0.0,0.12,0.25,0.0,0.0,0.0,101265600000.0,0.05,0.42
2024-05-15,0.0,8,2,1,1,0,0.0,0.0,0.12,0.25,0.0,0.0,0.0,101265600000.0,0.05,0.42
2024-05-14,0.0,8,2,1,1,0,0.0,0.0,0.12,0.25,0.0,0.0,0.0,101265600000.0,0.05,0.42
2024-05-13,0.0,8,2,1,1,0,0.0,0.0,0.12,0.25,0.0,0.0,0.0,101265600000.0,0.05,0.42
2024-05-12,0.0,8,2,1,1,0,0.0,0.0,0.12,0.25,0.0,0.0,0.0,101265600000.0,0.05,0.42
2024-05-11,0.0,8,2,1,1,0,0.0,0.0,0.12,0.25,0.0,0.0,0.0,101265600000.0,0.05,0.42
2024-05-10,0.0,8,2,1,1,0,0.0,0.0,0.12,0.25,0.0,0.0,0.0,101265600000.0,0.05,0.42
2024-05-09,0.0,8,2,1,1,0,0.0,0.0,0.12,0.25,0.0,0.0,0.0,101265600000.0,0.05,0.42
2024-05-08,0.0,8,2,1,1,0,0.0,0.0,0.12,0.25,0.0,0.0,0.0,101265600000.0,0.05,0.42
2024-05-07,0.0,8,2,1,1,0,0.0,0.0,0.12,0.25,0.0,0.0,0.0,101265600000.0,0.05,0.42
2024-05-06,0.0,8,2,1,1,0,0.0,0.0,0.12,0.25,0.0,0.0,0.0,101265600000.0,0.05,0.42
2024-05-05,0.0,8,2,1,1,0,0.0,0.0,0.12,0.25,0.0,0.0,0.0,101265600000.0,0.05,0.42
2024-05-04,0.0,8,2,1,1,0,0.0,0.0,0.12,0.25,0.0,0.0,0.0,101265600000.0,0.05,0.42
2024-05-03,0.0,8,2,1,1,0,0.0,0.0,0.12,0.25,0.0,0.0,0.0,101265600000.0,0.05,0.42
2024-05-02,0.0,8,2,1,1,0,0.0,0.0,0.12,0.25,0.0,0.0,0.0,101265600000.0,0.05,0.42
2024-05-01,0.0,8,2,1,1,0,0.0,0.0,0.12,0.25,0.0,0.0,0.0,101265600000.0,0.05,0.42
2024-04-30,0.0,8,2,1,1,0,0.0,0.0,0.12,0.25,0.0,0.0,0.0,101265600000.0,0.05,0.42
2024-04-29,0.0,8,2,1,1,0,0.0,0.0,0.12,0.25,0.0,0.0,0.0,101265600000.0,0.05,0.42
2024-04-28,0.0,8,2,1,1,0,0.0,0.0,0.12,0.25,0.0,0.0,0.0,101265600000.0,0.05,0.42
2024-04-27,0.0,8,2,1,1,0,0.0,0.0,0.12,0.25,0.0,0.0,0.0,101265600000.0,0.05,0.42
2024-04-26,0.0,8,2,1,1,0,0.0,0.0,0.12,0.25,0.0,0.0,0.0,101265600000.0,0.05,0.42
2024-04-25,0.0,8,2,1,1,0,0.0,0.0,0.12,0.25,0.0,0.0,0.0,101265600000.0,0.05,0.42
2024-04-24,0.0,8,2,1,1,0,0.0,0.0,0.12,0.25,0.0,0.0,0.0,101265600000.0,0.05,0.42
2024-04-23,0.0,8,2,1,1,0,0.0,0.0,0.12,0.25,0.0,0.0,0.0,101265600000.0,0.05,0.42
2024-04-22,0.0,8,2,1,1,0,0.0,0.0,0.12,0.25,0.0,0.0,0.0,101265600000.0,0.05,0.42
2024-04-21,0.0,8,2,1,1,0,0.0,0.0,0.12,0.25,0.0,0.0,0.0,101265600000.0,0.05,0.42
2024-04-20,0.0,8,2,1,1,0,0.0,0.0,0.12,0.25,0.0,0.0,0.0,101265600000.0,0.05,0.42
2024-04-19,0.0,8,2,1,1,0,0.0,0.0,0.12,0.25,0.0,0.0,0.0,101265600000.0,0.05,0.42
2024-04-18,0.0,8,1,2,1,0,0.0,0.0,0.12,0.25,0.0,0.0,0.0,101265600000.0,0.1,0.47
2024-04-17,0.0,8,1,2,1,0,0.0,0.0,0.12,0.25,0.0,0.0,0.0,101265600000.0,0.1,0.47
2024-04-16,0.0,8,1,2,1,0,0.0,0.0,0.12,0.25,0.0,0.0,0.0,101265600000.0,0.1,0.47
2024-04-15,0.0,8,1,2,1,0,0.0,0.0,0.12,0.25,0.0,0.0,0.0,101265600000.0,0.1,0.47
2024-04-14,0.0,8,1,2,1,0,0.0,0.0,0.12,0.25,0.0,0.0,0.0,101265600000.0,0.1,0.47
2024-04-13,0.0,8,1,2,1,0,0.0,0.0,0.12,0.25,0.0,0.0,0.0,101265600000.0,0.1,0.47
2024-04-12,0.0,8,1,2,1,0,0.0,0.0,0.12,0.25,0.0,0.0,0.0,101265600000.0,0.1,0.47
2024-04-11,0.0,8,1,2,1,0,0.0,0.0,0.12,0.25,0.0,0.0,0.0,101265600000.0,0.1,0.47
2024-04-10,0.0,8,1,2,1,0,0.0,0.0,0.12,0.25,0.0,0.0,0.0,101265600000.0,0.1,0.47
2024-04-09,0.0,8,1,2,1,0,0.0,0.0,0.12,0.25,0.0,0.0,0.0,101265600000.0,0.1,0.47
2024-04-08,0.0,8,1,2,1,0,0.0,0.0,0.12,0.25,0.0,0.0,0.0,101265600000.0,0.1,0.47
2024-04-07,0.0,8,1,2,1,0,0.0,0.0,0.12,0.25,0.0,0.0,0.0,101265600000.0,0.1,0.47
2024-04-06,0.0,8,1,2,1,0,0.0,0.0,0.12,0.25,0.0,0.0,0.0,101265600000.0,0.1,0.47
2024-04-05,0.0,8,1,2,1,0,0.0,0.0,0.12,0.27,0.0,0.0,0.0,101265600000.0,0.1,0.49
2024-04-04,0.0,8,1,1,2,0,0.0,0.02,0.12,0.27,0.0,0.0,0.0,101265600000.0,0.1,0.51
2024-04-03,0.0,8,1,1,2,0,0.0,0.02,0.12,0.27,0.0,0.0,0.0,101265600000.0,0.1,0.51
2024-04-02,0.0,8,1,1,2,0,0.0,0.02,0.12,0.27,0.0,0.0,0.0,101265600000.0,0.1,0.51
2024-04-01,0.0,8,1,1,2,0,0.0,0.02,0.11,0.27,0.0,0.0,0.0,101265600000.0,0.1,0.5
2024-03-31,0.0,8,1,1,2,0,0.0,0.02,0.11,0.26,0.0,0.0,0.0,102650280000.0,0.1,0.49
2024-03-30,0.0,8,1,1,2,0,0.0,0.02,0.11,0.26,0.0,0.0,0.0,102650280000.0,0.1,0.49
2024-03-29,0.0,8,1,1,2,0,0.0,0.02,0.11,0.26,0.0,0.0,0.0,102650280000.0,0.1,0.49
2024-03-28,0.0,8,1,1,2,0,0.0,0.02,0.11,0.26,0.0,0.0,0.0,102650280000.0,0.1,0.49
2024-03-27,0.0,8,1,2,1,0,0.0,0.02,0.1,0.26,0.0,0.0,0.0,102650280000.0,0.1,0.48
2024-03-26,0.0,8,1,2,1,0,0.0,0.02,0.1,0.26,0.0,0.0,0.0,102650280000.0,0.1,0.48
2024-03-25,0.0,8,1,2,1,0,0.0,0.02,0.1,0.26,0.0,0.0,0.0,102650280000.0,0.1,0.48
2024-03-24,0.0,8,1,2,1,0,0.0,0.02,0.1,0.26,0.0,0.0,0.0,102650280000.0,0.1,0.48
2024-03-23,0.0,8,1,2,1,0,0.0,0.02,0.1,0.26,0.0,0.0,0.0,102650280000.0,0.1,0.48
2024-03-22,0.0,8,1,2,1,0,0.0,0.02,0.1,0.26,0.0,0.0,0.0,102650280000.0,0.1,0.48
2024-03-21,0.0,8,1,2,1,0,0.0,0.02,0.11,0.26,0.0,0.0,0.0,102650280000.0,0.1,0.49
2024-03-20,0.0,8,1,2,1,0,0.0,0.02,0.11,0.26,0.0,0.0,0.0,102650280000.0,0.1,0.49
2024-03-19,0.0,8,1,2,1,0,0.0,0.02,0.11,0.26,0.0,0.0,0.0,102650280000.0,0.1,0.49
2024-03-18,0.0,8,1,2,1,0,0.0,0.02,0.11,0.26,0.0,0.0,0.0,102650280000.0,0.1,0.49
2024-03-17,0.0,7,2,2,1,0,0.0,0.02,0.11,0.35,0.0,0.0,0.0,102650280000.0,0.1,0.58
2024-03-16,0.0,7,2,2,1,0,0.0,0.02,0.11,0.35,0.0,0.0,0.0,102650280000.0,0.1,0.58
2024-03-15,0.0,7,2,2,1,0,0.0,0.02,0.11,0.35,0.0,0.0,0.0,102650280000.0,0.1,0.58
2024-03-14,0.0,7,2,2,1,0,0.0,0.02,0.1,0.37,0.0,0.0,0.0,102650280000.0,0.1,0.59
2024-03-13,0.0,7,2,2,1,0,0.0,0.02,0.1,0.37,0.0,0.0,0.0,102650280000.0,0.1,0.59
2024-03-12,0.0,7,2,2,1,0,0.0,0.02,0.1,0.37,0.0,0.0,0.0,102650280000.0,0.1,0.59
2024-03-11,0.0,7,2,2,1,0,0.0,0.02,0.1,0.37,0.0,0.0,0.0,102650280000.0,0.1,0.59
2024-03-10,0.0,7,2,2,1,0,0.0,0.02,0.1,0.36,0.0,0.0,0.0,102650280000.0,0.1,0.58
2024-03-09,0.0,7,2,2,1,0,0.0,0.02,0.1,0.36,0.0,0.0,0.0,102650280000.0,0.1,0.58
2024-03-08,0.0,6,2,3,1,0,0.08,0.02,0.1,0.36,0.0,0.0,0.0,102650280000.0,0.1,0.66
2024-03-07,0.0,6,2,3,1,0,0.08,0.02,0.1,0.39,0.0,0.0,0.0,102650280000.0,0.1,0.6900000000000001
2024-03-06,0.0,6,2,3,1,0,0.08,0.02,0.1,0.39,0.0,0.0,0.0,102650280000.0,0.1,0.6900000000000001
2024-03-05,0.0,6,2,3,1,0,0.08,0.02,0.1,0.39,0.0,0.0,0.0,102650280000.0,0.1,0.6900000000000001
2024-03-04,0.0,6,1,4,1,0,0.08,0.02,0.1,0.52,0.0,0.0,0.0,102650280000.0,0.1,0.82
2024-03-03,0.0,6,1,4,1,0,0.08,0.02,0.1,0.52,0.0,0.0,0.0,102650280000.0,0.1,0.82
2024-03-02,0.0,6,1,4,1,0,0.08,0.02,0.1,0.54,0.0,0.0,0.0,102650280000.0,0.1,0.84
2024-03-01,0.0,6,1,4,1,0,0.08,0.02,0.1,0.63,0.0,0.0,0.0,102650280000.0,0.1,0.93
2024-02-29,0.0,6,1,4,1,0,0.08,0.02,0.1,0.66,0.0,0.0,0.0,102650280000.0,0.11,0.9700000000000001
2024-02-28,0.0,6,2,3,1,0,0.08,0.02,0.1,0.66,0.0,0.0,0.0,102650280000.0,0.06,0.9200000000000002
2024-02-27,0.0,5,3,3,1,0,0.08,0.02,0.1,0.68,0.0,0.0,0.0,102650280000.0,0.06,0.9400000000000002
2024-02-26,0.0,5,3,3,1,0,0.08,0.02,0.1,0.68,0.0,0.0,0.0,102650280000.0,0.06,0.9400000000000002
2024-02-25,0.0,5,2,5,0,0,0.08,0.02,0.1,0.69,0.0,0.0,0.0,102650280000.0,0.06,0.95
2024-02-24,0.0,5,2,5,0,0,0.08,0.02,0.1,0.69,0.0,0.0,0.0,102650280000.0,0.06,0.95
2024-02-23,0.0,5,2,5,0,0,0.08,0.02,0.1,0.69,0.0,0.0,0.0,102650280000.0,0.06,0.95
2024-02-22,0.0,5,2,5,0,0,0.08,0.02,0.1,0.7,0.0,0.0,0.0,102650280000.0,0.06,0.96
2024-02-21,0.0,5,2,5,0,0,0.08,0.02,0.1,0.72,0.0,0.0,0.0,102650280000.0,0.06,0.98
2024-02-20,0.0,5,2,5,0,0,0.08,0.02,0.1,0.72,0.0,0.0,0.0,102650280000.0,0.06,0.98
2024-02-19,0.0,5,2,5,0,0,0.08,0.02,0.09,0.71,0.0,0.0,0.0,102650280000.0,0.06,0.96
2024-02-18,0.0,5,2,5,0,0,0.08,0.02,0.09,0.73,0.0,0.0,0.0,102650280000.0,0.06,0.98
2024-02-17,0.0,5,2,5,0,0,0.08,0.02,0.09,0.73,0.0,0.0,0.0,102650280000.0,0.06,0.98
2024-02-16,0.0,5,2,5,0,0,0.08,0.02,0.09,0.73,0.0,0.0,0.0,102650280000.0,0.06,0.98
2024-02-15,0.0,5,1,6,0,0,0.08,0.02,0.09,0.79,0.0,0.0,0.0,102650280000.0,0.06,1.04
2024-02-14,0.0,5,1,6,0,0,0.08,0.02,0.1,0.77,0.0,0.0,0.0,102650280000.0,0.05,1.02
2024-02-13,0.0,5,1,6,0,0,0.08,0.02,0.1,0.77,0.0,0.0,0.0,102650280000.0,0.05,1.02
2024-02-12,0.0,5,1,6,0,0,0.08,0.02,0.1,0.77,0.0,0.0,0.0,102650280000.0,0.05,1.02
2024-02-11,0.0,5,1,6,0,0,0.08,0.02,0.1,0.79,0.0,0.0,0.0,102650280000.0,0.05,1.04
2024-02-10,0.0,5,1,6,0,0,0.08,0.02,0.1,0.79,0.0,0.0,0.0,102650280000.0,0.05,1.04
2024-02-09,0.0,5,1,6,0,0,0.08,0.02,0.1,0.79,0.0,0.0,0.0,102650280000.0,0.05,1.04
2024-02-08,0.0,5,1,6,0,0,0.08,0.02,0.1,0.62,0.0,0.0,0.0,102650280000.0,0.05,0.8700000000000001
2024-02-07,0.0,5,1,6,0,0,0.08,0.02,0.1,0.62,0.0,0.0,0.0,102650280000.0,0.05,0.8700000000000001
2024-02-06,0.0,5,1,6,0,0,0.08,0.02,0.11,0.62,0.0,0.0,0.0,102650280000.0,0.05,0.8800000000000001
2024-02-05,0.0,5,1,6,0,0,0.08,0.02,0.11,0.63,0.0,0.0,0.0,102650280000.0,0.05,0.8900000000000001
2024-02-04,0.0,5,2,5,0,0,0.08,0.02,0.11,0.6,0.0,0.0,0.0,102650280000.0,0.05,0.8600000000000001
2024-02-03,0.0,5,2,5,0,0,0.08,0.02,0.11,0.6,0.0,0.0,0.0,102650280000.0,0.05,0.8600000000000001
2024-02-02,0.0,5,2,5,0,0,0.08,0.02,0.11,0.6,0.0,0.0,0.0,102650280000.0,0.05,0.8600000000000001
2024-02-01,0.0,5,2,5,0,0,0.08,0.02,0.12,0.6,0.0,0.0,0.0,102650280000.0,0.05,0.87
2024-01-31,0.0,6,1,5,0,0,0.08,0.02,0.12,0.5,0.0,0.0,0.0,102650280000.0,0.05,0.77
2024-01-30,0.0,6,1,5,0,0,0.08,0.02,0.12,0.5,0.0,0.0,0.0,102650280000.0,0.05,0.77
2024-01-29,0.0,6,1,5,0,0,0.08,0.02,0.12,0.5,0.0,0.0,0.0,102650280000.0,0.05,0.77
2024-01-28,0.0,6,1,5,0,0,0.08,0.02,0.11,0.5,0.0,0.0,0.0,102650280000.0,0.05,0.76
2024-01-27,0.0,6,1,5,0,0,0.08,0.02,0.11,0.5,0.0,0.0,0.0,102650280000.0,0.05,0.76
2024-01-26,0.0,6,1,5,0,0,0.08,0.02,0.11,0.5,0.0,0.0,0.0,102650280000.0,0.05,0.76
2024-01-25,0.0,6,1,5,0,0,0.08,0.02,0.11,0.5,0.0,0.0,0.0,102650280000.0,0.05,0.76
2024-01-24,0.0,6,1,5,0,0,0.08,0.02,0.11,0.52,0.0,0.0,0.0,102650280000.0,0.05,0.78
2024-01-23,0.0,6,1,5,0,0,0.08,0.02,0.11,0.53,0.0,0.0,0.0,102650280000.0,0.05,0.79
2024-01-22,0.0,6,1,5,0,0,0.08,0.02,0.11,0.53,0.0,0.0,0.0,102650280000.0,0.05,0.79
2024-01-21,0.0,6,1,5,0,0,0.08,0.02,0.11,0.53,0.0,0.0,0.0,102650280000.0,0.05,0.79
2024-01-20,0.0,6,1,5,0,0,0.08,0.02,0.14,0.53,0.0,0.0,0.0,102650280000.0,0.05,0.8200000000000001
2024-01-19,0.0,6,1,5,0,0,0.08,0.02,0.14,0.53,0.0,0.0,0.0,102650280000.0,0.05,0.8200000000000001
2024-01-18,0.0,6,1,5,0,0,0.08,0.02,0.14,0.53,0.0,0.0,0.0,102650280000.0,0.05,0.8200000000000001
2024-01-17,0.0,6,1,5,0,0,0.08,0.02,0.07,0.53,0.0,0.0,0.0,102650280000.0,0.05,0.7500000000000001
2024-01-16,0.0,6,1,5,0,0,0.08,0.02,0.07,0.53,0.0,0.0,0.0,102650280000.0,0.05,0.7500000000000001
2024-01-15,0.0,6,1,5,0,0,0.08,0.02,0.06,0.53,0.0,0.0,0.0,102650280000.0,0.05,0.7400000000000001
2024-01-14,0.0,6,2,4,0,0,0.08,0.02,0.06,0.53,0.0,0.0,0.0,102650280000.0,0.05,0.7400000000000001
2024-01-13,0.0,6,2,4,0,0,0.08,0.02,0.06,0.53,0.0,0.0,0.0,102650280000.0,0.05,0.7400000000000001
2024-01-12,0.0,6,2,4,0,0,0.08,0.02,0.06,0.53,0.0,0.0,0.0,102650280000.0,0.05,0.7400000000000001
2024-01-11,0.0,6,3,3,0,0,0.08,0.02,0.03,0.53,0.0,0.0,0.0,102650280000.0,0.05,0.7100000000000001
2024-01-10,0.0,6,3,3,0,0,0.08,0.02,0.03,0.53,0.0,0.0,0.0,102650280000.0,0.05,0.7100000000000001
2024-01-09,0.0,6,3,3,0,0,0.08,0.02,0.03,0.52,0.0,0.0,0.0,102650280000.0,0.05,0.7000000000000001
2024-01-08,0.0,6,3,3,0,0,0.08,0.02,0.03,0.52,0.0,0.0,0.0,102650280000.0,0.05,0.7000000000000001
2024-01-07,0.0,6,3,3,0,0,0.08,0.02,0.03,0.52,0.0,0.0,0.0,102650280000.0,0.05,0.7000000000000001
2024-01-06,0.0,6,3,3,0,0,0.08,0.02,0.03,0.52,0.0,0.0,0.0,102650280000.0,0.05,0.7000000000000001
2024-01-05,0.0,6,3,3,0,0,0.08,0.02,0.03,0.52,0.0,0.0,0.0,102650280000.0,0.05,0.7000000000000001
2024-01-04,0.0,6,3,3,0,0,0.08,0.02,0.03,0.51,0.0,0.0,0.0,102650280000.0,0.05,0.6900000000000001
2024-01-03,0.0,6,3,3,0,0,0.08,0.02,0.03,0.57,0.0,0.0,0.0,102650280000.0,0.05,0.75
2024-01-02,0.0,5,4,3,0,0,0.08,0.02,0.03,0.66,0.0,0.0,0.0,102650280000.0,0.05,0.8400000000000001
2024-01-01,0.0,5,4,3,0,0,0.08,0.02,0.03,0.66,0.0,0.0,0.0,102650280000.0,0.05,0.8400000000000001
2023-12-31,0.0,5,4,3,0,0,0.08,0.02,0.02,0.67,0.0,0.0,0.0,84811450000.0,0.04,0.8300000000000001
2023-12-30,0.0,5,4,3,0,0,0.08,0.02,0.02,0.67,0.0,0.0,0.0,84811450000.0,0.04,0.8300000000000001
2023-12-29,0.0,5,4,3,0,0,0.08,0.02,0.02,0.67,0.0,0.0,0.0,84811450000.0,0.04,0.8300000000000001
2023-12-28,0.0,5,4,3,0,0,0.08,0.02,0.02,0.68,0.0,0.0,0.0,84811450000.0,0.04,0.8400000000000001
2023-12-27,0.0,5,2,5,0,0,0.08,0.02,0.02,0.72,0.0,0.0,0.0,84811450000.0,0.04,0.88
2023-12-26,0.0,5,2,5,0,0,0.08,0.02,0.02,0.72,0.0,0.0,0.0,84811450000.0,0.04,0.88
2023-12-25,0.0,6,3,3,0,0,0.08,0.02,0.02,0.44,0.0,0.0,0.0,84811450000.0,0.04,0.6000000000000001
2023-12-24,0.0,6,3,3,0,0,0.08,0.02,0.02,0.44,0.0,0.0,0.0,84811450000.0,0.04,0.6000000000000001
2023-12-23,0.0,6,3,3,0,0,0.08,0.02,0.02,0.44,0.0,0.0,0.0,84811450000.0,0.04,0.6000000000000001
2023-12-22,0.0,6,3,3,0,0,0.08,0.02,0.02,0.44,0.0,0.0,0.0,84811450000.0,0.04,0.6000000000000001
2023-12-21,0.0,6,3,3,0,0,0.08,0.02,0.02,0.44,0.0,0.0,0.0,84811450000.0,0.04,0.6000000000000001
2023-12-20,0.0,6,3,3,0,0,0.08,0.02,0.02,0.44,0.0,0.0,0.0,84811450000.0,0.04,0.6000000000000001
2023-12-19,0.0,6,2,4,0,0,0.08,0.02,0.02,0.54,0.0,0.0,0.0,84811450000.0,0.04,0.7000000000000001
2023-12-18,0.0,6,2,4,0,0,0.08,0.02,0.02,0.54,0.0,0.0,0.0,84811450000.0,0.04,0.7000000000000001
2023-12-17,0.0,6,2,4,0,0,0.08,0.02,0.02,0.54,0.0,0.0,0.0,84811450000.0,0.04,0.7000000000000001
2023-12-16,0.0,6,2,4,0,0,0.08,0.02,0.02,0.54,0.0,0.0,0.0,84811450000.0,0.04,0.7000000000000001
2023-12-15,0.0,6,2,4,0,0,0.08,0.02,0.02,0.54,0.0,0.0,0.0,84811450000.0,0.04,0.7000000000000001
2023-12-14,0.0,6,4,2,0,0,0.08,0.02,0.02,0.54,0.0,0.0,0.0,84811450000.0,0.0,0.66
2023-12-13,0.0,7,4,1,0,0,0.08,0.02,0.02,0.37,0.0,0.0,0.0,84811450000.0,0.0,0.49
2023-12-12,0.0,7,4,1,0,0,0.08,0.02,0.02,0.37,0.0,0.0,0.0,84811450000.0,0.0,0.49
2023-12-11,0.0,7,4,1,0,0,0.08,0.02,0.02,0.37,0.0,0.0,0.0,84811450000.0,0.0,0.49
2023-12-10,0.0,7,4,1,0,0,0.08,0.02,0.02,0.37,0.0,0.0,0.0,84811450000.0,0.0,0.49
2023-12-09,0.0,7,4,1,0,0,0.08,0.02,0.02,0.37,0.0,0.0,0.0,84811450000.0,0.0,0.49
2023-12-08,0.0,7,4,1,0,0,0.08,0.02,0.02,0.37,0.0,0.0,0.0,84811450000.0,0.0,0.49
2023-12-07,0.0,7,4,1,0,0,0.08,0.02,0.02,0.37,0.0,0.0,0.0,84811450000.0,0.0,0.49
2023-12-06,0.0,7,4,1,0,0,0.08,0.02,0.02,0.37,0.0,0.0,0.0,84811450000.0,0.0,0.49
2023-12-05,0.0,7,4,1,0,0,0.08,0.02,0.02,0.37,0.0,0.0,0.0,84811450000.0,0.0,0.49
2023-12-04,0.0,7,4,1,0,0,0.08,0.02,0.02,0.37,0.0,0.0,0.0,84811450000.0,0.0,0.49
2023-12-03,0.0,7,3,2,0,0,0.08,0.03,0.02,0.37,0.0,0.0,0.0,84811450000.0,0.0,0.5
2023-12-02,0.0,7,3,2,0,0,0.08,0.03,0.02,0.37,0.0,0.0,0.0,84811450000.0,0.0,0.5
2023-12-01,0.0,7,3,2,0,0,0.08,0.03,0.02,0.37,0.0,0.0,0.0,84811450000.0,0.0,0.5
2023-11-30,0.0,7,3,2,0,0,0.08,0.03,0.02,0.37,0.0,0.0,0.0,84811450000.0,0.0,0.5
2023-11-29,0.0,7,3,2,0,0,0.08,0.03,0.02,0.38,0.0,0.0,0.0,84811450000.0,0.0,0.51
2023-11-28,0.0,7,3,2,0,0,0.08,0.03,0.02,0.4,0.0,0.0,0.0,84811450000.0,0.0,0.53
2023-11-27,0.0,7,3,2,0,0,0.08,0.03,0.02,0.38,0.0,0.0,0.0,84811450000.0,0.0,0.51
2023-11-26,0.0,7,2,3,0,0,0.08,0.03,0.02,0.38,0.0,0.0,0.0,84811450000.0,0.0,0.51
2023-11-25,0.0,7,2,3,0,0,0.08,0.03,0.02,0.38,0.0,0.0,0.0,84811450000.0,0.0,0.51
2023-11-24,0.0,7,2,3,0,0,0.08,0.03,0.02,0.38,0.0,0.0,0.0,84811450000.0,0.0,0.51
2023-11-23,0.0,7,2,3,0,0,0.08,0.03,0.02,0.39,0.0,0.0,0.0,84811450000.0,0.0,0.52
2023-11-22,0.0,7,2,3,0,0,0.08,0.03,0.02,0.39,0.0,0.0,0.0,84811450000.0,0.0,0.52
2023-11-21,0.0,7,2,3,0,0,0.08,0.03,0.02,0.39,0.0,0.0,0.0,84811450000.0,0.0,0.52
2023-11-20,0.0,8,1,2,1,0,0.08,0.03,0.02,0.31,0.0,0.0,0.0,84811450000.0,0.0,0.44
2023-11-19,0.0,8,1,2,1,0,0.08,0.03,0.02,0.31,0.0,0.0,0.0,84811450000.0,0.0,0.44
2023-11-18,0.0,8,1,2,1,0,0.08,0.03,0.02,0.31,0.0,0.0,0.0,84811450000.0,0.0,0.44
2023-11-17,0.0,8,1,2,1,0,0.08,0.03,0.02,0.31,0.0,0.0,0.0,84811450000.0,0.0,0.44
2023-11-16,0.0,8,1,2,1,0,0.08,0.03,0.02,0.31,0.0,0.0,0.0,84811450000.0,0.0,0.44
2023-11-15,0.0,8,1,2,1,0,0.08,0.03,0.02,0.31,0.0,0.0,0.0,84811450000.0,0.0,0.44
2023-11-14,0.0,8,2,1,1,0,0.08,0.03,0.02,0.3,0.0,0.0,0.0,84811450000.0,0.0,0.43
2023-11-13,0.0,8,1,2,1,0,0.08,0.04,0.02,0.42,0.0,0.0,0.0,84811450000.0,0.0,0.5599999999999999
2023-11-12,0.0,8,1,2,1,0,0.08,0.04,0.02,0.43,0.0,0.0,0.0,84811450000.0,0.0,0.57
2023-11-11,0.0,8,1,2,1,0,0.08,0.04,0.02,0.43,0.0,0.0,0.0,84811450000.0,0.0,0.57
2023-11-10,0.0,8,1,2,1,0,0.08,0.04,0.02,0.43,0.0,0.0,0.0,84811450000.0,0.0,0.57
2023-11-09,0.0,8,1,2,1,0,0.08,0.04,0.02,0.43,0.0,0.0,0.0,84811450000.0,0.0,0.57
2023-11-08,0.0,7,2,2,1,0,0.08,0.04,0.02,0.43,0.0,0.0,0.0,84811450000.0,0.0,0.57
2023-11-07,0.0,6,3,2,1,0,0.08,0.04,0.02,0.53,0.0,0.0,0.0,84811450000.0,0.0,0.67
2023-11-06,0.0,6,3,2,1,0,0.07,0.04,0.02,0.53,0.0,0.0,0.0,84811450000.0,0.0,0.66
2023-11-05,0.0,6,3,2,1,0,0.07,0.04,0.02,0.53,0.0,0.0,0.0,84811450000.0,0.0,0.66
2023-11-04,0.0,6,3,2,1,0,0.07,0.04,0.02,0.53,0.0,0.0,0.0,84811450000.0,0.0,0.66
2023-11-03,0.0,6,3,2,1,0,0.07,0.04,0.02,0.53,0.0,0.0,0.0,84811450000.0,0.0,0.66
2023-11-02,0.0,5,4,2,1,0,0.07,0.04,0.02,0.58,0.0,0.0,0.0,84811450000.0,0.0,0.71
2023-11-01,0.0,5,3,3,1,0,0.07,0.04,0.02,0.58,0.0,0.0,0.0,84811450000.0,0.0,0.71
2023-10-31,0.0,4,4,3,1,0,0.07,0.04,0.02,0.61,0.0,0.0,0.0,84811450000.0,0.0,0.74
2023-10-30,0.0,4,4,3,1,0,0.06,0.05,0.02,0.61,0.0,0.0,0.0,84811450000.0,0.0,0.74
2023-10-29,0.0,4,4,3,1,0,0.06,0.05,0.02,0.64,0.0,0.0,0.0,84811450000.0,0.0,0.77
2023-10-28,0.0,4,4,3,1,0,0.06,0.05,0.02,0.64,0.0,0.0,0.0,84811450000.0,0.0,0.77
2023-10-27,0.0,4,4,3,1,0,0.06,0.05,0.02,0.64,0.0,0.0,0.0,84811450000.0,0.0,0.77
2023-10-26,0.0,4,4,3,1,0,0.06,0.05,0.02,0.64,0.0,0.0,0.0,84811450000.0,0.0,0.77
2023-10-25,0.0,4,4,3,1,0,0.06,0.04,0.02,0.65,0.0,0.0,0.0,84811450000.0,0.0,0.77
2023-10-24,0.0,4,4,3,1,0,0.06,0.04,0.02,0.64,0.0,0.0,0.0,84811450000.0,0.0,0.76
2023-10-23,0.0,4,4,3,1,0,0.06,0.04,0.02,0.64,0.0,0.0,0.0,84811450000.0,0.0,0.76
2023-10-22,0.0,4,5,2,1,0,0.06,0.04,0.02,0.53,0.0,0.0,0.0,84811450000.0,0.0,0.65
2023-10-21,0.0,4,5,2,1,0,0.06,0.04,0.02,0.53,0.0,0.0,0.0,84811450000.0,0.0,0.65
2023-10-20,0.0,4,5,2,1,0,0.06,0.04,0.02,0.53,0.0,0.0,0.0,84811450000.0,0.0,0.65
2023-10-19,0.0,4,5,2,1,0,0.06,0.04,0.02,0.53,0.0,0.0,0.0,84811450000.0,0.0,0.65
2023-10-18,0.0,5,4,2,1,0,0.06,0.03,0.02,0.52,0.0,0.0,0.0,84811450000.0,0.0,0.63
2023-10-17,0.0,5,4,3,0,0,0.06,0.0,0.02,0.53,0.0,0.0,0.0,84811450000.0,0.0,0.61
2023-10-16,0.0,6,4,2,0,0,0.0,0.0,0.02,0.52,0.0,0.0,0.0,84811450000.0,0.0,0.54
2023-10-15,0.0,5,5,2,0,0,0.0,0.0,0.02,0.52,0.0,0.0,0.0,84811450000.0,0.0,0.54
2023-10-14,0.0,5,5,2,0,0,0.0,0.0,0.02,0.52,0.0,0.0,0.0,84811450000.0,0.0,0.54
2023-10-13,0.0,5,5,2,0,0,0.0,0.0,0.02,0.52,0.0,0.0,0.0,84811450000.0,0.0,0.54
2023-10-12,0.0,5,5,2,0,0,0.0,0.0,0.02,0.52,0.0,0.0,0.0,84811450000.0,0.0,0.54
2023-10-11,0.0,5,5,2,0,0,0.0,0.0,0.02,0.52,0.0,0.0,0.0,84811450000.0,0.0,0.54
2023-10-10,0.0,5,6,1,0,0,0.0,0.0,0.02,0.51,0.0,0.0,0.0,84811450000.0,0.0,0.53
2023-10-09,0.0,5,6,1,0,0,0.0,0.0,0.02,0.51,0.0,0.0,0.0,84811450000.0,0.0,0.53
2023-10-08,0.0,5,6,1,0,0,0.0,0.0,0.02,0.5,0.0,0.0,0.0,84811450000.0,0.0,0.52
2023-10-07,0.0,5,6,1,0,0,0.0,0.0,0.02,0.5,0.0,0.0,0.0,84811450000.0,0.0,0.52
2023-10-06,0.0,5,6,1,0,0,0.0,0.0,0.02,0.52,0.0,0.0,0.0,84811450000.0,0.0,0.54
2023-10-05,0.0,5,6,1,0,0,0.0,0.0,0.02,0.52,0.0,0.0,0.0,84811450000.0,0.0,0.54
2023-10-04,0.0,5,6,1,0,0,0.0,0.0,0.02,0.52,0.0,0.0,0.0,84811450000.0,0.0,0.54
2023-10-03,0.0,5,6,1,0,0,0.0,0.0,0.02,0.52,0.0,0.0,0.0,84811450000.0,0.0,0.54
2023-10-02,0.0,5,6,1,0,0,0.0,0.0,0.02,0.52,0.0,0.0,0.0,84811450000.0,0.0,0.54
2023-10-01,0.0,6,5,1,0,0,0.0,0.0,0.02,0.52,0.0,0.0,0.0,84811450000.0,0.0,0.54
2023-09-30,0.0,6,5,1,0,0,0.0,0.0,0.02,0.52,0.0,0.0,0.0,84291450000.0,0.0,0.54
2023-09-29,0.0,6,5,1,0,0,0.0,0.0,0.02,0.52,0.0,0.0,0.0,84291450000.0,0.0,0.54
2023-09-28,0.0,5,6,1,0,0,0.0,0.0,0.02,0.51,0.0,0.0,0.0,84291450000.0,0.0,0.53
2023-09-27,0.0,7,4,1,0,0,0.0,0.0,0.02,0.49,0.0,0.0,0.0,84291450000.0,0.0,0.51
2023-09-26,0.0,7,4,1,0,0,0.0,0.0,0.02,0.5,0.0,0.0,0.0,84291450000.0,0.0,0.52
2023-09-25,0.0,7,4,1,0,0,0.0,0.0,0.02,0.5,0.0,0.0,0.0,84291450000.0,0.0,0.52
2023-09-24,0.0,7,4,1,0,0,0.0,0.0,0.02,0.5,0.0,0.0,0.0,84291450000.0,0.0,0.52
2023-09-23,0.0,7,4,1,0,0,0.0,0.0,0.02,0.5,0.0,0.0,0.0,84291450000.0,0.0,0.52
2023-09-22,0.0,7,4,1,0,0,0.0,0.0,0.02,0.5,0.0,0.0,0.0,84291450000.0,0.0,0.52
2023-09-21,0.0,7,4,1,0,0,0.0,0.0,0.02,0.5,0.0,0.0,0.0,84291450000.0,0.0,0.52
2023-09-20,0.0,7,4,1,0,0,0.0,0.0,0.02,0.51,0.0,0.0,0.0,84291450000.0,0.0,0.53
2023-09-19,0.0,6,5,1,0,0,0.0,0.0,0.03,0.51,0.0,0.0,0.0,84291450000.0,0.0,0.54
2023-09-18,0.0,7,4,1,0,0,0.0,0.0,0.03,0.39,0.0,0.0,0.0,84291450000.0,0.0,0.42000000000000004
2023-09-17,0.0,7,4,1,0,0,0.0,0.0,0.04,0.39,0.0,0.0,0.0,84291450000.0,0.0,0.43
2023-09-16,0.0,7,4,1,0,0,0.0,0.0,0.04,0.39,0.0,0.0,0.0,84291450000.0,0.0,0.43
2023-09-15,0.0,7,4,1,0,0,0.0,0.0,0.04,0.39,0.0,0.0,0.0,84291450000.0,0.0,0.43
2023-09-14,0.0,7,4,1,0,0,0.0,0.0,0.04,0.39,0.0,0.0,0.0,84291450000.0,0.0,0.43
2023-09-13,0.0,7,4,1,0,0,0.0,0.0,0.04,0.39,0.0,0.0,0.0,84291450000.0,0.0,0.43
2023-09-12,0.0,7,4,1,0,0,0.0,0.0,0.04,0.39,0.0,0.0,0.0,84291450000.0,0.0,0.43
2023-09-11,0.0,7,4,1,0,0,0.0,0.0,0.04,0.39,0.0,0.0,0.0,84291450000.0,0.0,0.43
2023-09-10,0.0,7,3,2,0,0,0.04,0.0,0.04,0.39,0.0,0.0,0.0,84291450000.0,0.0,0.47000000000000003
2023-09-09,0.0,7,3,2,0,0,0.04,0.0,0.04,0.39,0.0,0.0,0.0,84291450000.0,0.0,0.47000000000000003
2023-09-08,0.0,7,3,2,0,0,0.04,0.0,0.04,0.39,0.0,0.0,0.0,84291450000.0,0.0,0.47000000000000003
2023-09-07,0.0,8,2,2,0,0,0.04,0.0,0.04,0.38,0.0,0.0,0.0,84291450000.0,0.0,0.46
2023-09-06,0.0,8,2,2,0,0,0.04,0.0,0.04,0.38,0.0,0.0,0.0,84291450000.0,0.0,0.46
2023-09-05,0.0,8,2,2,0,0,0.04,0.0,0.04,0.38,0.0,0.0,0.0,84291450000.0,0.0,0.46
2023-09-04,0.0,8,2,2,0,0,0.04,0.0,0.04,0.38,0.0,0.0,0.0,84291450000.0,0.0,0.46
2023-09-03,0.0,8,2,2,0,0,0.04,0.0,0.04,0.43,0.0,0.0,0.0,84291450000.0,0.0,0.51
2023-09-02,0.0,8,2,2,0,0,0.04,0.0,0.04,0.43,0.0,0.0,0.0,84291450000.0,0.0,0.51
2023-09-01,0.0,8,2,2,0,0,0.04,0.0,0.04,0.43,0.0,0.0,0.0,84291450000.0,0.0,0.51
2023-08-31,0.0,8,2,2,0,0,0.04,0.0,0.04,0.43,0.0,0.0,0.0,84291450000.0,0.0,0.51
2023-08-30,0.0,8,2,2,0,0,0.04,0.0,0.04,0.43,0.0,0.0,0.0,84291450000.0,0.0,0.51
2023-08-29,0.0,8,2,2,0,0,0.04,0.0,0.04,0.43,0.0,0.0,0.0,84291450000.0,0.0,0.51
2023-08-28,0.0,8,2,2,0,0,0.04,0.0,0.04,0.43,0.0,0.0,0.0,84291450000.0,0.0,0.51
2023-08-27,0.0,8,2,2,0,0,0.04,0.0,0.04,0.43,0.0,0.0,0.0,84291450000.0,0.0,0.51
2023-08-26,0.0,8,2,2,0,0,0.04,0.0,0.04,0.43,0.0,0.0,0.0,84291450000.0,0.0,0.51
2023-08-25,0.0,8,2,2,0,0,0.04,0.0,0.04,0.43,0.0,0.0,0.0,84291450000.0,0.0,0.51
2023-08-24,0.0,8,2,2,0,0,0.04,0.0,0.04,0.43,0.0,0.0,0.0,84291450000.0,0.0,0.51
2023-08-23,0.0,8,2,2,0,0,0.04,0.0,0.04,0.43,0.0,0.0,0.0,84291450000.0,0.0,0.51
2023-08-22,0.0,8,2,2,0,0,0.04,0.0,0.04,0.43,0.0,0.0,0.0,84291450000.0,0.0,0.51
2023-08-21,0.0,8,2,2,0,0,0.04,0.0,0.03,0.43,0.0,0.0,0.0,84291450000.0,0.0,0.5
2023-08-20,0.0,8,2,2,0,0,0.04,0.0,0.03,0.43,0.0,0.0,0.0,84291450000.0,0.0,0.5
2023-08-19,0.0,7,3,2,0,0,0.04,0.0,0.03,0.43,0.0,0.0,0.0,84291450000.0,0.02,0.52
2023-08-18,0.0,7,3,2,0,0,0.04,0.0,0.03,0.43,0.0,0.0,0.0,84291450000.0,0.02,0.52
2023-08-17,0.0,7,3,2,0,0,0.04,0.0,0.03,0.44,0.0,0.0,0.0,84291450000.0,0.02,0.53
2023-08-16,0.0,7,3,2,0,0,0.04,0.0,0.03,0.44,0.0,0.0,0.0,84291450000.0,0.02,0.53
2023-08-15,0.0,7,3,2,0,0,0.04,0.0,0.03,0.44,0.0,0.0,0.0,84291450000.0,0.02,0.53
2023-08-14,0.0,7,3,2,0,0,0.04,0.0,0.03,0.44,0.0,0.0,0.0,84291450000.0,0.02,0.53
2023-08-13,0.0,7,3,2,0,0,0.04,0.0,0.03,0.44,0.0,0.0,0.0,84291450000.0,0.02,0.53
2023-08-12,0.0,7,3,2,0,0,0.04,0.0,0.03,0.44,0.0,0.0,0.0,84291450000.0,0.02,0.53
2023-08-11,0.0,7,3,2,0,0,0.04,0.0,0.03,0.44,0.0,0.0,0.0,84291450000.0,0.02,0.53
2023-08-10,0.0,7,3,2,0,0,0.04,0.0,0.03,0.44,0.0,0.0,0.0,84291450000.0,0.02,0.53
2023-08-09,0.0,7,3,2,0,0,0.04,0.0,0.03,0.43,0.0,0.0,0.0,84291450000.0,0.02,0.52
2023-08-08,0.0,7,3,2,0,0,0.04,0.0,0.02,0.43,0.0,0.0,0.0,84291450000.0,0.02,0.51
2023-08-07,0.0,7,3,2,0,0,0.04,0.0,0.02,0.43,0.0,0.0,0.0,84291450000.0,0.02,0.51
2023-08-06,0.0,7,3,2,0,0,0.04,0.0,0.02,0.43,0.0,0.0,0.0,84291450000.0,0.02,0.51
2023-08-05,0.0,7,3,2,0,0,0.04,0.0,0.02,0.43,0.0,0.0,0.0,84291450000.0,0.02,0.51
2023-08-04,0.0,7,3,2,0,0,0.04,0.0,0.02,0.43,0.0,0.0,0.0,84291450000.0,0.02,0.51
2023-08-03,0.0,7,3,2,0,0,0.04,0.0,0.02,0.43,0.0,0.0,0.0,84291450000.0,0.02,0.51
2023-08-02,0.0,7,3,2,0,0,0.04,0.0,0.02,0.43,0.0,0.0,0.0,84291450000.0,0.02,0.51
2023-08-01,0.0,7,3,2,0,0,0.04,0.0,0.02,0.44,0.0,0.0,0.0,84291450000.0,0.02,0.52
2023-07-31,0.0,8,2,2,0,0,0.04,0.0,0.02,0.44,0.0,0.0,0.0,84291450000.0,0.02,0.52
2023-07-30,0.0,8,2,2,0,0,0.04,0.0,0.02,0.44,0.0,0.0,0.0,84291450000.0,0.02,0.52
2023-07-29,0.0,8,2,2,0,0,0.04,0.0,0.02,0.44,0.0,0.0,0.0,84291450000.0,0.02,0.52
2023-07-28,0.0,8,2,2,0,0,0.04,0.0,0.02,0.44,0.0,0.0,0.0,84291450000.0,0.02,0.52
2023-07-27,0.0,8,2,2,0,0,0.04,0.0,0.02,0.44,0.0,0.0,0.0,84291450000.0,0.02,0.52
2023-07-26,0.0,8,2,2,0,0,0.04,0.0,0.02,0.44,0.0,0.0,0.0,84291450000.0,0.02,0.52
2023-07-25,0.0,8,2,2,0,0,0.04,0.0,0.02,0.44,0.0,0.0,0.0,84291450000.0,0.02,0.52
2023-07-24,0.0,8,2,2,0,0,0.04,0.0,0.02,0.44,0.0,0.0,0.0,84291450000.0,0.02,0.52
2023-07-23,0.0,8,2,2,0,0,0.04,0.0,0.03,0.44,0.0,0.0,0.0,84291450000.0,0.02,0.53
2023-07-22,0.0,8,2,2,0,0,0.04,0.0,0.03,0.44,0.0,0.0,0.0,84291450000.0,0.02,0.53
2023-07-21,0.0,8,2,2,0,0,0.04,0.0,0.03,0.44,0.0,0.0,0.0,84291450000.0,0.02,0.53
2023-07-20,0.0,8,2,2,0,0,0.04,0.0,0.03,0.44,0.0,0.0,0.0,84291450000.0,0.02,0.53
2023-07-19,0.0,8,3,1,0,0,0.04,0.0,0.03,0.41,0.0,0.0,0.0,84291450000.0,0.02,0.5
2023-07-18,0.0,8,3,1,0,0,0.04,0.0,0.03,0.41,0.0,0.0,0.0,84291450000.0,0.02,0.5
2023-07-17,0.0,8,3,1,0,0,0.04,0.0,0.03,0.42,0.0,0.0,0.0,84291450000.0,0.02,0.51
2023-07-16,0.0,8,3,1,0,0,0.04,0.0,0.03,0.42,0.0,0.0,0.0,84291450000.0,0.02,0.51
2023-07-15,0.0,8,3,1,0,0,0.04,0.0,0.03,0.42,0.0,0.0,0.0,84291450000.0,0.02,0.51
2023-07-14,0.0,8,3,1,0,0,0.04,0.0,0.03,0.42,0.0,0.0,0.0,84291450000.0,0.02,0.51
2023-07-13,0.0,8,3,1,0,0,0.04,0.0,0.03,0.43,0.0,0.0,0.0,84291450000.0,0.02,0.52
2023-07-12,0.0,8,3,1,0,0,0.04,0.0,0.03,0.43,0.0,0.0,0.0,84291450000.0,0.02,0.52
2023-07-11,0.0,8,3,1,0,0,0.04,0.0,0.03,0.44,0.0,0.0,0.0,84291450000.0,0.02,0.53
2023-07-10,0.0,8,3,1,0,0,0.04,0.0,0.03,0.44,0.0,0.0,0.0,84291450000.0,0.02,0.53
2023-07-09,0.0,8,3,1,0,0,0.04,0.0,0.03,0.45,0.0,0.0,0.0,84291450000.0,0.02,0.54
2023-07-08,0.0,8,3,1,0,0,0.04,0.0,0.03,0.45,0.0,0.0,0.0,84291450000.0,0.02,0.54
2023-07-07,0.0,8,3,1,0,0,0.04,0.0,0.03,0.45,0.0,0.0,0.0,84291450000.0,0.02,0.54
2023-07-06,0.0,8,3,0,1,0,0.04,0.0,0.03,0.46,0.0,0.0,0.0,84291450000.0,0.02,0.55
2023-07-05,0.0,8,3,0,1,0,0.04,0.0,0.03,0.46,0.0,0.0,0.0,84291450000.0,0.02,0.55
2023-07-04,0.0,8,3,0,1,0,0.04,0.0,0.03,0.46,0.0,0.0,0.0,84291450000.0,0.02,0.55
2023-07-03,0.0,8,3,0,1,0,0.04,0.0,0.03,0.45,0.0,0.0,0.0,84291450000.0,0.02,0.54
2023-07-02,0.0,8,3,0,1,0,0.04,0.0,0.03,0.46,0.0,0.0,0.0,84291450000.0,0.02,0.55
2023-07-01,0.0,8,3,0,1,0,0.04,0.0,0.03,0.46,0.0,0.0,0.0,84291450000.0,0.02,0.55
2023-06-30,0.0,8,3,0,1,0,0.04,0.0,0.03,0.46,0.0,0.0,0.0,84291450000.0,0.02,0.55
2023-06-29,0.0,8,3,0,1,0,0.04,0.0,0.03,0.45,0.0,0.0,0.0,84291450000.0,0.02,0.54
2023-06-28,0.0,8,3,1,0,0,0.04,0.0,0.03,0.4,0.0,0.0,0.0,84291450000.0,0.02,0.49000000000000005
2023-06-27,0.0,8,3,1,0,0,0.04,0.0,0.03,0.4,0.0,0.0,0.0,84291450000.0,0.02,0.49000000000000005
2023-06-26,0.0,8,3,1,0,0,0.04,0.0,0.03,0.4,0.0,0.0,0.0,84291450000.0,0.02,0.49000000000000005
2023-06-25,0.0,8,3,1,0,0,0.04,0.0,0.03,0.4,0.0,0.0,0.0,84291450000.0,0.02,0.49000000000000005
2023-06-24,0.0,8,3,1,0,0,0.04,0.0,0.03,0.4,0.0,0.0,0.0,84291450000.0,0.02,0.49000000000000005
2023-06-23,0.0,8,3,1,0,0,0.04,0.0,0.03,0.4,0.0,0.0,0.0,84291450000.0,0.02,0.49000000000000005
2023-06-22,0.0,8,3,1,0,0,0.04,0.0,0.03,0.4,0.0,0.0,0.0,84291450000.0,0.02,0.49000000000000005
2023-06-21,0.0,8,3,1,0,0,0.04,0.0,0.03,0.4,0.0,0.0,0.0,84291450000.0,0.02,0.49000000000000005
2023-06-20,0.0,8,3,1,0,0,0.04,0.0,0.03,0.4,0.0,0.0,0.0,84291450000.0,0.02,0.49000000000000005
2023-06-19,0.0,8,3,1,0,0,0.04,0.0,0.03,0.4,0.0,0.0,0.0,84291450000.0,0.02,0.49000000000000005
2023-06-18,0.0,8,3,1,0,0,0.04,0.0,0.03,0.4,0.0,0.0,0.0,84291450000.0,0.02,0.49000000000000005
2023-06-17,0.0,8,3,1,0,0,0.04,0.0,0.03,0.4,0.0,0.0,0.0,84291450000.0,0.02,0.49000000000000005
2023-06-16,0.0,8,3,1,0,0,0.04,0.0,0.03,0.4,0.0,0.0,0.0,84291450000.0,0.02,0.49000000000000005
2023-06-15,0.0,8,3,1,0,0,0.04,0.0,0.03,0.38,0.0,0.0,0.0,84291450000.0,0.02,0.47000000000000003
2023-06-14,0.0,8,3,1,0,0,0.04,0.0,0.03,0.38,0.0,0.0,0.0,84291450000.0,0.02,0.47000000000000003
2023-06-13,0.0,8,3,1,0,0,0.04,0.0,0.03,0.37,0.0,0.0,0.0,84291450000.0,0.02,0.46
2023-06-12,0.0,8,3,1,0,0,0.04,0.0,0.03,0.38,0.0,0.0,0.0,84291450000.0,0.02,0.47000000000000003
2023-06-11,0.0,8,3,1,0,0,0.04,0.0,0.03,0.38,0.0,0.0,0.0,84291450000.0,0.02,0.47000000000000003
2023-06-10,0.0,8,3,1,0,0,0.04,0.0,0.03,0.38,0.0,0.0,0.0,84291450000.0,0.02,0.47000000000000003
2023-06-09,0.0,8,3,1,0,0,0.04,0.0,0.03,0.38,0.0,0.0,0.0,84291450000.0,0.02,0.47000000000000003
2023-06-08,0.0,8,3,1,0,0,0.04,0.0,0.04,0.38,0.0,0.0,0.0,84291450000.0,0.02,0.48000000000000004
2023-06-07,0.0,7,4,1,0,0,0.04,0.0,0.04,0.38,0.0,0.0,0.0,84291450000.0,0.02,0.48000000000000004
2023-06-06,0.0,7,4,1,0,0,0.04,0.0,0.04,0.37,0.0,0.0,0.0,84291450000.0,0.02,0.47000000000000003
2023-06-05,0.0,8,3,1,0,0,0.04,0.0,0.04,0.35,0.0,0.0,0.0,84291450000.0,0.02,0.45
2023-06-04,0.0,8,3,1,0,0,0.04,0.0,0.04,0.35,0.0,0.0,0.0,84291450000.0,0.02,0.45
2023-06-03,0.0,8,3,1,0,0,0.04,0.0,0.04,0.35,0.0,0.0,0.0,84291450000.0,0.02,0.45
2023-06-02,0.0,8,3,1,0,0,0.04,0.0,0.04,0.35,0.0,0.0,0.0,84291450000.0,0.02,0.45
2023-06-01,0.0,8,3,1,0,0,0.04,0.0,0.04,0.35,0.0,0.0,0.0,84291450000.0,0.02,0.45
2023-05-31,0.0,8,3,1,0,0,0.04,0.0,0.04,0.35,0.0,0.0,0.0,84291450000.0,0.02,0.45
2023-05-30,0.0,8,3,1,0,0,0.04,0.0,0.04,0.35,0.0,0.0,0.0,84291450000.0,0.02,0.45
2023-05-29,0.0,8,3,1,0,0,0.04,0.0,0.04,0.35,0.0,0.0,0.0,84291450000.0,0.02,0.45
2023-05-28,0.0,8,3,1,0,0,0.04,0.0,0.04,0.35,0.0,0.0,0.0,84291450000.0,0.02,0.45
2023-05-27,0.0,8,3,1,0,0,0.04,0.0,0.04,0.35,0.0,0.0,0.0,84291450000.0,0.02,0.45
2023-05-26,0.0,8,3,1,0,0,0.04,0.0,0.04,0.35,0.0,0.0,0.0,84291450000.0,0.02,0.45
2023-05-25,0.0,8,3,1,0,0,0.04,0.0,0.04,0.35,0.0,0.0,0.0,84291450000.0,0.02,0.45
2023-05-24,0.0,8,3,1,0,0,0.04,0.0,0.04,0.34,0.0,0.0,0.0,84291450000.0,0.02,0.44000000000000006
2023-05-23,0.0,8,3,1,0,0,0.04,0.0,0.04,0.34,0.0,0.0,0.0,84291450000.0,0.02,0.44000000000000006
2023-05-22,0.0,7,4,1,0,0,0.04,0.0,0.04,0.34,0.0,0.0,0.0,84291450000.0,0.02,0.44000000000000006
2023-05-21,0.0,7,4,1,0,0,0.04,0.0,0.04,0.34,0.0,0.0,0.0,84291450000.0,0.02,0.44000000000000006
2023-05-20,0.0,7,4,1,0,0,0.04,0.0,0.04,0.34,0.0,0.0,0.0,84291450000.0,0.02,0.44000000000000006
2023-05-19,0.0,7,4,1,0,0,0.04,0.0,0.04,0.34,0.0,0.0,0.0,84291450000.0,0.02,0.44000000000000006
2023-05-18,0.0,7,4,1,0,0,0.04,0.0,0.04,0.34,0.0,0.0,0.0,84291450000.0,0.02,0.44000000000000006
2023-05-17,0.0,7,4,1,0,0,0.04,0.0,0.04,0.34,0.0,0.0,0.0,84291450000.0,0.02,0.44000000000000006
2023-05-16,0.0,7,4,1,0,0,0.04,0.0,0.04,0.33,0.0,0.0,0.0,84291450000.0,0.03,0.44000000000000006
2023-05-15,0.0,7,4,1,0,0,0.04,0.0,0.04,0.33,0.0,0.0,0.0,84291450000.0,0.03,0.44000000000000006
2023-05-14,0.0,7,4,1,0,0,0.04,0.0,0.04,0.33,0.0,0.0,0.0,84291450000.0,0.06,0.47000000000000003
2023-05-13,0.0,7,4,1,0,0,0.04,0.0,0.04,0.33,0.0,0.0,0.0,84291450000.0,0.06,0.47000000000000003
2023-05-12,0.0,7,4,1,0,0,0.04,0.0,0.04,0.33,0.0,0.0,0.0,84291450000.0,0.06,0.47000000000000003
2023-05-11,0.0,8,3,1,0,0,0.04,0.0,0.04,0.33,0.0,0.0,0.0,84291450000.0,0.06,0.47000000000000003
2023-05-10,0.0,8,4,0,0,0,0.0,0.0,0.04,0.33,0.0,0.0,0.0,84291450000.0,0.06,0.43
2023-05-09,0.0,8,4,0,0,0,0.0,0.0,0.05,0.32,0.0,0.0,0.0,84291450000.0,0.06,0.43
2023-05-08,0.0,8,4,0,0,0,0.0,0.0,0.05,0.31,0.0,0.0,0.0,84291450000.0,0.06,0.42
2023-05-07,0.0,8,4,0,0,0,0.0,0.0,0.05,0.31,0.0,0.0,0.0,84291450000.0,0.06,0.42
2023-05-06,0.0,8,4,0,0,0,0.0,0.0,0.05,0.31,0.0,0.0,0.0,84291450000.0,0.06,0.42
2023-05-05,0.0,8,4,0,0,0,0.0,0.0,0.05,0.31,0.0,0.0,0.0,84291450000.0,0.06,0.42
2023-05-04,0.0,8,4,0,0,0,0.0,0.0,0.05,0.31,0.0,0.0,0.0,84291450000.0,0.06,0.42
2023-05-03,0.0,7,5,0,0,0,0.0,0.0,0.05,0.29,0.0,0.0,0.0,84291450000.0,0.06,0.39999999999999997
2023-05-02,0.0,7,5,0,0,0,0.0,0.0,0.04,0.29,0.0,0.0,0.0,84291450000.0,0.06,0.38999999999999996
2023-05-01,0.0,7,5,0,0,0,0.0,0.0,0.04,0.29,0.0,0.0,0.0,84291450000.0,0.06,0.38999999999999996
2023-04-30,0.0,7,5,0,0,0,0.0,0.0,0.04,0.29,0.0,0.0,0.0,84291450000.0,0.06,0.38999999999999996
