,-unknown-,<05,<1,<2,<5,>=5,GB,Market_capitalization,US,Total
2025-05-05,0.38,2,0,0,2,0,0.85,9807000000.0,1.81,3.04
2025-05-04,0.38,2,0,0,2,0,0.85,9807000000.0,1.81,3.04
2025-05-03,0.38,2,0,0,2,0,0.85,9807000000.0,1.81,3.04
2025-05-02,0.38,2,0,0,2,0,0.85,9807000000.0,1.81,3.04
2025-05-01,0.38,2,0,0,2,0,0.85,9807000000.0,1.81,3.04
2025-04-30,0.38,2,0,0,2,0,0.85,9807000000.0,1.81,3.04
2025-04-29,0.38,2,0,0,2,0,0.85,9807000000.0,1.81,3.04
2025-04-28,0.38,2,0,0,2,0,0.85,9807000000.0,1.81,3.04
2025-04-27,0.38,2,0,0,2,0,0.85,9807000000.0,1.81,3.04
2025-04-26,0.38,2,0,0,2,0,0.85,9807000000.0,1.81,3.04
2025-04-25,0.38,2,0,0,2,0,0.85,9807000000.0,1.81,3.04
2025-04-24,0.38,2,0,0,2,0,0.85,9807000000.0,1.81,3.04
2025-04-23,0.38,2,0,0,2,0,0.85,9807000000.0,1.81,3.04
2025-04-22,0.38,2,0,0,2,0,0.85,9807000000.0,1.81,3.04
2025-04-21,0.38,2,0,0,2,0,0.85,9807000000.0,1.81,3.04
2025-04-20,0.38,2,0,0,2,0,0.85,9807000000.0,1.81,3.04
2025-04-19,0.38,2,0,0,2,0,0.85,9807000000.0,1.81,3.04
2025-04-18,0.38,2,0,0,2,0,0.85,9807000000.0,1.81,3.04
2025-04-17,0.38,2,0,0,2,0,0.85,9807000000.0,1.81,3.04
2025-04-16,0.38,2,0,0,2,0,0.85,9807000000.0,1.81,3.04
2025-04-15,0.38,2,0,0,2,0,0.85,9807000000.0,1.81,3.04
2025-04-14,0.38,2,0,0,2,0,0.85,9807000000.0,1.81,3.04
2025-04-13,0.38,2,0,0,2,0,0.85,9807000000.0,1.81,3.04
2025-04-12,0.38,2,0,0,2,0,0.85,9807000000.0,1.81,3.04
2025-04-11,0.38,2,0,0,2,0,0.85,9807000000.0,1.81,3.04
2025-04-10,0.38,2,0,0,2,0,0.85,9807000000.0,1.81,3.04
2025-04-09,0.38,2,0,0,2,0,0.85,9807000000.0,1.81,3.04
2025-04-08,0.38,2,0,0,2,0,0.85,9807000000.0,1.81,3.04
2025-04-07,0.38,2,0,0,2,0,0.92,9807000000.0,1.85,3.1500000000000004
2025-04-06,0.38,2,0,0,2,0,0.92,9807000000.0,1.85,3.1500000000000004
2025-04-05,0.38,2,0,0,2,0,0.92,9807000000.0,1.85,3.1500000000000004
2025-04-04,0.38,2,0,0,2,0,0.92,9807000000.0,1.85,3.1500000000000004
2025-04-03,0.38,2,0,0,2,0,0.92,9807000000.0,1.88,3.1799999999999997
2025-04-02,0.38,2,0,0,2,0,0.92,9807000000.0,1.88,3.1799999999999997
2025-04-01,0.38,2,0,0,2,0,0.99,9807000000.0,1.88,3.25
2025-03-31,0.38,2,0,0,2,0,0.99,9807000000.0,1.78,3.1500000000000004
2025-03-30,0.38,2,0,0,2,0,0.99,9807000000.0,1.84,3.21
2025-03-29,0.38,2,0,0,2,0,0.99,9807000000.0,1.84,3.21
2025-03-28,0.38,2,0,0,2,0,0.99,9807000000.0,1.84,3.21
2025-03-27,0.38,2,0,0,2,0,0.99,9807000000.0,1.51,2.88
2025-03-26,0.38,2,0,0,2,0,0.99,9807000000.0,1.51,2.88
2025-03-25,0.38,2,0,0,2,0,1.05,9807000000.0,1.51,2.9400000000000004
2025-03-24,0.38,2,0,0,2,0,1.05,9807000000.0,1.51,2.9400000000000004
2025-03-23,0.38,2,0,0,2,0,1.05,9807000000.0,1.51,2.9400000000000004
2025-03-22,0.38,2,0,0,2,0,1.05,9807000000.0,1.51,2.9400000000000004
2025-03-21,0.38,2,0,0,2,0,1.05,9807000000.0,1.51,2.9400000000000004
2025-03-20,0.38,2,0,0,2,0,1.05,9807000000.0,1.51,2.9400000000000004
2025-03-19,0.38,2,0,0,2,0,1.05,9807000000.0,1.51,2.9400000000000004
2025-03-18,0.38,2,0,0,2,0,1.05,9807000000.0,1.51,2.9400000000000004
2025-03-17,0.35,2,0,0,2,0,1.05,9807000000.0,1.51,2.91
2025-03-16,0.35,2,0,0,2,0,1.05,9807000000.0,1.51,2.91
2025-03-15,0.35,2,0,0,2,0,1.05,9807000000.0,1.51,2.91
2025-03-14,0.35,2,0,0,2,0,1.05,9807000000.0,1.51,2.91
2025-03-13,0.35,2,0,0,2,0,1.05,9807000000.0,1.51,2.91
2025-03-12,0.35,2,0,0,2,0,1.06,9807000000.0,1.51,2.92
2025-03-11,0.35,2,0,0,2,0,1.37,9807000000.0,1.82,3.54
2025-03-10,0.35,2,0,0,1,1,1.68,9807000000.0,1.82,3.8499999999999996
2025-03-09,0.35,2,0,0,1,1,1.76,9807000000.0,1.82,3.9299999999999997
2025-03-08,0.35,2,0,0,1,1,1.76,9807000000.0,1.82,3.9299999999999997
2025-03-07,0.35,2,0,0,1,1,1.76,9807000000.0,1.82,3.9299999999999997
2025-03-06,0.35,2,0,0,1,1,1.77,9807000000.0,1.83,3.95
2025-03-05,0.35,1,1,0,2,0,1.98,9807000000.0,1.44,3.77
2025-03-04,0.35,1,1,0,2,0,1.99,9807000000.0,1.44,3.78
2025-03-03,0.35,1,1,0,2,0,1.98,9807000000.0,1.44,3.77
2025-03-02,0.33,1,1,0,2,0,1.98,9807000000.0,1.44,3.75
2025-03-01,0.33,1,1,0,2,0,1.98,9807000000.0,1.44,3.75
2025-02-28,0.33,1,1,0,2,0,1.98,9807000000.0,1.44,3.75
2025-02-27,0.33,1,1,0,2,0,1.91,9807000000.0,1.44,3.6799999999999997
2025-02-26,0.33,1,1,0,2,0,1.91,9807000000.0,1.44,3.6799999999999997
2025-02-25,0.28,1,1,0,2,0,1.98,9807000000.0,1.44,3.6999999999999997
2025-02-24,0.26,1,1,0,2,0,1.98,9807000000.0,1.44,3.68
2025-02-23,0.26,1,1,0,2,0,1.98,9807000000.0,1.44,3.68
2025-02-22,0.26,1,1,0,2,0,1.98,9807000000.0,1.44,3.68
2025-02-21,0.26,1,1,0,2,0,1.98,9807000000.0,1.44,3.68
2025-02-20,0.26,1,1,0,2,0,1.98,9807000000.0,1.44,3.68
2025-02-19,0.26,1,1,0,2,0,1.65,9807000000.0,1.73,3.6399999999999997
2025-02-18,0.25,1,1,0,2,0,1.65,9807000000.0,1.73,3.63
2025-02-17,0.22,1,1,0,2,0,1.65,9807000000.0,1.73,3.5999999999999996
2025-02-16,0.22,1,1,0,1,1,1.73,9807000000.0,1.82,3.77
2025-02-15,0.22,1,1,0,1,1,1.73,9807000000.0,1.82,3.77
2025-02-14,0.22,1,1,0,1,1,1.73,9807000000.0,1.82,3.77
2025-02-13,0.22,1,1,0,1,1,1.73,9807000000.0,1.82,3.77
2025-02-12,0.22,0,2,0,1,1,1.74,9807000000.0,1.82,3.7800000000000002
2025-02-11,0.22,0,2,0,1,1,1.78,9807000000.0,1.82,3.8200000000000003
2025-02-10,0.22,0,2,0,1,1,1.78,9807000000.0,1.81,3.81
2025-02-09,0.2,1,1,0,1,1,1.77,9807000000.0,1.81,3.7800000000000002
2025-02-08,0.2,1,1,0,1,1,1.77,9807000000.0,1.81,3.7800000000000002
2025-02-07,0.2,1,1,0,1,1,1.77,9807000000.0,1.81,3.7800000000000002
2025-02-06,0.2,1,1,0,1,1,1.77,9807000000.0,1.81,3.7800000000000002
2025-02-05,0.18,1,1,1,0,1,1.83,9807000000.0,1.81,3.8200000000000003
2025-02-04,0.16,1,1,1,0,1,1.83,9807000000.0,1.81,3.8
2025-02-03,0.16,1,1,1,0,1,1.92,9807000000.0,1.81,3.89
2025-02-02,0.16,1,1,1,0,1,1.92,9807000000.0,1.83,3.91
2025-02-01,0.16,1,1,1,0,1,1.92,9807000000.0,1.83,3.91
2025-01-31,0.16,1,1,1,0,1,1.92,9807000000.0,1.83,3.91
2025-01-30,0.16,1,1,1,0,1,1.92,9807000000.0,1.83,3.91
2025-01-29,0.16,1,1,1,0,1,1.92,9807000000.0,1.77,3.85
2025-01-28,0.16,1,1,1,0,1,1.99,9807000000.0,1.77,3.92
2025-01-27,0.16,1,1,1,0,1,1.99,9807000000.0,1.77,3.92
2025-01-26,0.16,1,1,1,0,1,1.99,9807000000.0,1.77,3.92
2025-01-25,0.16,1,1,1,0,1,1.99,9807000000.0,1.77,3.92
2025-01-24,0.16,1,1,1,0,1,1.99,9807000000.0,1.77,3.92
2025-01-23,0.16,1,1,1,0,1,1.99,9807000000.0,1.77,3.92
2025-01-22,0.16,1,1,1,0,1,1.99,9807000000.0,1.77,3.92
2025-01-21,0.16,1,1,1,0,1,1.99,9807000000.0,1.77,3.92
2025-01-20,0.16,0,1,2,0,1,2.03,9807000000.0,1.77,3.96
2025-01-19,0.16,0,1,2,0,1,2.03,9807000000.0,1.77,3.96
2025-01-18,0.16,0,1,2,0,1,2.03,9807000000.0,1.77,3.96
2025-01-17,0.16,0,1,2,0,1,2.03,9807000000.0,1.77,3.96
2025-01-16,0.16,0,1,2,0,1,2.03,9807000000.0,1.77,3.96
2025-01-15,0.16,0,1,2,0,1,2.03,9807000000.0,1.77,3.96
2025-01-14,0.16,0,1,2,0,1,2.06,9807000000.0,1.44,3.66
2025-01-13,0.16,0,1,2,0,1,2.08,9807000000.0,1.44,3.68
2025-01-12,0.16,0,1,2,1,0,2.02,9807000000.0,1.37,3.5500000000000003
2025-01-11,0.16,0,1,2,1,0,2.02,9807000000.0,1.37,3.5500000000000003
2025-01-10,0.16,0,1,2,1,0,2.02,9807000000.0,1.37,3.5500000000000003
2025-01-09,0.16,0,1,2,1,0,2.02,9807000000.0,1.37,3.5500000000000003
2025-01-08,0.16,0,1,2,0,1,2.31,9807000000.0,1.37,3.8400000000000003
2025-01-07,0.16,0,1,2,0,1,2.29,9807000000.0,1.37,3.8200000000000003
2025-01-06,0.16,0,1,2,0,1,2.29,9807000000.0,1.37,3.8200000000000003
2025-01-05,0.16,0,1,2,0,1,2.33,9807000000.0,1.37,3.8600000000000003
2025-01-04,0.16,0,1,2,0,1,2.33,9807000000.0,1.37,3.8600000000000003
2025-01-03,0.16,0,1,2,0,1,2.33,9807000000.0,1.37,3.8600000000000003
2025-01-02,0.16,0,1,2,0,1,2.33,9807000000.0,1.37,3.8600000000000003
2025-01-01,0.16,0,1,2,0,1,2.33,9807000000.0,1.37,3.8600000000000003
2024-12-31,0.13,0,1,2,0,1,2.33,9905010000.0,1.35,3.81
2024-12-30,0.13,0,1,2,0,1,2.33,9905010000.0,1.35,3.81
2024-12-29,0.13,0,1,2,0,1,2.32,9905010000.0,1.36,3.8099999999999996
2024-12-28,0.13,0,1,2,0,1,2.32,9905010000.0,1.36,3.8099999999999996
2024-12-27,0.13,0,1,2,0,1,2.32,9905010000.0,1.36,3.8099999999999996
2024-12-26,0.13,0,1,2,0,1,2.32,9905010000.0,1.36,3.8099999999999996
2024-12-25,0.13,0,1,2,0,1,2.32,9905010000.0,1.36,3.8099999999999996
2024-12-24,0.13,0,1,2,0,1,2.32,9905010000.0,1.36,3.8099999999999996
2024-12-23,0.13,0,1,2,0,1,2.32,9905010000.0,1.36,3.8099999999999996
2024-12-22,0.13,0,1,2,0,1,2.32,9905010000.0,1.36,3.8099999999999996
2024-12-21,0.13,0,1,2,0,1,2.32,9905010000.0,1.36,3.8099999999999996
2024-12-20,0.13,0,1,2,0,1,2.32,9905010000.0,1.36,3.8099999999999996
2024-12-19,0.13,0,1,2,0,1,2.32,9905010000.0,1.35,3.8
2024-12-18,0.13,0,1,2,0,1,2.31,9905010000.0,1.35,3.79
2024-12-17,0.13,0,1,2,0,1,2.31,9905010000.0,1.35,3.79
2024-12-16,0.13,0,1,2,0,1,2.31,9905010000.0,1.35,3.79
2024-12-15,0.13,0,1,2,0,1,2.31,9905010000.0,1.35,3.79
2024-12-14,0.13,0,1,2,0,1,2.31,9905010000.0,1.35,3.79
2024-12-13,0.13,0,1,2,0,1,2.31,9905010000.0,1.35,3.79
2024-12-12,0.13,1,0,2,0,1,2.31,9905010000.0,1.35,3.79
2024-12-11,0.13,1,0,2,0,1,2.24,9905010000.0,1.36,3.7300000000000004
2024-12-10,0.13,1,0,2,0,1,2.24,9905010000.0,1.3,3.67
2024-12-09,0.13,1,0,2,0,1,2.24,9905010000.0,1.3,3.67
2024-12-08,0.13,1,0,2,0,1,2.24,9905010000.0,1.3,3.67
2024-12-07,0.13,1,0,2,0,1,2.24,9905010000.0,1.3,3.67
2024-12-06,0.13,1,0,2,0,1,2.24,9905010000.0,1.3,3.67
2024-12-05,0.13,1,0,2,0,1,2.66,9905010000.0,1.3,4.09
2024-12-04,0.13,1,0,2,0,1,2.29,9905010000.0,1.3,3.7199999999999998
2024-12-03,0.13,1,0,2,0,1,2.32,9905010000.0,1.3,3.75
2024-12-02,0.13,1,0,2,0,1,2.27,9905010000.0,1.3,3.7
2024-12-01,0.13,1,0,2,0,1,2.17,9905010000.0,1.3,3.5999999999999996
2024-11-30,0.13,1,0,2,0,1,2.17,9905010000.0,1.3,3.5999999999999996
2024-11-29,0.13,1,0,2,0,1,2.17,9905010000.0,1.3,3.5999999999999996
2024-11-28,0.13,1,1,1,0,1,2.13,9905010000.0,1.3,3.5599999999999996
2024-11-27,0.14,1,1,1,0,1,2.13,9905010000.0,1.3,3.5700000000000003
2024-11-26,0.14,1,1,1,0,1,2.46,9905010000.0,1.3,3.9000000000000004
2024-11-25,0.14,1,0,2,0,1,2.45,9905010000.0,1.3,3.8900000000000006
2024-11-24,0.14,1,0,2,0,1,2.43,9905010000.0,1.3,3.87
2024-11-23,0.14,1,0,2,0,1,2.43,9905010000.0,1.3,3.87
2024-11-22,0.14,1,0,2,0,1,2.43,9905010000.0,1.3,3.87
2024-11-21,0.14,1,0,2,0,1,2.38,9905010000.0,1.3,3.8200000000000003
2024-11-20,0.14,1,0,2,0,1,2.45,9905010000.0,1.24,3.83
2024-11-19,0.14,1,0,2,0,1,2.45,9905010000.0,1.24,3.83
2024-11-18,0.14,0,1,2,0,1,2.45,9905010000.0,1.24,3.83
2024-11-17,0.14,0,1,2,0,1,2.4,9905010000.0,1.24,3.7800000000000002
2024-11-16,0.14,0,1,2,0,1,2.4,9905010000.0,1.24,3.7800000000000002
2024-11-15,0.14,0,1,2,0,1,2.4,9905010000.0,1.24,3.7800000000000002
2024-11-14,0.14,0,1,2,0,1,2.42,9905010000.0,1.24,3.8
2024-11-13,0.14,0,1,2,1,0,2.06,9905010000.0,1.24,3.4400000000000004
2024-11-12,0.14,0,2,1,1,0,1.96,9905010000.0,1.24,3.34
2024-11-11,0.14,1,1,1,1,0,1.95,9905010000.0,1.17,3.26
2024-11-10,0.14,1,1,1,1,0,1.9,9905010000.0,1.17,3.21
2024-11-09,0.14,1,1,1,1,0,1.9,9905010000.0,1.17,3.21
2024-11-08,0.14,1,1,1,1,0,1.9,9905010000.0,1.17,3.21
2024-11-07,0.14,1,1,1,1,0,1.9,9905010000.0,1.17,3.21
2024-11-06,0.14,1,1,1,1,0,1.9,9905010000.0,1.17,3.21
2024-11-05,0.14,1,1,1,1,0,1.84,9905010000.0,0.83,2.81
2024-11-04,0.14,1,1,1,1,0,1.84,9905010000.0,0.83,2.81
2024-11-03,0.13,1,1,1,1,0,1.84,9905010000.0,0.83,2.8000000000000003
2024-11-02,0.13,1,1,1,1,0,1.84,9905010000.0,0.83,2.8000000000000003
2024-11-01,0.13,1,1,1,1,0,1.84,9905010000.0,0.83,2.8000000000000003
2024-10-31,0.13,1,1,1,1,0,1.78,9905010000.0,0.83,2.74
2024-10-30,0.13,1,1,1,1,0,1.79,9905010000.0,0.83,2.75
2024-10-29,0.13,0,2,1,1,0,1.75,9905010000.0,0.83,2.71
2024-10-28,0.12,0,2,1,1,0,1.75,9905010000.0,0.83,2.7
2024-10-27,0.12,1,1,1,1,0,1.67,9905010000.0,0.83,2.62
2024-10-26,0.12,1,1,1,1,0,1.67,9905010000.0,0.83,2.62
2024-10-25,0.12,1,1,1,1,0,1.67,9905010000.0,0.83,2.62
2024-10-24,0.12,1,1,1,1,0,1.57,9905010000.0,0.83,2.52
2024-10-23,0.12,1,1,1,1,0,1.51,9905010000.0,0.83,2.46
2024-10-22,0.12,1,1,1,1,0,1.53,9905010000.0,0.83,2.48
2024-10-21,0.12,1,1,1,1,0,1.53,9905010000.0,0.83,2.48
2024-10-20,0.12,1,1,1,1,0,1.53,9905010000.0,0.83,2.48
2024-10-19,0.12,1,1,1,1,0,1.53,9905010000.0,0.83,2.48
2024-10-18,0.12,1,1,1,1,0,1.53,9905010000.0,0.83,2.48
2024-10-17,0.12,1,1,1,1,0,1.58,9905010000.0,0.83,2.5300000000000002
2024-10-16,0.12,1,1,1,1,0,1.58,9905010000.0,0.77,2.47
2024-10-15,0.12,1,1,1,1,0,1.61,9905010000.0,0.77,2.5
2024-10-14,0.12,1,1,1,1,0,1.61,9905010000.0,0.77,2.5
2024-10-13,0.12,1,1,1,1,0,1.29,9905010000.0,0.77,2.18
2024-10-12,0.12,1,1,1,1,0,1.29,9905010000.0,0.86,2.27
2024-10-11,0.12,1,1,1,1,0,1.29,9905010000.0,0.86,2.27
2024-10-10,0.12,1,1,1,1,0,1.29,9905010000.0,0.86,2.27
2024-10-09,0.12,1,1,1,1,0,1.29,9905010000.0,0.86,2.27
2024-10-08,0.12,1,1,1,1,0,1.27,9905010000.0,0.86,2.25
2024-10-07,0.12,1,1,1,1,0,1.29,9905010000.0,0.86,2.27
2024-10-06,0.12,1,1,1,1,0,1.29,9905010000.0,0.86,2.27
2024-10-05,0.12,1,1,1,1,0,1.29,9905010000.0,0.86,2.27
2024-10-04,0.12,1,1,1,1,0,1.29,9905010000.0,0.86,2.27
2024-10-03,0.12,1,1,1,1,0,1.29,9905010000.0,0.86,2.27
2024-10-02,0.12,1,1,1,1,0,1.29,9905010000.0,0.86,2.27
2024-10-01,0.12,1,1,1,1,0,1.29,9905010000.0,0.86,2.27
2024-09-30,0.18,1,1,1,1,0,1.16,11240000000.0,0.76,2.0999999999999996
2024-09-29,0.18,1,1,1,1,0,1.16,11240000000.0,0.76,2.0999999999999996
2024-09-28,0.18,1,1,1,1,0,1.16,11240000000.0,0.76,2.0999999999999996
2024-09-27,0.18,1,1,1,1,0,1.16,11240000000.0,0.76,2.0999999999999996
2024-09-26,0.18,1,1,1,1,0,1.11,11240000000.0,0.76,2.05
2024-09-25,0.18,1,1,1,1,0,1.11,11240000000.0,0.76,2.05
2024-09-24,0.18,1,1,1,1,0,1.11,11240000000.0,0.76,2.05
2024-09-23,0.18,1,1,1,1,0,1.11,11240000000.0,0.7,1.99
2024-09-22,0.18,1,1,1,1,0,1.05,11240000000.0,0.7,1.93
2024-09-21,0.18,1,1,1,1,0,1.05,11240000000.0,0.7,1.93
2024-09-20,0.18,1,1,1,1,0,1.05,11240000000.0,0.7,1.93
2024-09-19,0.18,1,1,1,1,0,1.04,11240000000.0,0.7,1.92
2024-09-18,0.18,1,1,1,1,0,1.05,11240000000.0,0.7,1.93
2024-09-17,0.18,1,1,1,1,0,1.04,11240000000.0,0.7,1.92
2024-09-16,0.18,1,1,1,1,0,1.27,11240000000.0,0.7,2.15
2024-09-15,0.18,1,1,1,1,0,1.27,11240000000.0,0.7,2.15
2024-09-14,0.18,1,1,1,1,0,1.27,11240000000.0,0.7,2.15
2024-09-13,0.18,1,1,1,1,0,1.27,11240000000.0,0.7,2.15
2024-09-12,0.18,1,1,1,1,0,1.27,11240000000.0,0.7,2.15
2024-09-11,0.18,1,1,1,1,0,1.34,11240000000.0,0.7,2.2199999999999998
2024-09-10,0.18,1,1,1,1,0,1.27,11240000000.0,0.7,2.15
2024-09-09,0.18,1,1,1,1,0,1.27,11240000000.0,0.7,2.15
2024-09-08,0.18,1,1,1,1,0,1.27,11240000000.0,0.7,2.15
2024-09-07,0.18,1,1,1,1,0,1.27,11240000000.0,0.7,2.15
2024-09-06,0.18,1,1,1,1,0,1.27,11240000000.0,0.7,2.15
2024-09-05,0.18,1,1,1,1,0,1.26,11240000000.0,0.7,2.1399999999999997
2024-09-04,0.18,1,1,1,1,0,0.97,11240000000.0,0.7,1.8499999999999999
2024-09-03,0.17,1,2,0,1,0,0.97,11240000000.0,0.7,1.8399999999999999
2024-09-02,0.17,1,2,0,1,0,0.97,11240000000.0,0.7,1.8399999999999999
2024-09-01,0.17,1,2,0,1,0,0.97,11240000000.0,0.7,1.8399999999999999
2024-08-31,0.17,1,2,0,1,0,0.97,11240000000.0,0.7,1.8399999999999999
2024-08-30,0.17,1,2,0,1,0,0.97,11240000000.0,0.7,1.8399999999999999
2024-08-29,0.17,1,2,0,1,0,0.97,11240000000.0,0.7,1.8399999999999999
2024-08-28,0.12,1,2,0,1,0,0.97,11240000000.0,0.65,1.7399999999999998
2024-08-27,0.12,1,2,0,1,0,1.03,11240000000.0,0.65,1.7999999999999998
2024-08-26,0.12,1,2,0,1,0,1.03,11240000000.0,0.65,1.7999999999999998
2024-08-25,0.12,1,2,0,1,0,1.03,11240000000.0,0.65,1.7999999999999998
2024-08-24,0.12,1,2,0,1,0,1.03,11240000000.0,0.65,1.7999999999999998
2024-08-23,0.12,1,2,0,1,0,1.03,11240000000.0,0.65,1.7999999999999998
2024-08-22,0.12,1,2,0,1,0,1.03,11240000000.0,0.65,1.7999999999999998
2024-08-21,0.12,1,2,0,1,0,1.03,11240000000.0,0.65,1.7999999999999998
2024-08-20,0.12,1,2,0,1,0,1.03,11240000000.0,0.65,1.7999999999999998
2024-08-19,0.12,1,2,0,1,0,0.98,11240000000.0,0.65,1.75
2024-08-18,0.12,1,2,0,1,0,0.98,11240000000.0,0.65,1.75
2024-08-17,0.12,1,2,0,1,0,0.98,11240000000.0,0.65,1.75
2024-08-16,0.12,1,2,0,1,0,0.98,11240000000.0,0.65,1.75
2024-08-15,0.12,1,2,0,1,0,0.98,11240000000.0,0.65,1.75
2024-08-14,0.11,1,2,0,1,0,0.98,11240000000.0,0.65,1.7400000000000002
2024-08-13,0.11,1,2,0,1,0,0.98,11240000000.0,0.65,1.7400000000000002
2024-08-12,0.11,1,2,0,1,0,0.98,11240000000.0,0.65,1.7400000000000002
2024-08-11,0.11,1,2,0,1,0,0.98,11240000000.0,0.65,1.7400000000000002
2024-08-10,0.11,1,2,0,1,0,0.98,11240000000.0,0.65,1.7400000000000002
2024-08-09,0.11,1,2,0,1,0,0.98,11240000000.0,0.65,1.7400000000000002
2024-08-08,0.09,1,2,0,1,0,0.98,11240000000.0,0.65,1.7200000000000002
2024-08-07,0.09,1,2,0,1,0,0.98,11240000000.0,0.65,1.7200000000000002
2024-08-06,0.0,2,1,0,1,0,0.99,11240000000.0,0.65,1.6400000000000001
2024-08-05,0.0,2,1,0,1,0,0.99,11240000000.0,0.65,1.6400000000000001
2024-08-04,0.0,2,1,0,1,0,0.95,11240000000.0,0.65,1.6
2024-08-03,0.0,2,1,0,1,0,0.95,11240000000.0,0.65,1.6
2024-08-02,0.0,2,1,0,1,0,0.95,11240000000.0,0.65,1.6
2024-08-01,0.0,2,1,0,1,0,0.94,11240000000.0,0.59,1.5299999999999998
2024-07-31,0.0,2,1,0,1,0,0.86,11240000000.0,0.59,1.45
2024-07-30,0.0,2,1,0,1,0,0.86,11240000000.0,0.59,1.45
2024-07-29,0.0,2,1,0,1,0,0.86,11240000000.0,0.59,1.45
2024-07-28,0.0,2,1,0,1,0,0.86,11240000000.0,0.59,1.45
2024-07-27,0.0,2,1,0,1,0,0.86,11240000000.0,0.59,1.45
2024-07-26,0.0,2,1,0,1,0,0.86,11240000000.0,0.59,1.45
2024-07-25,0.0,2,1,0,1,0,0.86,11240000000.0,0.59,1.45
2024-07-24,0.0,2,1,0,1,0,0.86,11240000000.0,0.53,1.3900000000000001
2024-07-23,0.0,2,1,1,0,0,0.52,11240000000.0,0.53,1.05
2024-07-22,0.0,2,1,1,0,0,0.56,11240000000.0,0.53,1.09
2024-07-21,0.0,2,1,1,0,0,0.63,11240000000.0,0.53,1.1600000000000001
2024-07-20,0.0,2,1,1,0,0,0.63,11240000000.0,0.53,1.1600000000000001
2024-07-19,0.0,2,1,1,0,0,0.63,11240000000.0,0.53,1.1600000000000001
2024-07-18,0.0,2,1,1,0,0,0.63,11240000000.0,0.53,1.1600000000000001
2024-07-17,0.0,2,1,1,0,0,0.63,11240000000.0,0.53,1.1600000000000001
2024-07-16,0.0,2,1,1,0,0,0.63,11240000000.0,0.53,1.1600000000000001
2024-07-15,0.0,2,1,1,0,0,0.64,11240000000.0,0.53,1.17
2024-07-14,0.0,2,1,1,0,0,0.64,11240000000.0,0.53,1.17
2024-07-13,0.0,2,1,1,0,0,0.64,11240000000.0,0.53,1.17
2024-07-12,0.0,2,1,1,0,0,0.64,11240000000.0,0.53,1.17
2024-07-11,0.0,2,1,1,0,0,0.64,11240000000.0,0.48,1.12
2024-07-10,0.0,2,1,1,0,0,0.64,11240000000.0,0.48,1.12
2024-07-09,0.0,2,1,1,0,0,0.64,11240000000.0,0.48,1.12
2024-07-08,0.0,2,1,1,0,0,0.65,11240000000.0,0.48,1.13
2024-07-07,0.0,2,1,1,0,0,0.62,11240000000.0,0.48,1.1
2024-07-06,0.0,2,1,1,0,0,0.62,11240000000.0,0.48,1.1
2024-07-05,0.0,2,1,1,0,0,0.62,11240000000.0,0.48,1.1
2024-07-04,0.0,2,1,1,0,0,0.62,11240000000.0,0.48,1.1
2024-07-03,0.0,2,1,0,1,0,0.9,11240000000.0,0.48,1.38
2024-07-02,0.0,2,1,0,1,0,0.91,11240000000.0,0.48,1.3900000000000001
2024-07-01,0.0,2,1,0,1,0,0.84,11240000000.0,0.48,1.3199999999999998
2024-06-30,0.0,2,1,1,0,0,0.86,10964300000.0,0.44,1.3
2024-06-29,0.0,2,1,1,0,0,0.86,10964300000.0,0.44,1.3
2024-06-28,0.0,2,1,1,0,0,0.86,10964300000.0,0.44,1.3
2024-06-27,0.0,2,1,1,0,0,0.86,10964300000.0,0.44,1.3
2024-06-26,0.0,2,1,1,0,0,0.84,10964300000.0,0.36,1.2
2024-06-25,0.0,2,1,0,1,0,1.11,10964300000.0,0.36,1.4700000000000002
2024-06-24,0.0,2,1,1,0,0,0.82,10964300000.0,0.36,1.18
2024-06-23,0.0,2,1,1,0,0,0.82,10964300000.0,0.36,1.18
2024-06-22,0.0,2,1,1,0,0,0.82,10964300000.0,0.36,1.18
2024-06-21,0.0,2,1,1,0,0,0.82,10964300000.0,0.36,1.18
2024-06-20,0.0,2,1,1,0,0,0.9,10964300000.0,0.36,1.26
2024-06-19,0.0,2,1,1,0,0,0.9,10964300000.0,0.36,1.26
2024-06-18,0.0,2,1,1,0,0,0.9,10964300000.0,0.36,1.26
2024-06-17,0.0,2,1,1,0,0,0.88,10964300000.0,0.36,1.24
2024-06-16,0.0,2,1,1,0,0,0.91,10964300000.0,0.36,1.27
2024-06-15,0.0,2,1,1,0,0,0.91,10964300000.0,0.36,1.27
2024-06-14,0.0,2,1,1,0,0,0.91,10964300000.0,0.36,1.27
2024-06-13,0.0,2,0,2,0,0,0.92,10964300000.0,0.07,0.99
2024-06-12,0.0,2,0,2,0,0,0.92,10964300000.0,0.07,0.99
2024-06-11,0.0,1,2,1,0,0,0.63,10964300000.0,0.08,0.71
2024-06-10,0.0,1,2,1,0,0,0.63,10964300000.0,0.08,0.71
2024-06-09,0.0,1,2,1,0,0,0.63,10964300000.0,0.08,0.71
2024-06-08,0.0,1,2,1,0,0,0.63,10964300000.0,0.08,0.71
2024-06-07,0.0,1,2,1,0,0,0.63,10964300000.0,0.08,0.71
2024-06-06,0.0,1,2,1,0,0,0.63,10964300000.0,0.08,0.71
2024-06-05,0.0,1,2,1,0,0,0.63,10964300000.0,0.08,0.71
2024-06-04,0.0,1,1,2,0,0,0.71,10964300000.0,0.08,0.7899999999999999
2024-06-03,0.0,1,1,2,0,0,0.71,10964300000.0,0.08,0.7899999999999999
2024-06-02,0.0,1,2,1,0,0,0.72,10964300000.0,0.08,0.7999999999999999
2024-06-01,0.0,1,2,1,0,0,0.72,10964300000.0,0.08,0.7999999999999999
2024-05-31,0.0,1,2,1,0,0,0.72,10964300000.0,0.08,0.7999999999999999
2024-05-30,0.0,1,2,1,0,0,0.72,10964300000.0,0.08,0.7999999999999999
2024-05-29,0.0,1,2,1,0,0,0.66,10964300000.0,0.08,0.74
2024-05-28,0.0,1,2,1,0,0,0.66,10964300000.0,0.08,0.74
2024-05-27,0.0,1,3,0,0,0,0.6,10964300000.0,0.08,0.6799999999999999
2024-05-26,0.0,1,3,0,0,0,0.6,10964300000.0,0.08,0.6799999999999999
2024-05-25,0.0,1,3,0,0,0,0.6,10964300000.0,0.08,0.6799999999999999
2024-05-24,0.0,1,3,0,0,0,0.6,10964300000.0,0.08,0.6799999999999999
2024-05-23,0.0,1,3,0,0,0,0.6,10964300000.0,0.08,0.6799999999999999
2024-05-22,0.0,1,3,0,0,0,0.59,10964300000.0,0.08,0.6699999999999999
2024-05-21,0.0,1,3,0,0,0,0.58,10964300000.0,0.08,0.6599999999999999
2024-05-20,0.0,1,3,0,0,0,0.58,10964300000.0,0.08,0.6599999999999999
2024-05-19,0.0,2,2,0,0,0,0.58,10964300000.0,0.0,0.58
2024-05-18,0.0,2,2,0,0,0,0.58,10964300000.0,0.0,0.58
2024-05-17,0.0,2,2,0,0,0,0.58,10964300000.0,0.0,0.58
2024-05-16,0.0,2,2,0,0,0,0.58,10964300000.0,0.0,0.58
2024-05-15,0.0,2,2,0,0,0,0.58,10964300000.0,0.0,0.58
2024-05-14,0.0,2,2,0,0,0,0.58,10964300000.0,0.0,0.58
2024-05-13,0.0,2,2,0,0,0,0.58,10964300000.0,0.0,0.58
2024-05-12,0.0,2,2,0,0,0,0.58,10964300000.0,0.0,0.58
2024-05-11,0.0,2,2,0,0,0,0.58,10964300000.0,0.0,0.58
2024-05-10,0.0,2,2,0,0,0,0.58,10964300000.0,0.0,0.58
2024-05-09,0.0,2,2,0,0,0,0.58,10964300000.0,0.0,0.58
2024-05-08,0.0,2,2,0,0,0,0.58,10964300000.0,0.0,0.58
2024-05-07,0.0,2,2,0,0,0,0.58,10964300000.0,0.0,0.58
2024-05-06,0.0,2,2,0,0,0,0.58,10964300000.0,0.0,0.58
2024-05-05,0.0,2,2,0,0,0,0.58,10964300000.0,0.0,0.58
2024-05-04,0.0,2,2,0,0,0,0.58,10964300000.0,0.0,0.58
2024-05-03,0.0,2,2,0,0,0,0.58,10964300000.0,0.0,0.58
2024-05-02,0.0,2,2,0,0,0,0.58,10964300000.0,0.0,0.58
2024-05-01,0.0,2,2,0,0,0,0.58,10964300000.0,0.0,0.58
2024-04-30,0.0,2,2,0,0,0,0.58,10964300000.0,0.0,0.58
2024-04-29,0.0,2,2,0,0,0,0.58,10964300000.0,0.0,0.58
2024-04-28,0.0,2,2,0,0,0,0.58,10964300000.0,0.0,0.58
2024-04-27,0.0,2,2,0,0,0,0.58,10964300000.0,0.0,0.58
2024-04-26,0.0,2,2,0,0,0,0.58,10964300000.0,0.0,0.58
2024-04-25,0.0,2,2,0,0,0,0.58,10964300000.0,0.0,0.58
2024-04-24,0.0,2,2,0,0,0,0.58,10964300000.0,0.0,0.58
2024-04-23,0.0,2,1,1,0,0,0.76,10964300000.0,0.0,0.76
2024-04-22,0.0,2,1,1,0,0,0.77,10964300000.0,0.0,0.77
2024-04-21,0.0,2,1,1,0,0,0.77,10964300000.0,0.0,0.77
2024-04-20,0.0,2,1,1,0,0,0.77,10964300000.0,0.0,0.77
2024-04-19,0.0,2,1,1,0,0,0.77,10964300000.0,0.0,0.77
2024-04-18,0.0,2,1,1,0,0,0.88,10964300000.0,0.0,0.88
2024-04-17,0.0,2,1,1,0,0,0.84,10964300000.0,0.0,0.84
2024-04-16,0.0,2,1,1,0,0,0.89,10964300000.0,0.0,0.89
2024-04-15,0.0,2,1,1,0,0,0.89,10964300000.0,0.0,0.89
2024-04-14,0.0,2,0,2,0,0,0.89,10964300000.0,0.04,0.93
2024-04-13,0.0,2,0,2,0,0,0.89,10964300000.0,0.04,0.93
2024-04-12,0.0,2,0,2,0,0,0.89,10964300000.0,0.04,0.93
2024-04-11,0.0,2,0,2,0,0,0.89,10964300000.0,0.04,0.93
2024-04-10,0.0,2,0,2,0,0,0.89,10964300000.0,0.04,0.93
2024-04-09,0.0,2,0,2,0,0,0.83,10964300000.0,0.04,0.87
2024-04-08,0.0,2,1,1,0,0,0.52,10964300000.0,0.04,0.56
2024-04-07,0.0,2,1,1,0,0,0.52,10964300000.0,0.04,0.56
2024-04-06,0.0,2,1,1,0,0,0.52,10964300000.0,0.04,0.56
2024-04-05,0.0,2,1,1,0,0,0.52,10964300000.0,0.04,0.56
2024-04-04,0.0,2,0,2,0,0,0.81,10964300000.0,0.04,0.8500000000000001
2024-04-03,0.0,2,0,2,0,0,0.76,10964300000.0,0.04,0.8
2024-04-02,0.0,2,0,2,0,0,0.76,10964300000.0,0.04,0.8
2024-04-01,0.0,2,0,2,0,0,0.83,10964300000.0,0.04,0.87
2024-03-31,0.0,2,0,2,0,0,0.81,11390000000.0,0.05,0.8600000000000001
2024-03-30,0.0,2,0,2,0,0,0.81,11390000000.0,0.05,0.8600000000000001
2024-03-29,0.0,2,0,2,0,0,0.81,11390000000.0,0.05,0.8600000000000001
2024-03-28,0.0,2,0,2,0,0,0.81,11390000000.0,0.05,0.8600000000000001
2024-03-27,0.0,2,0,2,0,0,0.81,11390000000.0,0.05,0.8600000000000001
2024-03-26,0.0,2,0,2,0,0,0.75,11390000000.0,0.05,0.8
2024-03-25,0.0,2,0,2,0,0,0.75,11390000000.0,0.05,0.8
2024-03-24,0.0,2,0,2,0,0,0.69,11390000000.0,0.05,0.74
2024-03-23,0.0,2,0,2,0,0,0.69,11390000000.0,0.05,0.74
2024-03-22,0.0,2,0,2,0,0,0.69,11390000000.0,0.05,0.74
2024-03-21,0.0,2,0,2,0,0,0.69,11390000000.0,0.05,0.74
2024-03-20,0.0,2,1,1,0,0,0.35,11390000000.0,0.05,0.39999999999999997
2024-03-19,0.0,2,1,1,0,0,0.35,11390000000.0,0.05,0.39999999999999997
2024-03-18,0.0,2,1,1,0,0,0.35,11390000000.0,0.05,0.39999999999999997
2024-03-17,0.0,3,0,1,0,0,0.07,11390000000.0,0.05,0.12000000000000001
2024-03-16,0.0,3,0,1,0,0,0.07,11390000000.0,0.05,0.12000000000000001
2024-03-15,0.0,3,0,1,0,0,0.07,11390000000.0,0.05,0.12000000000000001
2024-03-14,0.0,3,0,1,0,0,0.07,11390000000.0,0.05,0.12000000000000001
2024-03-13,0.0,3,0,1,0,0,0.07,11390000000.0,0.05,0.12000000000000001
2024-03-12,0.0,3,0,1,0,0,0.07,11390000000.0,0.05,0.12000000000000001
2024-03-11,0.0,3,0,1,0,0,0.07,11390000000.0,0.05,0.12000000000000001
2024-03-10,0.0,3,0,1,0,0,0.07,11390000000.0,0.05,0.12000000000000001
2024-03-09,0.0,3,0,1,0,0,0.07,11390000000.0,0.05,0.12000000000000001
2024-03-08,0.0,3,0,1,0,0,0.07,11390000000.0,0.05,0.12000000000000001
2024-03-07,0.0,3,0,1,0,0,0.07,11390000000.0,0.05,0.12000000000000001
2024-03-06,0.0,3,0,1,0,0,0.07,11390000000.0,0.05,0.12000000000000001
2024-03-05,0.0,3,0,1,0,0,0.07,11390000000.0,0.05,0.12000000000000001
2024-03-04,0.0,3,0,1,0,0,0.06,11390000000.0,0.05,0.11
2024-03-03,0.0,3,0,1,0,0,0.06,11390000000.0,0.05,0.11
2024-03-02,0.0,3,0,1,0,0,0.06,11390000000.0,0.05,0.11
2024-03-01,0.0,3,0,1,0,0,0.06,11390000000.0,0.05,0.11
2024-02-29,0.0,3,0,1,0,0,0.06,11390000000.0,0.05,0.11
2024-02-28,0.0,3,0,1,0,0,0.06,11390000000.0,0.05,0.11
2024-02-27,0.0,3,0,1,0,0,0.06,11390000000.0,0.05,0.11
2024-02-26,0.0,3,0,1,0,0,0.33,11390000000.0,0.05,0.38
2024-02-25,0.0,3,0,1,0,0,0.33,11390000000.0,0.05,0.38
2024-02-24,0.0,3,0,1,0,0,0.33,11390000000.0,0.05,0.38
2024-02-23,0.0,2,1,1,0,0,0.53,11390000000.0,0.05,0.5800000000000001
2024-02-22,0.0,2,1,1,0,0,0.53,11390000000.0,0.05,0.5800000000000001
2024-02-21,0.0,2,1,1,0,0,0.55,11390000000.0,0.05,0.6000000000000001
2024-02-20,0.0,2,0,2,0,0,0.64,11390000000.0,0.05,0.6900000000000001
2024-02-19,0.0,2,0,2,0,0,0.64,11390000000.0,0.05,0.6900000000000001
2024-02-18,0.0,2,0,2,0,0,0.64,11390000000.0,0.05,0.6900000000000001
2024-02-17,0.0,2,0,2,0,0,0.64,11390000000.0,0.05,0.6900000000000001
2024-02-16,0.0,2,0,2,0,0,0.64,11390000000.0,0.05,0.6900000000000001
2024-02-15,0.0,2,1,1,0,0,0.35,11390000000.0,0.05,0.39999999999999997
2024-02-14,0.0,2,1,1,0,0,0.35,11390000000.0,0.05,0.39999999999999997
2024-02-13,0.0,2,1,1,0,0,0.35,11390000000.0,0.05,0.39999999999999997
2024-02-12,0.0,2,1,1,0,0,0.35,11390000000.0,0.05,0.39999999999999997
2024-02-11,0.0,3,0,1,0,0,0.06,11390000000.0,0.05,0.11
2024-02-10,0.0,3,0,1,0,0,0.06,11390000000.0,0.05,0.11
2024-02-09,0.0,3,0,1,0,0,0.06,11390000000.0,0.05,0.11
2024-02-08,0.0,3,0,1,0,0,0.06,11390000000.0,0.05,0.11
2024-02-07,0.0,3,0,1,0,0,0.06,11390000000.0,0.05,0.11
2024-02-06,0.0,3,0,1,0,0,0.06,11390000000.0,0.05,0.11
2024-02-05,0.0,3,0,1,0,0,0.06,11390000000.0,0.05,0.11
2024-02-04,0.0,3,0,1,0,0,0.06,11390000000.0,0.05,0.11
2024-02-03,0.0,3,0,1,0,0,0.06,11390000000.0,0.05,0.11
2024-02-02,0.0,3,0,1,0,0,0.06,11390000000.0,0.05,0.11
2024-02-01,0.0,3,0,1,0,0,0.06,11390000000.0,0.05,0.11
2024-01-31,0.0,3,0,1,0,0,0.06,11390000000.0,0.05,0.11
2024-01-30,0.0,3,0,1,0,0,0.06,11390000000.0,0.05,0.11
2024-01-29,0.0,3,0,1,0,0,0.06,11390000000.0,0.05,0.11
2024-01-28,0.0,3,0,1,0,0,0.06,11390000000.0,0.05,0.11
2024-01-27,0.0,3,0,1,0,0,0.06,11390000000.0,0.05,0.11
2024-01-26,0.0,3,0,1,0,0,0.06,11390000000.0,0.05,0.11
2024-01-25,0.0,3,0,1,0,0,0.06,11390000000.0,0.05,0.11
2024-01-24,0.0,3,0,1,0,0,0.06,11390000000.0,0.05,0.11
2024-01-23,0.0,3,0,1,0,0,0.06,11390000000.0,0.05,0.11
2024-01-22,0.0,3,0,1,0,0,0.06,11390000000.0,0.05,0.11
2024-01-21,0.0,3,0,1,0,0,0.06,11390000000.0,0.05,0.11
2024-01-20,0.0,3,0,1,0,0,0.06,11390000000.0,0.05,0.11
2024-01-19,0.0,3,0,1,0,0,0.06,11390000000.0,0.05,0.11
2024-01-18,0.0,3,0,1,0,0,0.06,11390000000.0,0.05,0.11
2024-01-17,0.0,3,0,1,0,0,0.06,11390000000.0,0.05,0.11
2024-01-16,0.0,3,0,1,0,0,0.06,11390000000.0,0.05,0.11
2024-01-15,0.0,3,0,1,0,0,0.06,11390000000.0,0.05,0.11
2024-01-14,0.0,3,0,1,0,0,0.06,11390000000.0,0.05,0.11
2024-01-13,0.0,3,0,1,0,0,0.06,11390000000.0,0.05,0.11
2024-01-12,0.0,3,0,1,0,0,0.06,11390000000.0,0.05,0.11
2024-01-11,0.0,3,0,1,0,0,0.06,11390000000.0,0.05,0.11
2024-01-10,0.0,3,0,1,0,0,0.06,11390000000.0,0.05,0.11
2024-01-09,0.0,3,0,1,0,0,0.06,11390000000.0,0.05,0.11
2024-01-08,0.0,3,0,1,0,0,0.06,11390000000.0,0.05,0.11
2024-01-07,0.0,3,0,1,0,0,0.05,11390000000.0,0.05,0.1
2024-01-06,0.0,3,0,1,0,0,0.05,11390000000.0,0.05,0.1
2024-01-05,0.0,3,0,1,0,0,0.05,11390000000.0,0.05,0.1
2024-01-04,0.0,3,0,1,0,0,0.05,11390000000.0,0.05,0.1
2024-01-03,0.0,3,0,1,0,0,0.05,11390000000.0,0.05,0.1
2024-01-02,0.0,3,0,1,0,0,0.05,11390000000.0,0.05,0.1
2024-01-01,0.0,3,1,0,0,0,0.05,11390000000.0,0.05,0.1
2023-12-31,0.0,3,1,0,0,0,0.05,10610000000.0,0.05,0.1
2023-12-30,0.0,3,1,0,0,0,0.05,10610000000.0,0.05,0.1
2023-12-29,0.0,3,1,0,0,0,0.05,10610000000.0,0.05,0.1
2023-12-28,0.0,3,1,0,0,0,0.05,10610000000.0,0.05,0.1
2023-12-27,0.0,3,1,0,0,0,0.05,10610000000.0,0.05,0.1
2023-12-26,0.0,3,1,0,0,0,0.05,10610000000.0,0.05,0.1
2023-12-25,0.0,3,1,0,0,0,0.05,10610000000.0,0.05,0.1
2023-12-24,0.0,3,1,0,0,0,0.05,10610000000.0,0.05,0.1
2023-12-23,0.0,3,1,0,0,0,0.05,10610000000.0,0.05,0.1
2023-12-22,0.0,3,1,0,0,0,0.05,10610000000.0,0.05,0.1
2023-12-21,0.0,3,1,0,0,0,0.05,10610000000.0,0.05,0.1
2023-12-20,0.0,3,1,0,0,0,0.05,10610000000.0,0.05,0.1
2023-12-19,0.0,3,1,0,0,0,0.05,10610000000.0,0.05,0.1
2023-12-18,0.0,3,1,0,0,0,0.05,10610000000.0,0.05,0.1
2023-12-17,0.0,3,1,0,0,0,0.05,10610000000.0,0.05,0.1
2023-12-16,0.0,3,1,0,0,0,0.05,10610000000.0,0.05,0.1
2023-12-15,0.0,3,1,0,0,0,0.05,10610000000.0,0.05,0.1
2023-12-14,0.0,3,1,0,0,0,0.05,10610000000.0,0.05,0.1
2023-12-13,0.0,3,0,1,0,0,0.06,10610000000.0,0.07,0.13
2023-12-12,0.0,3,0,1,0,0,0.06,10610000000.0,0.07,0.13
2023-12-11,0.0,3,0,1,0,0,0.06,10610000000.0,0.07,0.13
2023-12-10,0.0,3,0,1,0,0,0.06,10610000000.0,0.07,0.13
2023-12-09,0.0,3,0,1,0,0,0.06,10610000000.0,0.07,0.13
2023-12-08,0.0,3,0,1,0,0,0.06,10610000000.0,0.07,0.13
2023-12-07,0.0,3,0,1,0,0,0.06,10610000000.0,0.07,0.13
2023-12-06,0.0,3,0,1,0,0,0.06,10610000000.0,0.07,0.13
2023-12-05,0.0,3,0,1,0,0,0.06,10610000000.0,0.07,0.13
2023-12-04,0.0,3,0,1,0,0,0.06,10610000000.0,0.07,0.13
2023-12-03,0.0,3,0,1,0,0,0.06,10610000000.0,0.07,0.13
2023-12-02,0.0,3,0,1,0,0,0.06,10610000000.0,0.07,0.13
2023-12-01,0.0,3,0,1,0,0,0.06,10610000000.0,0.07,0.13
2023-11-30,0.0,3,0,1,0,0,0.07,10610000000.0,0.07,0.14
2023-11-29,0.0,3,0,1,0,0,0.07,10610000000.0,0.07,0.14
2023-11-28,0.0,3,0,1,0,0,0.06,10610000000.0,0.07,0.13
2023-11-27,0.0,3,0,1,0,0,0.06,10610000000.0,0.07,0.13
2023-11-26,0.0,3,0,1,0,0,0.06,10610000000.0,0.07,0.13
2023-11-25,0.0,3,0,1,0,0,0.06,10610000000.0,0.07,0.13
2023-11-24,0.0,3,0,1,0,0,0.06,10610000000.0,0.07,0.13
2023-11-23,0.0,3,0,1,0,0,0.06,10610000000.0,0.07,0.13
2023-11-22,0.0,3,0,1,0,0,0.06,10610000000.0,0.07,0.13
2023-11-21,0.0,3,0,1,0,0,0.06,10610000000.0,0.07,0.13
2023-11-20,0.0,3,0,1,0,0,0.06,10610000000.0,0.07,0.13
2023-11-19,0.0,3,0,1,0,0,0.06,10610000000.0,0.07,0.13
2023-11-18,0.0,3,0,1,0,0,0.06,10610000000.0,0.07,0.13
2023-11-17,0.0,3,0,1,0,0,0.06,10610000000.0,0.07,0.13
2023-11-16,0.0,3,0,1,0,0,0.06,10610000000.0,0.07,0.13
2023-11-15,0.0,3,0,1,0,0,0.06,10610000000.0,0.07,0.13
2023-11-14,0.0,3,0,1,0,0,0.06,10610000000.0,0.07,0.13
2023-11-13,0.0,3,0,1,0,0,0.06,10610000000.0,0.07,0.13
2023-11-12,0.0,3,0,1,0,0,0.06,10610000000.0,0.07,0.13
2023-11-11,0.0,3,0,1,0,0,0.06,10610000000.0,0.07,0.13
2023-11-10,0.0,3,0,1,0,0,0.06,10610000000.0,0.07,0.13
2023-11-09,0.0,3,0,1,0,0,0.29,10610000000.0,0.07,0.36
2023-11-08,0.0,3,0,1,0,0,0.3,10610000000.0,0.07,0.37
2023-11-07,0.0,3,0,1,0,0,0.3,10610000000.0,0.07,0.37
2023-11-06,0.0,2,1,1,0,0,0.39,10610000000.0,0.07,0.46
2023-11-05,0.0,2,1,1,0,0,0.39,10610000000.0,0.07,0.46
2023-11-04,0.0,2,1,1,0,0,0.39,10610000000.0,0.07,0.46
2023-11-03,0.0,2,1,1,0,0,0.39,10610000000.0,0.07,0.46
2023-11-02,0.0,3,0,1,0,0,0.36,10610000000.0,0.07,0.43
2023-11-01,0.0,2,1,1,0,0,0.39,10610000000.0,0.07,0.46
2023-10-31,0.0,2,1,1,0,0,0.39,10610000000.0,0.07,0.46
2023-10-30,0.0,2,1,1,0,0,0.39,10610000000.0,0.07,0.46
2023-10-29,0.0,2,1,1,0,0,0.39,10610000000.0,0.07,0.46
2023-10-28,0.0,2,1,1,0,0,0.39,10610000000.0,0.07,0.46
2023-10-27,0.0,2,1,1,0,0,0.39,10610000000.0,0.07,0.46
2023-10-26,0.0,2,1,1,0,0,0.39,10610000000.0,0.07,0.46
2023-10-25,0.0,3,0,1,0,0,0.09,10610000000.0,0.07,0.16
2023-10-24,0.0,3,0,1,0,0,0.09,10610000000.0,0.07,0.16
2023-10-23,0.0,3,0,1,0,0,0.09,10610000000.0,0.07,0.16
2023-10-22,0.0,3,0,1,0,0,0.09,10610000000.0,0.07,0.16
2023-10-21,0.0,3,0,1,0,0,0.09,10610000000.0,0.07,0.16
2023-10-20,0.0,3,0,1,0,0,0.09,10610000000.0,0.07,0.16
2023-10-19,0.0,3,0,1,0,0,0.09,10610000000.0,0.07,0.16
2023-10-18,0.0,3,0,1,0,0,0.09,10610000000.0,0.07,0.16
2023-10-17,0.0,3,0,1,0,0,0.09,10610000000.0,0.07,0.16
2023-10-16,0.0,3,0,1,0,0,0.09,10610000000.0,0.07,0.16
2023-10-15,0.0,3,0,1,0,0,0.09,10610000000.0,0.07,0.16
2023-10-14,0.0,3,0,1,0,0,0.09,10610000000.0,0.07,0.16
2023-10-13,0.0,3,0,1,0,0,0.09,10610000000.0,0.07,0.16
2023-10-12,0.0,3,0,1,0,0,0.09,10610000000.0,0.07,0.16
2023-10-11,0.0,3,0,1,0,0,0.09,10610000000.0,0.07,0.16
2023-10-10,0.0,3,0,1,0,0,0.09,10610000000.0,0.07,0.16
2023-10-09,0.0,3,0,1,0,0,0.09,10610000000.0,0.07,0.16
2023-10-08,0.0,3,0,1,0,0,0.09,10610000000.0,0.07,0.16
2023-10-07,0.0,3,0,1,0,0,0.09,10610000000.0,0.07,0.16
2023-10-06,0.0,3,0,1,0,0,0.14,10610000000.0,0.07,0.21000000000000002
2023-10-05,0.0,3,0,1,0,0,0.14,10610000000.0,0.07,0.21000000000000002
2023-10-04,0.0,3,0,1,0,0,0.14,10610000000.0,0.07,0.21000000000000002
2023-10-03,0.0,3,0,1,0,0,0.14,10610000000.0,0.07,0.21000000000000002
2023-10-02,0.0,3,0,1,0,0,0.14,10610000000.0,0.06,0.2
2023-10-01,0.0,3,1,0,0,0,0.15,10610000000.0,0.0,0.15
2023-09-30,0.0,3,1,0,0,0,0.15,10610000000.0,0.0,0.15
2023-09-29,0.0,3,1,0,0,0,0.15,10610000000.0,0.0,0.15
2023-09-28,0.0,3,1,0,0,0,0.15,10610000000.0,0.0,0.15
2023-09-27,0.0,3,1,0,0,0,0.15,10610000000.0,0.0,0.15
2023-09-26,0.0,3,1,0,0,0,0.15,10610000000.0,0.0,0.15
2023-09-25,0.0,3,1,0,0,0,0.15,10610000000.0,0.0,0.15
2023-09-24,0.0,3,1,0,0,0,0.15,10610000000.0,0.0,0.15
2023-09-23,0.0,3,1,0,0,0,0.15,10610000000.0,0.0,0.15
2023-09-22,0.0,3,1,0,0,0,0.15,10610000000.0,0.0,0.15
2023-09-21,0.0,3,1,0,0,0,0.15,10610000000.0,0.0,0.15
2023-09-20,0.0,3,1,0,0,0,0.15,10610000000.0,0.0,0.15
2023-09-19,0.0,3,1,0,0,0,0.15,10610000000.0,0.0,0.15
2023-09-18,0.0,3,1,0,0,0,0.15,10610000000.0,0.0,0.15
2023-09-17,0.0,3,1,0,0,0,0.15,10610000000.0,0.0,0.15
2023-09-16,0.0,3,1,0,0,0,0.15,10610000000.0,0.0,0.15
2023-09-15,0.0,3,1,0,0,0,0.15,10610000000.0,0.0,0.15
2023-09-14,0.0,3,1,0,0,0,0.15,10610000000.0,0.0,0.15
2023-09-13,0.0,3,1,0,0,0,0.15,10610000000.0,0.0,0.15
2023-09-12,0.0,3,1,0,0,0,0.15,10610000000.0,0.0,0.15
2023-09-11,0.0,3,1,0,0,0,0.15,10610000000.0,0.0,0.15
2023-09-10,0.0,3,1,0,0,0,0.15,10610000000.0,0.0,0.15
2023-09-09,0.0,3,1,0,0,0,0.15,10610000000.0,0.0,0.15
2023-09-08,0.0,3,1,0,0,0,0.15,10610000000.0,0.0,0.15
2023-09-07,0.0,3,1,0,0,0,0.15,10610000000.0,0.0,0.15
2023-09-06,0.0,3,1,0,0,0,0.15,10610000000.0,0.0,0.15
2023-09-05,0.0,3,1,0,0,0,0.15,10610000000.0,0.0,0.15
2023-09-04,0.0,3,1,0,0,0,0.15,10610000000.0,0.0,0.15
2023-09-03,0.0,3,1,0,0,0,0.15,10610000000.0,0.0,0.15
2023-09-02,0.0,3,1,0,0,0,0.15,10610000000.0,0.0,0.15
2023-09-01,0.0,3,1,0,0,0,0.15,10610000000.0,0.0,0.15
2023-08-31,0.0,3,1,0,0,0,0.15,10610000000.0,0.0,0.15
2023-08-30,0.0,3,1,0,0,0,0.15,10610000000.0,0.0,0.15
2023-08-29,0.0,3,1,0,0,0,0.15,10610000000.0,0.0,0.15
2023-08-28,0.0,3,1,0,0,0,0.45,10610000000.0,0.0,0.45
2023-08-27,0.0,3,0,1,0,0,0.5,10610000000.0,0.0,0.5
2023-08-26,0.0,3,0,1,0,0,0.5,10610000000.0,0.0,0.5
2023-08-25,0.0,3,0,1,0,0,0.5,10610000000.0,0.0,0.5
2023-08-24,0.0,3,0,1,0,0,0.5,10610000000.0,0.0,0.5
2023-08-23,0.0,2,1,1,0,0,0.5,10610000000.0,0.0,0.5
2023-08-22,0.0,2,1,1,0,0,0.5,10610000000.0,0.0,0.5
2023-08-21,0.0,2,1,1,0,0,0.5,10610000000.0,0.0,0.5
2023-08-20,0.0,3,0,1,0,0,0.2,10610000000.0,0.0,0.2
2023-08-19,0.0,3,0,1,0,0,0.2,10610000000.0,0.0,0.2
2023-08-18,0.0,3,0,1,0,0,0.2,10610000000.0,0.0,0.2
2023-08-17,0.0,3,0,1,0,0,0.2,10610000000.0,0.0,0.2
2023-08-16,0.0,3,0,1,0,0,0.2,10610000000.0,0.0,0.2
2023-08-15,0.0,3,0,1,0,0,0.2,10610000000.0,0.0,0.2
2023-08-14,0.0,3,0,1,0,0,0.2,10610000000.0,0.0,0.2
2023-08-13,0.0,3,0,1,0,0,0.2,10610000000.0,0.0,0.2
2023-08-12,0.0,3,0,1,0,0,0.2,10610000000.0,0.0,0.2
2023-08-11,0.0,3,0,1,0,0,0.2,10610000000.0,0.0,0.2
2023-08-10,0.0,3,0,1,0,0,0.2,10610000000.0,0.0,0.2
2023-08-09,0.0,3,0,1,0,0,0.2,10610000000.0,0.0,0.2
2023-08-08,0.0,3,0,1,0,0,0.2,10610000000.0,0.0,0.2
2023-08-07,0.0,3,0,1,0,0,0.2,10610000000.0,0.0,0.2
2023-08-06,0.0,3,0,1,0,0,0.2,10610000000.0,0.0,0.2
2023-08-05,0.0,2,1,1,0,0,0.2,10610000000.0,0.05,0.25
2023-08-04,0.0,2,1,1,0,0,0.2,10610000000.0,0.05,0.25
2023-08-03,0.0,2,1,1,0,0,0.2,10610000000.0,0.05,0.25
2023-08-02,0.0,2,1,1,0,0,0.2,10610000000.0,0.05,0.25
2023-08-01,0.0,2,1,1,0,0,0.2,10610000000.0,0.05,0.25
2023-07-31,0.0,2,1,1,0,0,0.19,10610000000.0,0.05,0.24
2023-07-30,0.0,2,1,1,0,0,0.19,10610000000.0,0.05,0.24
2023-07-29,0.0,2,1,1,0,0,0.19,10610000000.0,0.05,0.24
2023-07-28,0.0,2,1,1,0,0,0.19,10610000000.0,0.05,0.24
2023-07-27,0.0,2,1,1,0,0,0.19,10610000000.0,0.05,0.24
2023-07-26,0.0,2,1,1,0,0,0.19,10610000000.0,0.05,0.24
2023-07-25,0.0,2,1,1,0,0,0.19,10610000000.0,0.05,0.24
2023-07-24,0.0,2,1,1,0,0,0.19,10610000000.0,0.05,0.24
2023-07-23,0.0,2,1,1,0,0,0.19,10610000000.0,0.05,0.24
2023-07-22,0.0,2,1,1,0,0,0.19,10610000000.0,0.05,0.24
2023-07-21,0.0,2,1,1,0,0,0.19,10610000000.0,0.05,0.24
2023-07-20,0.0,2,1,1,0,0,0.19,10610000000.0,0.05,0.24
2023-07-19,0.0,2,1,1,0,0,0.19,10610000000.0,0.05,0.24
2023-07-18,0.0,2,1,1,0,0,0.19,10610000000.0,0.05,0.24
2023-07-17,0.0,2,1,1,0,0,0.19,10610000000.0,0.05,0.24
2023-07-16,0.0,2,1,1,0,0,0.19,10610000000.0,0.05,0.24
2023-07-15,0.0,2,1,1,0,0,0.19,10610000000.0,0.05,0.24
2023-07-14,0.0,2,1,1,0,0,0.19,10610000000.0,0.05,0.24
2023-07-13,0.0,2,1,1,0,0,0.19,10610000000.0,0.05,0.24
2023-07-12,0.0,2,1,1,0,0,0.19,10610000000.0,0.05,0.24
2023-07-11,0.0,2,1,1,0,0,0.19,10610000000.0,0.05,0.24
2023-07-10,0.0,2,1,1,0,0,0.19,10610000000.0,0.05,0.24
2023-07-09,0.0,2,1,1,0,0,0.19,10610000000.0,0.05,0.24
2023-07-08,0.0,2,1,1,0,0,0.19,10610000000.0,0.05,0.24
2023-07-07,0.0,2,1,1,0,0,0.19,10610000000.0,0.05,0.24
2023-07-06,0.0,2,1,1,0,0,0.2,10610000000.0,0.05,0.25
2023-07-05,0.0,2,1,1,0,0,0.2,10610000000.0,0.05,0.25
2023-07-04,0.0,2,1,1,0,0,0.2,10610000000.0,0.05,0.25
2023-07-03,0.0,2,1,1,0,0,0.2,10610000000.0,0.05,0.25
2023-07-02,0.0,2,1,1,0,0,0.2,10610000000.0,0.05,0.25
2023-07-01,0.0,2,1,1,0,0,0.2,10610000000.0,0.05,0.25
2023-06-30,0.0,2,1,1,0,0,0.2,10610000000.0,0.05,0.25
2023-06-29,0.0,2,1,1,0,0,0.2,10610000000.0,0.05,0.25
2023-06-28,0.0,2,1,1,0,0,0.2,10610000000.0,0.05,0.25
2023-06-27,0.0,2,1,1,0,0,0.2,10610000000.0,0.05,0.25
2023-06-26,0.0,2,1,1,0,0,0.2,10610000000.0,0.05,0.25
2023-06-25,0.0,2,1,1,0,0,0.2,10610000000.0,0.05,0.25
2023-06-24,0.0,2,1,1,0,0,0.2,10610000000.0,0.05,0.25
2023-06-23,0.0,2,1,1,0,0,0.2,10610000000.0,0.05,0.25
2023-06-22,0.0,2,1,1,0,0,0.2,10610000000.0,0.05,0.25
2023-06-21,0.0,2,1,1,0,0,0.2,10610000000.0,0.05,0.25
2023-06-20,0.0,2,1,1,0,0,0.2,10610000000.0,0.05,0.25
2023-06-19,0.0,2,1,1,0,0,0.2,10610000000.0,0.05,0.25
2023-06-18,0.0,2,1,1,0,0,0.2,10610000000.0,0.05,0.25
2023-06-17,0.0,2,1,1,0,0,0.2,10610000000.0,0.05,0.25
2023-06-16,0.0,2,1,1,0,0,0.2,10610000000.0,0.05,0.25
2023-06-15,0.0,2,1,1,0,0,0.2,10610000000.0,0.05,0.25
2023-06-14,0.0,2,1,1,0,0,0.2,10610000000.0,0.05,0.25
2023-06-13,0.0,2,1,1,0,0,0.2,10610000000.0,0.05,0.25
2023-06-12,0.0,2,1,1,0,0,0.2,10610000000.0,0.05,0.25
2023-06-11,0.0,2,1,1,0,0,0.2,10610000000.0,0.05,0.25
2023-06-10,0.0,2,1,1,0,0,0.2,10610000000.0,0.05,0.25
2023-06-09,0.0,2,1,1,0,0,0.2,10610000000.0,0.05,0.25
2023-06-08,0.0,2,1,1,0,0,0.2,10610000000.0,0.05,0.25
2023-06-07,0.0,2,1,1,0,0,0.2,10610000000.0,0.05,0.25
2023-06-06,0.0,2,1,1,0,0,0.2,10610000000.0,0.05,0.25
2023-06-05,0.0,2,0,2,0,0,0.21,10610000000.0,0.05,0.26
2023-06-04,0.0,2,0,2,0,0,0.21,10610000000.0,0.05,0.26
2023-06-03,0.0,2,0,2,0,0,0.21,10610000000.0,0.05,0.26
2023-06-02,0.0,2,0,2,0,0,0.21,10610000000.0,0.05,0.26
2023-06-01,0.0,2,0,2,0,0,0.21,10610000000.0,0.05,0.26
2023-05-31,0.0,2,0,2,0,0,0.21,10610000000.0,0.05,0.26
2023-05-30,0.0,2,0,2,0,0,0.21,10610000000.0,0.05,0.26
2023-05-29,0.0,2,0,2,0,0,0.21,10610000000.0,0.05,0.26
2023-05-28,0.0,2,0,2,0,0,0.21,10610000000.0,0.05,0.26
2023-05-27,0.0,2,0,2,0,0,0.21,10610000000.0,0.05,0.26
2023-05-26,0.0,2,0,2,0,0,0.21,10610000000.0,0.05,0.26
2023-05-25,0.0,2,0,2,0,0,0.21,10610000000.0,0.05,0.26
2023-05-24,0.0,2,0,2,0,0,0.21,10610000000.0,0.05,0.26
2023-05-23,0.0,2,0,2,0,0,0.21,10610000000.0,0.05,0.26
2023-05-22,0.0,2,0,2,0,0,0.21,10610000000.0,0.05,0.26
2023-05-21,0.0,2,0,2,0,0,0.21,10610000000.0,0.05,0.26
2023-05-20,0.0,2,0,2,0,0,0.21,10610000000.0,0.05,0.26
2023-05-19,0.0,2,0,2,0,0,0.21,10610000000.0,0.11,0.32
2023-05-18,0.0,2,0,2,0,0,0.21,10610000000.0,0.11,0.32
2023-05-17,0.0,2,0,2,0,0,0.21,10610000000.0,0.11,0.32
2023-05-16,0.0,2,0,2,0,0,0.21,10610000000.0,0.11,0.32
2023-05-15,0.0,2,0,2,0,0,0.21,10610000000.0,0.11,0.32
2023-05-14,0.0,2,0,2,0,0,0.21,10610000000.0,0.11,0.32
2023-05-13,0.0,2,0,2,0,0,0.21,10610000000.0,0.11,0.32
2023-05-12,0.0,2,0,2,0,0,0.21,10610000000.0,0.11,0.32
2023-05-11,0.0,2,0,2,0,0,0.21,10610000000.0,0.11,0.32
2023-05-10,0.0,2,0,2,0,0,0.21,10610000000.0,0.11,0.32
2023-05-09,0.0,2,0,2,0,0,0.21,10610000000.0,0.11,0.32
2023-05-08,0.0,2,0,2,0,0,0.21,10610000000.0,0.11,0.32
2023-05-07,0.0,2,0,2,0,0,0.22,10610000000.0,0.11,0.33
