,-unknown-,<05,<1,<2,<5,>=5,CA,FR,GB,IE,Market_capitalization,NL,US,Total
2025-05-05,0.06,5,0,0,2,0,0.06,0.03,0.18,0.0,44857270000.0,0.04,0.12,0.48999999999999994
2025-05-04,0.06,5,0,0,2,0,0.06,0.03,0.18,0.0,44857270000.0,0.04,0.12,0.48999999999999994
2025-05-03,0.06,5,0,0,2,0,0.06,0.03,0.18,0.0,44857270000.0,0.04,0.12,0.48999999999999994
2025-05-02,0.06,5,0,0,2,0,0.06,0.03,0.18,0.0,44857270000.0,0.04,0.12,0.48999999999999994
2025-05-01,0.06,5,0,0,2,0,0.06,0.03,0.18,0.0,44857270000.0,0.04,0.12,0.48999999999999994
2025-04-30,0.06,5,0,0,2,0,0.06,0.03,0.18,0.0,44857270000.0,0.04,0.12,0.48999999999999994
2025-04-29,0.06,5,0,0,2,0,0.06,0.03,0.18,0.0,44857270000.0,0.04,0.12,0.48999999999999994
2025-04-28,0.06,5,0,0,2,0,0.06,0.03,0.18,0.0,44857270000.0,0.04,0.12,0.48999999999999994
2025-04-27,0.06,5,0,0,2,0,0.06,0.03,0.18,0.0,44857270000.0,0.04,0.12,0.48999999999999994
2025-04-26,0.06,5,0,0,2,0,0.06,0.03,0.18,0.0,44857270000.0,0.04,0.12,0.48999999999999994
2025-04-25,0.06,5,0,0,2,0,0.06,0.03,0.18,0.0,44857270000.0,0.04,0.12,0.48999999999999994
2025-04-24,0.06,5,0,0,2,0,0.06,0.03,0.18,0.0,44857270000.0,0.04,0.12,0.48999999999999994
2025-04-23,0.06,5,0,0,2,0,0.06,0.03,0.13,0.0,44857270000.0,0.04,0.13,0.45
2025-04-22,0.06,5,0,0,2,0,0.06,0.03,0.13,0.0,44857270000.0,0.04,0.11,0.43
2025-04-21,0.06,5,0,0,2,0,0.06,0.03,0.13,0.0,44857270000.0,0.04,0.11,0.43
2025-04-20,0.06,5,0,0,2,0,0.06,0.03,0.19,0.0,44857270000.0,0.04,0.11,0.48999999999999994
2025-04-19,0.06,5,0,0,2,0,0.06,0.03,0.19,0.0,44857270000.0,0.04,0.11,0.48999999999999994
2025-04-18,0.06,5,0,0,2,0,0.06,0.03,0.19,0.0,44857270000.0,0.04,0.11,0.48999999999999994
2025-04-17,0.06,5,0,0,2,0,0.06,0.03,0.19,0.0,44857270000.0,0.04,0.11,0.48999999999999994
2025-04-16,0.06,5,0,0,2,0,0.06,0.04,0.17,0.0,44857270000.0,0.04,0.11,0.48
2025-04-15,0.06,5,0,0,2,0,0.06,0.04,0.17,0.0,44857270000.0,0.04,0.11,0.48
2025-04-14,0.06,5,0,0,2,0,0.06,0.04,0.17,0.0,44857270000.0,0.04,0.11,0.48
2025-04-13,0.06,5,0,0,2,0,0.06,0.04,0.17,0.0,44857270000.0,0.04,0.11,0.48
2025-04-12,0.06,5,0,0,2,0,0.06,0.04,0.17,0.0,44857270000.0,0.04,0.11,0.48
2025-04-11,0.06,5,0,0,2,0,0.06,0.04,0.17,0.0,44857270000.0,0.04,0.11,0.48
2025-04-10,0.06,5,0,0,2,0,0.06,0.04,0.17,0.0,44857270000.0,0.04,0.1,0.47
2025-04-09,0.06,5,0,0,2,0,0.06,0.04,0.17,0.0,44857270000.0,0.04,0.1,0.47
2025-04-08,0.06,5,0,0,2,0,0.06,0.04,0.17,0.0,44857270000.0,0.04,0.1,0.47
2025-04-07,0.06,5,0,0,2,0,0.06,0.04,0.17,0.0,44857270000.0,0.04,0.1,0.47
2025-04-06,0.06,5,0,0,2,0,0.06,0.04,0.17,0.0,44857270000.0,0.04,0.1,0.47
2025-04-05,0.06,5,0,0,2,0,0.06,0.04,0.17,0.0,44857270000.0,0.04,0.1,0.47
2025-04-04,0.06,5,0,0,2,0,0.06,0.04,0.17,0.0,44857270000.0,0.04,0.1,0.47
2025-04-03,0.06,5,0,0,2,0,0.06,0.04,0.11,0.0,44857270000.0,0.04,0.1,0.41000000000000003
2025-04-02,0.06,5,0,0,2,0,0.06,0.04,0.11,0.0,44857270000.0,0.04,0.1,0.41000000000000003
2025-04-01,0.06,5,0,0,2,0,0.06,0.04,0.11,0.0,44857270000.0,0.04,0.1,0.41000000000000003
2025-03-31,0.06,5,0,0,2,0,0.06,0.04,0.12,0.0,41907270000.0,0.04,0.11,0.43
2025-03-30,0.06,5,0,0,2,0,0.06,0.04,0.12,0.0,41907270000.0,0.04,0.11,0.43
2025-03-29,0.06,5,0,0,2,0,0.06,0.04,0.12,0.0,41907270000.0,0.04,0.11,0.43
2025-03-28,0.06,5,0,0,2,0,0.06,0.04,0.12,0.0,41907270000.0,0.04,0.11,0.43
2025-03-27,0.1,5,0,0,2,0,0.06,0.04,0.12,0.0,41907270000.0,0.04,0.11,0.47
2025-03-26,0.04,5,0,1,1,0,0.06,0.04,0.12,0.0,41907270000.0,0.04,0.11,0.41
2025-03-25,0.04,5,0,1,1,0,0.06,0.04,0.12,0.0,41907270000.0,0.04,0.11,0.41
2025-03-24,0.04,5,0,0,2,0,0.06,0.04,0.18,0.0,41907270000.0,0.04,0.11,0.47
2025-03-23,0.04,5,0,0,2,0,0.06,0.04,0.18,0.0,41907270000.0,0.04,0.11,0.47
2025-03-22,0.04,5,0,0,2,0,0.06,0.04,0.18,0.0,41907270000.0,0.04,0.11,0.47
2025-03-21,0.04,5,0,0,2,0,0.06,0.04,0.18,0.0,41907270000.0,0.04,0.11,0.47
2025-03-20,0.04,5,0,0,2,0,0.06,0.04,0.18,0.0,41907270000.0,0.04,0.11,0.47
2025-03-19,0.04,5,0,0,2,0,0.06,0.04,0.18,0.0,41907270000.0,0.04,0.11,0.47
2025-03-18,0.04,5,0,0,2,0,0.06,0.04,0.18,0.0,41907270000.0,0.04,0.11,0.47
2025-03-17,0.04,5,0,0,2,0,0.06,0.04,0.18,0.0,41907270000.0,0.04,0.16,0.52
2025-03-16,0.04,5,0,0,2,0,0.06,0.04,0.18,0.0,41907270000.0,0.04,0.16,0.52
2025-03-15,0.04,5,0,0,2,0,0.06,0.04,0.18,0.0,41907270000.0,0.04,0.16,0.52
2025-03-14,0.04,5,0,0,2,0,0.06,0.04,0.18,0.0,41907270000.0,0.04,0.16,0.52
2025-03-13,0.04,5,0,0,2,0,0.06,0.04,0.18,0.0,41907270000.0,0.04,0.15,0.51
2025-03-12,0.04,5,0,0,2,0,0.06,0.04,0.18,0.0,41907270000.0,0.04,0.15,0.51
2025-03-11,0.04,5,0,0,2,0,0.06,0.04,0.18,0.0,41907270000.0,0.04,0.15,0.51
2025-03-10,0.04,5,0,0,2,0,0.06,0.04,0.18,0.0,41907270000.0,0.04,0.15,0.51
2025-03-09,0.04,5,0,0,2,0,0.06,0.04,0.18,0.0,41907270000.0,0.04,0.15,0.51
2025-03-08,0.04,5,0,0,2,0,0.06,0.04,0.18,0.0,41907270000.0,0.04,0.15,0.51
2025-03-07,0.04,5,0,0,2,0,0.06,0.04,0.18,0.0,41907270000.0,0.04,0.18,0.54
2025-03-06,0.04,5,0,0,2,0,0.06,0.04,0.18,0.0,41907270000.0,0.04,0.18,0.54
2025-03-05,0.04,5,0,0,2,0,0.06,0.04,0.18,0.0,41907270000.0,0.04,0.15,0.51
2025-03-04,0.04,5,0,0,2,0,0.06,0.04,0.18,0.0,41907270000.0,0.04,0.15,0.51
2025-03-03,0.04,5,0,0,2,0,0.06,0.04,0.19,0.0,41907270000.0,0.04,0.15,0.52
2025-03-02,0.04,5,0,0,2,0,0.06,0.04,0.19,0.0,41907270000.0,0.04,0.15,0.52
2025-03-01,0.04,5,0,0,2,0,0.06,0.04,0.19,0.0,41907270000.0,0.04,0.15,0.52
2025-02-28,0.04,5,0,0,2,0,0.06,0.05,0.27,0.0,42777270000.0,0.04,0.19,0.65
2025-02-27,0.13,5,0,0,2,0,0.06,0.05,0.27,0.0,42777270000.0,0.04,0.19,0.74
2025-02-26,0.12,5,0,0,2,0,0.06,0.05,0.27,0.0,42777270000.0,0.04,0.19,0.73
2025-02-25,0.12,5,0,0,2,0,0.06,0.05,0.27,0.0,42777270000.0,0.04,0.19,0.73
2025-02-24,0.11,5,0,0,2,0,0.06,0.05,0.27,0.0,42777270000.0,0.04,0.19,0.72
2025-02-23,0.11,5,0,0,2,0,0.06,0.05,0.27,0.0,42777270000.0,0.04,0.19,0.72
2025-02-22,0.11,5,0,0,2,0,0.06,0.05,0.27,0.0,42777270000.0,0.04,0.19,0.72
2025-02-21,0.11,5,0,0,2,0,0.06,0.05,0.27,0.0,42777270000.0,0.04,0.19,0.72
2025-02-20,0.11,5,0,0,2,0,0.06,0.04,0.27,0.0,42777270000.0,0.04,0.19,0.71
2025-02-19,0.11,5,0,0,2,0,0.06,0.04,0.27,0.0,42777270000.0,0.04,0.19,0.71
2025-02-18,0.11,5,0,0,2,0,0.06,0.04,0.27,0.0,42777270000.0,0.04,0.19,0.71
2025-02-17,0.11,5,0,0,2,0,0.06,0.04,0.27,0.0,42777270000.0,0.04,0.19,0.71
2025-02-16,0.11,5,0,0,2,0,0.06,0.04,0.28,0.0,42777270000.0,0.04,0.19,0.72
2025-02-15,0.11,5,0,0,2,0,0.06,0.04,0.28,0.0,42777270000.0,0.04,0.19,0.72
2025-02-14,0.11,5,0,0,2,0,0.06,0.04,0.28,0.0,42777270000.0,0.04,0.19,0.72
2025-02-13,0.12,5,0,0,2,0,0.06,0.04,0.28,0.0,42777270000.0,0.04,0.19,0.73
2025-02-12,0.12,5,0,0,2,0,0.06,0.03,0.28,0.0,42777270000.0,0.04,0.19,0.72
2025-02-11,0.13,5,0,0,2,0,0.06,0.03,0.29,0.0,42777270000.0,0.04,0.18,0.73
2025-02-10,0.12,5,0,0,2,0,0.06,0.03,0.29,0.0,42777270000.0,0.04,0.18,0.72
2025-02-09,0.11,5,0,0,2,0,0.06,0.0,0.29,0.0,42777270000.0,0.07,0.18,0.71
2025-02-08,0.11,5,0,0,2,0,0.06,0.0,0.29,0.0,42777270000.0,0.07,0.18,0.71
2025-02-07,0.11,5,0,0,2,0,0.06,0.0,0.29,0.0,42777270000.0,0.07,0.18,0.71
2025-02-06,0.11,5,0,0,2,0,0.06,0.0,0.29,0.0,42777270000.0,0.07,0.18,0.71
2025-02-05,0.04,5,0,0,2,0,0.06,0.0,0.29,0.0,42777270000.0,0.07,0.18,0.64
2025-02-04,0.04,5,0,0,2,0,0.06,0.0,0.28,0.0,42777270000.0,0.08,0.18,0.64
2025-02-03,0.04,5,0,0,2,0,0.0,0.0,0.28,0.0,42777270000.0,0.09,0.18,0.5900000000000001
2025-02-02,0.04,5,0,0,2,0,0.0,0.0,0.28,0.0,42777270000.0,0.09,0.18,0.5900000000000001
2025-02-01,0.04,5,0,0,2,0,0.0,0.0,0.28,0.0,42777270000.0,0.09,0.18,0.5900000000000001
2025-01-31,0.04,5,0,0,2,0,0.0,0.0,0.28,0.0,42777270000.0,0.09,0.18,0.5900000000000001
2025-01-30,0.04,5,0,0,2,0,0.0,0.0,0.29,0.0,42777270000.0,0.09,0.18,0.5999999999999999
2025-01-29,0.04,5,0,0,2,0,0.0,0.0,0.29,0.0,42777270000.0,0.09,0.18,0.5999999999999999
2025-01-28,0.04,5,0,0,2,0,0.0,0.0,0.29,0.0,42777270000.0,0.11,0.39,0.83
2025-01-27,0.04,5,0,0,2,0,0.0,0.0,0.28,0.0,42777270000.0,0.11,0.39,0.8200000000000001
2025-01-26,0.04,5,0,0,2,0,0.0,0.0,0.28,0.0,42777270000.0,0.11,0.39,0.8200000000000001
2025-01-25,0.04,5,0,0,2,0,0.0,0.0,0.28,0.0,42777270000.0,0.11,0.39,0.8200000000000001
2025-01-24,0.04,5,0,0,2,0,0.0,0.0,0.28,0.0,42777270000.0,0.11,0.39,0.8200000000000001
2025-01-23,0.04,4,1,0,2,0,0.0,0.0,0.3,0.0,42777270000.0,0.12,0.39,0.85
2025-01-22,0.04,4,1,0,2,0,0.0,0.0,0.3,0.0,42777270000.0,0.13,0.39,0.86
2025-01-21,0.04,4,1,0,2,0,0.0,0.0,0.3,0.0,42777270000.0,0.13,0.39,0.86
2025-01-20,0.04,4,1,0,2,0,0.0,0.0,0.29,0.0,42777270000.0,0.13,0.39,0.85
2025-01-19,0.04,4,1,0,2,0,0.0,0.0,0.29,0.0,42777270000.0,0.13,0.39,0.85
2025-01-18,0.04,4,1,0,2,0,0.0,0.0,0.29,0.0,42777270000.0,0.13,0.39,0.85
2025-01-17,0.04,4,1,0,2,0,0.0,0.0,0.29,0.0,42777270000.0,0.13,0.39,0.85
2025-01-16,0.04,5,0,0,2,0,0.0,0.0,0.29,0.0,42777270000.0,0.13,0.18,0.6399999999999999
2025-01-15,0.04,5,0,0,2,0,0.0,0.0,0.29,0.0,42777270000.0,0.13,0.18,0.6399999999999999
2025-01-14,0.04,5,0,0,2,0,0.0,0.0,0.29,0.0,42777270000.0,0.13,0.18,0.6399999999999999
2025-01-13,0.04,5,0,0,2,0,0.0,0.0,0.29,0.0,42777270000.0,0.13,0.18,0.6399999999999999
2025-01-12,0.04,5,0,0,2,0,0.0,0.0,0.29,0.0,42777270000.0,0.13,0.18,0.6399999999999999
2025-01-11,0.04,5,0,0,2,0,0.0,0.0,0.29,0.0,42777270000.0,0.13,0.18,0.6399999999999999
2025-01-10,0.04,5,0,0,2,0,0.0,0.0,0.29,0.0,42777270000.0,0.13,0.18,0.6399999999999999
2025-01-09,0.04,5,0,0,2,0,0.0,0.0,0.29,0.0,42777270000.0,0.13,0.18,0.6399999999999999
2025-01-08,0.04,5,0,0,2,0,0.0,0.0,0.28,0.0,42777270000.0,0.13,0.18,0.63
2025-01-07,0.04,5,0,0,2,0,0.0,0.0,0.28,0.0,42777270000.0,0.13,0.18,0.63
2025-01-06,0.04,5,0,0,2,0,0.0,0.0,0.29,0.0,42777270000.0,0.13,0.18,0.6399999999999999
2025-01-05,0.04,5,0,0,2,0,0.0,0.0,0.29,0.0,42777270000.0,0.13,0.12,0.58
2025-01-04,0.04,5,0,0,2,0,0.0,0.0,0.29,0.0,42777270000.0,0.13,0.12,0.58
2025-01-03,0.04,5,0,0,2,0,0.0,0.0,0.29,0.0,42777270000.0,0.13,0.12,0.58
2025-01-02,0.04,5,0,0,2,0,0.0,0.0,0.29,0.0,42777270000.0,0.13,0.12,0.58
2025-01-01,0.04,5,0,0,2,0,0.0,0.0,0.29,0.0,42777270000.0,0.13,0.12,0.58
2024-12-31,0.04,5,0,0,2,0,0.0,0.0,0.25,0.0,42657270000.0,0.1,0.12,0.51
2024-12-30,0.04,5,0,0,2,0,0.0,0.0,0.25,0.0,42657270000.0,0.1,0.12,0.51
2024-12-29,0.04,5,0,0,2,0,0.0,0.0,0.25,0.0,42657270000.0,0.1,0.12,0.51
2024-12-28,0.04,5,0,0,2,0,0.0,0.0,0.25,0.0,42657270000.0,0.1,0.12,0.51
2024-12-27,0.04,5,0,0,2,0,0.0,0.0,0.25,0.0,42657270000.0,0.1,0.12,0.51
2024-12-26,0.04,5,0,0,2,0,0.0,0.0,0.25,0.0,42657270000.0,0.1,0.12,0.51
2024-12-25,0.04,5,0,0,2,0,0.0,0.0,0.25,0.0,42657270000.0,0.1,0.12,0.51
2024-12-24,0.04,5,0,0,2,0,0.0,0.0,0.25,0.0,42657270000.0,0.1,0.12,0.51
2024-12-23,0.04,5,0,0,2,0,0.0,0.0,0.25,0.0,42657270000.0,0.1,0.12,0.51
2024-12-22,0.04,5,0,0,2,0,0.0,0.0,0.25,0.0,42657270000.0,0.1,0.12,0.51
2024-12-21,0.04,5,0,0,2,0,0.0,0.0,0.25,0.0,42657270000.0,0.1,0.17,0.56
2024-12-20,0.04,5,0,0,2,0,0.0,0.0,0.25,0.0,42657270000.0,0.1,0.17,0.56
2024-12-19,0.04,5,0,0,2,0,0.0,0.0,0.25,0.0,42657270000.0,0.1,0.17,0.56
2024-12-18,0.04,5,0,0,2,0,0.0,0.0,0.24,0.0,42657270000.0,0.1,0.17,0.55
2024-12-17,0.04,5,0,0,2,0,0.0,0.0,0.24,0.0,42657270000.0,0.1,0.17,0.55
2024-12-16,0.04,5,0,0,2,0,0.0,0.0,0.24,0.0,42657270000.0,0.1,0.17,0.55
2024-12-15,0.04,5,0,0,2,0,0.0,0.0,0.24,0.0,42657270000.0,0.1,0.17,0.55
2024-12-14,0.04,5,0,0,2,0,0.0,0.0,0.24,0.0,42657270000.0,0.1,0.17,0.55
2024-12-13,0.04,5,0,0,2,0,0.0,0.0,0.24,0.0,42657270000.0,0.1,0.17,0.55
2024-12-12,0.04,5,0,0,2,0,0.0,0.0,0.24,0.0,42657270000.0,0.1,0.17,0.55
2024-12-11,0.04,5,0,0,2,0,0.0,0.0,0.24,0.0,42657270000.0,0.1,0.17,0.55
2024-12-10,0.04,5,0,0,2,0,0.0,0.0,0.25,0.0,42657270000.0,0.1,0.17,0.56
2024-12-09,0.04,5,0,0,2,0,0.0,0.0,0.25,0.0,42657270000.0,0.1,0.17,0.56
2024-12-08,0.04,5,0,0,2,0,0.0,0.0,0.25,0.0,42657270000.0,0.1,0.18,0.5700000000000001
2024-12-07,0.04,5,0,0,2,0,0.0,0.0,0.25,0.0,42657270000.0,0.1,0.18,0.5700000000000001
2024-12-06,0.04,5,0,0,2,0,0.0,0.0,0.25,0.0,42657270000.0,0.1,0.18,0.5700000000000001
2024-12-05,0.04,4,1,0,1,1,0.0,0.0,0.58,0.0,42657270000.0,0.1,0.18,0.8999999999999999
2024-12-04,0.04,5,0,0,1,1,0.0,0.0,0.58,0.0,42657270000.0,0.1,0.18,0.8999999999999999
2024-12-03,0.04,4,1,0,1,1,0.0,0.0,0.59,0.0,42657270000.0,0.1,0.18,0.9099999999999999
2024-12-02,0.04,5,0,0,1,1,0.0,0.0,0.58,0.0,42657270000.0,0.1,0.18,0.8999999999999999
2024-12-01,0.04,5,0,0,1,1,0.0,0.0,0.58,0.0,42657270000.0,0.1,0.18,0.8999999999999999
2024-11-30,0.04,5,0,0,1,1,0.0,0.0,0.56,0.0,42447270000.0,0.11,0.17,0.8800000000000001
2024-11-29,0.04,5,0,0,1,1,0.0,0.0,0.56,0.0,42447270000.0,0.11,0.17,0.8800000000000001
2024-11-28,0.04,4,1,0,1,1,0.0,0.0,0.57,0.0,42447270000.0,0.11,0.17,0.89
2024-11-27,0.04,5,0,0,1,1,0.0,0.0,0.56,0.0,42447270000.0,0.11,0.17,0.8800000000000001
2024-11-26,0.04,4,1,0,1,1,0.0,0.0,0.57,0.0,42447270000.0,0.11,0.17,0.89
2024-11-25,0.04,4,1,0,1,1,0.0,0.0,0.57,0.0,42447270000.0,0.11,0.17,0.89
2024-11-24,0.04,3,2,0,1,1,0.0,0.0,0.57,0.0,42447270000.0,0.11,0.17,0.89
2024-11-23,0.04,3,2,0,1,1,0.0,0.0,0.57,0.0,42447270000.0,0.11,0.17,0.89
2024-11-22,0.04,3,2,0,1,1,0.0,0.0,0.57,0.0,42447270000.0,0.11,0.17,0.89
2024-11-21,0.04,3,2,0,1,1,0.0,0.0,0.57,0.0,42447270000.0,0.11,0.17,0.89
2024-11-20,0.04,3,2,0,1,1,0.0,0.0,0.57,0.0,42447270000.0,0.11,0.17,0.89
2024-11-19,0.04,3,2,0,1,1,0.0,0.0,0.37,0.0,42447270000.0,0.11,0.17,0.6900000000000001
2024-11-18,0.04,3,2,0,1,1,0.0,0.0,0.37,0.0,42447270000.0,0.11,0.17,0.6900000000000001
2024-11-17,0.04,4,1,0,1,1,0.0,0.0,0.37,0.0,42447270000.0,0.11,0.17,0.6900000000000001
2024-11-16,0.04,4,1,0,1,1,0.0,0.0,0.37,0.0,42447270000.0,0.11,0.17,0.6900000000000001
2024-11-15,0.04,4,1,0,1,1,0.0,0.0,0.37,0.0,42447270000.0,0.11,0.17,0.6900000000000001
2024-11-14,0.04,4,1,0,1,1,0.0,0.0,0.37,0.0,42447270000.0,0.11,0.18,0.7
2024-11-13,0.04,4,1,0,1,1,0.0,0.0,0.37,0.0,42447270000.0,0.11,0.18,0.7
2024-11-12,0.04,4,1,0,1,1,0.0,0.0,0.32,0.0,42447270000.0,0.11,0.19,0.6599999999999999
2024-11-11,0.04,4,1,0,1,1,0.0,0.0,0.32,0.0,42447270000.0,0.11,0.19,0.6599999999999999
2024-11-10,0.04,4,1,0,1,1,0.0,0.0,0.34,0.0,42447270000.0,0.11,0.19,0.6799999999999999
2024-11-09,0.04,4,1,0,1,1,0.0,0.0,0.34,0.0,42447270000.0,0.11,0.19,0.6799999999999999
2024-11-08,0.04,4,1,0,1,1,0.0,0.0,0.34,0.0,42447270000.0,0.11,0.19,0.6799999999999999
2024-11-07,0.04,5,0,0,1,1,0.0,0.0,0.34,0.0,42447270000.0,0.11,0.19,0.6799999999999999
2024-11-06,0.04,5,0,0,1,1,0.0,0.0,0.34,0.0,42447270000.0,0.11,0.2,0.69
2024-11-05,0.04,5,0,0,1,1,0.0,0.0,0.36,0.0,42447270000.0,0.11,0.2,0.71
2024-11-04,0.04,5,0,0,1,1,0.0,0.0,0.36,0.0,42447270000.0,0.11,0.2,0.71
2024-11-03,0.04,5,0,0,1,1,0.0,0.0,0.36,0.0,42447270000.0,0.11,0.21,0.72
2024-11-02,0.04,5,0,0,1,1,0.0,0.0,0.36,0.0,42447270000.0,0.11,0.21,0.72
2024-11-01,0.04,5,0,0,1,1,0.0,0.0,0.36,0.0,42447270000.0,0.11,0.21,0.72
2024-10-31,0.04,5,0,0,1,1,0.0,0.0,0.57,0.0,42447270000.0,0.11,0.2,0.9199999999999999
2024-10-30,0.04,5,0,0,1,1,0.0,0.0,0.57,0.0,42447270000.0,0.11,0.2,0.9199999999999999
2024-10-29,0.04,5,0,0,1,1,0.0,0.0,0.57,0.0,42447270000.0,0.11,0.2,0.9199999999999999
2024-10-28,0.04,4,1,0,1,1,0.0,0.0,0.58,0.0,42447270000.0,0.11,0.2,0.9299999999999999
2024-10-27,0.04,4,1,0,1,1,0.0,0.0,0.58,0.0,42447270000.0,0.11,0.2,0.9299999999999999
2024-10-26,0.04,4,1,0,1,1,0.0,0.0,0.58,0.0,42447270000.0,0.11,0.2,0.9299999999999999
2024-10-25,0.04,4,1,0,1,1,0.0,0.0,0.58,0.0,42447270000.0,0.11,0.2,0.9299999999999999
2024-10-24,0.04,4,1,0,1,1,0.0,0.0,0.58,0.0,42447270000.0,0.11,0.2,0.9299999999999999
2024-10-23,0.04,4,1,0,1,1,0.0,0.0,0.58,0.0,42447270000.0,0.11,0.21,0.94
2024-10-22,0.04,4,1,0,1,1,0.0,0.0,0.58,0.0,42447270000.0,0.11,0.21,0.94
2024-10-21,0.04,4,1,0,1,1,0.0,0.0,0.58,0.0,42447270000.0,0.11,0.21,0.94
2024-10-20,0.04,4,1,0,1,1,0.0,0.0,0.58,0.0,42447270000.0,0.11,0.21,0.94
2024-10-19,0.04,4,1,0,1,1,0.0,0.0,0.58,0.0,42447270000.0,0.11,0.21,0.94
2024-10-18,0.08,4,1,0,1,1,0.0,0.0,0.58,0.0,42447270000.0,0.11,0.21,0.9799999999999999
2024-10-17,0.08,4,1,0,1,1,0.0,0.0,0.58,0.0,42447270000.0,0.11,0.21,0.9799999999999999
2024-10-16,0.08,4,1,0,1,1,0.0,0.0,0.58,0.0,42447270000.0,0.11,0.21,0.9799999999999999
2024-10-15,0.08,4,1,0,1,1,0.0,0.0,0.58,0.0,42447270000.0,0.11,0.21,0.9799999999999999
2024-10-14,0.08,4,1,0,1,1,0.0,0.0,0.56,0.0,42447270000.0,0.11,0.2,0.95
2024-10-13,0.08,4,1,0,1,1,0.0,0.0,0.56,0.0,42447270000.0,0.11,0.19,0.94
2024-10-12,0.08,4,1,0,1,1,0.0,0.0,0.56,0.0,42447270000.0,0.11,0.19,0.94
2024-10-11,0.08,4,1,0,1,1,0.0,0.0,0.56,0.0,42447270000.0,0.11,0.19,0.94
2024-10-10,0.08,4,1,0,1,1,0.0,0.0,0.56,0.0,42447270000.0,0.11,0.19,0.94
2024-10-09,0.08,4,1,0,1,1,0.0,0.0,0.56,0.0,42447270000.0,0.11,0.15,0.9
2024-10-08,0.08,4,1,0,1,1,0.0,0.0,0.56,0.0,42447270000.0,0.11,0.15,0.9
2024-10-07,0.08,4,1,0,1,1,0.0,0.0,0.56,0.0,42447270000.0,0.11,0.15,0.9
2024-10-06,0.08,4,1,0,1,1,0.0,0.0,0.56,0.0,42447270000.0,0.12,0.14,0.9
2024-10-05,0.08,4,1,0,1,1,0.0,0.0,0.56,0.0,42447270000.0,0.12,0.3,1.06
2024-10-04,0.08,4,1,0,1,1,0.0,0.0,0.56,0.0,42447270000.0,0.12,0.3,1.06
2024-10-03,0.08,4,1,0,1,1,0.0,0.0,0.56,0.0,42447270000.0,0.12,0.3,1.06
2024-10-02,0.08,4,1,0,1,1,0.0,0.0,0.56,0.0,42447270000.0,0.12,0.29,1.05
2024-10-01,0.08,4,1,0,2,0,0.0,0.0,0.53,0.0,42447270000.0,0.12,0.3,1.03
2024-09-30,0.1,4,1,0,2,0,0.0,0.0,0.51,0.0,47647270000.0,0.16,0.3,1.07
2024-09-29,0.1,4,1,0,2,0,0.0,0.0,0.54,0.0,47647270000.0,0.16,0.3,1.1
2024-09-28,0.1,4,1,0,2,0,0.0,0.0,0.54,0.0,47647270000.0,0.16,0.3,1.1
2024-09-27,0.1,4,1,0,2,0,0.0,0.0,0.54,0.0,47647270000.0,0.16,0.3,1.1
2024-09-26,0.1,4,1,0,2,0,0.0,0.0,0.55,0.0,47647270000.0,0.16,0.3,1.11
2024-09-25,0.1,4,1,0,2,0,0.0,0.0,0.55,0.0,47647270000.0,0.16,0.3,1.11
2024-09-24,0.1,4,1,0,2,0,0.0,0.0,0.55,0.0,47647270000.0,0.16,0.3,1.11
2024-09-23,0.1,4,1,0,2,0,0.0,0.0,0.55,0.0,47647270000.0,0.16,0.3,1.11
2024-09-22,0.1,4,1,0,2,0,0.0,0.0,0.54,0.0,47647270000.0,0.16,0.3,1.1
2024-09-21,0.1,4,1,0,2,0,0.0,0.0,0.54,0.0,47647270000.0,0.16,0.3,1.1
2024-09-20,0.1,4,1,0,2,0,0.0,0.0,0.54,0.0,47647270000.0,0.16,0.3,1.1
2024-09-19,0.1,4,1,0,2,0,0.0,0.0,0.54,0.0,47647270000.0,0.16,0.3,1.1
2024-09-18,0.1,5,0,0,2,0,0.0,0.0,0.53,0.0,47647270000.0,0.16,0.3,1.09
2024-09-17,0.1,5,0,0,2,0,0.0,0.0,0.53,0.0,47647270000.0,0.16,0.3,1.09
2024-09-16,0.1,5,0,0,2,0,0.0,0.0,0.53,0.0,47647270000.0,0.16,0.31,1.1
2024-09-15,0.1,4,1,0,2,0,0.0,0.0,0.53,0.0,47647270000.0,0.15,0.31,1.09
2024-09-14,0.1,4,1,0,2,0,0.0,0.0,0.53,0.0,47647270000.0,0.15,0.31,1.09
2024-09-13,0.1,4,1,0,2,0,0.0,0.0,0.53,0.0,47647270000.0,0.15,0.31,1.09
2024-09-12,0.1,4,1,0,2,0,0.0,0.0,0.53,0.0,47647270000.0,0.15,0.31,1.09
2024-09-11,0.1,4,1,0,2,0,0.0,0.0,0.51,0.0,47647270000.0,0.15,0.31,1.07
2024-09-10,0.1,4,1,0,2,0,0.0,0.0,0.53,0.0,47647270000.0,0.15,0.31,1.09
2024-09-09,0.1,4,1,0,2,0,0.0,0.0,0.53,0.0,47647270000.0,0.15,0.31,1.09
2024-09-08,0.1,4,1,0,2,0,0.0,0.0,0.52,0.0,47647270000.0,0.15,0.31,1.08
2024-09-07,0.1,4,1,0,2,0,0.0,0.0,0.52,0.0,47647270000.0,0.15,0.31,1.08
2024-09-06,0.1,4,1,0,2,0,0.0,0.0,0.52,0.0,47647270000.0,0.15,0.31,1.08
2024-09-05,0.1,4,1,0,2,0,0.0,0.0,0.52,0.0,47647270000.0,0.15,0.31,1.08
2024-09-04,0.1,4,1,0,2,0,0.0,0.0,0.52,0.0,47647270000.0,0.15,0.31,1.08
2024-09-03,0.1,4,1,0,2,0,0.0,0.0,0.47,0.0,47647270000.0,0.15,0.31,1.03
2024-09-02,0.1,4,1,0,2,0,0.0,0.0,0.47,0.0,47647270000.0,0.15,0.31,1.03
2024-09-01,0.1,4,1,0,2,0,0.0,0.0,0.47,0.0,47647270000.0,0.15,0.31,1.03
2024-08-31,0.1,4,1,0,2,0,0.0,0.0,0.51,0.0,48637270000.0,0.14,0.33,1.08
2024-08-30,0.1,4,1,0,2,0,0.0,0.0,0.51,0.0,48637270000.0,0.14,0.33,1.08
2024-08-29,0.1,4,1,0,2,0,0.0,0.0,0.52,0.0,48637270000.0,0.14,0.33,1.09
2024-08-28,0.1,4,1,0,2,0,0.0,0.0,0.53,0.0,48637270000.0,0.14,0.35,1.12
2024-08-27,0.1,4,1,0,2,0,0.0,0.0,0.53,0.0,48637270000.0,0.14,0.35,1.12
2024-08-26,0.1,3,2,0,2,0,0.0,0.0,0.53,0.0,48637270000.0,0.14,0.35,1.12
2024-08-25,0.11,3,2,0,2,0,0.0,0.0,0.53,0.0,48637270000.0,0.14,0.35,1.13
2024-08-24,0.11,3,2,0,2,0,0.0,0.0,0.53,0.0,48637270000.0,0.14,0.35,1.13
2024-08-23,0.11,3,2,0,2,0,0.0,0.0,0.53,0.0,48637270000.0,0.14,0.35,1.13
2024-08-22,0.11,4,1,0,2,0,0.0,0.0,0.53,0.0,48637270000.0,0.14,0.36,1.1400000000000001
2024-08-21,0.11,3,2,0,2,0,0.0,0.0,0.53,0.0,48637270000.0,0.14,0.36,1.1400000000000001
2024-08-20,0.11,3,2,0,2,0,0.0,0.0,0.53,0.0,48637270000.0,0.14,0.3,1.08
2024-08-19,0.11,3,2,0,2,0,0.0,0.0,0.53,0.0,48637270000.0,0.14,0.3,1.08
2024-08-18,0.11,3,2,0,2,0,0.0,0.0,0.53,0.0,48637270000.0,0.14,0.3,1.08
2024-08-17,0.11,3,2,0,2,0,0.0,0.0,0.53,0.0,48637270000.0,0.14,0.3,1.08
2024-08-16,0.11,3,2,0,2,0,0.0,0.0,0.53,0.0,48637270000.0,0.14,0.3,1.08
2024-08-15,0.11,4,1,0,2,0,0.0,0.0,0.35,0.0,48637270000.0,0.14,0.36,0.96
2024-08-14,0.11,4,1,0,2,0,0.0,0.0,0.35,0.0,48637270000.0,0.14,0.36,0.96
2024-08-13,0.11,4,1,0,2,0,0.0,0.0,0.33,0.0,48637270000.0,0.14,0.36,0.9400000000000001
2024-08-12,0.11,4,1,0,2,0,0.0,0.0,0.33,0.0,48637270000.0,0.14,0.36,0.9400000000000001
2024-08-11,0.11,4,1,0,2,0,0.0,0.0,0.33,0.0,48637270000.0,0.14,0.36,0.9400000000000001
2024-08-10,0.11,4,1,0,2,0,0.0,0.0,0.33,0.0,48637270000.0,0.14,0.36,0.9400000000000001
2024-08-09,0.11,4,1,0,2,0,0.0,0.0,0.33,0.0,48637270000.0,0.14,0.36,0.9400000000000001
2024-08-08,0.11,4,1,0,2,0,0.0,0.0,0.32,0.0,48637270000.0,0.13,0.36,0.92
2024-08-07,0.11,4,1,0,2,0,0.0,0.0,0.31,0.0,48637270000.0,0.13,0.36,0.91
2024-08-06,0.11,4,1,0,2,0,0.0,0.0,0.25,0.0,48637270000.0,0.12,0.36,0.84
2024-08-05,0.27,3,2,0,2,0,0.0,0.0,0.25,0.0,48637270000.0,0.1,0.36,0.98
2024-08-04,0.27,3,2,0,2,0,0.0,0.0,0.31,0.0,48637270000.0,0.1,0.36,1.04
2024-08-03,0.27,3,2,0,2,0,0.0,0.0,0.31,0.0,48637270000.0,0.1,0.36,1.04
2024-08-02,0.27,3,2,0,2,0,0.0,0.0,0.31,0.0,48637270000.0,0.1,0.36,1.04
2024-08-01,0.27,3,2,0,2,0,0.0,0.0,0.3,0.0,48637270000.0,0.1,0.36,1.03
2024-07-31,0.27,3,2,0,2,0,0.0,0.0,0.28,0.0,48637270000.0,0.1,0.36,1.01
2024-07-30,0.27,3,2,0,2,0,0.0,0.0,0.28,0.0,48637270000.0,0.08,0.36,0.99
2024-07-29,0.27,3,2,0,2,0,0.0,0.0,0.28,0.0,48637270000.0,0.08,0.36,0.99
2024-07-28,0.27,3,2,0,2,0,0.0,0.0,0.28,0.0,48637270000.0,0.08,0.35,0.98
2024-07-27,0.27,3,2,0,2,0,0.0,0.0,0.28,0.0,48637270000.0,0.08,0.35,0.98
2024-07-26,0.27,3,2,0,2,0,0.0,0.0,0.28,0.0,48637270000.0,0.08,0.35,0.98
2024-07-25,0.27,3,2,0,2,0,0.0,0.0,0.28,0.0,48637270000.0,0.08,0.32,0.95
2024-07-24,0.27,3,2,0,2,0,0.0,0.0,0.29,0.0,48637270000.0,0.08,0.32,0.96
2024-07-23,0.27,3,2,0,2,0,0.0,0.0,0.29,0.0,48637270000.0,0.08,0.32,0.96
2024-07-22,0.27,3,2,0,2,0,0.0,0.0,0.28,0.0,48637270000.0,0.08,0.32,0.95
2024-07-21,0.27,3,2,0,2,0,0.0,0.0,0.28,0.0,48637270000.0,0.08,0.32,0.95
2024-07-20,0.27,3,2,0,2,0,0.0,0.0,0.28,0.0,48637270000.0,0.08,0.32,0.95
2024-07-19,0.27,3,2,0,2,0,0.0,0.0,0.28,0.0,48637270000.0,0.08,0.32,0.95
2024-07-18,0.27,3,2,0,2,0,0.0,0.0,0.28,0.0,48637270000.0,0.08,0.32,0.95
2024-07-17,0.26,3,2,0,2,0,0.0,0.0,0.28,0.0,48637270000.0,0.08,0.32,0.94
2024-07-16,0.26,3,2,0,2,0,0.0,0.0,0.27,0.0,48637270000.0,0.08,0.5,1.1099999999999999
2024-07-15,0.26,3,1,2,1,0,0.0,0.0,0.36,0.0,48637270000.0,0.07,0.5,1.19
2024-07-14,0.26,3,1,2,1,0,0.0,0.0,0.36,0.0,48637270000.0,0.07,0.5,1.19
2024-07-13,0.26,3,1,2,1,0,0.0,0.0,0.36,0.0,48637270000.0,0.07,0.5,1.19
2024-07-12,0.26,3,1,2,1,0,0.0,0.0,0.36,0.0,48637270000.0,0.07,0.5,1.19
2024-07-11,0.26,2,2,2,1,0,0.0,0.0,0.35,0.0,48637270000.0,0.07,0.5,1.18
2024-07-10,0.26,2,2,2,1,0,0.0,0.0,0.33,0.0,48637270000.0,0.07,0.48,1.1400000000000001
2024-07-09,0.26,2,2,2,1,0,0.0,0.0,0.33,0.0,48637270000.0,0.07,0.47,1.1300000000000001
2024-07-08,0.26,3,1,2,1,0,0.0,0.0,0.32,0.0,48637270000.0,0.07,0.47,1.12
2024-07-07,0.26,3,1,2,1,0,0.0,0.0,0.32,0.0,48637270000.0,0.07,0.47,1.12
2024-07-06,0.26,3,1,2,1,0,0.0,0.0,0.32,0.0,48637270000.0,0.07,0.47,1.12
2024-07-05,0.26,3,1,2,1,0,0.0,0.0,0.32,0.0,48637270000.0,0.07,0.47,1.12
2024-07-04,0.26,3,1,2,1,0,0.0,0.0,0.32,0.0,48637270000.0,0.0,0.47,1.05
2024-07-03,0.26,3,1,2,1,0,0.0,0.0,0.32,0.0,48637270000.0,0.0,0.47,1.05
2024-07-02,0.26,3,1,2,1,0,0.0,0.0,0.32,0.0,48637270000.0,0.0,0.47,1.05
2024-07-01,0.26,3,1,2,1,0,0.0,0.0,0.32,0.0,48637270000.0,0.0,0.47,1.05
2024-06-30,0.27,3,1,2,1,0,0.0,0.0,0.34,0.0,42877270000.0,0.0,0.47,1.08
2024-06-29,0.27,3,1,2,1,0,0.0,0.0,0.34,0.0,42877270000.0,0.0,0.47,1.08
2024-06-28,0.27,3,1,2,1,0,0.0,0.0,0.34,0.0,42877270000.0,0.0,0.47,1.08
2024-06-27,0.27,3,1,2,1,0,0.0,0.0,0.33,0.0,42877270000.0,0.0,0.47,1.07
2024-06-26,0.27,3,1,2,1,0,0.0,0.0,0.33,0.0,42877270000.0,0.0,0.47,1.07
2024-06-25,0.27,3,1,2,1,0,0.0,0.0,0.32,0.0,42877270000.0,0.0,0.47,1.06
2024-06-24,0.27,3,1,3,0,0,0.0,0.0,0.31,0.0,42877270000.0,0.0,0.47,1.05
2024-06-23,0.27,3,1,3,0,0,0.0,0.0,0.31,0.0,42877270000.0,0.0,0.47,1.05
2024-06-22,0.27,3,1,3,0,0,0.0,0.0,0.31,0.0,42877270000.0,0.0,0.47,1.05
2024-06-21,0.27,3,1,3,0,0,0.0,0.0,0.31,0.0,42877270000.0,0.0,0.47,1.05
2024-06-20,0.27,3,1,3,0,0,0.0,0.0,0.31,0.0,42877270000.0,0.0,0.47,1.05
2024-06-19,0.27,3,1,3,0,0,0.0,0.0,0.31,0.0,42877270000.0,0.0,0.47,1.05
2024-06-18,0.27,3,1,3,0,0,0.0,0.0,0.31,0.0,42877270000.0,0.0,0.47,1.05
2024-06-17,0.29,3,1,2,1,0,0.0,0.0,0.32,0.0,42877270000.0,0.0,0.47,1.08
2024-06-16,0.3,3,1,2,1,0,0.0,0.0,0.32,0.0,42877270000.0,0.0,0.47,1.0899999999999999
2024-06-15,0.3,3,1,2,1,0,0.0,0.0,0.32,0.0,42877270000.0,0.0,0.47,1.0899999999999999
2024-06-14,0.3,3,1,2,1,0,0.0,0.0,0.32,0.0,42877270000.0,0.0,0.47,1.0899999999999999
2024-06-13,0.3,3,1,2,1,0,0.0,0.0,0.32,0.0,42877270000.0,0.0,0.47,1.0899999999999999
2024-06-12,0.3,3,1,2,1,0,0.0,0.0,0.33,0.0,42877270000.0,0.0,0.47,1.1
2024-06-11,0.32,3,1,2,1,0,0.0,0.0,0.33,0.0,42877270000.0,0.0,0.47,1.12
2024-06-10,0.32,3,1,2,1,0,0.0,0.0,0.33,0.0,42877270000.0,0.0,0.47,1.12
2024-06-09,0.33,2,2,2,1,0,0.0,0.0,0.33,0.0,42877270000.0,0.0,0.47,1.13
2024-06-08,0.33,2,2,2,1,0,0.0,0.0,0.33,0.0,42877270000.0,0.0,0.47,1.13
2024-06-07,0.33,2,2,2,1,0,0.0,0.0,0.33,0.0,42877270000.0,0.0,0.47,1.13
2024-06-06,0.33,2,2,2,1,0,0.0,0.0,0.32,0.0,42877270000.0,0.0,0.47,1.12
2024-06-05,0.33,2,2,2,1,0,0.0,0.0,0.32,0.0,42877270000.0,0.0,0.47,1.12
2024-06-04,0.33,2,2,3,0,0,0.0,0.0,0.31,0.0,42877270000.0,0.0,0.47,1.1099999999999999
2024-06-03,0.33,2,2,3,0,0,0.0,0.0,0.31,0.0,42877270000.0,0.0,0.47,1.1099999999999999
2024-06-02,0.33,2,2,3,0,0,0.0,0.0,0.3,0.0,42877270000.0,0.0,0.47,1.1
2024-06-01,0.33,2,2,3,0,0,0.0,0.0,0.3,0.0,42877270000.0,0.0,0.47,1.1
2024-05-31,0.33,2,2,3,0,0,0.0,0.0,0.3,0.0,42937270000.0,0.0,0.47,1.1
2024-05-30,0.33,2,2,3,0,0,0.0,0.0,0.3,0.0,42937270000.0,0.0,0.47,1.1
2024-05-29,0.33,2,2,3,0,0,0.0,0.0,0.3,0.0,42937270000.0,0.0,0.47,1.1
2024-05-28,0.33,2,2,3,0,0,0.0,0.0,0.3,0.0,42937270000.0,0.0,0.47,1.1
2024-05-27,0.33,2,2,3,0,0,0.0,0.0,0.3,0.0,42937270000.0,0.0,0.47,1.1
2024-05-26,0.33,2,2,3,0,0,0.0,0.0,0.3,0.0,42937270000.0,0.0,0.47,1.1
2024-05-25,0.33,2,2,3,0,0,0.0,0.0,0.3,0.0,42937270000.0,0.0,0.47,1.1
2024-05-24,0.33,2,2,3,0,0,0.0,0.0,0.3,0.0,42937270000.0,0.0,0.47,1.1
2024-05-23,0.33,2,2,3,0,0,0.0,0.0,0.3,0.0,42937270000.0,0.0,0.47,1.1
2024-05-22,0.33,2,2,2,1,0,0.0,0.0,0.3,0.0,42937270000.0,0.0,0.49,1.12
2024-05-21,0.33,2,2,3,0,0,0.0,0.0,0.31,0.0,42937270000.0,0.0,0.44,1.08
2024-05-20,0.33,2,2,3,0,0,0.0,0.0,0.31,0.0,42937270000.0,0.0,0.44,1.08
2024-05-19,0.33,2,2,3,0,0,0.0,0.0,0.31,0.0,42937270000.0,0.0,0.44,1.08
2024-05-18,0.33,2,2,3,0,0,0.0,0.0,0.31,0.0,42937270000.0,0.0,0.44,1.08
2024-05-17,0.33,2,2,3,0,0,0.0,0.0,0.31,0.0,42937270000.0,0.0,0.44,1.08
2024-05-16,0.33,2,2,3,0,0,0.0,0.0,0.31,0.0,42937270000.0,0.0,0.44,1.08
2024-05-15,0.33,2,2,3,0,0,0.0,0.0,0.31,0.0,42937270000.0,0.0,0.44,1.08
2024-05-14,0.33,2,2,3,0,0,0.0,0.0,0.31,0.0,42937270000.0,0.0,0.44,1.08
2024-05-13,0.33,2,2,3,0,0,0.0,0.0,0.31,0.0,42937270000.0,0.0,0.44,1.08
2024-05-12,0.32,2,2,3,0,0,0.0,0.0,0.31,0.0,42937270000.0,0.0,0.44,1.07
2024-05-11,0.32,2,2,3,0,0,0.0,0.0,0.31,0.0,42937270000.0,0.0,0.44,1.07
2024-05-10,0.32,2,2,3,0,0,0.0,0.0,0.31,0.0,42937270000.0,0.0,0.44,1.07
2024-05-09,0.32,2,2,3,0,0,0.0,0.0,0.31,0.0,42937270000.0,0.0,0.44,1.07
2024-05-08,0.24,3,1,3,0,0,0.0,0.0,0.32,0.0,42937270000.0,0.0,0.44,1.0
2024-05-07,0.22,3,1,3,0,0,0.0,0.0,0.32,0.0,42937270000.0,0.0,0.44,0.98
2024-05-06,0.23,3,1,3,0,0,0.0,0.0,0.32,0.0,42937270000.0,0.0,0.44,0.99
2024-05-05,0.23,3,1,3,0,0,0.0,0.0,0.32,0.0,42937270000.0,0.0,0.44,0.99
2024-05-04,0.23,3,1,3,0,0,0.0,0.0,0.32,0.0,42937270000.0,0.0,0.44,0.99
2024-05-03,0.23,3,1,3,0,0,0.0,0.0,0.32,0.0,42937270000.0,0.0,0.44,0.99
2024-05-02,0.23,3,1,3,0,0,0.0,0.0,0.32,0.0,42937270000.0,0.0,0.44,0.99
2024-05-01,0.23,3,1,3,0,0,0.0,0.0,0.32,0.0,42937270000.0,0.0,0.44,0.99
2024-04-30,0.23,3,1,3,0,0,0.0,0.0,0.32,0.0,42937270000.0,0.0,0.44,0.99
2024-04-29,0.23,3,1,3,0,0,0.0,0.0,0.32,0.0,42937270000.0,0.0,0.44,0.99
2024-04-28,0.23,3,1,3,0,0,0.0,0.0,0.32,0.0,42937270000.0,0.0,0.44,0.99
2024-04-27,0.23,3,1,3,0,0,0.0,0.0,0.32,0.0,42937270000.0,0.0,0.44,0.99
2024-04-26,0.23,3,1,3,0,0,0.0,0.0,0.32,0.0,42937270000.0,0.0,0.44,0.99
2024-04-25,0.23,3,1,3,0,0,0.0,0.0,0.32,0.0,42937270000.0,0.0,0.44,0.99
2024-04-24,0.23,3,1,3,0,0,0.0,0.0,0.32,0.0,42937270000.0,0.0,0.44,0.99
2024-04-23,0.23,4,0,3,0,0,0.0,0.0,0.31,0.0,42937270000.0,0.0,0.27,0.81
2024-04-22,0.23,4,0,3,0,0,0.0,0.0,0.31,0.0,42937270000.0,0.0,0.27,0.81
2024-04-21,0.23,4,0,3,0,0,0.0,0.0,0.31,0.0,42937270000.0,0.0,0.27,0.81
2024-04-20,0.23,4,0,3,0,0,0.0,0.0,0.31,0.0,42937270000.0,0.0,0.27,0.81
2024-04-19,0.23,4,0,3,0,0,0.0,0.0,0.31,0.0,42937270000.0,0.0,0.27,0.81
2024-04-18,0.23,4,0,3,0,0,0.0,0.0,0.3,0.0,42937270000.0,0.0,0.27,0.8
2024-04-17,0.23,4,0,3,0,0,0.0,0.0,0.3,0.0,42937270000.0,0.0,0.27,0.8
2024-04-16,0.23,4,0,3,0,0,0.0,0.0,0.3,0.0,42937270000.0,0.0,0.27,0.8
2024-04-15,0.23,4,0,3,0,0,0.0,0.0,0.3,0.0,42937270000.0,0.0,0.27,0.8
2024-04-14,0.23,4,1,2,0,0,0.0,0.0,0.3,0.0,42937270000.0,0.0,0.2,0.73
2024-04-13,0.23,4,1,2,0,0,0.0,0.0,0.3,0.0,42937270000.0,0.0,0.2,0.73
2024-04-12,0.23,4,1,2,0,0,0.0,0.0,0.3,0.0,42937270000.0,0.0,0.2,0.73
2024-04-11,0.23,4,1,2,0,0,0.0,0.0,0.31,0.0,42937270000.0,0.0,0.16,0.7000000000000001
2024-04-10,0.16,5,1,1,0,0,0.0,0.0,0.3,0.0,42937270000.0,0.0,0.16,0.62
2024-04-09,0.16,5,1,1,0,0,0.0,0.0,0.3,0.0,42937270000.0,0.0,0.16,0.62
2024-04-08,0.16,5,1,1,0,0,0.0,0.0,0.3,0.0,42937270000.0,0.0,0.16,0.62
2024-04-07,0.16,5,1,1,0,0,0.0,0.0,0.3,0.0,42937270000.0,0.0,0.16,0.62
2024-04-06,0.16,5,1,1,0,0,0.0,0.0,0.3,0.0,42937270000.0,0.0,0.16,0.62
2024-04-05,0.16,5,1,1,0,0,0.0,0.0,0.3,0.0,42937270000.0,0.0,0.16,0.62
2024-04-04,0.16,6,0,1,0,0,0.0,0.0,0.26,0.0,42937270000.0,0.0,0.16,0.5800000000000001
2024-04-03,0.16,5,1,1,0,0,0.0,0.0,0.26,0.0,42937270000.0,0.0,0.16,0.5800000000000001
2024-04-02,0.16,5,1,1,0,0,0.0,0.0,0.26,0.0,42937270000.0,0.0,0.16,0.5800000000000001
2024-04-01,0.16,4,2,1,0,0,0.0,0.0,0.26,0.0,42937270000.0,0.0,0.16,0.5800000000000001
2024-03-31,0.17,4,2,1,0,0,0.0,0.0,0.26,0.0,67967270000.0,0.0,0.16,0.5900000000000001
2024-03-30,0.17,4,2,1,0,0,0.0,0.0,0.26,0.0,67967270000.0,0.0,0.16,0.5900000000000001
2024-03-29,0.17,4,2,1,0,0,0.0,0.0,0.26,0.0,67967270000.0,0.0,0.16,0.5900000000000001
2024-03-28,0.17,4,2,1,0,0,0.0,0.0,0.26,0.0,67967270000.0,0.0,0.16,0.5900000000000001
2024-03-27,0.0,4,3,0,0,0,0.0,0.0,0.26,0.0,67967270000.0,0.0,0.16,0.42000000000000004
2024-03-26,0.0,4,3,0,0,0,0.0,0.0,0.26,0.0,67967270000.0,0.0,0.16,0.42000000000000004
2024-03-25,0.0,4,3,0,0,0,0.0,0.0,0.27,0.0,67967270000.0,0.0,0.16,0.43000000000000005
2024-03-24,0.0,4,3,0,0,0,0.0,0.0,0.27,0.0,67967270000.0,0.0,0.16,0.43000000000000005
2024-03-23,0.0,4,3,0,0,0,0.0,0.0,0.27,0.0,67967270000.0,0.0,0.16,0.43000000000000005
2024-03-22,0.0,4,3,0,0,0,0.0,0.0,0.27,0.0,67967270000.0,0.0,0.16,0.43000000000000005
2024-03-21,0.0,4,3,0,0,0,0.0,0.0,0.27,0.0,67967270000.0,0.0,0.16,0.43000000000000005
2024-03-20,0.0,4,3,0,0,0,0.0,0.0,0.27,0.0,67967270000.0,0.0,0.16,0.43000000000000005
2024-03-19,0.0,4,3,0,0,0,0.0,0.0,0.27,0.0,67967270000.0,0.0,0.16,0.43000000000000005
2024-03-18,0.0,4,3,0,0,0,0.0,0.0,0.27,0.0,67967270000.0,0.0,0.16,0.43000000000000005
2024-03-17,0.0,5,2,0,0,0,0.0,0.0,0.27,0.0,67967270000.0,0.0,0.16,0.43000000000000005
2024-03-16,0.0,5,2,0,0,0,0.0,0.0,0.27,0.0,67967270000.0,0.0,0.16,0.43000000000000005
2024-03-15,0.0,5,2,0,0,0,0.0,0.0,0.27,0.0,67967270000.0,0.0,0.16,0.43000000000000005
2024-03-14,0.0,4,2,1,0,0,0.0,0.0,0.3,0.0,67967270000.0,0.0,0.16,0.45999999999999996
2024-03-13,0.0,4,2,1,0,0,0.0,0.0,0.3,0.0,67967270000.0,0.0,0.16,0.45999999999999996
2024-03-12,0.0,4,2,1,0,0,0.0,0.0,0.3,0.0,67967270000.0,0.0,0.16,0.45999999999999996
2024-03-11,0.0,4,2,1,0,0,0.0,0.0,0.29,0.0,67967270000.0,0.0,0.16,0.44999999999999996
2024-03-10,0.0,4,2,1,0,0,0.0,0.0,0.3,0.0,67967270000.0,0.0,0.16,0.45999999999999996
2024-03-09,0.0,4,2,1,0,0,0.0,0.0,0.3,0.0,67967270000.0,0.0,0.16,0.45999999999999996
2024-03-08,0.0,4,2,1,0,0,0.0,0.0,0.3,0.0,67967270000.0,0.0,0.16,0.45999999999999996
2024-03-07,0.0,4,2,1,0,0,0.0,0.0,0.3,0.0,67967270000.0,0.0,0.16,0.45999999999999996
2024-03-06,0.0,5,1,1,0,0,0.0,0.0,0.27,0.0,67967270000.0,0.0,0.16,0.43000000000000005
2024-03-05,0.0,5,1,1,0,0,0.0,0.0,0.27,0.0,67967270000.0,0.0,0.16,0.43000000000000005
2024-03-04,0.0,4,2,1,0,0,0.0,0.0,0.31,0.0,67967270000.0,0.0,0.16,0.47
2024-03-03,0.0,4,2,1,0,0,0.0,0.0,0.31,0.0,67967270000.0,0.0,0.16,0.47
2024-03-02,0.0,4,2,1,0,0,0.0,0.0,0.31,0.0,67967270000.0,0.0,0.16,0.47
2024-03-01,0.0,4,2,1,0,0,0.0,0.0,0.31,0.0,67967270000.0,0.0,0.16,0.47
2024-02-29,0.0,4,2,1,0,0,0.0,0.0,0.32,0.0,68077270000.0,0.0,0.16,0.48
2024-02-28,0.0,4,2,1,0,0,0.0,0.0,0.32,0.0,68077270000.0,0.0,0.16,0.48
2024-02-27,0.0,4,2,1,0,0,0.0,0.0,0.32,0.0,68077270000.0,0.0,0.16,0.48
2024-02-26,0.0,4,1,2,0,0,0.0,0.0,0.34,0.0,68077270000.0,0.0,0.18,0.52
2024-02-25,0.0,4,1,2,0,0,0.0,0.0,0.34,0.0,68077270000.0,0.0,0.18,0.52
2024-02-24,0.0,4,1,2,0,0,0.0,0.0,0.34,0.0,68077270000.0,0.0,0.18,0.52
2024-02-23,0.0,4,1,2,0,0,0.0,0.0,0.34,0.0,68077270000.0,0.0,0.18,0.52
2024-02-22,0.0,4,1,2,0,0,0.0,0.0,0.34,0.0,68077270000.0,0.0,0.18,0.52
2024-02-21,0.0,4,1,2,0,0,0.0,0.0,0.34,0.0,68077270000.0,0.0,0.18,0.52
2024-02-20,0.0,4,1,2,0,0,0.0,0.0,0.34,0.0,68077270000.0,0.0,0.18,0.52
2024-02-19,0.0,4,1,2,0,0,0.0,0.0,0.34,0.0,68077270000.0,0.0,0.18,0.52
2024-02-18,0.0,5,0,2,0,0,0.0,0.0,0.26,0.0,68077270000.0,0.0,0.18,0.44
2024-02-17,0.0,5,0,2,0,0,0.0,0.0,0.26,0.0,68077270000.0,0.0,0.18,0.44
2024-02-16,0.0,5,0,2,0,0,0.0,0.0,0.26,0.0,68077270000.0,0.0,0.18,0.44
2024-02-15,0.0,5,0,2,0,0,0.0,0.0,0.28,0.0,68077270000.0,0.0,0.18,0.46
2024-02-14,0.0,5,0,2,0,0,0.0,0.0,0.28,0.0,68077270000.0,0.0,0.18,0.46
2024-02-13,0.0,5,0,2,0,0,0.0,0.0,0.28,0.0,68077270000.0,0.0,0.18,0.46
2024-02-12,0.0,5,0,2,0,0,0.0,0.0,0.28,0.0,68077270000.0,0.0,0.18,0.46
2024-02-11,0.0,5,0,2,0,0,0.0,0.0,0.3,0.0,68077270000.0,0.0,0.18,0.48
2024-02-10,0.0,5,0,2,0,0,0.0,0.0,0.3,0.0,68077270000.0,0.0,0.18,0.48
2024-02-09,0.0,5,0,2,0,0,0.0,0.0,0.3,0.0,68077270000.0,0.0,0.18,0.48
2024-02-08,0.0,6,0,1,0,0,0.0,0.0,0.07,0.0,68077270000.0,0.0,0.18,0.25
2024-02-07,0.0,6,0,1,0,0,0.0,0.0,0.07,0.0,68077270000.0,0.0,0.18,0.25
2024-02-06,0.0,6,0,1,0,0,0.0,0.0,0.07,0.0,68077270000.0,0.0,0.18,0.25
2024-02-05,0.0,6,0,0,1,0,0.0,0.02,0.07,0.0,68077270000.0,0.0,0.18,0.27
2024-02-04,0.0,6,0,0,1,0,0.0,0.02,0.07,0.0,68077270000.0,0.0,0.18,0.27
2024-02-03,0.0,6,0,0,1,0,0.0,0.02,0.07,0.0,68077270000.0,0.0,0.18,0.27
2024-02-02,0.0,6,0,0,1,0,0.0,0.02,0.07,0.0,68077270000.0,0.0,0.18,0.27
2024-02-01,0.0,6,0,0,1,0,0.0,0.02,0.07,0.0,68077270000.0,0.0,0.18,0.27
2024-01-31,0.0,6,0,0,1,0,0.0,0.02,0.07,0.0,68077270000.0,0.0,0.18,0.27
2024-01-30,0.0,6,0,0,1,0,0.0,0.02,0.07,0.0,68077270000.0,0.0,0.18,0.27
2024-01-29,0.0,6,0,0,1,0,0.0,0.02,0.07,0.0,68077270000.0,0.0,0.18,0.27
2024-01-28,0.0,6,0,0,1,0,0.0,0.02,0.07,0.0,68077270000.0,0.0,0.18,0.27
2024-01-27,0.0,6,0,0,1,0,0.0,0.02,0.07,0.0,68077270000.0,0.0,0.18,0.27
2024-01-26,0.0,6,0,0,1,0,0.0,0.02,0.07,0.0,68077270000.0,0.0,0.18,0.27
2024-01-25,0.0,5,1,0,1,0,0.0,0.02,0.07,0.0,68077270000.0,0.0,0.19,0.28
2024-01-24,0.0,6,0,0,1,0,0.0,0.02,0.07,0.0,68077270000.0,0.0,0.18,0.27
2024-01-23,0.0,6,0,0,1,0,0.0,0.02,0.07,0.0,68077270000.0,0.0,0.18,0.27
2024-01-22,0.0,6,0,0,1,0,0.0,0.02,0.07,0.0,68077270000.0,0.0,0.18,0.27
2024-01-21,0.0,6,0,0,1,0,0.0,0.02,0.07,0.0,68077270000.0,0.0,0.18,0.27
2024-01-20,0.0,6,0,0,1,0,0.0,0.02,0.07,0.0,68077270000.0,0.0,0.18,0.27
2024-01-19,0.0,6,0,0,1,0,0.0,0.02,0.07,0.0,68077270000.0,0.0,0.18,0.27
2024-01-18,0.0,6,0,0,1,0,0.0,0.02,0.07,0.0,68077270000.0,0.0,0.18,0.27
2024-01-17,0.0,6,0,0,1,0,0.0,0.02,0.07,0.0,68077270000.0,0.0,0.18,0.27
2024-01-16,0.0,6,0,0,1,0,0.0,0.02,0.07,0.0,68077270000.0,0.0,0.18,0.27
2024-01-15,0.0,6,0,0,1,0,0.0,0.02,0.07,0.0,68077270000.0,0.0,0.18,0.27
2024-01-14,0.0,6,0,0,1,0,0.0,0.02,0.07,0.0,68077270000.0,0.0,0.18,0.27
2024-01-13,0.0,6,0,0,1,0,0.0,0.02,0.07,0.0,68077270000.0,0.0,0.18,0.27
2024-01-12,0.0,6,0,0,1,0,0.0,0.02,0.07,0.0,68077270000.0,0.0,0.18,0.27
2024-01-11,0.0,6,0,0,1,0,0.0,0.02,0.07,0.0,68077270000.0,0.0,0.18,0.27
2024-01-10,0.0,6,0,0,1,0,0.0,0.02,0.07,0.0,68077270000.0,0.0,0.18,0.27
2024-01-09,0.0,6,0,0,1,0,0.0,0.02,0.07,0.0,68077270000.0,0.0,0.18,0.27
2024-01-08,0.0,6,0,0,1,0,0.0,0.02,0.07,0.0,68077270000.0,0.0,0.18,0.27
2024-01-07,0.0,6,0,0,1,0,0.0,0.02,0.07,0.0,68077270000.0,0.0,0.18,0.27
2024-01-06,0.0,6,0,0,1,0,0.0,0.02,0.07,0.0,68077270000.0,0.0,0.18,0.27
2024-01-05,0.0,6,0,0,1,0,0.0,0.02,0.07,0.0,68077270000.0,0.0,0.18,0.27
2024-01-04,0.0,6,0,0,1,0,0.0,0.02,0.07,0.0,68077270000.0,0.0,0.18,0.27
2024-01-03,0.0,6,0,0,1,0,0.0,0.02,0.07,0.0,68077270000.0,0.0,0.18,0.27
2024-01-02,0.0,6,0,0,1,0,0.0,0.02,0.07,0.0,68077270000.0,0.0,0.18,0.27
2024-01-01,0.0,6,0,0,1,0,0.0,0.02,0.09,0.0,68077270000.0,0.0,0.18,0.29
2023-12-31,0.0,6,0,0,1,0,0.0,0.03,0.1,0.0,65657270000.0,0.0,0.19,0.32
2023-12-30,0.0,6,0,0,1,0,0.0,0.03,0.1,0.0,65657270000.0,0.0,0.19,0.32
2023-12-29,0.0,6,0,0,1,0,0.0,0.03,0.1,0.0,65657270000.0,0.0,0.19,0.32
2023-12-28,0.0,6,0,0,1,0,0.0,0.03,0.1,0.0,65657270000.0,0.0,0.19,0.32
2023-12-27,0.0,6,0,0,1,0,0.0,0.03,0.1,0.0,65657270000.0,0.0,0.19,0.32
2023-12-26,0.0,6,0,0,1,0,0.0,0.03,0.1,0.0,65657270000.0,0.0,0.19,0.32
2023-12-25,0.0,6,0,0,1,0,0.0,0.03,0.1,0.0,65657270000.0,0.0,0.19,0.32
2023-12-24,0.0,6,0,0,1,0,0.0,0.03,0.1,0.0,65657270000.0,0.0,0.19,0.32
2023-12-23,0.0,6,0,0,1,0,0.0,0.03,0.1,0.0,65657270000.0,0.0,0.19,0.32
2023-12-22,0.0,6,0,0,1,0,0.0,0.03,0.1,0.0,65657270000.0,0.0,0.19,0.32
2023-12-21,0.0,6,0,0,1,0,0.0,0.03,0.1,0.0,65657270000.0,0.0,0.19,0.32
2023-12-20,0.0,6,0,0,1,0,0.0,0.03,0.1,0.0,65657270000.0,0.0,0.19,0.32
2023-12-19,0.0,6,0,0,1,0,0.0,0.03,0.1,0.0,65657270000.0,0.0,0.19,0.32
2023-12-18,0.0,6,0,0,1,0,0.0,0.03,0.1,0.0,65657270000.0,0.0,0.19,0.32
2023-12-17,0.0,6,0,0,1,0,0.0,0.03,0.1,0.0,65657270000.0,0.0,0.19,0.32
2023-12-16,0.0,6,0,0,1,0,0.0,0.03,0.1,0.0,65657270000.0,0.0,0.19,0.32
2023-12-15,0.0,6,0,0,1,0,0.0,0.03,0.1,0.0,65657270000.0,0.0,0.19,0.32
2023-12-14,0.0,6,0,0,1,0,0.0,0.03,0.1,0.0,65657270000.0,0.0,0.19,0.32
2023-12-13,0.0,6,0,0,1,0,0.0,0.03,0.1,0.0,65657270000.0,0.0,0.19,0.32
2023-12-12,0.0,6,0,0,1,0,0.0,0.03,0.1,0.0,65657270000.0,0.0,0.19,0.32
2023-12-11,0.0,6,0,0,1,0,0.0,0.03,0.1,0.0,65657270000.0,0.0,0.19,0.32
2023-12-10,0.0,6,0,0,1,0,0.0,0.03,0.1,0.0,65657270000.0,0.0,0.19,0.32
2023-12-09,0.0,6,0,0,1,0,0.0,0.03,0.1,0.0,65657270000.0,0.0,0.19,0.32
2023-12-08,0.0,6,0,0,1,0,0.0,0.03,0.1,0.0,65657270000.0,0.0,0.19,0.32
2023-12-07,0.0,6,0,0,1,0,0.0,0.03,0.13,0.0,65657270000.0,0.0,0.19,0.35
2023-12-06,0.0,6,0,0,1,0,0.0,0.03,0.13,0.0,65657270000.0,0.0,0.19,0.35
2023-12-05,0.0,6,0,0,1,0,0.0,0.03,0.13,0.0,65657270000.0,0.0,0.19,0.35
2023-12-04,0.0,6,0,0,1,0,0.0,0.03,0.13,0.0,65657270000.0,0.0,0.19,0.35
2023-12-03,0.0,6,0,0,1,0,0.0,0.03,0.13,0.0,65657270000.0,0.0,0.19,0.35
2023-12-02,0.0,6,0,0,1,0,0.0,0.03,0.13,0.0,65657270000.0,0.0,0.19,0.35
2023-12-01,0.0,6,0,0,1,0,0.0,0.03,0.13,0.0,65657270000.0,0.0,0.19,0.35
2023-11-30,0.0,6,0,0,1,0,0.0,0.03,0.13,0.0,65657270000.0,0.0,0.19,0.35
2023-11-29,0.0,6,0,0,1,0,0.0,0.03,0.13,0.0,65657270000.0,0.0,0.19,0.35
2023-11-28,0.0,6,0,0,1,0,0.0,0.03,0.13,0.0,65657270000.0,0.0,0.19,0.35
2023-11-27,0.0,6,0,0,1,0,0.0,0.03,0.13,0.0,65657270000.0,0.0,0.19,0.35
2023-11-26,0.0,6,0,0,1,0,0.0,0.03,0.13,0.0,65657270000.0,0.0,0.19,0.35
2023-11-25,0.0,6,0,0,1,0,0.0,0.03,0.13,0.0,65657270000.0,0.0,0.19,0.35
2023-11-24,0.0,6,0,0,1,0,0.0,0.03,0.13,0.0,65657270000.0,0.0,0.19,0.35
2023-11-23,0.0,6,0,0,1,0,0.0,0.03,0.13,0.0,65657270000.0,0.0,0.19,0.35
2023-11-22,0.0,6,0,0,1,0,0.0,0.03,0.13,0.0,65657270000.0,0.0,0.19,0.35
2023-11-21,0.0,6,0,0,1,0,0.0,0.03,0.13,0.0,65657270000.0,0.0,0.19,0.35
2023-11-20,0.0,6,0,0,1,0,0.0,0.03,0.13,0.0,65657270000.0,0.0,0.38,0.54
2023-11-19,0.0,6,0,0,1,0,0.0,0.03,0.13,0.0,65657270000.0,0.0,0.38,0.54
2023-11-18,0.0,6,0,0,1,0,0.0,0.03,0.13,0.0,65657270000.0,0.0,0.38,0.54
2023-11-17,0.0,6,0,0,1,0,0.0,0.03,0.13,0.0,65657270000.0,0.0,0.38,0.54
2023-11-16,0.0,6,0,0,1,0,0.0,0.03,0.13,0.0,65657270000.0,0.0,0.38,0.54
2023-11-15,0.0,5,1,0,1,0,0.0,0.03,0.13,0.0,65657270000.0,0.0,0.39,0.55
2023-11-14,0.0,5,1,0,1,0,0.0,0.03,0.13,0.0,65657270000.0,0.0,0.39,0.55
2023-11-13,0.0,5,1,0,1,0,0.0,0.03,0.13,0.0,65657270000.0,0.0,0.39,0.55
2023-11-12,0.0,5,1,0,1,0,0.0,0.03,0.13,0.0,65657270000.0,0.0,0.39,0.55
2023-11-11,0.0,5,1,0,1,0,0.0,0.03,0.13,0.0,65657270000.0,0.0,0.39,0.55
2023-11-10,0.0,5,1,0,1,0,0.0,0.03,0.13,0.0,65657270000.0,0.0,0.39,0.55
2023-11-09,0.0,5,1,0,1,0,0.0,0.03,0.13,0.0,65657270000.0,0.0,0.39,0.55
2023-11-08,0.0,5,1,0,1,0,0.0,0.03,0.13,0.0,65657270000.0,0.0,0.39,0.55
2023-11-07,0.0,5,1,0,1,0,0.0,0.03,0.13,0.0,65657270000.0,0.0,0.39,0.55
2023-11-06,0.0,5,1,0,1,0,0.0,0.03,0.13,0.0,65657270000.0,0.0,0.39,0.55
2023-11-05,0.0,5,1,0,1,0,0.0,0.03,0.13,0.0,65657270000.0,0.0,0.39,0.55
2023-11-04,0.0,5,1,0,1,0,0.0,0.03,0.13,0.0,65657270000.0,0.0,0.39,0.55
2023-11-03,0.0,5,1,0,1,0,0.0,0.03,0.13,0.0,65657270000.0,0.0,0.39,0.55
2023-11-02,0.0,6,0,0,1,0,0.0,0.03,0.14,0.0,65657270000.0,0.0,0.19,0.36
2023-11-01,0.0,6,0,0,1,0,0.0,0.03,0.14,0.0,65657270000.0,0.0,0.19,0.36
2023-10-31,0.0,6,0,0,1,0,0.0,0.03,0.14,0.0,65657270000.0,0.0,0.19,0.36
2023-10-30,0.0,6,0,0,1,0,0.0,0.03,0.14,0.0,65657270000.0,0.0,0.19,0.36
2023-10-29,0.0,6,0,0,1,0,0.0,0.03,0.15,0.0,65657270000.0,0.0,0.19,0.37
2023-10-28,0.0,6,0,0,1,0,0.0,0.03,0.15,0.0,65657270000.0,0.0,0.19,0.37
2023-10-27,0.0,6,0,0,1,0,0.0,0.03,0.15,0.0,65657270000.0,0.0,0.19,0.37
2023-10-26,0.0,6,0,0,1,0,0.0,0.03,0.15,0.0,65657270000.0,0.0,0.19,0.37
2023-10-25,0.0,5,1,0,1,0,0.0,0.03,0.14,0.0,65657270000.0,0.0,0.19,0.36
2023-10-24,0.0,5,1,0,1,0,0.0,0.03,0.12,0.0,65657270000.0,0.0,0.19,0.33999999999999997
2023-10-23,0.0,5,1,0,1,0,0.0,0.03,0.12,0.0,65657270000.0,0.0,0.19,0.33999999999999997
2023-10-22,0.0,6,0,0,1,0,0.0,0.03,0.12,0.0,65657270000.0,0.0,0.19,0.33999999999999997
2023-10-21,0.0,6,0,0,1,0,0.0,0.03,0.12,0.0,65657270000.0,0.0,0.19,0.33999999999999997
2023-10-20,0.0,6,0,0,1,0,0.0,0.03,0.12,0.0,65657270000.0,0.0,0.19,0.33999999999999997
2023-10-19,0.0,6,0,0,1,0,0.0,0.03,0.12,0.0,65657270000.0,0.0,0.19,0.33999999999999997
2023-10-18,0.0,6,0,0,1,0,0.0,0.03,0.12,0.0,65657270000.0,0.0,0.19,0.33999999999999997
2023-10-17,0.0,6,0,0,1,0,0.0,0.03,0.12,0.0,65657270000.0,0.0,0.19,0.33999999999999997
2023-10-16,0.0,6,0,0,1,0,0.0,0.03,0.12,0.0,65657270000.0,0.0,0.16,0.31
2023-10-15,0.0,6,0,0,1,0,0.0,0.03,0.12,0.0,65657270000.0,0.0,0.16,0.31
2023-10-14,0.0,6,0,0,1,0,0.0,0.03,0.12,0.0,65657270000.0,0.0,0.16,0.31
2023-10-13,0.0,6,0,0,1,0,0.0,0.03,0.12,0.0,65657270000.0,0.0,0.16,0.31
2023-10-12,0.0,5,1,0,1,0,0.0,0.03,0.09,0.0,65657270000.0,0.0,0.16,0.28
2023-10-11,0.0,5,1,0,1,0,0.0,0.03,0.09,0.0,65657270000.0,0.0,0.16,0.28
2023-10-10,0.0,6,0,0,1,0,0.0,0.03,0.09,0.0,65657270000.0,0.0,0.16,0.28
2023-10-09,0.0,6,0,0,1,0,0.0,0.03,0.09,0.0,65657270000.0,0.0,0.16,0.28
2023-10-08,0.0,5,1,0,1,0,0.0,0.03,0.09,0.0,65657270000.0,0.0,0.17,0.29000000000000004
2023-10-07,0.0,5,1,0,1,0,0.0,0.03,0.09,0.0,65657270000.0,0.0,0.17,0.29000000000000004
2023-10-06,0.0,5,1,0,1,0,0.0,0.03,0.09,0.0,65657270000.0,0.0,0.17,0.29000000000000004
2023-10-05,0.0,6,0,0,1,0,0.0,0.03,0.09,0.0,65657270000.0,0.0,0.0,0.12
2023-10-04,0.0,6,0,0,1,0,0.0,0.03,0.09,0.0,65657270000.0,0.0,0.0,0.12
2023-10-03,0.0,6,0,0,1,0,0.0,0.03,0.09,0.0,65657270000.0,0.0,0.0,0.12
2023-10-02,0.0,6,0,0,1,0,0.0,0.03,0.09,0.0,65657270000.0,0.0,0.0,0.12
2023-10-01,0.0,6,0,0,1,0,0.0,0.03,0.09,0.0,65657270000.0,0.0,0.0,0.12
2023-09-30,0.0,6,0,0,1,0,0.0,0.03,0.09,0.0,65657270000.0,0.0,0.0,0.12
2023-09-29,0.0,6,0,0,1,0,0.0,0.03,0.09,0.0,65657270000.0,0.0,0.0,0.12
2023-09-28,0.0,6,0,1,0,0,0.0,0.03,0.08,0.0,65657270000.0,0.0,0.0,0.11
2023-09-27,0.0,6,0,1,0,0,0.0,0.03,0.08,0.0,65657270000.0,0.0,0.0,0.11
2023-09-26,0.0,6,0,1,0,0,0.0,0.03,0.08,0.0,65657270000.0,0.0,0.0,0.11
2023-09-25,0.0,6,0,1,0,0,0.0,0.03,0.08,0.0,65657270000.0,0.0,0.0,0.11
2023-09-24,0.0,6,0,1,0,0,0.0,0.03,0.08,0.0,65657270000.0,0.0,0.0,0.11
2023-09-23,0.0,6,0,1,0,0,0.0,0.03,0.08,0.0,65657270000.0,0.0,0.0,0.11
2023-09-22,0.0,6,0,1,0,0,0.0,0.03,0.08,0.0,65657270000.0,0.0,0.0,0.11
2023-09-21,0.0,6,0,1,0,0,0.0,0.03,0.08,0.0,65657270000.0,0.0,0.0,0.11
2023-09-20,0.0,6,0,1,0,0,0.0,0.0,0.08,0.0,65657270000.0,0.0,0.0,0.08
2023-09-19,0.0,6,0,1,0,0,0.0,0.0,0.08,0.0,65657270000.0,0.0,0.0,0.08
2023-09-18,0.0,6,0,1,0,0,0.0,0.0,0.08,0.0,65657270000.0,0.0,0.0,0.08
2023-09-17,0.0,6,1,0,0,0,0.0,0.0,0.05,0.0,65657270000.0,0.0,0.0,0.05
2023-09-16,0.0,6,1,0,0,0,0.0,0.0,0.05,0.0,65657270000.0,0.0,0.0,0.05
2023-09-15,0.0,6,1,0,0,0,0.0,0.0,0.05,0.0,65657270000.0,0.0,0.0,0.05
2023-09-14,0.0,6,1,0,0,0,0.0,0.0,0.05,0.0,65657270000.0,0.0,0.0,0.05
2023-09-13,0.0,6,1,0,0,0,0.0,0.0,0.05,0.0,65657270000.0,0.0,0.0,0.05
2023-09-12,0.0,6,1,0,0,0,0.0,0.0,0.05,0.0,65657270000.0,0.0,0.0,0.05
2023-09-11,0.0,6,1,0,0,0,0.0,0.0,0.05,0.0,65657270000.0,0.0,0.0,0.05
2023-09-10,0.0,6,1,0,0,0,0.0,0.0,0.05,0.0,65657270000.0,0.0,0.0,0.05
2023-09-09,0.0,6,1,0,0,0,0.0,0.0,0.05,0.0,65657270000.0,0.0,0.0,0.05
2023-09-08,0.0,6,1,0,0,0,0.0,0.0,0.05,0.0,65657270000.0,0.0,0.0,0.05
2023-09-07,0.0,6,1,0,0,0,0.0,0.0,0.05,0.0,65657270000.0,0.0,0.0,0.05
2023-09-06,0.0,6,1,0,0,0,0.0,0.0,0.05,0.0,65657270000.0,0.0,0.0,0.05
2023-09-05,0.0,6,1,0,0,0,0.0,0.0,0.05,0.0,65657270000.0,0.0,0.0,0.05
2023-09-04,0.0,6,1,0,0,0,0.0,0.0,0.05,0.0,65657270000.0,0.0,0.0,0.05
2023-09-03,0.0,6,1,0,0,0,0.0,0.0,0.05,0.0,65657270000.0,0.0,0.0,0.05
2023-09-02,0.0,6,1,0,0,0,0.0,0.0,0.05,0.0,65657270000.0,0.0,0.0,0.05
2023-09-01,0.0,6,1,0,0,0,0.0,0.0,0.05,0.0,65657270000.0,0.0,0.0,0.05
2023-08-31,0.0,6,0,1,0,0,0.0,0.0,0.06,0.0,65657270000.0,0.0,0.0,0.06
2023-08-30,0.0,6,0,1,0,0,0.0,0.0,0.06,0.0,65657270000.0,0.0,0.0,0.06
2023-08-29,0.0,6,0,1,0,0,0.0,0.0,0.06,0.0,65657270000.0,0.0,0.0,0.06
2023-08-28,0.0,6,0,1,0,0,0.0,0.0,0.06,0.0,65657270000.0,0.0,0.0,0.06
2023-08-27,0.0,6,0,1,0,0,0.0,0.0,0.06,0.0,65657270000.0,0.0,0.0,0.06
2023-08-26,0.0,6,0,1,0,0,0.0,0.0,0.06,0.0,65657270000.0,0.0,0.0,0.06
2023-08-25,0.0,6,0,1,0,0,0.0,0.0,0.06,0.0,65657270000.0,0.0,0.0,0.06
2023-08-24,0.0,6,0,1,0,0,0.0,0.0,0.06,0.0,65657270000.0,0.0,0.0,0.06
2023-08-23,0.0,6,0,1,0,0,0.0,0.0,0.06,0.0,65657270000.0,0.0,0.0,0.06
2023-08-22,0.0,6,0,1,0,0,0.0,0.0,0.06,0.0,65657270000.0,0.0,0.0,0.06
2023-08-21,0.0,6,0,1,0,0,0.0,0.0,0.06,0.0,65657270000.0,0.0,0.0,0.06
2023-08-20,0.0,6,0,1,0,0,0.0,0.0,0.06,0.0,65657270000.0,0.0,0.0,0.06
2023-08-19,0.0,6,0,1,0,0,0.0,0.0,0.06,0.0,65657270000.0,0.0,0.0,0.06
2023-08-18,0.0,6,0,1,0,0,0.0,0.0,0.06,0.0,65657270000.0,0.0,0.0,0.06
2023-08-17,0.0,6,0,1,0,0,0.0,0.0,0.06,0.0,65657270000.0,0.0,0.0,0.06
2023-08-16,0.0,6,0,1,0,0,0.0,0.0,0.06,0.0,65657270000.0,0.0,0.0,0.06
2023-08-15,0.0,6,0,1,0,0,0.0,0.0,0.06,0.0,65657270000.0,0.0,0.0,0.06
2023-08-14,0.0,6,0,1,0,0,0.0,0.0,0.06,0.0,65657270000.0,0.0,0.0,0.06
2023-08-13,0.0,6,0,1,0,0,0.0,0.0,0.06,0.0,65657270000.0,0.0,0.0,0.06
2023-08-12,0.0,6,0,1,0,0,0.0,0.0,0.06,0.0,65657270000.0,0.0,0.0,0.06
2023-08-11,0.0,6,0,1,0,0,0.0,0.0,0.06,0.0,65657270000.0,0.0,0.0,0.06
2023-08-10,0.0,6,0,1,0,0,0.0,0.0,0.06,0.0,65657270000.0,0.0,0.0,0.06
2023-08-09,0.0,6,0,1,0,0,0.0,0.0,0.07,0.0,65657270000.0,0.0,0.0,0.07
2023-08-08,0.0,6,0,1,0,0,0.0,0.0,0.08,0.0,65657270000.0,0.0,0.0,0.08
2023-08-07,0.0,6,0,1,0,0,0.0,0.0,0.09,0.0,65657270000.0,0.0,0.0,0.09
2023-08-06,0.0,6,0,1,0,0,0.0,0.0,0.09,0.0,65657270000.0,0.0,0.0,0.09
2023-08-05,0.0,6,0,1,0,0,0.0,0.0,0.09,0.0,65657270000.0,0.0,0.0,0.09
2023-08-04,0.0,6,0,1,0,0,0.0,0.0,0.09,0.0,65657270000.0,0.0,0.0,0.09
2023-08-03,0.03,6,0,0,1,0,0.0,0.0,0.09,0.0,65657270000.0,0.0,0.0,0.12
2023-08-02,0.03,6,0,0,1,0,0.0,0.0,0.09,0.0,65657270000.0,0.0,0.0,0.12
2023-08-01,0.03,6,0,0,1,0,0.0,0.0,0.1,0.0,65657270000.0,0.0,0.0,0.13
2023-07-31,0.03,6,0,0,1,0,0.0,0.0,0.1,0.0,65657270000.0,0.0,0.0,0.13
2023-07-30,0.03,6,0,0,1,0,0.0,0.0,0.1,0.0,65657270000.0,0.0,0.0,0.13
2023-07-29,0.03,6,0,0,1,0,0.0,0.0,0.1,0.0,65657270000.0,0.0,0.0,0.13
2023-07-28,0.03,6,0,0,1,0,0.0,0.0,0.13,0.0,65657270000.0,0.0,0.0,0.16
2023-07-27,0.03,6,0,0,1,0,0.0,0.0,0.13,0.0,65657270000.0,0.0,0.0,0.16
2023-07-26,0.03,6,0,0,1,0,0.0,0.0,0.13,0.0,65657270000.0,0.0,0.0,0.16
2023-07-25,0.03,6,0,0,1,0,0.0,0.0,0.13,0.0,65657270000.0,0.0,0.0,0.16
2023-07-24,0.03,6,0,0,1,0,0.0,0.0,0.13,0.0,65657270000.0,0.0,0.0,0.16
2023-07-23,0.03,6,0,0,1,0,0.0,0.0,0.13,0.0,65657270000.0,0.0,0.0,0.16
2023-07-22,0.03,6,0,0,1,0,0.0,0.0,0.13,0.0,65657270000.0,0.0,0.0,0.16
2023-07-21,0.03,6,0,0,1,0,0.0,0.0,0.13,0.0,65657270000.0,0.0,0.0,0.16
2023-07-20,0.03,6,0,0,1,0,0.0,0.0,0.13,0.0,65657270000.0,0.0,0.0,0.16
2023-07-19,0.03,6,0,0,1,0,0.0,0.0,0.13,0.0,65657270000.0,0.0,0.0,0.16
2023-07-18,0.03,6,0,0,1,0,0.0,0.0,0.13,0.0,65657270000.0,0.0,0.0,0.16
2023-07-17,0.03,6,0,0,1,0,0.0,0.0,0.13,0.0,65657270000.0,0.0,0.0,0.16
2023-07-16,0.03,6,0,0,1,0,0.0,0.0,0.13,0.0,65657270000.0,0.0,0.0,0.16
2023-07-15,0.03,6,0,0,1,0,0.0,0.0,0.13,0.0,65657270000.0,0.0,0.0,0.16
2023-07-14,0.03,6,0,0,1,0,0.0,0.0,0.13,0.0,65657270000.0,0.0,0.0,0.16
2023-07-13,0.03,6,0,0,1,0,0.0,0.0,0.13,0.0,65657270000.0,0.0,0.0,0.16
2023-07-12,0.03,6,0,0,1,0,0.0,0.0,0.13,0.0,65657270000.0,0.0,0.0,0.16
2023-07-11,0.03,6,0,0,1,0,0.0,0.0,0.13,0.0,65657270000.0,0.0,0.0,0.16
2023-07-10,0.03,6,0,0,1,0,0.0,0.0,0.13,0.0,65657270000.0,0.0,0.0,0.16
2023-07-09,0.03,6,0,0,1,0,0.0,0.0,0.15,0.0,65657270000.0,0.0,0.0,0.18
2023-07-08,0.03,6,0,0,1,0,0.0,0.0,0.15,0.0,65657270000.0,0.0,0.0,0.18
2023-07-07,0.03,6,0,0,1,0,0.0,0.0,0.15,0.0,65657270000.0,0.0,0.0,0.18
2023-07-06,0.03,6,0,0,1,0,0.0,0.0,0.15,0.0,65657270000.0,0.0,0.0,0.18
2023-07-05,0.03,6,0,0,1,0,0.0,0.0,0.16,0.0,65657270000.0,0.0,0.0,0.19
2023-07-04,0.03,6,0,0,1,0,0.0,0.0,0.16,0.0,65657270000.0,0.0,0.0,0.19
2023-07-03,0.03,6,0,0,1,0,0.0,0.0,0.16,0.0,65657270000.0,0.0,0.0,0.19
2023-07-02,0.03,6,0,0,1,0,0.0,0.0,0.16,0.0,65657270000.0,0.0,0.0,0.19
2023-07-01,0.03,6,0,0,1,0,0.0,0.0,0.16,0.0,65657270000.0,0.0,0.0,0.19
2023-06-30,0.03,6,0,0,1,0,0.0,0.0,0.16,0.0,65657270000.0,0.0,0.0,0.19
2023-06-29,0.03,6,0,0,1,0,0.0,0.0,0.17,0.0,65657270000.0,0.0,0.0,0.2
2023-06-28,0.03,6,0,0,1,0,0.0,0.0,0.17,0.0,65657270000.0,0.0,0.0,0.2
2023-06-27,0.03,6,0,0,1,0,0.0,0.0,0.17,0.0,65657270000.0,0.0,0.0,0.2
2023-06-26,0.03,6,0,0,1,0,0.0,0.0,0.17,0.0,65657270000.0,0.0,0.0,0.2
2023-06-25,0.03,6,0,0,1,0,0.0,0.0,0.18,0.0,65657270000.0,0.0,0.0,0.21
2023-06-24,0.03,6,0,0,1,0,0.0,0.0,0.18,0.0,65657270000.0,0.0,0.0,0.21
2023-06-23,0.03,6,0,0,1,0,0.0,0.0,0.18,0.0,65657270000.0,0.0,0.0,0.21
2023-06-22,0.03,6,0,0,1,0,0.0,0.0,0.18,0.0,65657270000.0,0.0,0.0,0.21
2023-06-21,0.03,6,0,0,1,0,0.0,0.0,0.18,0.0,65657270000.0,0.0,0.0,0.21
2023-06-20,0.03,6,0,0,1,0,0.0,0.0,0.18,0.0,65657270000.0,0.0,0.0,0.21
2023-06-19,0.03,6,0,0,1,0,0.0,0.0,0.18,0.0,65657270000.0,0.0,0.0,0.21
2023-06-18,0.03,6,0,0,1,0,0.0,0.0,0.18,0.0,65657270000.0,0.0,0.0,0.21
2023-06-17,0.03,6,0,0,1,0,0.0,0.0,0.18,0.0,65657270000.0,0.0,0.0,0.21
2023-06-16,0.03,6,0,0,1,0,0.0,0.0,0.18,0.0,65657270000.0,0.0,0.0,0.21
2023-06-15,0.03,6,0,0,1,0,0.0,0.0,0.18,0.0,65657270000.0,0.0,0.0,0.21
2023-06-14,0.03,6,0,0,1,0,0.0,0.0,0.18,0.0,65657270000.0,0.0,0.0,0.21
2023-06-13,0.03,6,0,0,1,0,0.0,0.0,0.18,0.0,65657270000.0,0.0,0.0,0.21
2023-06-12,0.03,6,0,0,1,0,0.0,0.0,0.18,0.0,65657270000.0,0.0,0.0,0.21
2023-06-11,0.03,6,0,0,1,0,0.0,0.0,0.18,0.0,65657270000.0,0.0,0.0,0.21
2023-06-10,0.03,6,0,0,1,0,0.0,0.0,0.21,0.0,65657270000.0,0.0,0.0,0.24
2023-06-09,0.03,6,0,0,1,0,0.0,0.0,0.21,0.0,65657270000.0,0.0,0.0,0.24
2023-06-08,0.03,6,0,0,1,0,0.0,0.0,0.21,0.0,65657270000.0,0.0,0.0,0.24
2023-06-07,0.03,6,0,0,1,0,0.0,0.0,0.21,0.0,65657270000.0,0.0,0.0,0.24
2023-06-06,0.03,6,0,0,1,0,0.0,0.0,0.2,0.0,65657270000.0,0.0,0.0,0.23
2023-06-05,0.03,6,0,0,1,0,0.0,0.0,0.2,0.0,65657270000.0,0.0,0.0,0.23
2023-06-04,0.03,6,0,0,1,0,0.0,0.0,0.2,0.0,65657270000.0,0.0,0.0,0.23
2023-06-03,0.03,6,0,0,1,0,0.0,0.0,0.2,0.0,65657270000.0,0.0,0.0,0.23
2023-06-02,0.03,6,0,0,1,0,0.0,0.0,0.2,0.0,65657270000.0,0.0,0.0,0.23
2023-06-01,0.03,6,0,0,1,0,0.0,0.0,0.2,0.0,65657270000.0,0.0,0.0,0.23
2023-05-31,0.03,6,0,0,1,0,0.0,0.0,0.2,0.0,65657270000.0,0.0,0.0,0.23
2023-05-30,0.03,6,0,0,1,0,0.0,0.0,0.2,0.0,65657270000.0,0.0,0.0,0.23
2023-05-29,0.03,6,0,0,1,0,0.0,0.0,0.2,0.0,65657270000.0,0.0,0.0,0.23
2023-05-28,0.03,6,0,0,1,0,0.0,0.0,0.2,0.0,65657270000.0,0.0,0.0,0.23
2023-05-27,0.03,6,0,0,1,0,0.0,0.0,0.2,0.0,65657270000.0,0.0,0.0,0.23
2023-05-26,0.03,6,0,0,1,0,0.0,0.0,0.2,0.0,65657270000.0,0.0,0.0,0.23
2023-05-25,0.03,6,0,0,1,0,0.0,0.0,0.2,0.0,65657270000.0,0.0,0.0,0.23
2023-05-24,0.03,6,0,0,1,0,0.0,0.0,0.2,0.0,65657270000.0,0.0,0.0,0.23
2023-05-23,0.03,6,0,0,1,0,0.0,0.0,0.2,0.0,65657270000.0,0.0,0.0,0.23
2023-05-22,0.03,6,0,0,1,0,0.0,0.0,0.2,0.0,65657270000.0,0.0,0.0,0.23
2023-05-21,0.03,6,0,0,1,0,0.0,0.0,0.2,0.0,65657270000.0,0.0,0.0,0.23
2023-05-20,0.03,6,0,0,1,0,0.0,0.0,0.2,0.0,65657270000.0,0.0,0.0,0.23
2023-05-19,0.03,6,0,0,1,0,0.0,0.0,0.2,0.0,65657270000.0,0.0,0.0,0.23
2023-05-18,0.03,6,0,0,1,0,0.0,0.0,0.2,0.0,65657270000.0,0.0,0.0,0.23
2023-05-17,0.03,6,0,0,1,0,0.0,0.0,0.2,0.0,65657270000.0,0.0,0.0,0.23
2023-05-16,0.03,6,0,0,1,0,0.0,0.0,0.2,0.0,65657270000.0,0.0,0.0,0.23
2023-05-15,0.03,6,0,0,1,0,0.0,0.0,0.2,0.0,65657270000.0,0.0,0.0,0.23
2023-05-14,0.03,6,0,0,1,0,0.0,0.0,0.2,0.0,65657270000.0,0.0,0.0,0.23
2023-05-13,0.03,6,0,0,1,0,0.0,0.0,0.2,0.0,65657270000.0,0.0,0.0,0.23
2023-05-12,0.03,6,0,0,1,0,0.0,0.0,0.2,0.0,65657270000.0,0.0,0.0,0.23
2023-05-11,0.03,6,0,0,1,0,0.0,0.0,0.2,0.0,65657270000.0,0.0,0.0,0.23
2023-05-10,0.03,6,0,0,1,0,0.0,0.0,0.2,0.0,65657270000.0,0.0,0.0,0.23
2023-05-09,0.03,6,0,0,1,0,0.0,0.0,0.19,0.0,65657270000.0,0.0,0.0,0.22
2023-05-08,0.03,6,0,0,1,0,0.0,0.0,0.19,0.0,65657270000.0,0.0,0.0,0.22
2023-05-07,0.03,6,0,0,1,0,0.0,0.0,0.19,0.0,65657270000.0,0.0,0.0,0.22
