,<05,<1,<2,<5,>=5,GB,Market_capitalization,NL,US,Total
2025-04-28,1,1,1,0,0,0.03,20480000000.0,0.33,0.03,0.39
2025-04-27,1,1,1,0,0,0.03,20480000000.0,0.33,0.03,0.39
2025-04-26,1,1,1,0,0,0.03,20480000000.0,0.33,0.03,0.39
2025-04-25,1,1,1,0,0,0.03,20480000000.0,0.33,0.03,0.39
2025-04-24,1,1,1,0,0,0.03,20480000000.0,0.33,0.03,0.39
2025-04-23,1,1,1,0,0,0.03,20480000000.0,0.33,0.03,0.39
2025-04-22,1,1,1,0,0,0.03,20480000000.0,0.33,0.03,0.39
2025-04-21,1,1,1,0,0,0.03,20480000000.0,0.33,0.03,0.39
2025-04-20,1,1,1,0,0,0.03,20480000000.0,0.33,0.03,0.39
2025-04-19,1,1,1,0,0,0.03,20480000000.0,0.33,0.03,0.39
2025-04-18,1,1,1,0,0,0.03,20480000000.0,0.33,0.03,0.39
2025-04-17,1,1,1,0,0,0.03,20480000000.0,0.33,0.03,0.39
2025-04-16,1,1,1,0,0,0.03,20480000000.0,0.33,0.03,0.39
2025-04-15,1,1,1,0,0,0.03,20480000000.0,0.33,0.03,0.39
2025-04-14,1,1,1,0,0,0.03,20480000000.0,0.33,0.03,0.39
2025-04-13,1,1,1,0,0,0.03,20480000000.0,0.33,0.03,0.39
2025-04-12,1,1,1,0,0,0.03,20480000000.0,0.33,0.03,0.39
2025-04-11,1,1,1,0,0,0.03,20480000000.0,0.33,0.03,0.39
2025-04-10,1,1,1,0,0,0.03,20480000000.0,0.33,0.03,0.39
2025-04-09,1,1,1,0,0,0.03,20480000000.0,0.33,0.03,0.39
2025-04-08,1,1,1,0,0,0.03,20480000000.0,0.33,0.03,0.39
2025-04-07,1,2,0,0,0,0.0,20480000000.0,0.33,0.03,0.36
2025-04-06,1,2,0,0,0,0.0,20480000000.0,0.33,0.03,0.36
2025-04-05,1,2,0,0,0,0.0,20480000000.0,0.33,0.03,0.36
2025-04-04,1,2,0,0,0,0.0,20480000000.0,0.33,0.03,0.36
2025-04-03,1,2,0,0,0,0.0,20480000000.0,0.33,0.03,0.36
2025-04-02,1,2,0,0,0,0.0,20480000000.0,0.33,0.03,0.36
2025-04-01,1,2,0,0,0,0.0,20480000000.0,0.33,0.03,0.36
2025-03-31,1,2,0,0,0,0.0,20480000000.0,0.33,0.03,0.36
2025-03-30,1,2,0,0,0,0.0,20480000000.0,0.33,0.03,0.36
2025-03-29,1,2,0,0,0,0.0,20480000000.0,0.33,0.03,0.36
2025-03-28,1,2,0,0,0,0.03,20480000000.0,0.33,0.03,0.39
2025-03-27,1,2,0,0,0,0.03,20480000000.0,0.33,0.03,0.39
2025-03-26,1,2,0,0,0,0.03,20480000000.0,0.33,0.03,0.39
2025-03-25,1,1,1,0,0,0.03,20480000000.0,0.33,0.03,0.39
2025-03-24,1,1,1,0,0,0.03,20480000000.0,0.33,0.03,0.39
2025-03-23,1,1,1,0,0,0.03,20480000000.0,0.33,0.03,0.39
2025-03-22,1,1,1,0,0,0.03,20480000000.0,0.33,0.03,0.39
2025-03-21,1,1,1,0,0,0.03,20480000000.0,0.33,0.03,0.39
2025-03-20,1,1,1,0,0,0.03,20480000000.0,0.33,0.03,0.39
2025-03-19,1,2,0,0,0,0.03,20480000000.0,0.27,0.0,0.30000000000000004
2025-03-18,1,2,0,0,0,0.03,20480000000.0,0.27,0.0,0.30000000000000004
2025-03-17,1,2,0,0,0,0.03,20480000000.0,0.27,0.0,0.30000000000000004
2025-03-16,1,2,0,0,0,0.03,20480000000.0,0.27,0.0,0.30000000000000004
2025-03-15,1,2,0,0,0,0.03,20480000000.0,0.27,0.0,0.30000000000000004
2025-03-14,1,2,0,0,0,0.03,20480000000.0,0.27,0.0,0.30000000000000004
2025-03-13,1,2,0,0,0,0.03,20480000000.0,0.27,0.0,0.30000000000000004
2025-03-12,1,2,0,0,0,0.03,20480000000.0,0.27,0.0,0.30000000000000004
2025-03-11,2,1,0,0,0,0.03,20480000000.0,0.27,0.0,0.30000000000000004
2025-03-10,1,2,0,0,0,0.03,20480000000.0,0.27,0.0,0.30000000000000004
2025-03-09,1,2,0,0,0,0.03,20480000000.0,0.27,0.0,0.30000000000000004
2025-03-08,1,2,0,0,0,0.03,20480000000.0,0.27,0.0,0.30000000000000004
2025-03-07,1,2,0,0,0,0.03,20480000000.0,0.27,0.0,0.30000000000000004
2025-03-06,1,2,0,0,0,0.03,20480000000.0,0.27,0.0,0.30000000000000004
2025-03-05,1,2,0,0,0,0.03,20480000000.0,0.27,0.0,0.30000000000000004
2025-03-04,1,2,0,0,0,0.03,20480000000.0,0.27,0.0,0.30000000000000004
2025-03-03,1,2,0,0,0,0.03,20480000000.0,0.27,0.0,0.30000000000000004
2025-03-02,1,2,0,0,0,0.04,20480000000.0,0.27,0.0,0.31
2025-03-01,1,2,0,0,0,0.04,20480000000.0,0.27,0.0,0.31
2025-02-28,1,2,0,0,0,0.04,20480000000.0,0.27,0.0,0.31
2025-02-27,1,2,0,0,0,0.04,20480000000.0,0.27,0.0,0.31
2025-02-26,1,2,0,0,0,0.04,20480000000.0,0.27,0.0,0.31
2025-02-25,1,2,0,0,0,0.04,20480000000.0,0.27,0.0,0.31
2025-02-24,1,2,0,0,0,0.04,20480000000.0,0.27,0.0,0.31
2025-02-23,1,2,0,0,0,0.04,20480000000.0,0.27,0.0,0.31
2025-02-22,1,2,0,0,0,0.04,20480000000.0,0.27,0.0,0.31
2025-02-21,1,2,0,0,0,0.04,20480000000.0,0.27,0.0,0.31
2025-02-20,1,2,0,0,0,0.04,20480000000.0,0.27,0.0,0.31
2025-02-19,1,2,0,0,0,0.04,20480000000.0,0.27,0.0,0.31
2025-02-18,1,2,0,0,0,0.04,20480000000.0,0.27,0.0,0.31
2025-02-17,1,1,1,0,0,0.04,20480000000.0,0.27,0.03,0.33999999999999997
2025-02-16,1,1,1,0,0,0.04,20480000000.0,0.27,0.03,0.33999999999999997
2025-02-15,1,1,1,0,0,0.04,20480000000.0,0.27,0.03,0.33999999999999997
2025-02-14,1,1,1,0,0,0.04,20480000000.0,0.27,0.03,0.33999999999999997
2025-02-13,1,1,1,0,0,0.04,20480000000.0,0.27,0.03,0.33999999999999997
2025-02-12,1,1,1,0,0,0.04,20480000000.0,0.27,0.03,0.33999999999999997
2025-02-11,1,1,1,0,0,0.04,20480000000.0,0.27,0.03,0.33999999999999997
2025-02-10,1,0,2,0,0,0.25,20480000000.0,0.27,0.03,0.55
2025-02-09,1,0,2,0,0,0.25,20480000000.0,0.27,0.03,0.55
2025-02-08,1,0,2,0,0,0.25,20480000000.0,0.27,0.03,0.55
2025-02-07,1,0,2,0,0,0.25,20480000000.0,0.27,0.03,0.55
2025-02-06,1,0,2,0,0,0.25,20480000000.0,0.27,0.03,0.55
2025-02-05,1,0,2,0,0,0.26,20480000000.0,0.27,0.03,0.56
2025-02-04,1,0,2,0,0,0.26,20480000000.0,0.27,0.03,0.56
2025-02-03,1,1,1,0,0,0.26,20480000000.0,0.27,0.0,0.53
2025-02-02,1,1,1,0,0,0.26,20480000000.0,0.27,0.0,0.53
2025-02-01,1,1,1,0,0,0.26,20480000000.0,0.27,0.0,0.53
2025-01-31,1,1,1,0,0,0.26,20480000000.0,0.27,0.0,0.53
2025-01-30,1,1,1,0,0,0.26,20480000000.0,0.27,0.0,0.53
2025-01-29,1,1,1,0,0,0.26,20480000000.0,0.27,0.0,0.53
2025-01-28,1,2,0,0,0,0.04,20480000000.0,0.27,0.0,0.31
2025-01-27,1,2,0,0,0,0.04,20480000000.0,0.27,0.0,0.31
2025-01-26,1,2,0,0,0,0.05,20480000000.0,0.27,0.0,0.32
2025-01-25,1,2,0,0,0,0.05,20480000000.0,0.27,0.0,0.32
2025-01-24,1,2,0,0,0,0.05,20480000000.0,0.27,0.0,0.32
2025-01-23,1,1,1,0,0,0.05,20480000000.0,0.27,0.21,0.53
2025-01-22,1,1,1,0,0,0.05,20480000000.0,0.27,0.21,0.53
2025-01-21,1,1,1,0,0,0.05,20480000000.0,0.27,0.21,0.53
2025-01-20,1,1,1,0,0,0.05,20480000000.0,0.27,0.22,0.54
2025-01-19,1,1,1,0,0,0.05,20480000000.0,0.27,0.21,0.53
2025-01-18,1,1,1,0,0,0.05,20480000000.0,0.27,0.21,0.53
2025-01-17,1,1,1,0,0,0.05,20480000000.0,0.27,0.21,0.53
2025-01-16,1,1,1,0,0,0.05,20480000000.0,0.27,0.24,0.56
2025-01-15,1,1,1,0,0,0.26,20480000000.0,0.27,0.24,0.77
2025-01-14,1,1,1,0,0,0.26,20480000000.0,0.27,0.24,0.77
2025-01-13,1,1,1,0,0,0.26,20480000000.0,0.27,0.27,0.8
2025-01-12,1,1,1,0,0,0.27,20480000000.0,0.27,0.27,0.81
2025-01-11,1,1,1,0,0,0.27,20480000000.0,0.27,0.27,0.81
2025-01-10,1,1,1,0,0,0.27,20480000000.0,0.27,0.27,0.81
2025-01-09,1,1,1,0,0,0.27,20480000000.0,0.27,0.27,0.81
2025-01-08,1,1,1,0,0,0.27,20480000000.0,0.27,0.27,0.81
2025-01-07,1,0,2,0,0,0.27,20480000000.0,0.27,0.27,0.81
2025-01-06,1,0,2,0,0,0.27,20480000000.0,0.27,0.27,0.81
2025-01-05,1,0,2,0,0,0.28,20480000000.0,0.24,0.27,0.79
2025-01-04,1,0,2,0,0,0.28,20480000000.0,0.24,0.27,0.79
2025-01-03,1,0,2,0,0,0.28,20480000000.0,0.24,0.27,0.79
2025-01-02,1,0,2,0,0,0.28,20480000000.0,0.0,0.27,0.55
2025-01-01,1,0,2,0,0,0.28,20480000000.0,0.0,0.27,0.55
2024-12-31,1,0,2,0,0,0.28,20480000000.0,0.0,0.29,0.5700000000000001
2024-12-30,1,0,2,0,0,0.28,20480000000.0,0.0,0.29,0.5700000000000001
2024-12-29,1,0,2,0,0,0.28,20480000000.0,0.0,0.29,0.5700000000000001
2024-12-28,1,0,2,0,0,0.28,20480000000.0,0.0,0.29,0.5700000000000001
2024-12-27,1,0,2,0,0,0.28,20480000000.0,0.0,0.29,0.5700000000000001
2024-12-26,1,0,2,0,0,0.28,20480000000.0,0.0,0.27,0.55
2024-12-25,1,0,2,0,0,0.28,20480000000.0,0.0,0.27,0.55
2024-12-24,1,0,2,0,0,0.28,20480000000.0,0.0,0.27,0.55
2024-12-23,1,0,2,0,0,0.28,20480000000.0,0.0,0.27,0.55
2024-12-22,1,0,2,0,0,0.28,20480000000.0,0.0,0.27,0.55
2024-12-21,1,0,2,0,0,0.28,20480000000.0,0.0,0.27,0.55
2024-12-20,1,0,2,0,0,0.28,20480000000.0,0.0,0.27,0.55
2024-12-19,1,0,2,0,0,0.28,20480000000.0,0.0,0.27,0.55
2024-12-18,1,1,1,0,0,0.06,20480000000.0,0.0,0.27,0.33
2024-12-17,1,1,1,0,0,0.06,20480000000.0,0.0,0.27,0.33
2024-12-16,1,1,1,0,0,0.06,20480000000.0,0.0,0.24,0.3
2024-12-15,1,1,1,0,0,0.06,20480000000.0,0.0,0.24,0.3
2024-12-14,1,1,1,0,0,0.06,20480000000.0,0.0,0.24,0.3
2024-12-13,1,1,1,0,0,0.06,20480000000.0,0.0,0.24,0.3
2024-12-12,1,1,1,0,0,0.06,20480000000.0,0.0,0.24,0.3
2024-12-11,1,1,1,0,0,0.06,20480000000.0,0.0,0.24,0.3
2024-12-10,1,1,1,0,0,0.06,20480000000.0,0.0,0.24,0.3
2024-12-09,1,1,1,0,0,0.06,20480000000.0,0.0,0.24,0.3
2024-12-08,1,1,1,0,0,0.06,20480000000.0,0.0,0.24,0.3
2024-12-07,1,1,1,0,0,0.06,20480000000.0,0.0,0.24,0.3
2024-12-06,1,1,1,0,0,0.06,20480000000.0,0.0,0.24,0.3
2024-12-05,1,0,2,0,0,0.27,20480000000.0,0.0,0.26,0.53
2024-12-04,1,0,2,0,0,0.27,20480000000.0,0.0,0.26,0.53
2024-12-03,1,1,1,0,0,0.27,20480000000.0,0.0,0.22,0.49
2024-12-02,1,0,2,0,0,0.27,20480000000.0,0.0,0.22,0.49
2024-12-01,1,0,2,0,0,0.27,20480000000.0,0.0,0.22,0.49
2024-11-30,1,0,2,0,0,0.27,20480000000.0,0.0,0.22,0.49
2024-11-29,1,0,2,0,0,0.27,20480000000.0,0.0,0.24,0.51
2024-11-28,1,1,1,0,0,0.27,20480000000.0,0.0,0.02,0.29000000000000004
2024-11-27,1,1,1,0,0,0.27,20480000000.0,0.0,0.02,0.29000000000000004
2024-11-26,1,1,1,0,0,0.27,20480000000.0,0.0,0.03,0.30000000000000004
2024-11-25,2,0,1,0,0,0.05,20480000000.0,0.0,0.03,0.08
2024-11-24,2,0,1,0,0,0.05,20480000000.0,0.0,0.03,0.08
2024-11-23,2,0,1,0,0,0.05,20480000000.0,0.0,0.03,0.08
2024-11-22,2,0,1,0,0,0.05,20480000000.0,0.0,0.03,0.08
2024-11-21,2,0,1,0,0,0.05,20480000000.0,0.0,0.03,0.08
2024-11-20,2,1,0,0,0,0.05,20480000000.0,0.0,0.0,0.05
2024-11-19,2,1,0,0,0,0.04,20480000000.0,0.0,0.0,0.04
2024-11-18,1,2,0,0,0,0.04,20480000000.0,0.0,0.27,0.31
2024-11-17,1,2,0,0,0,0.04,20480000000.0,0.0,0.27,0.31
2024-11-16,1,2,0,0,0,0.04,20480000000.0,0.0,0.27,0.31
2024-11-15,1,2,0,0,0,0.04,20480000000.0,0.0,0.27,0.31
2024-11-14,1,2,0,0,0,0.04,20480000000.0,0.0,0.27,0.31
2024-11-13,1,2,0,0,0,0.04,20480000000.0,0.0,0.27,0.31
2024-11-12,1,2,0,0,0,0.04,20480000000.0,0.0,0.27,0.31
2024-11-11,1,2,0,0,0,0.04,20480000000.0,0.0,0.27,0.31
2024-11-10,1,2,0,0,0,0.04,20480000000.0,0.0,0.27,0.31
2024-11-09,1,2,0,0,0,0.04,20480000000.0,0.0,0.27,0.31
2024-11-08,1,2,0,0,0,0.04,20480000000.0,0.0,0.27,0.31
2024-11-07,1,2,0,0,0,0.04,20480000000.0,0.0,0.27,0.31
2024-11-06,1,2,0,0,0,0.04,20480000000.0,0.0,0.27,0.31
2024-11-05,1,1,1,0,0,0.04,20480000000.0,0.0,0.29,0.32999999999999996
2024-11-04,1,1,1,0,0,0.04,20480000000.0,0.0,0.29,0.32999999999999996
2024-11-03,1,1,1,0,0,0.04,20480000000.0,0.0,0.29,0.32999999999999996
2024-11-02,1,1,1,0,0,0.04,20480000000.0,0.0,0.29,0.32999999999999996
2024-11-01,1,1,1,0,0,0.04,20480000000.0,0.0,0.29,0.32999999999999996
2024-10-31,1,1,1,0,0,0.03,20480000000.0,0.0,0.29,0.31999999999999995
2024-10-30,1,1,1,0,0,0.03,20480000000.0,0.0,0.29,0.31999999999999995
2024-10-29,1,1,1,0,0,0.03,20480000000.0,0.0,0.29,0.31999999999999995
2024-10-28,1,1,1,0,0,0.03,20480000000.0,0.0,0.29,0.31999999999999995
2024-10-27,1,1,1,0,0,0.03,20480000000.0,0.0,0.29,0.31999999999999995
2024-10-26,1,1,1,0,0,0.03,20480000000.0,0.0,0.29,0.31999999999999995
2024-10-25,1,1,1,0,0,0.03,20480000000.0,0.0,0.29,0.31999999999999995
2024-10-24,1,1,1,0,0,0.03,20480000000.0,0.0,0.29,0.31999999999999995
2024-10-23,1,1,1,0,0,0.03,20480000000.0,0.0,0.29,0.31999999999999995
2024-10-22,1,1,1,0,0,0.03,20480000000.0,0.0,0.29,0.31999999999999995
2024-10-21,1,1,1,0,0,0.03,20480000000.0,0.0,0.29,0.31999999999999995
2024-10-20,1,1,1,0,0,0.03,20480000000.0,0.0,0.29,0.31999999999999995
2024-10-19,1,1,1,0,0,0.03,20480000000.0,0.0,0.29,0.31999999999999995
2024-10-18,1,1,1,0,0,0.03,20480000000.0,0.0,0.29,0.31999999999999995
2024-10-17,1,1,1,0,0,0.03,20480000000.0,0.0,0.29,0.31999999999999995
2024-10-16,1,1,1,0,0,0.03,20480000000.0,0.0,0.29,0.31999999999999995
2024-10-15,1,1,1,0,0,0.03,20480000000.0,0.0,0.29,0.31999999999999995
2024-10-14,1,1,1,0,0,0.03,20480000000.0,0.0,0.29,0.31999999999999995
2024-10-13,1,1,1,0,0,0.03,20480000000.0,0.0,0.29,0.31999999999999995
2024-10-12,1,1,1,0,0,0.03,20480000000.0,0.0,0.29,0.31999999999999995
2024-10-11,1,1,1,0,0,0.03,20480000000.0,0.0,0.29,0.31999999999999995
2024-10-10,1,1,1,0,0,0.03,20480000000.0,0.0,0.29,0.31999999999999995
2024-10-09,1,1,1,0,0,0.03,20480000000.0,0.0,0.29,0.31999999999999995
2024-10-08,1,1,1,0,0,0.03,20480000000.0,0.0,0.29,0.31999999999999995
2024-10-07,1,2,0,0,0,0.03,20480000000.0,0.0,0.27,0.30000000000000004
2024-10-06,1,2,0,0,0,0.03,20480000000.0,0.0,0.27,0.30000000000000004
2024-10-05,1,2,0,0,0,0.03,20480000000.0,0.0,0.27,0.30000000000000004
2024-10-04,1,2,0,0,0,0.03,20480000000.0,0.0,0.27,0.30000000000000004
2024-10-03,1,2,0,0,0,0.03,20480000000.0,0.0,0.27,0.30000000000000004
2024-10-02,1,1,1,0,0,0.03,20480000000.0,0.0,0.29,0.31999999999999995
2024-10-01,1,2,0,0,0,0.03,20480000000.0,0.0,0.29,0.31999999999999995
2024-09-30,1,2,0,0,0,0.03,20480000000.0,0.0,0.29,0.31999999999999995
2024-09-29,1,2,0,0,0,0.03,20480000000.0,0.0,0.29,0.31999999999999995
2024-09-28,1,2,0,0,0,0.03,20480000000.0,0.0,0.29,0.31999999999999995
2024-09-27,1,2,0,0,0,0.03,20480000000.0,0.0,0.29,0.31999999999999995
2024-09-26,1,1,1,0,0,0.03,20480000000.0,0.0,0.29,0.31999999999999995
2024-09-25,1,2,0,0,0,0.0,20480000000.0,0.0,0.29,0.29
2024-09-24,2,1,0,0,0,0.0,20480000000.0,0.0,0.27,0.27
2024-09-23,2,1,0,0,0,0.03,20480000000.0,0.0,0.27,0.30000000000000004
2024-09-22,2,1,0,0,0,0.03,20480000000.0,0.0,0.27,0.30000000000000004
2024-09-21,2,1,0,0,0,0.03,20480000000.0,0.0,0.27,0.30000000000000004
2024-09-20,1,2,0,0,0,0.24,20480000000.0,0.0,0.48,0.72
2024-09-19,1,2,0,0,0,0.24,20480000000.0,0.0,0.48,0.72
2024-09-18,0,3,0,0,0,0.24,20480000000.0,0.0,0.48,0.72
2024-09-17,0,2,1,0,0,0.25,20480000000.0,0.0,0.51,0.76
2024-09-16,0,2,1,0,0,0.25,20480000000.0,0.0,0.51,0.76
2024-09-15,0,2,1,0,0,0.25,20480000000.0,0.0,0.51,0.76
2024-09-14,0,2,1,0,0,0.25,20480000000.0,0.0,0.51,0.76
2024-09-13,0,2,1,0,0,0.25,20480000000.0,0.0,0.51,0.76
2024-09-12,0,2,1,0,0,0.25,20480000000.0,0.0,0.53,0.78
2024-09-11,0,2,1,0,0,0.25,20480000000.0,0.0,0.53,0.78
2024-09-10,0,2,1,0,0,0.25,20480000000.0,0.0,0.53,0.78
2024-09-09,0,1,2,0,0,0.25,20480000000.0,0.0,0.55,0.8
2024-09-08,0,1,2,0,0,0.25,20480000000.0,0.0,0.55,0.8
2024-09-07,0,1,2,0,0,0.25,20480000000.0,0.0,0.55,0.8
2024-09-06,0,1,2,0,0,0.25,20480000000.0,0.0,0.55,0.8
2024-09-05,0,1,2,0,0,0.25,20480000000.0,0.0,0.51,0.76
2024-09-04,0,2,1,0,0,0.03,20480000000.0,0.0,0.51,0.54
2024-09-03,0,2,1,0,0,0.03,20480000000.0,0.0,0.51,0.54
2024-09-02,0,2,1,0,0,0.03,20480000000.0,0.0,0.51,0.54
2024-09-01,0,2,1,0,0,0.03,20480000000.0,0.0,0.51,0.54
2024-08-31,0,2,1,0,0,0.03,20480000000.0,0.0,0.51,0.54
2024-08-30,0,2,1,0,0,0.03,20480000000.0,0.0,0.51,0.54
2024-08-29,0,2,1,0,0,0.03,20480000000.0,0.0,0.51,0.54
2024-08-28,0,2,1,0,0,0.03,20480000000.0,0.0,0.54,0.5700000000000001
2024-08-27,0,2,1,0,0,0.03,20480000000.0,0.0,0.54,0.5700000000000001
2024-08-26,0,2,1,0,0,0.03,20480000000.0,0.0,0.54,0.5700000000000001
2024-08-25,0,2,1,0,0,0.03,20480000000.0,0.0,0.55,0.5800000000000001
2024-08-24,0,2,1,0,0,0.03,20480000000.0,0.0,0.55,0.5800000000000001
2024-08-23,0,2,1,0,0,0.03,20480000000.0,0.0,0.55,0.5800000000000001
2024-08-22,0,2,1,0,0,0.03,20480000000.0,0.0,0.55,0.5800000000000001
2024-08-21,0,2,1,0,0,0.03,20480000000.0,0.0,0.56,0.5900000000000001
2024-08-20,0,2,1,0,0,0.03,20480000000.0,0.0,0.56,0.5900000000000001
2024-08-19,0,2,1,0,0,0.03,20480000000.0,0.0,0.56,0.5900000000000001
2024-08-18,0,2,1,0,0,0.03,20480000000.0,0.0,0.56,0.5900000000000001
2024-08-17,0,2,1,0,0,0.03,20480000000.0,0.0,0.56,0.5900000000000001
2024-08-16,0,2,1,0,0,0.03,20480000000.0,0.0,0.56,0.5900000000000001
2024-08-15,0,2,1,0,0,0.03,20480000000.0,0.0,0.56,0.5900000000000001
2024-08-14,0,2,1,0,0,0.03,20480000000.0,0.0,0.56,0.5900000000000001
2024-08-13,0,2,1,0,0,0.03,20480000000.0,0.0,0.56,0.5900000000000001
2024-08-12,0,2,1,0,0,0.03,20480000000.0,0.0,0.55,0.5800000000000001
2024-08-11,0,2,1,0,0,0.03,20480000000.0,0.0,0.55,0.5800000000000001
2024-08-10,0,2,1,0,0,0.03,20480000000.0,0.0,0.55,0.5800000000000001
2024-08-09,0,2,1,0,0,0.03,20480000000.0,0.0,0.55,0.5800000000000001
2024-08-08,0,2,1,0,0,0.03,20480000000.0,0.0,0.56,0.5900000000000001
2024-08-07,0,2,1,0,0,0.03,20480000000.0,0.0,0.56,0.5900000000000001
2024-08-06,0,2,1,0,0,0.03,20480000000.0,0.0,0.56,0.5900000000000001
2024-08-05,1,1,1,0,0,0.03,20480000000.0,0.0,0.34,0.37
2024-08-04,1,1,1,0,0,0.03,20480000000.0,0.0,0.34,0.37
2024-08-03,1,1,1,0,0,0.03,20480000000.0,0.0,0.34,0.37
2024-08-02,1,1,1,0,0,0.03,20480000000.0,0.0,0.34,0.37
2024-08-01,1,1,1,0,0,0.03,20480000000.0,0.0,0.34,0.37
2024-07-31,1,1,1,0,0,0.03,20480000000.0,0.0,0.34,0.37
2024-07-30,1,1,0,1,0,0.03,20480000000.0,0.0,0.34,0.37
2024-07-29,1,1,0,1,0,0.03,20480000000.0,0.0,0.34,0.37
2024-07-28,1,1,1,0,0,0.03,20480000000.0,0.0,0.31,0.33999999999999997
2024-07-27,1,1,1,0,0,0.03,20480000000.0,0.0,0.31,0.33999999999999997
2024-07-26,1,1,1,0,0,0.03,20480000000.0,0.0,0.31,0.33999999999999997
2024-07-25,1,1,1,0,0,0.03,20480000000.0,0.0,0.31,0.33999999999999997
2024-07-24,1,1,1,0,0,0.03,20480000000.0,0.0,0.31,0.33999999999999997
2024-07-23,1,1,1,0,0,0.03,20480000000.0,0.0,0.31,0.33999999999999997
2024-07-22,1,1,1,0,0,0.03,20480000000.0,0.0,0.31,0.33999999999999997
2024-07-21,1,1,1,0,0,0.03,20480000000.0,0.0,0.31,0.33999999999999997
2024-07-20,1,1,1,0,0,0.03,20480000000.0,0.0,0.31,0.33999999999999997
2024-07-19,1,1,1,0,0,0.03,20480000000.0,0.0,0.31,0.33999999999999997
2024-07-18,2,0,1,0,0,0.03,20480000000.0,0.0,0.05,0.08
2024-07-17,2,0,1,0,0,0.03,20480000000.0,0.0,0.05,0.08
2024-07-16,2,0,1,0,0,0.03,20480000000.0,0.0,0.05,0.08
2024-07-15,2,0,1,0,0,0.03,20480000000.0,0.0,0.05,0.08
2024-07-14,2,0,1,0,0,0.03,20480000000.0,0.0,0.05,0.08
2024-07-13,2,0,1,0,0,0.03,20480000000.0,0.0,0.05,0.08
2024-07-12,2,0,1,0,0,0.03,20480000000.0,0.0,0.05,0.08
2024-07-11,2,0,1,0,0,0.04,20480000000.0,0.0,0.05,0.09
2024-07-10,2,0,1,0,0,0.04,20480000000.0,0.0,0.05,0.09
2024-07-09,2,0,1,0,0,0.04,20480000000.0,0.0,0.05,0.09
2024-07-08,2,0,1,0,0,0.04,20480000000.0,0.0,0.05,0.09
2024-07-07,2,0,1,0,0,0.04,20480000000.0,0.0,0.05,0.09
2024-07-06,2,0,1,0,0,0.04,20480000000.0,0.0,0.05,0.09
2024-07-05,2,0,1,0,0,0.04,20480000000.0,0.0,0.05,0.09
2024-07-04,2,0,1,0,0,0.04,20480000000.0,0.0,0.05,0.09
2024-07-03,2,0,1,0,0,0.04,20480000000.0,0.0,0.05,0.09
2024-07-02,2,0,1,0,0,0.04,20480000000.0,0.0,0.05,0.09
2024-07-01,2,0,1,0,0,0.04,20480000000.0,0.0,0.05,0.09
2024-06-30,2,0,1,0,0,0.04,20480000000.0,0.0,0.05,0.09
2024-06-29,2,0,1,0,0,0.04,20480000000.0,0.0,0.05,0.09
2024-06-28,2,0,1,0,0,0.04,20480000000.0,0.0,0.05,0.09
2024-06-27,2,0,1,0,0,0.04,20480000000.0,0.0,0.05,0.09
2024-06-26,2,0,1,0,0,0.04,20480000000.0,0.0,0.05,0.09
2024-06-25,2,0,1,0,0,0.04,20480000000.0,0.0,0.05,0.09
2024-06-24,2,0,1,0,0,0.04,20480000000.0,0.0,0.05,0.09
2024-06-23,2,0,1,0,0,0.04,20480000000.0,0.0,0.05,0.09
2024-06-22,2,0,1,0,0,0.04,20480000000.0,0.0,0.05,0.09
2024-06-21,2,0,1,0,0,0.04,20480000000.0,0.0,0.05,0.09
2024-06-20,2,0,1,0,0,0.04,20480000000.0,0.0,0.05,0.09
2024-06-19,2,0,0,1,0,0.04,20480000000.0,0.0,0.08,0.12
2024-06-18,2,0,0,1,0,0.04,20480000000.0,0.0,0.08,0.12
2024-06-17,2,0,0,1,0,0.04,20480000000.0,0.0,0.08,0.12
2024-06-16,2,0,0,1,0,0.04,20480000000.0,0.0,0.08,0.12
2024-06-15,2,0,0,1,0,0.04,20480000000.0,0.0,0.08,0.12
2024-06-14,2,0,0,1,0,0.04,20480000000.0,0.0,0.08,0.12
2024-06-13,2,0,0,1,0,0.04,20480000000.0,0.0,0.08,0.12
2024-06-12,2,0,0,1,0,0.04,20480000000.0,0.0,0.08,0.12
2024-06-11,2,0,0,1,0,0.04,20480000000.0,0.0,0.08,0.12
2024-06-10,2,0,0,1,0,0.04,20480000000.0,0.0,0.08,0.12
2024-06-09,2,0,0,1,0,0.04,20480000000.0,0.0,0.08,0.12
2024-06-08,2,0,0,1,0,0.04,20480000000.0,0.0,0.08,0.12
2024-06-07,2,0,0,1,0,0.04,20480000000.0,0.0,0.08,0.12
2024-06-06,2,0,0,1,0,0.04,20480000000.0,0.0,0.08,0.12
2024-06-05,2,0,0,1,0,0.04,20480000000.0,0.0,0.08,0.12
2024-06-04,2,0,0,1,0,0.04,20480000000.0,0.0,0.08,0.12
2024-06-03,2,0,0,1,0,0.04,20480000000.0,0.0,0.08,0.12
2024-06-02,2,0,0,1,0,0.04,20480000000.0,0.0,0.08,0.12
2024-06-01,2,0,0,1,0,0.04,20480000000.0,0.0,0.08,0.12
2024-05-31,2,0,0,1,0,0.04,20480000000.0,0.0,0.08,0.12
2024-05-30,2,0,0,1,0,0.04,20480000000.0,0.0,0.08,0.12
2024-05-29,2,0,0,1,0,0.04,20480000000.0,0.0,0.08,0.12
2024-05-28,2,0,0,1,0,0.04,20480000000.0,0.0,0.08,0.12
2024-05-27,2,0,0,1,0,0.04,20480000000.0,0.0,0.08,0.12
2024-05-26,2,0,0,1,0,0.04,20480000000.0,0.0,0.08,0.12
2024-05-25,2,0,0,1,0,0.04,20480000000.0,0.0,0.08,0.12
2024-05-24,2,0,0,1,0,0.04,20480000000.0,0.0,0.08,0.12
2024-05-23,2,0,1,0,0,0.04,20480000000.0,0.0,0.05,0.09
2024-05-22,2,0,1,0,0,0.04,20480000000.0,0.0,0.05,0.09
2024-05-21,2,0,1,0,0,0.04,20480000000.0,0.0,0.05,0.09
2024-05-20,2,0,1,0,0,0.03,20480000000.0,0.0,0.05,0.08
2024-05-19,2,0,1,0,0,0.03,20480000000.0,0.0,0.05,0.08
2024-05-18,2,0,1,0,0,0.03,20480000000.0,0.0,0.05,0.08
2024-05-17,2,0,1,0,0,0.03,20480000000.0,0.0,0.05,0.08
2024-05-16,2,0,1,0,0,0.03,20480000000.0,0.0,0.05,0.08
2024-05-15,2,0,1,0,0,0.03,20480000000.0,0.0,0.04,0.07
2024-05-14,2,0,1,0,0,0.03,20480000000.0,0.0,0.04,0.07
2024-05-13,2,0,1,0,0,0.03,20480000000.0,0.0,0.04,0.07
2024-05-12,2,0,1,0,0,0.03,20480000000.0,0.0,0.04,0.07
2024-05-11,2,0,1,0,0,0.03,20480000000.0,0.0,0.04,0.07
2024-05-10,2,0,1,0,0,0.03,20480000000.0,0.0,0.04,0.07
2024-05-09,2,0,1,0,0,0.03,20480000000.0,0.0,0.04,0.07
2024-05-08,2,0,1,0,0,0.03,20480000000.0,0.0,0.04,0.07
2024-05-07,2,0,1,0,0,0.03,20480000000.0,0.0,0.04,0.07
2024-05-06,2,0,1,0,0,0.03,20480000000.0,0.0,0.04,0.07
2024-05-05,2,0,1,0,0,0.03,20480000000.0,0.0,0.04,0.07
2024-05-04,2,0,1,0,0,0.03,20480000000.0,0.0,0.04,0.07
2024-05-03,2,0,1,0,0,0.03,20480000000.0,0.0,0.04,0.07
2024-05-02,2,0,1,0,0,0.03,20480000000.0,0.0,0.03,0.06
2024-05-01,2,0,1,0,0,0.03,20480000000.0,0.0,0.03,0.06
2024-04-30,2,0,1,0,0,0.03,20480000000.0,0.0,0.03,0.06
2024-04-29,2,0,1,0,0,0.03,20480000000.0,0.0,0.03,0.06
2024-04-28,2,0,1,0,0,0.03,20480000000.0,0.0,0.03,0.06
2024-04-27,2,0,1,0,0,0.03,20480000000.0,0.0,0.03,0.06
2024-04-26,2,0,1,0,0,0.03,20480000000.0,0.0,0.03,0.06
2024-04-25,2,0,1,0,0,0.03,20480000000.0,0.0,0.03,0.06
2024-04-24,2,0,1,0,0,0.03,20480000000.0,0.0,0.03,0.06
2024-04-23,2,0,1,0,0,0.03,20480000000.0,0.0,0.03,0.06
2024-04-22,2,0,1,0,0,0.03,20480000000.0,0.0,0.03,0.06
2024-04-21,2,0,1,0,0,0.03,20480000000.0,0.0,0.03,0.06
2024-04-20,2,0,1,0,0,0.03,20480000000.0,0.0,0.03,0.06
2024-04-19,2,0,1,0,0,0.03,20480000000.0,0.0,0.03,0.06
2024-04-18,2,0,1,0,0,0.03,20480000000.0,0.0,0.03,0.06
2024-04-17,2,0,1,0,0,0.03,20480000000.0,0.0,0.03,0.06
2024-04-16,2,1,0,0,0,0.0,20480000000.0,0.0,0.03,0.03
2024-04-15,2,1,0,0,0,0.0,20480000000.0,0.0,0.03,0.03
2024-04-14,2,1,0,0,0,0.0,20480000000.0,0.0,0.03,0.03
2024-04-13,2,1,0,0,0,0.0,20480000000.0,0.0,0.03,0.03
2024-04-12,2,1,0,0,0,0.0,20480000000.0,0.0,0.03,0.03
2024-04-11,2,1,0,0,0,0.0,20480000000.0,0.0,0.03,0.03
2024-04-10,2,1,0,0,0,0.0,20480000000.0,0.0,0.03,0.03
2024-04-09,2,1,0,0,0,0.0,20480000000.0,0.0,0.03,0.03
2024-04-08,2,1,0,0,0,0.0,20480000000.0,0.0,0.03,0.03
2024-04-07,2,1,0,0,0,0.0,20480000000.0,0.0,0.03,0.03
2024-04-06,2,1,0,0,0,0.0,20480000000.0,0.0,0.03,0.03
2024-04-05,2,1,0,0,0,0.0,20480000000.0,0.0,0.03,0.03
2024-04-04,2,1,0,0,0,0.0,20480000000.0,0.0,0.03,0.03
2024-04-03,2,0,1,0,0,0.03,20480000000.0,0.0,0.03,0.06
2024-04-02,2,0,1,0,0,0.03,20480000000.0,0.0,0.03,0.06
2024-04-01,2,0,1,0,0,0.03,20480000000.0,0.0,0.03,0.06
2024-03-31,2,0,1,0,0,0.03,20480000000.0,0.0,0.03,0.06
2024-03-30,2,0,1,0,0,0.03,20480000000.0,0.0,0.03,0.06
2024-03-29,2,0,1,0,0,0.03,20480000000.0,0.0,0.03,0.06
2024-03-28,2,0,1,0,0,0.03,20480000000.0,0.0,0.03,0.06
2024-03-27,2,0,1,0,0,0.03,20480000000.0,0.0,0.03,0.06
2024-03-26,2,1,0,0,0,0.0,20480000000.0,0.0,0.03,0.03
2024-03-25,2,1,0,0,0,0.0,20480000000.0,0.0,0.03,0.03
2024-03-24,2,1,0,0,0,0.0,20480000000.0,0.0,0.03,0.03
2024-03-23,2,1,0,0,0,0.0,20480000000.0,0.0,0.03,0.03
2024-03-22,2,1,0,0,0,0.0,20480000000.0,0.0,0.03,0.03
2024-03-21,2,1,0,0,0,0.0,20480000000.0,0.0,0.03,0.03
2024-03-20,2,1,0,0,0,0.2,20480000000.0,0.0,0.03,0.23
2024-03-19,2,1,0,0,0,0.2,20480000000.0,0.0,0.03,0.23
2024-03-18,2,1,0,0,0,0.2,20480000000.0,0.0,0.03,0.23
2024-03-17,1,2,0,0,0,0.4,20480000000.0,0.0,0.03,0.43000000000000005
2024-03-16,1,2,0,0,0,0.4,20480000000.0,0.0,0.03,0.43000000000000005
2024-03-15,1,2,0,0,0,0.6,20480000000.0,0.0,0.03,0.63
2024-03-14,1,2,0,0,0,0.6,20480000000.0,0.0,0.03,0.63
2024-03-13,1,2,0,0,0,0.6,20480000000.0,0.0,0.03,0.63
2024-03-12,0,3,0,0,0,0.63,20480000000.0,0.0,0.03,0.66
2024-03-11,0,2,1,0,0,0.69,20480000000.0,0.0,0.03,0.72
2024-03-10,0,2,1,0,0,0.69,20480000000.0,0.0,0.03,0.72
2024-03-09,0,2,1,0,0,0.69,20480000000.0,0.0,0.03,0.72
2024-03-08,0,2,1,0,0,0.69,20480000000.0,0.0,0.03,0.72
2024-03-07,0,2,1,0,0,0.69,20480000000.0,0.0,0.03,0.72
2024-03-06,1,1,1,0,0,0.68,20480000000.0,0.0,0.03,0.7100000000000001
2024-03-05,1,1,1,0,0,0.68,20480000000.0,0.0,0.03,0.7100000000000001
2024-03-04,0,2,1,0,0,0.71,20480000000.0,0.0,0.03,0.74
2024-03-03,0,2,1,0,0,0.71,20480000000.0,0.0,0.04,0.75
2024-03-02,0,2,1,0,0,0.71,20480000000.0,0.0,0.04,0.75
2024-03-01,0,2,1,0,0,0.71,20480000000.0,0.0,0.04,0.75
2024-02-29,0,2,1,0,0,0.71,20480000000.0,0.0,0.04,0.75
2024-02-28,0,2,1,0,0,0.71,20480000000.0,0.0,0.04,0.75
2024-02-27,0,2,1,0,0,0.71,20480000000.0,0.0,0.04,0.75
2024-02-26,0,2,1,0,0,0.71,20480000000.0,0.0,0.04,0.75
2024-02-25,0,2,1,0,0,0.76,20480000000.0,0.0,0.04,0.8
2024-02-24,0,2,1,0,0,0.76,20480000000.0,0.0,0.04,0.8
2024-02-23,0,2,1,0,0,0.76,20480000000.0,0.0,0.04,0.8
2024-02-22,0,2,1,0,0,0.76,20480000000.0,0.0,0.04,0.8
2024-02-21,0,2,1,0,0,0.76,20480000000.0,0.0,0.04,0.8
2024-02-20,0,1,2,0,0,0.78,20480000000.0,0.0,0.04,0.8200000000000001
2024-02-19,0,1,2,0,0,0.78,20480000000.0,0.0,0.03,0.81
2024-02-18,1,0,2,0,0,0.55,20480000000.0,0.0,0.03,0.5800000000000001
2024-02-17,1,0,2,0,0,0.55,20480000000.0,0.0,0.03,0.5800000000000001
2024-02-16,1,0,2,0,0,0.55,20480000000.0,0.0,0.03,0.5800000000000001
2024-02-15,1,1,1,0,0,0.52,20480000000.0,0.0,0.03,0.55
2024-02-14,1,1,1,0,0,0.52,20480000000.0,0.0,0.03,0.55
2024-02-13,1,1,1,0,0,0.52,20480000000.0,0.0,0.03,0.55
2024-02-12,1,1,1,0,0,0.52,20480000000.0,0.0,0.03,0.55
2024-02-11,1,1,1,0,0,0.52,20480000000.0,0.0,0.03,0.55
2024-02-10,1,1,1,0,0,0.52,20480000000.0,0.0,0.03,0.55
2024-02-09,1,1,1,0,0,0.52,20480000000.0,0.0,0.03,0.55
2024-02-08,1,2,0,0,0,0.28,20480000000.0,0.0,0.0,0.28
2024-02-07,3,0,0,0,0,0.0,20480000000.0,0.0,0.0,0.0
2024-02-06,3,0,0,0,0,0.0,20480000000.0,0.0,0.0,0.0
2024-02-05,3,0,0,0,0,0.0,20480000000.0,0.0,0.0,0.0
2024-02-04,3,0,0,0,0,0.0,20480000000.0,0.0,0.0,0.0
2024-02-03,3,0,0,0,0,0.0,20480000000.0,0.0,0.0,0.0
2024-02-02,3,0,0,0,0,0.0,20480000000.0,0.0,0.0,0.0
2024-02-01,3,0,0,0,0,0.0,20480000000.0,0.0,0.0,0.0
2024-01-31,3,0,0,0,0,0.0,20480000000.0,0.0,0.0,0.0
2024-01-30,3,0,0,0,0,0.0,20480000000.0,0.0,0.0,0.0
2024-01-29,3,0,0,0,0,0.0,20480000000.0,0.0,0.0,0.0
2024-01-28,3,0,0,0,0,0.0,20480000000.0,0.0,0.0,0.0
2024-01-27,3,0,0,0,0,0.0,20480000000.0,0.0,0.0,0.0
2024-01-26,3,0,0,0,0,0.0,20480000000.0,0.0,0.0,0.0
2024-01-25,3,0,0,0,0,0.0,20480000000.0,0.0,0.0,0.0
2024-01-24,3,0,0,0,0,0.0,20480000000.0,0.0,0.0,0.0
2024-01-23,3,0,0,0,0,0.0,20480000000.0,0.0,0.0,0.0
2024-01-22,3,0,0,0,0,0.0,20480000000.0,0.0,0.0,0.0
2024-01-21,3,0,0,0,0,0.0,20480000000.0,0.0,0.0,0.0
2024-01-20,3,0,0,0,0,0.0,20480000000.0,0.0,0.0,0.0
2024-01-19,3,0,0,0,0,0.0,20480000000.0,0.0,0.0,0.0
2024-01-18,3,0,0,0,0,0.0,20480000000.0,0.0,0.0,0.0
2024-01-17,3,0,0,0,0,0.21,20480000000.0,0.0,0.0,0.21
2024-01-16,3,0,0,0,0,0.21,20480000000.0,0.0,0.0,0.21
2024-01-15,3,0,0,0,0,0.21,20480000000.0,0.0,0.0,0.21
2024-01-14,2,1,0,0,0,0.23,20480000000.0,0.0,0.0,0.23
2024-01-13,2,1,0,0,0,0.23,20480000000.0,0.0,0.0,0.23
2024-01-12,2,1,0,0,0,0.23,20480000000.0,0.0,0.0,0.23
2024-01-11,2,1,0,0,0,0.23,20480000000.0,0.0,0.0,0.23
2024-01-10,2,1,0,0,0,0.23,20480000000.0,0.0,0.0,0.23
2024-01-09,3,0,0,0,0,0.0,20480000000.0,0.0,0.0,0.0
2024-01-08,3,0,0,0,0,0.0,20480000000.0,0.0,0.0,0.0
2024-01-07,3,0,0,0,0,0.0,20480000000.0,0.0,0.0,0.0
2024-01-06,3,0,0,0,0,0.0,20480000000.0,0.0,0.0,0.0
2024-01-05,3,0,0,0,0,0.0,20480000000.0,0.0,0.0,0.0
2024-01-04,3,0,0,0,0,0.0,20480000000.0,0.0,0.0,0.0
2024-01-03,3,0,0,0,0,0.0,20480000000.0,0.0,0.0,0.0
2024-01-02,3,0,0,0,0,0.0,20480000000.0,0.0,0.0,0.0
2024-01-01,3,0,0,0,0,0.0,20480000000.0,0.0,0.0,0.0
2023-12-31,3,0,0,0,0,0.0,20480000000.0,0.0,0.0,0.0
2023-12-30,3,0,0,0,0,0.0,20480000000.0,0.0,0.0,0.0
2023-12-29,3,0,0,0,0,0.0,20480000000.0,0.0,0.0,0.0
2023-12-28,3,0,0,0,0,0.0,20480000000.0,0.0,0.0,0.0
2023-12-27,3,0,0,0,0,0.0,20480000000.0,0.0,0.0,0.0
2023-12-26,3,0,0,0,0,0.0,20480000000.0,0.0,0.0,0.0
2023-12-25,3,0,0,0,0,0.0,20480000000.0,0.0,0.0,0.0
2023-12-24,3,0,0,0,0,0.0,20480000000.0,0.0,0.0,0.0
2023-12-23,3,0,0,0,0,0.0,20480000000.0,0.0,0.0,0.0
2023-12-22,3,0,0,0,0,0.0,20480000000.0,0.0,0.0,0.0
2023-12-21,3,0,0,0,0,0.0,20480000000.0,0.0,0.0,0.0
2023-12-20,3,0,0,0,0,0.0,20480000000.0,0.0,0.0,0.0
2023-12-19,3,0,0,0,0,0.0,20480000000.0,0.0,0.0,0.0
2023-12-18,3,0,0,0,0,0.0,20480000000.0,0.0,0.0,0.0
2023-12-17,3,0,0,0,0,0.0,20480000000.0,0.0,0.0,0.0
2023-12-16,3,0,0,0,0,0.0,20480000000.0,0.0,0.0,0.0
2023-12-15,3,0,0,0,0,0.0,20480000000.0,0.0,0.0,0.0
2023-12-14,3,0,0,0,0,0.0,20480000000.0,0.0,0.0,0.0
2023-12-13,3,0,0,0,0,0.03,20480000000.0,0.0,0.0,0.03
2023-12-12,3,0,0,0,0,0.03,20480000000.0,0.0,0.0,0.03
2023-12-11,3,0,0,0,0,0.03,20480000000.0,0.24,0.0,0.27
2023-12-10,2,1,0,0,0,0.03,20480000000.0,0.24,0.0,0.27
2023-12-09,2,1,0,0,0,0.03,20480000000.0,0.24,0.0,0.27
2023-12-08,2,1,0,0,0,0.03,20480000000.0,0.24,0.0,0.27
2023-12-07,2,1,0,0,0,0.03,20480000000.0,0.24,0.0,0.27
2023-12-06,1,2,0,0,0,0.03,20480000000.0,0.49,0.0,0.52
2023-12-05,1,2,0,0,0,0.03,20480000000.0,0.49,0.0,0.52
2023-12-04,1,2,0,0,0,0.03,20480000000.0,0.54,0.0,0.5700000000000001
2023-12-03,1,2,0,0,0,0.02,20480000000.0,0.57,0.0,0.59
2023-12-02,1,2,0,0,0,0.02,20480000000.0,0.57,0.0,0.59
2023-12-01,1,2,0,0,0,0.02,20480000000.0,0.57,0.0,0.59
2023-11-30,1,2,0,0,0,0.02,20480000000.0,0.57,0.0,0.59
2023-11-29,0,3,0,0,0,0.03,20480000000.0,0.69,0.0,0.72
2023-11-28,0,3,0,0,0,0.03,20480000000.0,0.69,0.0,0.72
2023-11-27,1,2,0,0,0,0.0,20480000000.0,0.69,0.0,0.69
2023-11-26,1,2,0,0,0,0.0,20480000000.0,0.69,0.0,0.69
2023-11-25,1,2,0,0,0,0.0,20480000000.0,0.69,0.0,0.69
2023-11-24,1,2,0,0,0,0.0,20480000000.0,0.69,0.0,0.69
2023-11-23,1,2,0,0,0,0.0,20480000000.0,0.69,0.0,0.69
2023-11-22,1,2,0,0,0,0.0,20480000000.0,0.69,0.0,0.69
2023-11-21,1,2,0,0,0,0.0,20480000000.0,0.69,0.0,0.69
2023-11-20,1,2,0,0,0,0.0,20480000000.0,0.69,0.0,0.69
2023-11-19,1,2,0,0,0,0.0,20480000000.0,0.69,0.0,0.69
2023-11-18,1,2,0,0,0,0.0,20480000000.0,0.69,0.0,0.69
2023-11-17,1,2,0,0,0,0.0,20480000000.0,0.69,0.0,0.69
2023-11-16,1,2,0,0,0,0.03,20480000000.0,0.69,0.0,0.72
2023-11-15,1,2,0,0,0,0.03,20480000000.0,0.69,0.0,0.72
2023-11-14,1,2,0,0,0,0.03,20480000000.0,0.69,0.0,0.72
2023-11-13,0,3,0,0,0,0.03,20480000000.0,0.69,0.0,0.72
2023-11-12,0,3,0,0,0,0.03,20480000000.0,0.69,0.0,0.72
2023-11-11,0,3,0,0,0,0.03,20480000000.0,0.69,0.0,0.72
2023-11-10,0,3,0,0,0,0.03,20480000000.0,0.69,0.0,0.72
2023-11-09,0,3,0,0,0,0.03,20480000000.0,0.69,0.0,0.72
2023-11-08,0,2,1,0,0,0.28,20480000000.0,0.69,0.0,0.97
2023-11-07,0,2,1,0,0,0.28,20480000000.0,0.69,0.0,0.97
2023-11-06,0,2,1,0,0,0.28,20480000000.0,0.69,0.0,0.97
2023-11-05,0,2,1,0,0,0.28,20480000000.0,0.74,0.0,1.02
2023-11-04,0,2,1,0,0,0.28,20480000000.0,0.74,0.0,1.02
2023-11-03,0,2,1,0,0,0.28,20480000000.0,0.74,0.0,1.02
2023-11-02,0,2,1,0,0,0.28,20480000000.0,0.84,0.0,1.12
2023-11-01,0,2,1,0,0,0.28,20480000000.0,0.84,0.0,1.12
2023-10-31,0,2,1,0,0,0.28,20480000000.0,0.84,0.0,1.12
2023-10-30,0,2,1,0,0,0.28,20480000000.0,0.84,0.0,1.12
2023-10-29,0,2,1,0,0,0.28,20480000000.0,0.84,0.0,1.12
2023-10-28,0,2,1,0,0,0.28,20480000000.0,0.84,0.0,1.12
2023-10-27,0,2,1,0,0,0.28,20480000000.0,0.84,0.03,1.1500000000000001
2023-10-26,0,2,1,0,0,0.28,20480000000.0,0.84,0.03,1.1500000000000001
2023-10-25,0,2,1,0,0,0.28,20480000000.0,0.84,0.03,1.1500000000000001
2023-10-24,0,1,2,0,0,0.28,20480000000.0,0.84,0.03,1.1500000000000001
2023-10-23,0,1,2,0,0,0.28,20480000000.0,0.84,0.03,1.1500000000000001
2023-10-22,0,1,2,0,0,0.28,20480000000.0,0.8,0.03,1.11
2023-10-21,0,1,2,0,0,0.28,20480000000.0,0.8,0.03,1.11
2023-10-20,0,1,2,0,0,0.28,20480000000.0,0.8,0.03,1.11
2023-10-19,0,2,1,0,0,0.03,20480000000.0,0.76,0.03,0.8200000000000001
2023-10-18,0,2,1,0,0,0.03,20480000000.0,0.76,0.03,0.8200000000000001
2023-10-17,0,2,1,0,0,0.03,20480000000.0,0.76,0.03,0.8200000000000001
2023-10-16,0,2,1,0,0,0.03,20480000000.0,0.76,0.03,0.8200000000000001
2023-10-15,0,2,1,0,0,0.03,20480000000.0,0.76,0.03,0.8200000000000001
2023-10-14,0,2,1,0,0,0.03,20480000000.0,0.76,0.03,0.8200000000000001
2023-10-13,0,2,1,0,0,0.03,20480000000.0,0.76,0.03,0.8200000000000001
2023-10-12,0,2,1,0,0,0.03,20480000000.0,0.76,0.03,0.8200000000000001
2023-10-11,0,2,1,0,0,0.03,20480000000.0,0.76,0.03,0.8200000000000001
2023-10-10,0,2,1,0,0,0.03,20480000000.0,0.76,0.03,0.8200000000000001
2023-10-09,0,2,1,0,0,0.03,20480000000.0,0.76,0.03,0.8200000000000001
2023-10-08,0,2,1,0,0,0.03,20480000000.0,0.76,0.03,0.8200000000000001
2023-10-07,0,2,1,0,0,0.03,20480000000.0,0.76,0.03,0.8200000000000001
2023-10-06,0,2,1,0,0,0.03,20480000000.0,0.76,0.03,0.8200000000000001
2023-10-05,0,2,1,0,0,0.03,20480000000.0,0.76,0.03,0.8200000000000001
2023-10-04,0,2,1,0,0,0.03,20480000000.0,0.76,0.03,0.8200000000000001
2023-10-03,0,3,0,0,0,0.0,20480000000.0,0.76,0.04,0.8
2023-10-02,0,3,0,0,0,0.0,20480000000.0,0.76,0.04,0.8
2023-10-01,0,3,0,0,0,0.0,20480000000.0,0.76,0.04,0.8
2023-09-30,0,3,0,0,0,0.0,20480000000.0,0.76,0.04,0.8
2023-09-29,0,3,0,0,0,0.0,20480000000.0,0.76,0.04,0.8
2023-09-28,0,3,0,0,0,0.0,20480000000.0,0.76,0.04,0.8
2023-09-27,0,3,0,0,0,0.0,20480000000.0,0.76,0.04,0.8
2023-09-26,0,3,0,0,0,0.0,20480000000.0,0.76,0.04,0.8
2023-09-25,0,3,0,0,0,0.0,20480000000.0,0.76,0.04,0.8
2023-09-24,0,3,0,0,0,0.0,20480000000.0,0.76,0.04,0.8
2023-09-23,0,3,0,0,0,0.0,20480000000.0,0.76,0.04,0.8
2023-09-22,0,3,0,0,0,0.0,20480000000.0,0.76,0.04,0.8
2023-09-21,0,3,0,0,0,0.0,20480000000.0,0.76,0.04,0.8
2023-09-20,0,3,0,0,0,0.0,20480000000.0,0.76,0.04,0.8
2023-09-19,0,3,0,0,0,0.0,20480000000.0,0.76,0.04,0.8
2023-09-18,0,3,0,0,0,0.0,20480000000.0,0.76,0.04,0.8
2023-09-17,0,3,0,0,0,0.0,20480000000.0,0.76,0.04,0.8
2023-09-16,0,3,0,0,0,0.0,20480000000.0,0.76,0.04,0.8
2023-09-15,0,3,0,0,0,0.0,20480000000.0,0.76,0.04,0.8
2023-09-14,0,3,0,0,0,0.0,20480000000.0,0.76,0.04,0.8
2023-09-13,0,3,0,0,0,0.0,20480000000.0,0.76,0.04,0.8
2023-09-12,0,3,0,0,0,0.0,20480000000.0,0.76,0.04,0.8
2023-09-11,0,3,0,0,0,0.0,20480000000.0,0.76,0.04,0.8
2023-09-10,0,3,0,0,0,0.0,20480000000.0,0.76,0.04,0.8
2023-09-09,0,3,0,0,0,0.0,20480000000.0,0.76,0.04,0.8
2023-09-08,0,3,0,0,0,0.0,20480000000.0,0.76,0.04,0.8
2023-09-07,0,3,0,0,0,0.0,20480000000.0,0.76,0.04,0.8
2023-09-06,0,3,0,0,0,0.0,20480000000.0,0.76,0.04,0.8
2023-09-05,0,3,0,0,0,0.0,20480000000.0,0.76,0.04,0.8
2023-09-04,0,2,1,0,0,0.25,20480000000.0,0.76,0.04,1.05
2023-09-03,0,2,1,0,0,0.25,20480000000.0,0.76,0.04,1.05
2023-09-02,0,2,1,0,0,0.25,20480000000.0,0.76,0.04,1.05
2023-09-01,0,2,1,0,0,0.25,20480000000.0,0.76,0.04,1.05
2023-08-31,0,1,2,0,0,0.27,20480000000.0,0.76,0.04,1.07
2023-08-30,0,1,2,0,0,0.28,20480000000.0,0.76,0.04,1.08
2023-08-29,0,1,2,0,0,0.28,20480000000.0,0.76,0.04,1.08
2023-08-28,0,2,1,0,0,0.03,20480000000.0,0.76,0.04,0.8300000000000001
2023-08-27,0,2,1,0,0,0.03,20480000000.0,0.76,0.04,0.8300000000000001
2023-08-26,0,2,1,0,0,0.03,20480000000.0,0.76,0.04,0.8300000000000001
2023-08-25,0,2,1,0,0,0.03,20480000000.0,0.76,0.04,0.8300000000000001
2023-08-24,0,2,1,0,0,0.03,20480000000.0,0.76,0.04,0.8300000000000001
2023-08-23,0,1,2,0,0,0.24,20480000000.0,0.76,0.04,1.04
2023-08-22,0,1,2,0,0,0.24,20480000000.0,0.76,0.04,1.04
2023-08-21,0,1,2,0,0,0.24,20480000000.0,0.76,0.04,1.04
2023-08-20,0,1,2,0,0,0.29,20480000000.0,0.76,0.04,1.09
2023-08-19,0,1,2,0,0,0.29,20480000000.0,0.76,0.04,1.09
2023-08-18,0,1,2,0,0,0.29,20480000000.0,0.76,0.04,1.09
2023-08-17,0,1,2,0,0,0.29,20480000000.0,0.76,0.04,1.09
2023-08-16,0,1,2,0,0,0.29,20480000000.0,0.76,0.04,1.09
2023-08-15,0,1,2,0,0,0.29,20480000000.0,0.76,0.04,1.09
2023-08-14,0,1,2,0,0,0.29,20480000000.0,0.76,0.04,1.09
2023-08-13,0,1,2,0,0,0.29,20480000000.0,0.76,0.04,1.09
2023-08-12,0,1,2,0,0,0.29,20480000000.0,0.76,0.04,1.09
2023-08-11,0,1,2,0,0,0.5,20480000000.0,0.76,0.04,1.3
2023-08-10,0,1,2,0,0,0.5,20480000000.0,0.76,0.04,1.3
2023-08-09,0,1,2,0,0,0.5,20480000000.0,0.76,0.04,1.3
2023-08-08,0,1,2,0,0,0.52,20480000000.0,0.76,0.04,1.32
2023-08-07,0,1,2,0,0,0.52,20480000000.0,0.76,0.04,1.32
2023-08-06,0,1,2,0,0,0.52,20480000000.0,0.76,0.04,1.32
2023-08-05,0,1,2,0,0,0.52,20480000000.0,0.76,0.04,1.32
2023-08-04,0,1,2,0,0,0.52,20480000000.0,0.76,0.04,1.32
2023-08-03,0,1,2,0,0,0.52,20480000000.0,0.76,0.04,1.32
2023-08-02,0,1,2,0,0,0.52,20480000000.0,0.76,0.04,1.32
2023-08-01,0,1,2,0,0,0.29,20480000000.0,0.8,0.04,1.1300000000000001
2023-07-31,0,1,2,0,0,0.29,20480000000.0,0.8,0.04,1.1300000000000001
2023-07-30,0,1,2,0,0,0.29,20480000000.0,0.82,0.04,1.15
2023-07-29,0,1,2,0,0,0.29,20480000000.0,0.82,0.04,1.15
2023-07-28,0,1,2,0,0,0.29,20480000000.0,0.82,0.04,1.15
2023-07-27,0,1,2,0,0,0.29,20480000000.0,0.82,0.04,1.15
2023-07-26,1,0,2,0,0,0.29,20480000000.0,0.39,0.04,0.72
2023-07-25,1,0,2,0,0,0.5,20480000000.0,0.39,0.04,0.93
2023-07-24,1,0,1,1,0,0.51,20480000000.0,0.39,0.04,0.9400000000000001
2023-07-23,1,0,1,1,0,0.51,20480000000.0,0.39,0.04,0.9400000000000001
2023-07-22,1,0,1,1,0,0.51,20480000000.0,0.39,0.04,0.9400000000000001
2023-07-21,1,0,1,1,0,0.51,20480000000.0,0.39,0.04,0.9400000000000001
2023-07-20,1,0,1,1,0,0.51,20480000000.0,0.39,0.04,0.9400000000000001
2023-07-19,1,0,1,1,0,0.51,20480000000.0,0.39,0.04,0.9400000000000001
2023-07-18,1,0,1,1,0,0.76,20480000000.0,0.39,0.04,1.19
2023-07-17,1,0,1,1,0,0.76,20480000000.0,0.39,0.04,1.19
2023-07-16,1,0,1,1,0,0.76,20480000000.0,0.39,0.04,1.19
2023-07-15,1,0,1,1,0,0.76,20480000000.0,0.39,0.04,1.19
2023-07-14,1,0,1,1,0,0.76,20480000000.0,0.39,0.04,1.19
2023-07-13,1,0,1,1,0,0.76,20480000000.0,0.39,0.25,1.4
2023-07-12,1,0,2,0,0,0.49,20480000000.0,0.39,0.25,1.13
2023-07-11,0,1,2,0,0,0.56,20480000000.0,0.39,0.25,1.2000000000000002
2023-07-10,0,1,2,0,0,0.53,20480000000.0,0.39,0.28,1.2000000000000002
2023-07-09,0,1,2,0,0,0.53,20480000000.0,0.39,0.28,1.2000000000000002
2023-07-08,0,1,2,0,0,0.53,20480000000.0,0.39,0.28,1.2000000000000002
2023-07-07,0,0,3,0,0,0.76,20480000000.0,0.39,0.28,1.43
2023-07-06,0,0,3,0,0,0.78,20480000000.0,0.39,0.28,1.45
2023-07-05,0,0,3,0,0,0.78,20480000000.0,0.39,0.28,1.45
2023-07-04,0,0,3,0,0,0.84,20480000000.0,0.39,0.28,1.51
2023-07-03,0,0,3,0,0,0.84,20480000000.0,0.39,0.28,1.51
2023-07-02,0,0,3,0,0,0.82,20480000000.0,0.39,0.28,1.49
2023-07-01,0,0,3,0,0,0.82,20480000000.0,0.39,0.28,1.49
2023-06-30,0,0,3,0,0,0.82,20480000000.0,0.39,0.28,1.49
2023-06-29,0,0,3,0,0,0.89,20480000000.0,0.39,0.28,1.56
2023-06-28,0,1,2,0,0,0.87,20480000000.0,0.39,0.28,1.54
2023-06-27,0,1,1,1,0,1.08,20480000000.0,0.39,0.28,1.7500000000000002
2023-06-26,0,1,1,1,0,1.09,20480000000.0,0.39,0.28,1.76
2023-06-25,0,1,1,1,0,1.09,20480000000.0,0.39,0.28,1.76
2023-06-24,0,1,1,1,0,1.09,20480000000.0,0.39,0.28,1.76
2023-06-23,0,1,1,1,0,1.09,20480000000.0,0.39,0.28,1.76
2023-06-22,0,1,1,1,0,0.9,20480000000.0,0.39,0.28,1.57
2023-06-21,0,1,1,1,0,0.9,20480000000.0,0.39,0.28,1.57
2023-06-20,0,1,1,1,0,0.95,20480000000.0,0.39,0.28,1.6199999999999999
2023-06-19,0,1,1,1,0,0.95,20480000000.0,0.39,0.28,1.6199999999999999
2023-06-18,0,1,1,1,0,0.99,20480000000.0,0.39,0.28,1.66
2023-06-17,0,1,1,1,0,0.99,20480000000.0,0.39,0.28,1.66
2023-06-16,0,1,1,1,0,0.99,20480000000.0,0.39,0.28,1.66
2023-06-15,0,1,1,1,0,0.99,20480000000.0,0.39,0.28,1.66
2023-06-14,0,1,1,1,0,1.01,20480000000.0,0.39,0.29,1.69
2023-06-13,0,1,1,1,0,1.01,20480000000.0,0.39,0.29,1.69
2023-06-12,0,1,1,1,0,1.01,20480000000.0,0.39,0.29,1.69
2023-06-11,0,1,1,1,0,1.02,20480000000.0,0.39,0.29,1.7000000000000002
2023-06-10,0,1,1,1,0,1.02,20480000000.0,0.39,0.29,1.7000000000000002
2023-06-09,0,1,1,1,0,1.25,20480000000.0,0.39,0.29,1.9300000000000002
2023-06-08,0,1,1,1,0,1.25,20480000000.0,0.39,0.29,1.9300000000000002
2023-06-07,0,1,1,1,0,1.24,20480000000.0,0.39,0.29,1.92
2023-06-06,0,1,1,1,0,1.26,20480000000.0,0.39,0.29,1.94
2023-06-05,0,1,1,1,0,1.26,20480000000.0,0.39,0.29,1.94
2023-06-04,1,0,1,1,0,1.26,20480000000.0,0.39,0.26,1.91
2023-06-03,1,0,1,1,0,1.26,20480000000.0,0.39,0.26,1.91
2023-06-02,1,0,1,1,0,1.26,20480000000.0,0.39,0.26,1.91
2023-06-01,1,0,1,1,0,1.26,20480000000.0,0.39,0.26,1.91
2023-05-31,1,0,1,1,0,1.26,20480000000.0,0.39,0.26,1.91
2023-05-30,1,0,1,1,0,1.25,20480000000.0,0.39,0.29,1.9300000000000002
2023-05-29,1,0,1,1,0,1.25,20480000000.0,0.39,0.29,1.9300000000000002
2023-05-28,1,0,1,1,0,1.25,20480000000.0,0.39,0.29,1.9300000000000002
2023-05-27,1,0,1,1,0,1.25,20480000000.0,0.39,0.29,1.9300000000000002
2023-05-26,1,0,1,1,0,1.25,20480000000.0,0.39,0.29,1.9300000000000002
2023-05-25,0,1,1,1,0,1.25,20480000000.0,0.39,0.29,1.9300000000000002
2023-05-24,0,1,1,1,0,1.25,20480000000.0,0.39,0.25,1.8900000000000001
2023-05-23,0,1,1,1,0,1.25,20480000000.0,0.39,0.25,1.8900000000000001
2023-05-22,0,1,1,1,0,1.26,20480000000.0,0.39,0.25,1.9
2023-05-21,0,1,1,1,0,1.26,20480000000.0,0.39,0.25,1.9
2023-05-20,0,1,1,1,0,1.26,20480000000.0,0.39,0.25,1.9
2023-05-19,0,1,1,1,0,1.26,20480000000.0,0.39,0.25,1.9
2023-05-18,0,1,1,1,0,1.26,20480000000.0,0.39,0.25,1.9
2023-05-17,0,1,1,1,0,1.26,20480000000.0,0.39,0.25,1.9
2023-05-16,0,1,1,1,0,1.47,20480000000.0,0.39,0.25,2.11
2023-05-15,0,1,1,1,0,1.21,20480000000.0,0.39,0.28,1.8800000000000001
2023-05-14,0,1,1,1,0,1.21,20480000000.0,0.39,0.28,1.8800000000000001
2023-05-13,0,1,1,1,0,1.21,20480000000.0,0.39,0.28,1.8800000000000001
2023-05-12,0,1,1,1,0,1.21,20480000000.0,0.39,0.28,1.8800000000000001
2023-05-11,0,1,1,1,0,1.25,20480000000.0,0.39,0.28,1.9200000000000002
2023-05-10,1,0,1,1,0,1.25,20480000000.0,0.39,0.26,1.9000000000000001
2023-05-09,1,0,1,1,0,1.25,20480000000.0,0.39,0.26,1.9000000000000001
2023-05-08,1,0,1,1,0,1.27,20480000000.0,0.39,0.26,1.9200000000000002
2023-05-07,1,0,1,1,0,1.23,20480000000.0,0.39,0.26,1.8800000000000001
2023-05-06,1,0,1,1,0,1.23,20480000000.0,0.39,0.26,1.8800000000000001
2023-05-05,1,0,1,1,0,1.23,20480000000.0,0.39,0.26,1.8800000000000001
2023-05-04,1,0,1,1,0,1.23,20480000000.0,0.39,0.26,1.8800000000000001
2023-05-03,1,1,0,1,0,0.97,20480000000.0,0.39,0.26,1.6199999999999999
2023-05-02,1,1,0,1,0,0.97,20480000000.0,0.39,0.26,1.6199999999999999
2023-05-01,2,0,0,1,0,0.57,20480000000.0,0.39,0.26,1.22
2023-04-30,2,0,0,1,0,0.57,20480000000.0,0.39,0.26,1.22
