,<05,<1,<2,<5,>=5,GB,IT,JE,Market_capitalization,NL,US,Total
2025-04-28,1,0,1,1,0,0.14,0.75,0.13,9630000000.0,0.08,0.33,1.4300000000000002
2025-04-27,1,0,1,1,0,0.14,0.75,0.13,9630000000.0,0.08,0.33,1.4300000000000002
2025-04-26,1,0,1,1,0,0.14,0.75,0.13,9630000000.0,0.08,0.33,1.4300000000000002
2025-04-25,1,0,1,1,0,0.14,0.75,0.13,9630000000.0,0.08,0.33,1.4300000000000002
2025-04-24,1,0,1,1,0,0.14,0.75,0.13,9630000000.0,0.08,0.33,1.4300000000000002
2025-04-23,1,0,1,1,0,0.14,0.75,0.13,9630000000.0,0.08,0.33,1.4300000000000002
2025-04-22,1,0,1,1,0,0.14,0.75,0.13,9630000000.0,0.08,0.33,1.4300000000000002
2025-04-21,1,0,1,1,0,0.14,0.75,0.13,9630000000.0,0.08,0.33,1.4300000000000002
2025-04-20,1,0,1,1,0,0.14,0.75,0.13,9630000000.0,0.08,0.33,1.4300000000000002
2025-04-19,1,0,1,1,0,0.14,0.75,0.13,9630000000.0,0.08,0.33,1.4300000000000002
2025-04-18,1,0,1,1,0,0.14,0.75,0.13,9630000000.0,0.08,0.33,1.4300000000000002
2025-04-17,1,0,1,1,0,0.14,0.75,0.13,9630000000.0,0.08,0.33,1.4300000000000002
2025-04-16,1,0,1,1,0,0.14,0.75,0.13,9630000000.0,0.08,0.33,1.4300000000000002
2025-04-15,1,0,1,1,0,0.14,0.75,0.13,9630000000.0,0.08,0.33,1.4300000000000002
2025-04-14,1,0,1,1,0,0.14,0.75,0.13,9630000000.0,0.08,0.33,1.4300000000000002
2025-04-13,1,0,1,1,0,0.14,0.75,0.13,9630000000.0,0.08,0.33,1.4300000000000002
2025-04-12,1,0,1,1,0,0.14,0.75,0.13,9630000000.0,0.08,0.33,1.4300000000000002
2025-04-11,1,0,1,1,0,0.14,0.75,0.13,9630000000.0,0.08,0.33,1.4300000000000002
2025-04-10,1,0,1,1,0,0.14,0.75,0.13,9630000000.0,0.08,0.33,1.4300000000000002
2025-04-09,1,0,1,1,0,0.14,0.75,0.13,9630000000.0,0.08,0.33,1.4300000000000002
2025-04-08,1,0,1,1,0,0.14,0.75,0.13,9630000000.0,0.08,0.32,1.4200000000000002
2025-04-07,1,0,1,1,0,0.14,0.75,0.13,9630000000.0,0.08,0.31,1.4100000000000001
2025-04-06,1,0,1,1,0,0.14,0.75,0.13,9630000000.0,0.08,0.23,1.33
2025-04-05,1,0,1,1,0,0.14,0.75,0.13,9630000000.0,0.08,0.23,1.33
2025-04-04,1,0,1,1,0,0.2,0.75,0.13,9630000000.0,0.08,0.23,1.3900000000000001
2025-04-03,1,0,1,1,0,0.2,0.75,0.13,9630000000.0,0.08,0.21,1.37
2025-04-02,1,0,1,1,0,0.2,0.75,0.13,9630000000.0,0.08,0.21,1.37
2025-04-01,1,0,1,1,0,0.22,0.75,0.13,9630000000.0,0.08,0.21,1.3900000000000001
2025-03-31,1,0,1,1,0,0.22,0.75,0.13,9630000000.0,0.08,0.21,1.3900000000000001
2025-03-30,1,0,1,1,0,0.22,0.75,0.13,9630000000.0,0.08,0.21,1.3900000000000001
2025-03-29,1,0,1,1,0,0.22,0.75,0.13,9630000000.0,0.08,0.21,1.3900000000000001
2025-03-28,1,0,1,1,0,0.22,0.75,0.13,9630000000.0,0.08,0.21,1.3900000000000001
2025-03-27,1,0,1,1,0,0.22,0.75,0.13,9630000000.0,0.08,0.21,1.3900000000000001
2025-03-26,1,0,1,1,0,0.14,0.75,0.13,9630000000.0,0.08,0.21,1.31
2025-03-25,1,0,1,1,0,0.14,0.75,0.12,9630000000.0,0.08,0.21,1.3
2025-03-24,1,0,1,1,0,0.14,0.75,0.12,9630000000.0,0.08,0.21,1.3
2025-03-23,1,0,1,1,0,0.14,0.75,0.12,9630000000.0,0.08,0.21,1.3
2025-03-22,1,0,1,1,0,0.14,0.75,0.12,9630000000.0,0.08,0.21,1.3
2025-03-21,1,0,1,1,0,0.14,0.75,0.12,9630000000.0,0.08,0.21,1.3
2025-03-20,1,0,1,1,0,0.14,0.75,0.12,9630000000.0,0.08,0.21,1.3
2025-03-19,1,0,1,1,0,0.14,0.81,0.12,9630000000.0,0.08,0.21,1.36
2025-03-18,1,0,1,1,0,0.14,0.81,0.12,9630000000.0,0.08,0.21,1.36
2025-03-17,1,0,1,1,0,0.14,0.81,0.12,9630000000.0,0.08,0.21,1.36
2025-03-16,1,0,1,1,0,0.14,0.81,0.12,9630000000.0,0.08,0.21,1.36
2025-03-15,1,0,1,1,0,0.14,0.81,0.12,9630000000.0,0.08,0.21,1.36
2025-03-14,1,0,1,1,0,0.14,0.81,0.12,9630000000.0,0.08,0.21,1.36
2025-03-13,1,0,1,1,0,0.14,0.81,0.12,9630000000.0,0.08,0.21,1.36
2025-03-12,1,0,1,1,0,0.14,0.81,0.12,9630000000.0,0.08,0.21,1.36
2025-03-11,1,0,1,1,0,0.14,0.81,0.12,9630000000.0,0.08,0.14,1.29
2025-03-10,1,0,1,1,0,0.15,0.81,0.12,9630000000.0,0.08,0.14,1.3000000000000003
2025-03-09,1,0,1,1,0,0.15,0.81,0.13,9630000000.0,0.08,0.14,1.31
2025-03-08,1,0,1,1,0,0.15,0.81,0.13,9630000000.0,0.08,0.14,1.31
2025-03-07,1,0,1,1,0,0.15,0.81,0.13,9630000000.0,0.08,0.14,1.31
2025-03-06,1,0,1,1,0,0.15,0.81,0.13,9630000000.0,0.08,0.14,1.31
2025-03-05,1,0,1,1,0,0.15,0.81,0.13,9630000000.0,0.0,0.14,1.23
2025-03-04,1,0,1,1,0,0.15,0.81,0.13,9630000000.0,0.0,0.14,1.23
2025-03-03,1,0,1,1,0,0.15,0.81,0.13,9630000000.0,0.0,0.14,1.23
2025-03-02,1,0,1,1,0,0.15,0.81,0.13,9630000000.0,0.0,0.14,1.23
2025-03-01,1,0,1,1,0,0.15,0.81,0.13,9630000000.0,0.0,0.14,1.23
2025-02-28,1,0,1,1,0,0.15,0.81,0.13,9630000000.0,0.0,0.14,1.23
2025-02-27,1,0,1,1,0,0.15,0.81,0.13,9630000000.0,0.0,0.14,1.23
2025-02-26,1,0,1,1,0,0.13,0.81,0.13,9630000000.0,0.0,0.14,1.21
2025-02-25,1,0,1,1,0,0.12,0.81,0.13,9630000000.0,0.0,0.14,1.2000000000000002
2025-02-24,1,0,1,1,0,0.12,0.81,0.13,9630000000.0,0.0,0.14,1.2000000000000002
2025-02-23,1,0,1,1,0,0.12,0.81,0.13,9630000000.0,0.0,0.14,1.2000000000000002
2025-02-22,1,0,1,1,0,0.12,0.81,0.13,9630000000.0,0.0,0.14,1.2000000000000002
2025-02-21,1,0,1,1,0,0.12,0.81,0.13,9630000000.0,0.0,0.14,1.2000000000000002
2025-02-20,1,0,1,1,0,0.12,0.81,0.13,9630000000.0,0.0,0.14,1.2000000000000002
2025-02-19,1,0,1,1,0,0.12,0.81,0.13,9630000000.0,0.0,0.07,1.1300000000000001
2025-02-18,1,0,1,1,0,0.12,0.81,0.13,9630000000.0,0.0,0.07,1.1300000000000001
2025-02-17,1,0,1,1,0,0.12,0.81,0.13,9630000000.0,0.0,0.07,1.1300000000000001
2025-02-16,1,0,1,1,0,0.12,0.81,0.13,9630000000.0,0.0,0.07,1.1300000000000001
2025-02-15,1,0,1,1,0,0.12,0.81,0.13,9630000000.0,0.0,0.07,1.1300000000000001
2025-02-14,1,0,1,1,0,0.12,0.81,0.13,9630000000.0,0.0,0.07,1.1300000000000001
2025-02-13,1,0,1,1,0,0.12,0.81,0.13,9630000000.0,0.0,0.07,1.1300000000000001
2025-02-12,1,0,1,1,0,0.12,0.81,0.13,9630000000.0,0.0,0.07,1.1300000000000001
2025-02-11,1,0,1,1,0,0.12,0.81,0.13,9630000000.0,0.0,0.07,1.1300000000000001
2025-02-10,1,0,1,1,0,0.12,0.81,0.13,9630000000.0,0.0,0.07,1.1300000000000001
2025-02-09,1,0,1,1,0,0.11,0.81,0.13,9630000000.0,0.0,0.07,1.12
2025-02-08,1,0,1,1,0,0.11,0.81,0.13,9630000000.0,0.0,0.07,1.12
2025-02-07,1,0,1,1,0,0.11,0.81,0.13,9630000000.0,0.0,0.07,1.12
2025-02-06,1,0,1,1,0,0.11,0.81,0.13,9630000000.0,0.0,0.07,1.12
2025-02-05,1,0,1,1,0,0.11,0.81,0.13,9630000000.0,0.0,0.07,1.12
2025-02-04,1,0,1,1,0,0.11,0.81,0.13,9630000000.0,0.0,0.07,1.12
2025-02-03,1,0,1,1,0,0.11,0.81,0.13,9630000000.0,0.0,0.07,1.12
2025-02-02,1,0,1,1,0,0.11,0.81,0.13,9630000000.0,0.0,0.07,1.12
2025-02-01,1,0,1,1,0,0.11,0.81,0.13,9630000000.0,0.0,0.07,1.12
2025-01-31,1,0,1,1,0,0.11,0.81,0.13,9630000000.0,0.0,0.07,1.12
2025-01-30,1,0,1,1,0,0.11,0.81,0.13,9630000000.0,0.0,0.07,1.12
2025-01-29,1,0,1,1,0,0.11,0.81,0.13,9630000000.0,0.0,0.07,1.12
2025-01-28,1,0,1,1,0,0.11,0.81,0.13,9630000000.0,0.0,0.07,1.12
2025-01-27,1,0,1,1,0,0.11,0.81,0.14,9630000000.0,0.0,0.07,1.1300000000000001
2025-01-26,1,0,1,1,0,0.11,0.81,0.14,9630000000.0,0.0,0.07,1.1300000000000001
2025-01-25,1,0,1,1,0,0.11,0.81,0.14,9630000000.0,0.0,0.07,1.1300000000000001
2025-01-24,1,0,1,1,0,0.11,0.81,0.14,9630000000.0,0.0,0.07,1.1300000000000001
2025-01-23,1,0,1,1,0,0.11,0.81,0.14,9630000000.0,0.0,0.07,1.1300000000000001
2025-01-22,1,0,1,1,0,0.11,0.81,0.14,9630000000.0,0.0,0.07,1.1300000000000001
2025-01-21,1,0,1,1,0,0.11,0.81,0.14,9630000000.0,0.0,0.07,1.1300000000000001
2025-01-20,1,0,1,1,0,0.11,0.81,0.14,9630000000.0,0.0,0.14,1.2000000000000002
2025-01-19,1,0,1,1,0,0.11,0.81,0.14,9630000000.0,0.0,0.14,1.2000000000000002
2025-01-18,1,0,1,1,0,0.11,0.81,0.14,9630000000.0,0.0,0.14,1.2000000000000002
2025-01-17,1,0,1,1,0,0.11,0.81,0.14,9630000000.0,0.0,0.14,1.2000000000000002
2025-01-16,1,0,1,1,0,0.11,0.81,0.14,9630000000.0,0.0,0.14,1.2000000000000002
2025-01-15,1,0,1,1,0,0.11,0.81,0.14,9630000000.0,0.0,0.14,1.2000000000000002
2025-01-14,1,0,1,1,0,0.11,0.81,0.14,9630000000.0,0.0,0.07,1.1300000000000001
2025-01-13,1,0,1,1,0,0.11,0.81,0.14,9630000000.0,0.0,0.07,1.1300000000000001
2025-01-12,1,0,1,1,0,0.11,0.81,0.14,9630000000.0,0.0,0.07,1.1300000000000001
2025-01-11,1,0,1,1,0,0.11,0.81,0.14,9630000000.0,0.0,0.07,1.1300000000000001
2025-01-10,1,0,1,1,0,0.11,0.81,0.14,9630000000.0,0.0,0.07,1.1300000000000001
2025-01-09,1,0,1,1,0,0.11,0.81,0.14,9630000000.0,0.0,0.08,1.1400000000000001
2025-01-08,1,0,1,1,0,0.11,0.81,0.14,9630000000.0,0.0,0.08,1.1400000000000001
2025-01-07,1,0,1,1,0,0.11,0.81,0.14,9630000000.0,0.0,0.08,1.1400000000000001
2025-01-06,1,0,1,1,0,0.11,0.81,0.14,9630000000.0,0.0,0.08,1.1400000000000001
2025-01-05,1,0,1,1,0,0.11,0.81,0.14,9630000000.0,0.0,0.08,1.1400000000000001
2025-01-04,1,0,1,1,0,0.11,0.81,0.14,9630000000.0,0.0,0.08,1.1400000000000001
2025-01-03,1,0,1,1,0,0.11,0.81,0.14,9630000000.0,0.0,0.08,1.1400000000000001
2025-01-02,1,0,1,1,0,0.11,0.81,0.14,9630000000.0,0.0,0.08,1.1400000000000001
2025-01-01,1,0,1,1,0,0.12,0.81,0.14,9630000000.0,0.0,0.08,1.1500000000000001
2024-12-31,1,0,1,1,0,0.12,0.81,0.14,9630000000.0,0.0,0.08,1.1500000000000001
2024-12-30,1,0,1,1,0,0.12,0.81,0.14,9630000000.0,0.0,0.08,1.1500000000000001
2024-12-29,1,0,1,1,0,0.12,0.81,0.14,9630000000.0,0.0,0.08,1.1500000000000001
2024-12-28,1,0,1,1,0,0.12,0.81,0.14,9630000000.0,0.0,0.08,1.1500000000000001
2024-12-27,1,0,1,1,0,0.12,0.81,0.14,9630000000.0,0.0,0.08,1.1500000000000001
2024-12-26,1,0,1,1,0,0.12,0.81,0.14,9630000000.0,0.0,0.08,1.1500000000000001
2024-12-25,1,0,1,1,0,0.12,0.81,0.14,9630000000.0,0.0,0.08,1.1500000000000001
2024-12-24,1,0,1,1,0,0.12,0.81,0.14,9630000000.0,0.0,0.08,1.1500000000000001
2024-12-23,1,0,1,1,0,0.12,0.81,0.14,9630000000.0,0.0,0.08,1.1500000000000001
2024-12-22,1,0,1,1,0,0.12,0.81,0.14,9630000000.0,0.0,0.08,1.1500000000000001
2024-12-21,1,0,1,1,0,0.12,0.81,0.14,9630000000.0,0.0,0.08,1.1500000000000001
2024-12-20,1,0,1,1,0,0.12,0.81,0.14,9630000000.0,0.0,0.08,1.1500000000000001
2024-12-19,2,0,0,1,0,0.12,0.0,0.14,9630000000.0,0.0,0.08,0.34
2024-12-18,2,0,0,1,0,0.12,0.0,0.14,9630000000.0,0.0,0.08,0.34
2024-12-17,2,0,0,1,0,0.12,0.0,0.14,9630000000.0,0.0,0.08,0.34
2024-12-16,2,0,0,1,0,0.12,0.0,0.14,9630000000.0,0.0,0.08,0.34
2024-12-15,2,0,0,1,0,0.12,0.0,0.14,9630000000.0,0.0,0.08,0.34
2024-12-14,2,0,0,1,0,0.12,0.0,0.14,9630000000.0,0.0,0.08,0.34
2024-12-13,2,0,0,1,0,0.12,0.0,0.14,9630000000.0,0.0,0.08,0.34
2024-12-12,2,0,0,1,0,0.12,0.0,0.16,9630000000.0,0.0,0.08,0.36000000000000004
2024-12-11,2,0,0,1,0,0.12,0.0,0.16,9630000000.0,0.0,0.08,0.36000000000000004
2024-12-10,2,0,0,1,0,0.13,0.0,0.16,9630000000.0,0.0,0.08,0.37000000000000005
2024-12-09,2,0,0,1,0,0.15,0.0,0.16,9630000000.0,0.0,0.08,0.39
2024-12-08,2,0,0,1,0,0.15,0.0,0.16,9630000000.0,0.0,0.08,0.39
2024-12-07,2,0,0,1,0,0.15,0.0,0.16,9630000000.0,0.0,0.08,0.39
2024-12-06,2,0,0,1,0,0.15,0.0,0.16,9630000000.0,0.0,0.08,0.39
2024-12-05,2,0,0,1,0,0.15,0.0,0.16,9630000000.0,0.0,0.08,0.39
2024-12-04,2,0,0,1,0,0.15,0.0,0.16,9630000000.0,0.0,0.08,0.39
2024-12-03,2,0,0,1,0,0.15,0.0,0.16,9630000000.0,0.0,0.08,0.39
2024-12-02,2,0,0,1,0,0.13,0.0,0.17,9630000000.0,0.0,0.08,0.38000000000000006
2024-12-01,2,0,0,1,0,0.15,0.0,0.17,9630000000.0,0.0,0.08,0.4
2024-11-30,2,0,0,1,0,0.15,0.0,0.17,9630000000.0,0.0,0.08,0.4
2024-11-29,2,0,0,1,0,0.15,0.0,0.17,9630000000.0,0.0,0.08,0.4
2024-11-28,2,0,0,1,0,0.15,0.0,0.17,9630000000.0,0.0,0.08,0.4
2024-11-27,2,0,0,1,0,0.15,0.0,0.17,9630000000.0,0.0,0.15,0.47
2024-11-26,2,0,0,1,0,0.15,0.0,0.17,9630000000.0,0.0,0.15,0.47
2024-11-25,2,0,0,1,0,0.15,0.0,0.17,9630000000.0,0.0,0.16,0.48
2024-11-24,2,0,0,1,0,0.15,0.0,0.17,9630000000.0,0.0,0.18,0.5
2024-11-23,2,0,0,1,0,0.15,0.0,0.17,9630000000.0,0.0,0.18,0.5
2024-11-22,2,0,0,1,0,0.15,0.0,0.17,9630000000.0,0.0,0.18,0.5
2024-11-21,2,0,0,1,0,0.15,0.0,0.17,9630000000.0,0.0,0.18,0.5
2024-11-20,2,0,0,1,0,0.15,0.0,0.17,9630000000.0,0.0,0.18,0.5
2024-11-19,2,0,0,1,0,0.15,0.0,0.18,9630000000.0,0.0,0.18,0.51
2024-11-18,2,0,0,1,0,0.15,0.0,0.18,9630000000.0,0.0,0.2,0.53
2024-11-17,1,0,1,1,0,0.15,0.75,0.18,9630000000.0,0.0,0.2,1.28
2024-11-16,1,0,1,1,0,0.15,0.75,0.18,9630000000.0,0.0,0.2,1.28
2024-11-15,1,0,1,1,0,0.15,0.75,0.18,9630000000.0,0.0,0.2,1.28
2024-11-14,1,0,1,1,0,0.15,0.75,0.18,9630000000.0,0.0,0.2,1.28
2024-11-13,1,0,1,1,0,0.15,0.75,0.18,9630000000.0,0.0,0.2,1.28
2024-11-12,1,0,1,1,0,0.15,0.75,0.18,9630000000.0,0.0,0.2,1.28
2024-11-11,1,0,1,1,0,0.15,0.75,0.18,9630000000.0,0.0,0.2,1.28
2024-11-10,1,0,1,1,0,0.15,0.75,0.18,9630000000.0,0.0,0.2,1.28
2024-11-09,1,0,1,1,0,0.15,0.75,0.18,9630000000.0,0.0,0.2,1.28
2024-11-08,1,0,1,1,0,0.15,0.75,0.18,9630000000.0,0.0,0.2,1.28
2024-11-07,1,0,1,1,0,0.15,0.75,0.18,9630000000.0,0.0,0.2,1.28
2024-11-06,1,0,1,1,0,0.16,0.75,0.18,9630000000.0,0.0,0.2,1.29
2024-11-05,1,0,1,1,0,0.16,0.75,0.18,9630000000.0,0.0,0.2,1.29
2024-11-04,1,0,1,1,0,0.16,0.75,0.18,9630000000.0,0.0,0.2,1.29
2024-11-03,1,0,1,1,0,0.16,0.75,0.18,9630000000.0,0.0,0.2,1.29
2024-11-02,1,0,1,1,0,0.16,0.75,0.18,9630000000.0,0.0,0.2,1.29
2024-11-01,1,0,1,1,0,0.16,0.75,0.18,9630000000.0,0.0,0.2,1.29
2024-10-31,1,0,1,1,0,0.16,0.75,0.2,9630000000.0,0.0,0.2,1.31
2024-10-30,1,0,1,1,0,0.16,0.75,0.2,9630000000.0,0.0,0.2,1.31
2024-10-29,1,0,1,1,0,0.16,0.75,0.2,9630000000.0,0.0,0.2,1.31
2024-10-28,1,0,1,1,0,0.16,0.75,0.2,9630000000.0,0.0,0.2,1.31
2024-10-27,1,0,1,1,0,0.16,0.75,0.2,9630000000.0,0.0,0.2,1.31
2024-10-26,1,0,1,1,0,0.16,0.75,0.2,9630000000.0,0.0,0.2,1.31
2024-10-25,1,0,1,1,0,0.16,0.75,0.2,9630000000.0,0.0,0.2,1.31
2024-10-24,1,0,1,1,0,0.16,0.75,0.2,9630000000.0,0.0,0.2,1.31
2024-10-23,1,0,1,1,0,0.16,0.75,0.2,9630000000.0,0.0,0.2,1.31
2024-10-22,1,0,1,1,0,0.16,0.75,0.2,9630000000.0,0.0,0.2,1.31
2024-10-21,1,0,1,1,0,0.16,0.75,0.2,9630000000.0,0.0,0.2,1.31
2024-10-20,1,0,1,1,0,0.16,0.75,0.2,9630000000.0,0.0,0.2,1.31
2024-10-19,1,0,1,1,0,0.16,0.75,0.2,9630000000.0,0.0,0.2,1.31
2024-10-18,1,0,1,1,0,0.16,0.75,0.2,9630000000.0,0.0,0.2,1.31
2024-10-17,1,0,1,1,0,0.16,0.75,0.2,9630000000.0,0.0,0.2,1.31
2024-10-16,1,0,1,1,0,0.16,0.75,0.2,9630000000.0,0.0,0.2,1.31
2024-10-15,1,0,1,1,0,0.16,0.75,0.2,9630000000.0,0.0,0.19,1.3
2024-10-14,1,0,1,1,0,0.16,0.75,0.2,9630000000.0,0.0,0.19,1.3
2024-10-13,1,0,1,1,0,0.16,0.75,0.2,9630000000.0,0.0,0.19,1.3
2024-10-12,1,0,1,1,0,0.16,0.75,0.2,9630000000.0,0.0,0.19,1.3
2024-10-11,1,0,1,1,0,0.16,0.75,0.2,9630000000.0,0.0,0.19,1.3
2024-10-10,1,0,1,1,0,0.16,0.75,0.2,9630000000.0,0.0,0.19,1.3
2024-10-09,1,0,1,1,0,0.16,0.75,0.2,9630000000.0,0.0,0.19,1.3
2024-10-08,1,0,1,1,0,0.16,0.75,0.19,9630000000.0,0.0,0.19,1.29
2024-10-07,1,0,1,1,0,0.15,0.75,0.19,9630000000.0,0.0,0.19,1.28
2024-10-06,1,0,1,1,0,0.15,0.75,0.19,9630000000.0,0.0,0.19,1.28
2024-10-05,1,0,1,1,0,0.15,0.75,0.19,9630000000.0,0.0,0.19,1.28
2024-10-04,1,0,1,1,0,0.15,0.75,0.19,9630000000.0,0.0,0.19,1.28
2024-10-03,1,0,1,1,0,0.15,0.75,0.19,9630000000.0,0.0,0.19,1.28
2024-10-02,1,0,1,1,0,0.15,0.75,0.19,9630000000.0,0.0,0.19,1.28
2024-10-01,1,0,1,1,0,0.15,0.75,0.19,9630000000.0,0.0,0.18,1.27
2024-09-30,1,0,1,1,0,0.15,0.75,0.17,9630000000.0,0.0,0.18,1.25
2024-09-29,1,0,1,1,0,0.15,0.75,0.17,9630000000.0,0.0,0.19,1.26
2024-09-28,1,0,1,1,0,0.15,0.75,0.17,9630000000.0,0.0,0.19,1.26
2024-09-27,1,0,1,1,0,0.15,0.75,0.17,9630000000.0,0.0,0.19,1.26
2024-09-26,1,0,1,1,0,0.15,0.75,0.17,9630000000.0,0.0,0.17,1.24
2024-09-25,1,0,1,1,0,0.15,0.75,0.17,9630000000.0,0.0,0.17,1.24
2024-09-24,1,0,1,1,0,0.15,0.75,0.16,9630000000.0,0.0,0.17,1.23
2024-09-23,1,0,1,1,0,0.15,0.75,0.16,9630000000.0,0.0,0.16,1.22
2024-09-22,1,0,1,1,0,0.14,0.75,0.16,9630000000.0,0.0,0.16,1.21
2024-09-21,1,0,1,1,0,0.14,0.75,0.16,9630000000.0,0.0,0.16,1.21
2024-09-20,1,0,1,1,0,0.14,0.75,0.16,9630000000.0,0.0,0.16,1.21
2024-09-19,1,0,1,1,0,0.13,0.75,0.16,9630000000.0,0.0,0.16,1.2
2024-09-18,1,0,1,1,0,0.13,0.75,0.14,9630000000.0,0.0,0.16,1.18
2024-09-17,1,0,1,1,0,0.1,0.75,0.14,9630000000.0,0.0,0.16,1.15
2024-09-16,1,0,1,1,0,0.08,0.75,0.14,9630000000.0,0.0,0.16,1.13
2024-09-15,1,0,1,1,0,0.0,0.75,0.13,9630000000.0,0.0,0.16,1.04
2024-09-14,1,0,1,1,0,0.0,0.75,0.13,9630000000.0,0.0,0.16,1.04
2024-09-13,1,0,1,1,0,0.0,0.75,0.13,9630000000.0,0.0,0.16,1.04
2024-09-12,1,0,1,1,0,0.12,0.75,0.13,9630000000.0,0.0,0.16,1.16
2024-09-11,1,0,1,1,0,0.12,0.75,0.13,9630000000.0,0.0,0.16,1.16
2024-09-10,1,0,1,1,0,0.13,0.75,0.13,9630000000.0,0.0,0.16,1.17
2024-09-09,1,0,1,1,0,0.13,0.75,0.13,9630000000.0,0.0,0.16,1.17
2024-09-08,1,0,1,1,0,0.13,0.75,0.13,9630000000.0,0.0,0.16,1.17
2024-09-07,1,0,1,1,0,0.13,0.75,0.13,9630000000.0,0.0,0.16,1.17
2024-09-06,1,0,1,1,0,0.13,0.75,0.13,9630000000.0,0.0,0.16,1.17
2024-09-05,1,0,1,1,0,0.13,0.75,0.13,9630000000.0,0.0,0.16,1.17
2024-09-04,1,0,1,1,0,0.13,0.75,0.13,9630000000.0,0.0,0.16,1.17
2024-09-03,1,0,1,1,0,0.15,0.75,0.13,9630000000.0,0.0,0.16,1.19
2024-09-02,1,0,1,1,0,0.15,0.75,0.13,9630000000.0,0.0,0.16,1.19
2024-09-01,1,0,1,1,0,0.18,0.75,0.13,9630000000.0,0.0,0.16,1.22
2024-08-31,1,0,1,1,0,0.18,0.75,0.13,9630000000.0,0.0,0.16,1.22
2024-08-30,1,0,1,1,0,0.18,0.75,0.13,9630000000.0,0.0,0.16,1.22
2024-08-29,1,0,1,1,0,0.25,0.75,0.13,9630000000.0,0.0,0.16,1.2899999999999998
2024-08-28,1,0,1,1,0,0.28,0.75,0.11,9630000000.0,0.0,0.16,1.3
2024-08-27,1,0,1,1,0,0.28,0.75,0.11,9630000000.0,0.0,0.09,1.2300000000000002
2024-08-26,1,0,1,1,0,0.29,0.75,0.11,9630000000.0,0.0,0.09,1.2400000000000002
2024-08-25,1,0,1,1,0,0.29,0.75,0.11,9630000000.0,0.0,0.09,1.2400000000000002
2024-08-24,1,0,1,1,0,0.29,0.75,0.11,9630000000.0,0.0,0.09,1.2400000000000002
2024-08-23,1,0,1,1,0,0.29,0.75,0.11,9630000000.0,0.0,0.09,1.2400000000000002
2024-08-22,1,0,1,1,0,0.29,0.75,0.11,9630000000.0,0.0,0.07,1.2200000000000002
2024-08-21,1,0,1,1,0,0.29,0.75,0.11,9630000000.0,0.0,0.07,1.2200000000000002
2024-08-20,1,0,1,1,0,0.29,0.75,0.11,9630000000.0,0.0,0.07,1.2200000000000002
2024-08-19,1,0,1,1,0,0.29,0.75,0.11,9630000000.0,0.0,0.07,1.2200000000000002
2024-08-18,1,0,1,1,0,0.29,0.75,0.11,9630000000.0,0.0,0.07,1.2200000000000002
2024-08-17,1,0,1,1,0,0.29,0.75,0.11,9630000000.0,0.0,0.07,1.2200000000000002
2024-08-16,1,0,1,1,0,0.29,0.75,0.11,9630000000.0,0.0,0.07,1.2200000000000002
2024-08-15,1,0,1,1,0,0.29,0.75,0.11,9630000000.0,0.0,0.07,1.2200000000000002
2024-08-14,1,0,1,1,0,0.29,0.75,0.11,9630000000.0,0.0,0.07,1.2200000000000002
2024-08-13,1,0,1,1,0,0.29,0.75,0.11,9630000000.0,0.0,0.0,1.1500000000000001
2024-08-12,1,0,1,1,0,0.29,0.75,0.11,9630000000.0,0.0,0.0,1.1500000000000001
2024-08-11,1,0,1,1,0,0.29,0.75,0.11,9630000000.0,0.0,0.0,1.1500000000000001
2024-08-10,1,0,1,1,0,0.29,0.75,0.11,9630000000.0,0.0,0.0,1.1500000000000001
2024-08-09,1,0,1,1,0,0.29,0.75,0.11,9630000000.0,0.0,0.0,1.1500000000000001
2024-08-08,1,0,1,1,0,0.29,0.75,0.11,9630000000.0,0.0,0.0,1.1500000000000001
2024-08-07,1,0,1,1,0,0.29,0.75,0.11,9630000000.0,0.0,0.0,1.1500000000000001
2024-08-06,1,0,1,1,0,0.21,0.75,0.11,9630000000.0,0.0,0.0,1.07
2024-08-05,1,0,1,1,0,0.21,0.75,0.11,9630000000.0,0.0,0.0,1.07
2024-08-04,1,0,1,1,0,0.21,0.75,0.11,9630000000.0,0.0,0.0,1.07
2024-08-03,1,0,1,1,0,0.21,0.75,0.11,9630000000.0,0.0,0.0,1.07
2024-08-02,1,0,1,1,0,0.21,0.75,0.11,9630000000.0,0.0,0.0,1.07
2024-08-01,1,0,1,1,0,0.21,0.75,0.1,9630000000.0,0.0,0.0,1.06
2024-07-31,1,0,1,1,0,0.26,0.75,0.1,9630000000.0,0.0,0.0,1.11
2024-07-30,1,0,1,1,0,0.26,0.75,0.1,9630000000.0,0.0,0.0,1.11
2024-07-29,1,0,1,1,0,0.26,0.75,0.1,9630000000.0,0.0,0.0,1.11
2024-07-28,1,0,1,1,0,0.26,0.75,0.1,9630000000.0,0.0,0.0,1.11
2024-07-27,1,0,1,1,0,0.26,0.75,0.1,9630000000.0,0.0,0.0,1.11
2024-07-26,1,0,1,1,0,0.26,0.75,0.1,9630000000.0,0.0,0.0,1.11
2024-07-25,1,0,1,1,0,0.26,0.75,0.1,9630000000.0,0.0,0.0,1.11
2024-07-24,1,0,1,1,0,0.26,0.75,0.1,9630000000.0,0.0,0.0,1.11
2024-07-23,1,0,1,1,0,0.26,0.75,0.1,9630000000.0,0.0,0.0,1.11
2024-07-22,1,0,1,1,0,0.26,0.75,0.1,9630000000.0,0.0,0.0,1.11
2024-07-21,1,0,1,1,0,0.26,0.75,0.1,9630000000.0,0.0,0.0,1.11
2024-07-20,1,0,1,1,0,0.26,0.75,0.1,9630000000.0,0.0,0.0,1.11
2024-07-19,1,0,1,1,0,0.26,0.75,0.1,9630000000.0,0.0,0.0,1.11
2024-07-18,1,0,1,1,0,0.26,0.75,0.1,9630000000.0,0.0,0.0,1.11
2024-07-17,2,0,0,1,0,0.26,0.0,0.1,9630000000.0,0.0,0.0,0.36
2024-07-16,2,0,0,1,0,0.26,0.0,0.1,9630000000.0,0.0,0.0,0.36
2024-07-15,2,0,0,1,0,0.26,0.0,0.1,9630000000.0,0.0,0.0,0.36
2024-07-14,2,0,0,1,0,0.26,0.0,0.1,9630000000.0,0.0,0.0,0.36
2024-07-13,2,0,0,1,0,0.26,0.0,0.1,9630000000.0,0.0,0.0,0.36
2024-07-12,2,0,0,1,0,0.26,0.0,0.1,9630000000.0,0.0,0.0,0.36
2024-07-11,2,0,0,1,0,0.26,0.0,0.1,9630000000.0,0.0,0.0,0.36
2024-07-10,2,0,0,1,0,0.26,0.0,0.1,9630000000.0,0.0,0.0,0.36
2024-07-09,2,0,0,1,0,0.26,0.0,0.1,9630000000.0,0.0,0.0,0.36
2024-07-08,2,0,0,1,0,0.26,0.0,0.1,9630000000.0,0.0,0.0,0.36
2024-07-07,2,0,0,1,0,0.25,0.0,0.1,9630000000.0,0.0,0.0,0.35
2024-07-06,2,0,0,1,0,0.25,0.0,0.1,9630000000.0,0.0,0.0,0.35
2024-07-05,2,0,0,1,0,0.25,0.0,0.1,9630000000.0,0.0,0.0,0.35
2024-07-04,2,0,0,1,0,0.24,0.0,0.1,9630000000.0,0.0,0.0,0.33999999999999997
2024-07-03,2,0,0,1,0,0.24,0.0,0.1,9630000000.0,0.0,0.0,0.33999999999999997
2024-07-02,2,0,0,1,0,0.24,0.0,0.1,9630000000.0,0.0,0.0,0.33999999999999997
2024-07-01,2,0,0,1,0,0.24,0.0,0.1,9630000000.0,0.0,0.0,0.33999999999999997
2024-06-30,2,0,0,1,0,0.24,0.0,0.1,9630000000.0,0.0,0.0,0.33999999999999997
2024-06-29,2,0,0,1,0,0.24,0.0,0.1,9630000000.0,0.0,0.0,0.33999999999999997
2024-06-28,2,0,0,1,0,0.24,0.0,0.1,9630000000.0,0.0,0.0,0.33999999999999997
2024-06-27,2,0,0,1,0,0.24,0.0,0.1,9630000000.0,0.0,0.0,0.33999999999999997
2024-06-26,2,0,0,1,0,0.24,0.0,0.1,9630000000.0,0.0,0.0,0.33999999999999997
2024-06-25,2,0,0,1,0,0.24,0.0,0.1,9630000000.0,0.0,0.0,0.33999999999999997
2024-06-24,2,0,0,1,0,0.24,0.0,0.1,9630000000.0,0.0,0.0,0.33999999999999997
2024-06-23,2,0,0,1,0,0.24,0.0,0.1,9630000000.0,0.0,0.0,0.33999999999999997
2024-06-22,2,0,0,1,0,0.24,0.0,0.1,9630000000.0,0.0,0.0,0.33999999999999997
2024-06-21,2,0,0,1,0,0.24,0.0,0.1,9630000000.0,0.0,0.0,0.33999999999999997
2024-06-20,2,0,0,1,0,0.24,0.0,0.1,9630000000.0,0.0,0.0,0.33999999999999997
2024-06-19,2,0,0,1,0,0.24,0.0,0.1,9630000000.0,0.0,0.0,0.33999999999999997
2024-06-18,2,0,0,1,0,0.24,0.0,0.1,9630000000.0,0.0,0.0,0.33999999999999997
2024-06-17,2,0,0,1,0,0.25,0.0,0.1,9630000000.0,0.0,0.0,0.35
2024-06-16,2,0,0,1,0,0.26,0.0,0.1,9630000000.0,0.0,0.0,0.36
2024-06-15,2,0,0,1,0,0.26,0.0,0.1,9630000000.0,0.0,0.0,0.36
2024-06-14,2,0,0,1,0,0.26,0.0,0.1,9630000000.0,0.0,0.0,0.36
2024-06-13,2,0,0,1,0,0.26,0.0,0.1,9630000000.0,0.0,0.0,0.36
2024-06-12,2,0,0,1,0,0.26,0.0,0.1,9630000000.0,0.0,0.0,0.36
2024-06-11,2,0,0,1,0,0.26,0.0,0.1,9630000000.0,0.0,0.0,0.36
2024-06-10,2,0,0,1,0,0.26,0.0,0.1,9630000000.0,0.0,0.0,0.36
2024-06-09,2,0,0,1,0,0.26,0.0,0.1,9630000000.0,0.0,0.0,0.36
2024-06-08,2,0,0,1,0,0.26,0.0,0.1,9630000000.0,0.0,0.0,0.36
2024-06-07,2,0,0,1,0,0.26,0.0,0.1,9630000000.0,0.0,0.0,0.36
2024-06-06,2,0,0,1,0,0.26,0.0,0.1,9630000000.0,0.0,0.0,0.36
2024-06-05,2,0,0,1,0,0.33,0.0,0.1,9630000000.0,0.0,0.0,0.43000000000000005
2024-06-04,2,0,0,1,0,0.4,0.0,0.1,9630000000.0,0.0,0.0,0.5
2024-06-03,2,0,0,1,0,0.4,0.0,0.1,9630000000.0,0.0,0.0,0.5
2024-06-02,2,0,0,1,0,0.4,0.0,0.1,9630000000.0,0.0,0.0,0.5
2024-06-01,2,0,0,1,0,0.4,0.0,0.1,9630000000.0,0.0,0.0,0.5
2024-05-31,2,0,0,1,0,0.4,0.0,0.1,9630000000.0,0.0,0.0,0.5
2024-05-30,2,0,0,0,1,0.43,0.0,0.1,9630000000.0,0.0,0.21,0.74
2024-05-29,2,0,0,0,1,0.43,0.0,0.1,9630000000.0,0.0,0.19,0.72
2024-05-28,2,0,0,1,0,0.43,0.0,0.1,9630000000.0,0.0,0.18,0.71
2024-05-27,2,0,0,1,0,0.43,0.0,0.11,9630000000.0,0.0,0.16,0.7000000000000001
2024-05-26,2,0,0,1,0,0.42,0.0,0.11,9630000000.0,0.0,0.14,0.67
2024-05-25,2,0,0,1,0,0.42,0.0,0.11,9630000000.0,0.0,0.14,0.67
2024-05-24,2,0,0,1,0,0.42,0.0,0.11,9630000000.0,0.0,0.14,0.67
2024-05-23,2,0,0,1,0,0.42,0.0,0.11,9630000000.0,0.0,0.13,0.66
2024-05-22,2,0,0,1,0,0.42,0.0,0.11,9630000000.0,0.0,0.11,0.64
2024-05-21,2,0,0,1,0,0.42,0.0,0.11,9630000000.0,0.0,0.1,0.63
2024-05-20,2,0,0,1,0,0.42,0.0,0.11,9630000000.0,0.0,0.09,0.62
2024-05-19,2,0,0,1,0,0.43,0.0,0.11,9630000000.0,0.0,0.09,0.63
2024-05-18,2,0,0,1,0,0.43,0.0,0.11,9630000000.0,0.0,0.09,0.63
2024-05-17,2,0,0,1,0,0.43,0.0,0.11,9630000000.0,0.0,0.09,0.63
2024-05-16,2,0,0,1,0,0.43,0.0,0.11,9630000000.0,0.0,0.09,0.63
2024-05-15,2,0,0,1,0,0.44,0.0,0.11,9630000000.0,0.0,0.07,0.6200000000000001
2024-05-14,2,0,0,1,0,0.44,0.0,0.11,9630000000.0,0.0,0.07,0.6200000000000001
2024-05-13,2,0,0,1,0,0.44,0.0,0.11,9630000000.0,0.0,0.0,0.55
2024-05-12,2,0,0,1,0,0.44,0.0,0.11,9630000000.0,0.0,0.0,0.55
2024-05-11,2,0,0,1,0,0.44,0.0,0.11,9630000000.0,0.0,0.0,0.55
2024-05-10,2,0,0,1,0,0.44,0.0,0.11,9630000000.0,0.0,0.0,0.55
2024-05-09,2,0,0,1,0,0.44,0.0,0.11,9630000000.0,0.0,0.0,0.55
2024-05-08,2,0,0,1,0,0.43,0.0,0.11,9630000000.0,0.0,0.0,0.54
2024-05-07,2,0,0,1,0,0.43,0.0,0.11,9630000000.0,0.0,0.0,0.54
2024-05-06,2,0,0,1,0,0.42,0.0,0.11,9630000000.0,0.0,0.0,0.53
2024-05-05,2,0,0,1,0,0.42,0.0,0.11,9630000000.0,0.0,0.0,0.53
2024-05-04,2,0,0,1,0,0.42,0.0,0.11,9630000000.0,0.0,0.0,0.53
2024-05-03,2,0,0,1,0,0.42,0.0,0.11,9630000000.0,0.0,0.0,0.53
2024-05-02,2,0,0,1,0,0.42,0.0,0.11,9630000000.0,0.0,0.0,0.53
2024-05-01,2,0,0,1,0,0.37,0.0,0.11,9630000000.0,0.0,0.0,0.48
2024-04-30,2,0,0,1,0,0.37,0.0,0.11,9630000000.0,0.0,0.0,0.48
2024-04-29,2,0,0,1,0,0.37,0.0,0.11,9630000000.0,0.0,0.0,0.48
2024-04-28,2,0,0,1,0,0.37,0.0,0.11,9630000000.0,0.0,0.0,0.48
2024-04-27,2,0,0,1,0,0.37,0.0,0.11,9630000000.0,0.0,0.0,0.48
2024-04-26,2,0,0,1,0,0.37,0.0,0.11,9630000000.0,0.0,0.0,0.48
2024-04-25,2,0,0,1,0,0.28,0.0,0.11,9630000000.0,0.0,0.0,0.39
2024-04-24,2,0,0,1,0,0.27,0.0,0.11,9630000000.0,0.0,0.0,0.38
2024-04-23,2,0,0,1,0,0.27,0.0,0.11,9630000000.0,0.0,0.0,0.38
2024-04-22,2,0,0,1,0,0.21,0.0,0.11,9630000000.0,0.0,0.0,0.32
2024-04-21,2,0,0,1,0,0.21,0.0,0.11,9630000000.0,0.0,0.0,0.32
2024-04-20,2,0,0,1,0,0.21,0.0,0.11,9630000000.0,0.0,0.0,0.32
2024-04-19,2,0,0,1,0,0.21,0.0,0.11,9630000000.0,0.0,0.0,0.32
2024-04-18,2,0,0,1,0,0.21,0.0,0.1,9630000000.0,0.0,0.07,0.38
2024-04-17,2,0,0,1,0,0.14,0.0,0.1,9630000000.0,0.0,0.07,0.31000000000000005
2024-04-16,2,0,0,1,0,0.13,0.0,0.1,9630000000.0,0.0,0.07,0.30000000000000004
2024-04-15,2,0,1,0,0,0.1,0.0,0.1,9630000000.0,0.0,0.07,0.27
2024-04-14,2,0,1,0,0,0.08,0.0,0.1,9630000000.0,0.0,0.07,0.25
2024-04-13,2,0,1,0,0,0.08,0.0,0.1,9630000000.0,0.0,0.07,0.25
2024-04-12,2,0,1,0,0,0.08,0.0,0.1,9630000000.0,0.0,0.07,0.25
2024-04-11,2,0,1,0,0,0.08,0.0,0.1,9630000000.0,0.0,0.07,0.25
2024-04-10,2,0,1,0,0,0.08,0.0,0.1,9630000000.0,0.0,0.07,0.25
2024-04-09,2,0,1,0,0,0.08,0.0,0.1,9630000000.0,0.0,0.07,0.25
2024-04-08,2,0,1,0,0,0.08,0.0,0.1,9630000000.0,0.0,0.07,0.25
2024-04-07,2,0,1,0,0,0.08,0.0,0.1,9630000000.0,0.0,0.07,0.25
2024-04-06,2,0,1,0,0,0.08,0.0,0.1,9630000000.0,0.0,0.07,0.25
2024-04-05,2,0,1,0,0,0.08,0.0,0.1,9630000000.0,0.0,0.07,0.25
2024-04-04,2,0,1,0,0,0.08,0.0,0.09,9630000000.0,0.0,0.07,0.24
2024-04-03,2,0,1,0,0,0.08,0.0,0.09,9630000000.0,0.0,0.07,0.24
2024-04-02,2,0,1,0,0,0.08,0.0,0.09,9630000000.0,0.0,0.07,0.24
2024-04-01,2,0,1,0,0,0.08,0.0,0.09,9630000000.0,0.0,0.0,0.16999999999999998
2024-03-31,2,0,1,0,0,0.08,0.0,0.09,9630000000.0,0.0,0.0,0.16999999999999998
2024-03-30,2,0,1,0,0,0.08,0.0,0.09,9630000000.0,0.0,0.0,0.16999999999999998
2024-03-29,2,0,1,0,0,0.08,0.0,0.09,9630000000.0,0.0,0.0,0.16999999999999998
2024-03-28,2,0,1,0,0,0.08,0.0,0.09,9630000000.0,0.0,0.0,0.16999999999999998
2024-03-27,2,0,1,0,0,0.08,0.0,0.09,9630000000.0,0.0,0.0,0.16999999999999998
2024-03-26,2,0,1,0,0,0.08,0.0,0.09,9630000000.0,0.0,0.0,0.16999999999999998
2024-03-25,2,0,1,0,0,0.08,0.0,0.09,9630000000.0,0.0,0.0,0.16999999999999998
2024-03-24,2,0,1,0,0,0.08,0.0,0.09,9630000000.0,0.0,0.0,0.16999999999999998
2024-03-23,2,0,1,0,0,0.08,0.0,0.09,9630000000.0,0.0,0.0,0.16999999999999998
2024-03-22,2,0,1,0,0,0.08,0.0,0.09,9630000000.0,0.0,0.0,0.16999999999999998
2024-03-21,2,0,1,0,0,0.08,0.0,0.09,9630000000.0,0.0,0.0,0.16999999999999998
2024-03-20,2,0,1,0,0,0.08,0.0,0.09,9630000000.0,0.0,0.0,0.16999999999999998
2024-03-19,2,0,1,0,0,0.1,0.0,0.09,9630000000.0,0.0,0.0,0.19
2024-03-18,2,0,0,1,0,0.21,0.0,0.09,9630000000.0,0.0,0.0,0.3
2024-03-17,2,0,0,1,0,0.23,0.0,0.07,9630000000.0,0.0,0.0,0.30000000000000004
2024-03-16,2,0,0,1,0,0.23,0.0,0.07,9630000000.0,0.0,0.0,0.30000000000000004
2024-03-15,2,0,0,1,0,0.23,0.0,0.07,9630000000.0,0.0,0.0,0.30000000000000004
2024-03-14,2,0,0,1,0,0.23,0.0,0.07,9630000000.0,0.0,0.0,0.30000000000000004
2024-03-13,2,0,0,1,0,0.24,0.0,0.07,9630000000.0,0.0,0.0,0.31
2024-03-12,2,0,0,1,0,0.24,0.0,0.07,9630000000.0,0.0,0.0,0.31
2024-03-11,2,0,1,0,0,0.24,0.0,0.0,9630000000.0,0.0,0.0,0.24
2024-03-10,2,0,1,0,0,0.25,0.0,0.0,9630000000.0,0.0,0.0,0.25
2024-03-09,2,0,1,0,0,0.25,0.0,0.0,9630000000.0,0.0,0.0,0.25
2024-03-08,2,0,1,0,0,0.25,0.0,0.0,9630000000.0,0.0,0.0,0.25
2024-03-07,2,0,1,0,0,0.25,0.0,0.0,9630000000.0,0.0,0.0,0.25
2024-03-06,2,0,1,0,0,0.25,0.0,0.0,9630000000.0,0.0,0.0,0.25
2024-03-05,2,0,1,0,0,0.24,0.0,0.0,9630000000.0,0.0,0.0,0.24
2024-03-04,2,0,1,0,0,0.23,0.0,0.0,9630000000.0,0.0,0.0,0.23
2024-03-03,2,0,1,0,0,0.2,0.0,0.0,9630000000.0,0.0,0.0,0.2
2024-03-02,2,0,1,0,0,0.2,0.0,0.0,9630000000.0,0.0,0.0,0.2
2024-03-01,2,0,1,0,0,0.2,0.0,0.0,9630000000.0,0.0,0.0,0.2
2024-02-29,2,0,1,0,0,0.2,0.0,0.0,9630000000.0,0.0,0.0,0.2
2024-02-28,2,0,1,0,0,0.2,0.0,0.0,9630000000.0,0.0,0.0,0.2
2024-02-27,2,0,1,0,0,0.2,0.0,0.0,9630000000.0,0.0,0.0,0.2
2024-02-26,2,0,1,0,0,0.2,0.0,0.0,9630000000.0,0.0,0.0,0.2
2024-02-25,2,0,1,0,0,0.2,0.0,0.0,9630000000.0,0.0,0.0,0.2
2024-02-24,2,0,1,0,0,0.2,0.0,0.0,9630000000.0,0.0,0.0,0.2
2024-02-23,2,0,1,0,0,0.2,0.0,0.0,9630000000.0,0.0,0.0,0.2
2024-02-22,2,0,1,0,0,0.2,0.0,0.0,9630000000.0,0.0,0.0,0.2
2024-02-21,2,1,0,0,0,0.13,0.0,0.0,9630000000.0,0.0,0.0,0.13
2024-02-20,2,1,0,0,0,0.13,0.0,0.0,9630000000.0,0.0,0.0,0.13
2024-02-19,2,1,0,0,0,0.13,0.0,0.0,9630000000.0,0.0,0.0,0.13
2024-02-18,2,1,0,0,0,0.13,0.0,0.0,9630000000.0,0.0,0.0,0.13
2024-02-17,2,1,0,0,0,0.13,0.0,0.0,9630000000.0,0.0,0.0,0.13
2024-02-16,2,1,0,0,0,0.13,0.0,0.0,9630000000.0,0.0,0.0,0.13
2024-02-15,2,1,0,0,0,0.13,0.0,0.0,9630000000.0,0.0,0.0,0.13
2024-02-14,2,1,0,0,0,0.13,0.0,0.0,9630000000.0,0.0,0.0,0.13
2024-02-13,2,1,0,0,0,0.13,0.0,0.0,9630000000.0,0.0,0.0,0.13
2024-02-12,2,1,0,0,0,0.1,0.0,0.0,9630000000.0,0.0,0.0,0.1
2024-02-11,2,1,0,0,0,0.08,0.0,0.0,9630000000.0,0.0,0.0,0.08
2024-02-10,2,1,0,0,0,0.08,0.0,0.0,9630000000.0,0.0,0.0,0.08
2024-02-09,2,1,0,0,0,0.08,0.0,0.0,9630000000.0,0.0,0.0,0.08
2024-02-08,2,1,0,0,0,0.08,0.0,0.0,9630000000.0,0.0,0.0,0.08
2024-02-07,3,0,0,0,0,0.0,0.0,0.0,9630000000.0,0.0,0.0,0.0
2024-02-06,3,0,0,0,0,0.0,0.0,0.0,9630000000.0,0.0,0.0,0.0
2024-02-05,3,0,0,0,0,0.0,0.0,0.0,9630000000.0,0.0,0.0,0.0
2024-02-04,3,0,0,0,0,0.0,0.0,0.0,9630000000.0,0.0,0.0,0.0
2024-02-03,3,0,0,0,0,0.0,0.0,0.0,9630000000.0,0.0,0.0,0.0
2024-02-02,3,0,0,0,0,0.0,0.0,0.0,9630000000.0,0.0,0.0,0.0
2024-02-01,3,0,0,0,0,0.0,0.0,0.0,9630000000.0,0.0,0.0,0.0
2024-01-31,3,0,0,0,0,0.0,0.0,0.0,9630000000.0,0.0,0.0,0.0
2024-01-30,3,0,0,0,0,0.0,0.0,0.0,9630000000.0,0.0,0.0,0.0
2024-01-29,3,0,0,0,0,0.0,0.0,0.0,9630000000.0,0.0,0.0,0.0
2024-01-28,3,0,0,0,0,0.0,0.0,0.0,9630000000.0,0.0,0.0,0.0
2024-01-27,3,0,0,0,0,0.0,0.0,0.0,9630000000.0,0.0,0.0,0.0
2024-01-26,3,0,0,0,0,0.0,0.0,0.0,9630000000.0,0.0,0.0,0.0
2024-01-25,3,0,0,0,0,0.0,0.0,0.0,9630000000.0,0.0,0.0,0.0
2024-01-24,3,0,0,0,0,0.0,0.0,0.0,9630000000.0,0.0,0.0,0.0
2024-01-23,3,0,0,0,0,0.0,0.0,0.0,9630000000.0,0.0,0.0,0.0
2024-01-22,3,0,0,0,0,0.0,0.0,0.0,9630000000.0,0.0,0.0,0.0
2024-01-21,3,0,0,0,0,0.0,0.0,0.0,9630000000.0,0.0,0.0,0.0
2024-01-20,3,0,0,0,0,0.0,0.0,0.0,9630000000.0,0.0,0.0,0.0
2024-01-19,3,0,0,0,0,0.0,0.0,0.0,9630000000.0,0.0,0.0,0.0
2024-01-18,3,0,0,0,0,0.0,0.0,0.0,9630000000.0,0.0,0.0,0.0
2024-01-17,3,0,0,0,0,0.0,0.0,0.0,9630000000.0,0.0,0.0,0.0
2024-01-16,3,0,0,0,0,0.0,0.0,0.0,9630000000.0,0.0,0.0,0.0
2024-01-15,3,0,0,0,0,0.0,0.0,0.0,9630000000.0,0.0,0.0,0.0
2024-01-14,3,0,0,0,0,0.0,0.0,0.0,9630000000.0,0.0,0.0,0.0
2024-01-13,3,0,0,0,0,0.0,0.0,0.0,9630000000.0,0.0,0.0,0.0
2024-01-12,3,0,0,0,0,0.0,0.0,0.0,9630000000.0,0.0,0.0,0.0
2024-01-11,3,0,0,0,0,0.0,0.0,0.0,9630000000.0,0.0,0.0,0.0
2024-01-10,3,0,0,0,0,0.0,0.0,0.0,9630000000.0,0.0,0.07,0.07
2024-01-09,3,0,0,0,0,0.0,0.0,0.0,9630000000.0,0.0,0.07,0.07
2024-01-08,3,0,0,0,0,0.0,0.0,0.0,9630000000.0,0.0,0.07,0.07
2024-01-07,2,1,0,0,0,0.0,0.0,0.0,9630000000.0,0.0,0.07,0.07
2024-01-06,2,1,0,0,0,0.0,0.0,0.0,9630000000.0,0.0,0.07,0.07
2024-01-05,2,1,0,0,0,0.0,0.0,0.0,9630000000.0,0.0,0.07,0.07
2024-01-04,2,1,0,0,0,0.0,0.0,0.0,9630000000.0,0.0,0.07,0.07
2024-01-03,2,1,0,0,0,0.0,0.0,0.0,9630000000.0,0.0,0.07,0.07
2024-01-02,2,1,0,0,0,0.0,0.0,0.0,9630000000.0,0.0,0.07,0.07
2024-01-01,2,1,0,0,0,0.0,0.0,0.0,9630000000.0,0.0,0.07,0.07
2023-12-31,2,1,0,0,0,0.0,0.0,0.0,9630000000.0,0.0,0.07,0.07
2023-12-30,2,1,0,0,0,0.0,0.0,0.0,9630000000.0,0.0,0.07,0.07
2023-12-29,2,1,0,0,0,0.0,0.0,0.0,9630000000.0,0.0,0.07,0.07
2023-12-28,2,1,0,0,0,0.0,0.0,0.0,9630000000.0,0.0,0.07,0.07
2023-12-27,2,1,0,0,0,0.0,0.0,0.0,9630000000.0,0.0,0.07,0.07
2023-12-26,2,1,0,0,0,0.0,0.0,0.0,9630000000.0,0.0,0.07,0.07
2023-12-25,2,1,0,0,0,0.0,0.0,0.0,9630000000.0,0.0,0.07,0.07
2023-12-24,2,1,0,0,0,0.0,0.0,0.0,9630000000.0,0.0,0.07,0.07
2023-12-23,2,1,0,0,0,0.0,0.0,0.0,9630000000.0,0.0,0.07,0.07
2023-12-22,2,1,0,0,0,0.0,0.0,0.0,9630000000.0,0.0,0.07,0.07
2023-12-21,2,1,0,0,0,0.0,0.0,0.0,9630000000.0,0.0,0.07,0.07
2023-12-20,2,1,0,0,0,0.0,0.0,0.0,9630000000.0,0.0,0.07,0.07
2023-12-19,2,1,0,0,0,0.0,0.0,0.0,9630000000.0,0.0,0.07,0.07
2023-12-18,2,1,0,0,0,0.0,0.0,0.0,9630000000.0,0.0,0.07,0.07
2023-12-17,2,1,0,0,0,0.0,0.0,0.0,9630000000.0,0.0,0.07,0.07
2023-12-16,2,1,0,0,0,0.0,0.0,0.0,9630000000.0,0.0,0.07,0.07
2023-12-15,2,1,0,0,0,0.0,0.0,0.0,9630000000.0,0.0,0.07,0.07
2023-12-14,2,1,0,0,0,0.0,0.0,0.0,9630000000.0,0.0,0.07,0.07
2023-12-13,2,1,0,0,0,0.0,0.0,0.0,9630000000.0,0.0,0.07,0.07
2023-12-12,2,1,0,0,0,0.0,0.0,0.0,9630000000.0,0.0,0.07,0.07
2023-12-11,2,1,0,0,0,0.0,0.0,0.0,9630000000.0,0.0,0.07,0.07
2023-12-10,2,1,0,0,0,0.0,0.0,0.0,9630000000.0,0.0,0.07,0.07
2023-12-09,2,1,0,0,0,0.0,0.0,0.0,9630000000.0,0.0,0.07,0.07
2023-12-08,2,1,0,0,0,0.0,0.0,0.0,9630000000.0,0.0,0.07,0.07
2023-12-07,3,0,0,0,0,0.0,0.0,0.0,9630000000.0,0.0,0.0,0.0
2023-12-06,3,0,0,0,0,0.0,0.0,0.0,9630000000.0,0.0,0.0,0.0
2023-12-05,3,0,0,0,0,0.05,0.0,0.0,9630000000.0,0.0,0.0,0.05
2023-12-04,3,0,0,0,0,0.05,0.0,0.0,9630000000.0,0.0,0.0,0.05
2023-12-03,3,0,0,0,0,0.05,0.0,0.0,9630000000.0,0.0,0.0,0.05
2023-12-02,3,0,0,0,0,0.05,0.0,0.0,9630000000.0,0.0,0.0,0.05
2023-12-01,3,0,0,0,0,0.05,0.0,0.0,9630000000.0,0.0,0.0,0.05
2023-11-30,2,1,0,0,0,0.07,0.0,0.0,9630000000.0,0.0,0.0,0.07
2023-11-29,2,1,0,0,0,0.07,0.0,0.0,9630000000.0,0.0,0.0,0.07
2023-11-28,2,1,0,0,0,0.17,0.0,0.0,9630000000.0,0.0,0.0,0.17
2023-11-27,2,1,0,0,0,0.17,0.0,0.0,9630000000.0,0.0,0.0,0.17
2023-11-26,2,1,0,0,0,0.17,0.0,0.0,9630000000.0,0.0,0.0,0.17
2023-11-25,2,1,0,0,0,0.17,0.0,0.0,9630000000.0,0.0,0.0,0.17
2023-11-24,2,1,0,0,0,0.17,0.0,0.0,9630000000.0,0.0,0.0,0.17
2023-11-23,1,2,0,0,0,0.18,0.0,0.0,9630000000.0,0.0,0.0,0.18
2023-11-22,1,2,0,0,0,0.18,0.0,0.0,9630000000.0,0.0,0.0,0.18
2023-11-21,1,2,0,0,0,0.18,0.0,0.0,9630000000.0,0.0,0.0,0.18
2023-11-20,1,2,0,0,0,0.18,0.0,0.0,9630000000.0,0.0,0.0,0.18
2023-11-19,1,2,0,0,0,0.18,0.0,0.0,9630000000.0,0.0,0.0,0.18
2023-11-18,1,2,0,0,0,0.18,0.0,0.0,9630000000.0,0.0,0.0,0.18
2023-11-17,1,2,0,0,0,0.18,0.0,0.0,9630000000.0,0.0,0.0,0.18
2023-11-16,1,2,0,0,0,0.18,0.0,0.0,9630000000.0,0.0,0.0,0.18
2023-11-15,1,2,0,0,0,0.18,0.0,0.0,9630000000.0,0.0,0.0,0.18
2023-11-14,1,2,0,0,0,0.18,0.0,0.0,9630000000.0,0.0,0.0,0.18
2023-11-13,1,2,0,0,0,0.18,0.0,0.0,9630000000.0,0.0,0.0,0.18
2023-11-12,1,2,0,0,0,0.18,0.0,0.0,9630000000.0,0.0,0.0,0.18
2023-11-11,1,2,0,0,0,0.18,0.0,0.0,9630000000.0,0.0,0.0,0.18
2023-11-10,1,2,0,0,0,0.18,0.0,0.0,9630000000.0,0.0,0.0,0.18
2023-11-09,1,2,0,0,0,0.18,0.0,0.0,9630000000.0,0.0,0.0,0.18
2023-11-08,1,2,0,0,0,0.18,0.0,0.0,9630000000.0,0.0,0.0,0.18
2023-11-07,1,2,0,0,0,0.18,0.0,0.0,9630000000.0,0.0,0.0,0.18
2023-11-06,1,2,0,0,0,0.18,0.0,0.0,9630000000.0,0.0,0.0,0.18
2023-11-05,2,1,0,0,0,0.11,0.0,0.0,9630000000.0,0.0,0.0,0.11
2023-11-04,2,1,0,0,0,0.11,0.0,0.0,9630000000.0,0.0,0.0,0.11
2023-11-03,2,1,0,0,0,0.11,0.0,0.0,9630000000.0,0.0,0.0,0.11
2023-11-02,2,1,0,0,0,0.11,0.0,0.0,9630000000.0,0.0,0.0,0.11
2023-11-01,2,1,0,0,0,0.11,0.0,0.0,9630000000.0,0.0,0.0,0.11
2023-10-31,2,1,0,0,0,0.11,0.0,0.0,9630000000.0,0.0,0.0,0.11
2023-10-30,2,1,0,0,0,0.17,0.0,0.0,9630000000.0,0.0,0.0,0.17
2023-10-29,2,1,0,0,0,0.17,0.0,0.0,9630000000.0,0.0,0.0,0.17
2023-10-28,2,1,0,0,0,0.17,0.0,0.0,9630000000.0,0.0,0.0,0.17
2023-10-27,2,1,0,0,0,0.17,0.0,0.0,9630000000.0,0.0,0.0,0.17
2023-10-26,2,1,0,0,0,0.17,0.0,0.0,9630000000.0,0.0,0.0,0.17
2023-10-25,1,2,0,0,0,0.19,0.0,0.0,9630000000.0,0.0,0.0,0.19
2023-10-24,1,2,0,0,0,0.19,0.0,0.0,9630000000.0,0.0,0.0,0.19
2023-10-23,2,1,0,0,0,0.18,0.0,0.0,9630000000.0,0.0,0.0,0.18
2023-10-22,1,2,0,0,0,0.19,0.0,0.0,9630000000.0,0.0,0.0,0.19
2023-10-21,1,2,0,0,0,0.19,0.0,0.0,9630000000.0,0.0,0.0,0.19
2023-10-20,1,2,0,0,0,0.19,0.0,0.0,9630000000.0,0.0,0.0,0.19
2023-10-19,1,2,0,0,0,0.19,0.0,0.0,9630000000.0,0.0,0.0,0.19
2023-10-18,1,2,0,0,0,0.19,0.0,0.0,9630000000.0,0.0,0.0,0.19
2023-10-17,1,2,0,0,0,0.19,0.0,0.0,9630000000.0,0.0,0.0,0.19
2023-10-16,1,2,0,0,0,0.19,0.0,0.0,9630000000.0,0.0,0.0,0.19
2023-10-15,1,2,0,0,0,0.19,0.0,0.0,9630000000.0,0.0,0.0,0.19
2023-10-14,1,2,0,0,0,0.19,0.0,0.0,9630000000.0,0.0,0.0,0.19
2023-10-13,1,2,0,0,0,0.19,0.0,0.0,9630000000.0,0.0,0.0,0.19
2023-10-12,1,2,0,0,0,0.19,0.0,0.0,9630000000.0,0.0,0.0,0.19
2023-10-11,1,2,0,0,0,0.19,0.0,0.0,9630000000.0,0.0,0.0,0.19
2023-10-10,1,2,0,0,0,0.19,0.0,0.0,9630000000.0,0.0,0.0,0.19
2023-10-09,1,2,0,0,0,0.19,0.0,0.0,9630000000.0,0.0,0.0,0.19
2023-10-08,1,2,0,0,0,0.19,0.0,0.0,9630000000.0,0.0,0.0,0.19
2023-10-07,1,2,0,0,0,0.19,0.0,0.0,9630000000.0,0.0,0.0,0.19
2023-10-06,1,2,0,0,0,0.19,0.0,0.0,9630000000.0,0.0,0.0,0.19
2023-10-05,1,2,0,0,0,0.19,0.0,0.0,9630000000.0,0.0,0.0,0.19
2023-10-04,1,2,0,0,0,0.19,0.0,0.0,9630000000.0,0.0,0.0,0.19
2023-10-03,1,2,0,0,0,0.19,0.0,0.0,9630000000.0,0.0,0.0,0.19
2023-10-02,2,1,0,0,0,0.11,0.0,0.0,9630000000.0,0.0,0.0,0.11
2023-10-01,2,1,0,0,0,0.11,0.0,0.0,9630000000.0,0.0,0.0,0.11
2023-09-30,2,1,0,0,0,0.11,0.0,0.0,9630000000.0,0.0,0.0,0.11
2023-09-29,2,1,0,0,0,0.11,0.0,0.0,9630000000.0,0.0,0.0,0.11
2023-09-28,2,1,0,0,0,0.11,0.0,0.0,9630000000.0,0.0,0.0,0.11
2023-09-27,2,1,0,0,0,0.11,0.0,0.0,9630000000.0,0.0,0.0,0.11
2023-09-26,2,1,0,0,0,0.11,0.0,0.0,9630000000.0,0.0,0.0,0.11
2023-09-25,2,1,0,0,0,0.11,0.0,0.0,9630000000.0,0.0,0.0,0.11
2023-09-24,2,1,0,0,0,0.11,0.0,0.0,9630000000.0,0.0,0.0,0.11
2023-09-23,2,1,0,0,0,0.11,0.0,0.0,9630000000.0,0.0,0.0,0.11
2023-09-22,2,1,0,0,0,0.11,0.0,0.0,9630000000.0,0.0,0.0,0.11
2023-09-21,2,1,0,0,0,0.11,0.0,0.0,9630000000.0,0.0,0.0,0.11
2023-09-20,2,1,0,0,0,0.11,0.0,0.0,9630000000.0,0.0,0.0,0.11
2023-09-19,2,1,0,0,0,0.11,0.0,0.0,9630000000.0,0.0,0.0,0.11
2023-09-18,2,1,0,0,0,0.11,0.0,0.0,9630000000.0,0.0,0.0,0.11
2023-09-17,2,1,0,0,0,0.11,0.0,0.0,9630000000.0,0.0,0.0,0.11
2023-09-16,2,1,0,0,0,0.11,0.0,0.0,9630000000.0,0.0,0.0,0.11
2023-09-15,2,1,0,0,0,0.11,0.0,0.0,9630000000.0,0.0,0.0,0.11
2023-09-14,2,1,0,0,0,0.11,0.0,0.0,9630000000.0,0.0,0.0,0.11
2023-09-13,2,1,0,0,0,0.11,0.0,0.0,9630000000.0,0.0,0.0,0.11
2023-09-12,2,1,0,0,0,0.11,0.0,0.0,9630000000.0,0.0,0.0,0.11
2023-09-11,2,1,0,0,0,0.11,0.0,0.0,9630000000.0,0.0,0.0,0.11
2023-09-10,2,1,0,0,0,0.11,0.0,0.0,9630000000.0,0.0,0.0,0.11
2023-09-09,2,1,0,0,0,0.11,0.0,0.0,9630000000.0,0.0,0.0,0.11
2023-09-08,2,1,0,0,0,0.11,0.0,0.0,9630000000.0,0.0,0.0,0.11
2023-09-07,2,1,0,0,0,0.11,0.0,0.0,9630000000.0,0.0,0.0,0.11
2023-09-06,2,1,0,0,0,0.11,0.0,0.0,9630000000.0,0.0,0.0,0.11
2023-09-05,2,1,0,0,0,0.11,0.0,0.0,9630000000.0,0.0,0.0,0.11
2023-09-04,2,1,0,0,0,0.11,0.0,0.0,9630000000.0,0.0,0.0,0.11
2023-09-03,2,1,0,0,0,0.11,0.0,0.0,9630000000.0,0.0,0.0,0.11
2023-09-02,2,1,0,0,0,0.11,0.0,0.0,9630000000.0,0.0,0.0,0.11
2023-09-01,2,1,0,0,0,0.11,0.0,0.0,9630000000.0,0.0,0.0,0.11
2023-08-31,2,1,0,0,0,0.11,0.0,0.0,9630000000.0,0.0,0.0,0.11
2023-08-30,2,1,0,0,0,0.11,0.0,0.0,9630000000.0,0.0,0.0,0.11
2023-08-29,2,1,0,0,0,0.11,0.0,0.0,9630000000.0,0.0,0.0,0.11
2023-08-28,2,1,0,0,0,0.11,0.0,0.0,9630000000.0,0.0,0.0,0.11
2023-08-27,2,1,0,0,0,0.11,0.0,0.0,9630000000.0,0.0,0.0,0.11
2023-08-26,2,1,0,0,0,0.11,0.0,0.0,9630000000.0,0.0,0.0,0.11
2023-08-25,2,1,0,0,0,0.11,0.0,0.0,9630000000.0,0.0,0.0,0.11
2023-08-24,2,1,0,0,0,0.11,0.0,0.0,9630000000.0,0.0,0.0,0.11
2023-08-23,2,1,0,0,0,0.11,0.0,0.0,9630000000.0,0.0,0.0,0.11
2023-08-22,2,1,0,0,0,0.11,0.0,0.0,9630000000.0,0.0,0.0,0.11
2023-08-21,2,1,0,0,0,0.11,0.0,0.0,9630000000.0,0.0,0.0,0.11
2023-08-20,2,1,0,0,0,0.11,0.0,0.0,9630000000.0,0.0,0.0,0.11
2023-08-19,2,1,0,0,0,0.11,0.0,0.0,9630000000.0,0.0,0.0,0.11
2023-08-18,2,1,0,0,0,0.11,0.0,0.0,9630000000.0,0.0,0.0,0.11
2023-08-17,2,1,0,0,0,0.11,0.0,0.0,9630000000.0,0.0,0.0,0.11
2023-08-16,2,1,0,0,0,0.11,0.0,0.0,9630000000.0,0.0,0.0,0.11
2023-08-15,2,1,0,0,0,0.11,0.0,0.0,9630000000.0,0.0,0.0,0.11
2023-08-14,2,1,0,0,0,0.11,0.0,0.0,9630000000.0,0.0,0.0,0.11
2023-08-13,2,1,0,0,0,0.11,0.0,0.0,9630000000.0,0.0,0.0,0.11
2023-08-12,2,1,0,0,0,0.11,0.0,0.0,9630000000.0,0.0,0.0,0.11
2023-08-11,2,1,0,0,0,0.11,0.0,0.0,9630000000.0,0.0,0.0,0.11
2023-08-10,2,1,0,0,0,0.11,0.0,0.0,9630000000.0,0.0,0.0,0.11
2023-08-09,2,1,0,0,0,0.11,0.0,0.0,9630000000.0,0.0,0.0,0.11
2023-08-08,2,1,0,0,0,0.11,0.0,0.0,9630000000.0,0.0,0.0,0.11
2023-08-07,2,1,0,0,0,0.11,0.0,0.0,9630000000.0,0.0,0.0,0.11
2023-08-06,2,1,0,0,0,0.11,0.0,0.0,9630000000.0,0.0,0.0,0.11
2023-08-05,2,1,0,0,0,0.11,0.0,0.0,9630000000.0,0.0,0.0,0.11
2023-08-04,2,1,0,0,0,0.11,0.0,0.0,9630000000.0,0.0,0.0,0.11
2023-08-03,2,1,0,0,0,0.11,0.0,0.0,9630000000.0,0.0,0.0,0.11
2023-08-02,2,1,0,0,0,0.11,0.0,0.0,9630000000.0,0.0,0.0,0.11
2023-08-01,2,1,0,0,0,0.11,0.0,0.0,9630000000.0,0.0,0.0,0.11
2023-07-31,2,1,0,0,0,0.11,0.0,0.0,9630000000.0,0.0,0.0,0.11
2023-07-30,2,1,0,0,0,0.11,0.0,0.0,9630000000.0,0.0,0.0,0.11
2023-07-29,2,1,0,0,0,0.11,0.0,0.0,9630000000.0,0.0,0.0,0.11
2023-07-28,2,1,0,0,0,0.11,0.0,0.0,9630000000.0,0.0,0.0,0.11
2023-07-27,2,1,0,0,0,0.11,0.0,0.0,9630000000.0,0.0,0.0,0.11
2023-07-26,2,1,0,0,0,0.11,0.0,0.0,9630000000.0,0.0,0.0,0.11
2023-07-25,2,1,0,0,0,0.11,0.0,0.0,9630000000.0,0.0,0.0,0.11
2023-07-24,2,1,0,0,0,0.11,0.0,0.0,9630000000.0,0.0,0.0,0.11
2023-07-23,2,1,0,0,0,0.11,0.0,0.0,9630000000.0,0.0,0.0,0.11
2023-07-22,2,1,0,0,0,0.11,0.0,0.0,9630000000.0,0.0,0.0,0.11
2023-07-21,2,1,0,0,0,0.11,0.0,0.0,9630000000.0,0.0,0.0,0.11
2023-07-20,2,1,0,0,0,0.11,0.0,0.0,9630000000.0,0.0,0.0,0.11
2023-07-19,2,1,0,0,0,0.11,0.0,0.0,9630000000.0,0.0,0.0,0.11
2023-07-18,2,1,0,0,0,0.11,0.0,0.0,9630000000.0,0.0,0.0,0.11
2023-07-17,2,1,0,0,0,0.11,0.0,0.0,9630000000.0,0.0,0.0,0.11
2023-07-16,2,1,0,0,0,0.11,0.0,0.0,9630000000.0,0.0,0.0,0.11
2023-07-15,2,1,0,0,0,0.11,0.0,0.0,9630000000.0,0.0,0.0,0.11
2023-07-14,2,1,0,0,0,0.11,0.0,0.0,9630000000.0,0.0,0.0,0.11
2023-07-13,2,1,0,0,0,0.11,0.0,0.0,9630000000.0,0.0,0.0,0.11
2023-07-12,2,1,0,0,0,0.11,0.0,0.0,9630000000.0,0.0,0.0,0.11
2023-07-11,2,1,0,0,0,0.11,0.0,0.0,9630000000.0,0.0,0.0,0.11
2023-07-10,2,1,0,0,0,0.11,0.0,0.0,9630000000.0,0.0,0.0,0.11
2023-07-09,2,1,0,0,0,0.11,0.0,0.0,9630000000.0,0.0,0.0,0.11
2023-07-08,2,1,0,0,0,0.11,0.0,0.0,9630000000.0,0.0,0.0,0.11
2023-07-07,2,1,0,0,0,0.11,0.0,0.0,9630000000.0,0.0,0.0,0.11
2023-07-06,2,1,0,0,0,0.11,0.0,0.0,9630000000.0,0.0,0.0,0.11
2023-07-05,2,1,0,0,0,0.11,0.0,0.0,9630000000.0,0.0,0.0,0.11
2023-07-04,2,1,0,0,0,0.11,0.0,0.0,9630000000.0,0.0,0.0,0.11
2023-07-03,2,1,0,0,0,0.11,0.0,0.0,9630000000.0,0.0,0.0,0.11
2023-07-02,2,1,0,0,0,0.11,0.0,0.0,9630000000.0,0.0,0.0,0.11
2023-07-01,2,1,0,0,0,0.11,0.0,0.0,9630000000.0,0.0,0.0,0.11
2023-06-30,2,1,0,0,0,0.11,0.0,0.0,9630000000.0,0.0,0.0,0.11
2023-06-29,2,1,0,0,0,0.11,0.0,0.0,9630000000.0,0.0,0.0,0.11
2023-06-28,2,1,0,0,0,0.11,0.0,0.0,9630000000.0,0.0,0.0,0.11
2023-06-27,2,1,0,0,0,0.11,0.0,0.0,9630000000.0,0.0,0.0,0.11
2023-06-26,2,1,0,0,0,0.11,0.0,0.0,9630000000.0,0.0,0.0,0.11
2023-06-25,2,1,0,0,0,0.11,0.0,0.0,9630000000.0,0.0,0.0,0.11
2023-06-24,2,1,0,0,0,0.11,0.0,0.0,9630000000.0,0.0,0.0,0.11
2023-06-23,2,1,0,0,0,0.11,0.0,0.0,9630000000.0,0.0,0.0,0.11
2023-06-22,2,1,0,0,0,0.11,0.0,0.0,9630000000.0,0.0,0.0,0.11
2023-06-21,2,1,0,0,0,0.11,0.0,0.0,9630000000.0,0.0,0.0,0.11
2023-06-20,2,1,0,0,0,0.11,0.0,0.0,9630000000.0,0.0,0.0,0.11
2023-06-19,2,1,0,0,0,0.11,0.0,0.0,9630000000.0,0.0,0.0,0.11
2023-06-18,2,1,0,0,0,0.11,0.0,0.0,9630000000.0,0.0,0.0,0.11
2023-06-17,2,1,0,0,0,0.11,0.0,0.0,9630000000.0,0.0,0.0,0.11
2023-06-16,2,1,0,0,0,0.11,0.0,0.0,9630000000.0,0.0,0.0,0.11
2023-06-15,2,1,0,0,0,0.11,0.0,0.0,9630000000.0,0.0,0.0,0.11
2023-06-14,2,1,0,0,0,0.11,0.0,0.0,9630000000.0,0.0,0.0,0.11
2023-06-13,2,1,0,0,0,0.11,0.0,0.0,9630000000.0,0.0,0.0,0.11
2023-06-12,2,1,0,0,0,0.11,0.0,0.0,9630000000.0,0.0,0.0,0.11
2023-06-11,2,1,0,0,0,0.11,0.0,0.0,9630000000.0,0.0,0.0,0.11
2023-06-10,2,1,0,0,0,0.11,0.0,0.0,9630000000.0,0.0,0.0,0.11
2023-06-09,2,1,0,0,0,0.11,0.0,0.0,9630000000.0,0.0,0.0,0.11
2023-06-08,2,1,0,0,0,0.11,0.0,0.0,9630000000.0,0.0,0.0,0.11
2023-06-07,2,1,0,0,0,0.11,0.0,0.0,9630000000.0,0.0,0.0,0.11
2023-06-06,2,1,0,0,0,0.11,0.0,0.0,9630000000.0,0.0,0.0,0.11
2023-06-05,2,1,0,0,0,0.11,0.0,0.0,9630000000.0,0.0,0.0,0.11
2023-06-04,2,1,0,0,0,0.11,0.0,0.0,9630000000.0,0.0,0.0,0.11
2023-06-03,2,1,0,0,0,0.11,0.0,0.0,9630000000.0,0.0,0.0,0.11
2023-06-02,2,1,0,0,0,0.11,0.0,0.0,9630000000.0,0.0,0.0,0.11
2023-06-01,2,1,0,0,0,0.11,0.0,0.0,9630000000.0,0.0,0.0,0.11
2023-05-31,2,1,0,0,0,0.11,0.0,0.0,9630000000.0,0.0,0.0,0.11
2023-05-30,2,1,0,0,0,0.11,0.0,0.0,9630000000.0,0.0,0.0,0.11
2023-05-29,2,1,0,0,0,0.11,0.0,0.0,9630000000.0,0.0,0.0,0.11
2023-05-28,2,1,0,0,0,0.11,0.0,0.0,9630000000.0,0.0,0.0,0.11
2023-05-27,2,1,0,0,0,0.11,0.0,0.0,9630000000.0,0.0,0.0,0.11
2023-05-26,2,1,0,0,0,0.11,0.0,0.0,9630000000.0,0.0,0.0,0.11
2023-05-25,2,1,0,0,0,0.11,0.0,0.0,9630000000.0,0.0,0.0,0.11
2023-05-24,2,1,0,0,0,0.11,0.0,0.0,9630000000.0,0.0,0.0,0.11
2023-05-23,2,1,0,0,0,0.11,0.0,0.0,9630000000.0,0.0,0.0,0.11
2023-05-22,2,1,0,0,0,0.11,0.0,0.0,9630000000.0,0.0,0.0,0.11
2023-05-21,2,1,0,0,0,0.11,0.0,0.0,9630000000.0,0.0,0.0,0.11
2023-05-20,2,1,0,0,0,0.11,0.0,0.0,9630000000.0,0.0,0.0,0.11
2023-05-19,2,1,0,0,0,0.11,0.0,0.0,9630000000.0,0.0,0.0,0.11
2023-05-18,2,1,0,0,0,0.11,0.0,0.0,9630000000.0,0.0,0.0,0.11
2023-05-17,2,1,0,0,0,0.11,0.0,0.0,9630000000.0,0.0,0.0,0.11
2023-05-16,2,1,0,0,0,0.11,0.0,0.0,9630000000.0,0.0,0.0,0.11
2023-05-15,2,1,0,0,0,0.11,0.0,0.0,9630000000.0,0.0,0.0,0.11
2023-05-14,2,1,0,0,0,0.11,0.0,0.0,9630000000.0,0.0,0.0,0.11
2023-05-13,2,1,0,0,0,0.11,0.0,0.0,9630000000.0,0.0,0.0,0.11
2023-05-12,2,1,0,0,0,0.11,0.0,0.0,9630000000.0,0.0,0.0,0.11
2023-05-11,2,1,0,0,0,0.11,0.0,0.0,9630000000.0,0.0,0.0,0.11
2023-05-10,2,1,0,0,0,0.11,0.0,0.0,9630000000.0,0.0,0.0,0.11
2023-05-09,2,1,0,0,0,0.11,0.0,0.0,9630000000.0,0.0,0.0,0.11
2023-05-08,2,1,0,0,0,0.11,0.0,0.0,9630000000.0,0.0,0.0,0.11
2023-05-07,2,1,0,0,0,0.11,0.0,0.0,9630000000.0,0.0,0.0,0.11
2023-05-06,2,1,0,0,0,0.11,0.0,0.0,9630000000.0,0.0,0.0,0.11
2023-05-05,2,1,0,0,0,0.18,0.0,0.0,9630000000.0,0.0,0.0,0.18
2023-05-04,2,1,0,0,0,0.18,0.0,0.0,9630000000.0,0.0,0.0,0.18
2023-05-03,2,1,0,0,0,0.18,0.0,0.0,9630000000.0,0.0,0.0,0.18
2023-05-02,1,2,0,0,0,0.19,0.0,0.0,9630000000.0,0.0,0.0,0.19
2023-05-01,1,2,0,0,0,0.19,0.0,0.0,9630000000.0,0.0,0.0,0.19
2023-04-30,1,2,0,0,0,0.19,0.0,0.0,9630000000.0,0.0,0.0,0.19
