,IT0005610958,IT0005218380,FR0000184798,FR0000051732,FR0013176526,FR0000054470,FR0010411983,DE000A0TGJ55,DE000A1PHFF7,DE000TUAG505,DE0006766504,DE000KC01000,DE000A161408,DE000KSAG888,Total
2025-04-28,0.0,0.44,0.0,0.0,0.0,0.81,0.55,0.0,8.53,0.0,0.0,0.0,0.0,0.0,10.33
2025-04-27,0.0,0.44,0.0,0.0,0.0,0.81,0.55,0.0,8.53,0.0,0.0,0.0,0.0,0.0,10.33
2025-04-26,0.0,0.44,0.0,0.0,0.0,0.81,0.55,0.0,8.53,0.0,0.0,0.0,0.0,0.0,10.33
2025-04-25,0.0,0.44,0.0,0.0,0.0,0.81,0.55,0.0,8.53,0.0,0.0,0.0,0.0,0.0,10.33
2025-04-24,0.0,0.44,0.0,0.0,0.0,0.81,0.55,0.0,8.53,0.0,0.0,0.0,0.0,0.0,10.33
2025-04-23,0.0,0.44,0.0,0.0,0.0,0.81,0.55,0.0,8.92,0.0,0.0,0.0,0.0,0.0,10.72
2025-04-22,0.0,0.44,0.0,0.0,0.0,0.81,0.55,0.0,9.67,0.0,0.0,0.0,0.0,0.0,11.47
2025-04-21,0.0,0.44,0.0,0.0,0.0,0.81,0.55,0.0,9.94,0.0,0.0,0.0,0.0,0.0,11.74
2025-04-20,0.0,0.44,0.0,0.0,0.0,0.81,0.55,0.0,9.94,0.0,0.0,0.0,0.0,0.0,11.74
2025-04-19,0.0,0.44,0.0,0.0,0.0,0.81,0.55,0.0,9.94,0.0,0.0,0.0,0.0,0.0,11.74
2025-04-18,0.0,0.44,0.0,0.0,0.0,0.81,0.55,0.0,9.94,0.0,0.0,0.0,0.0,0.0,11.74
2025-04-17,0.0,0.44,0.0,0.0,0.0,0.81,0.55,0.0,9.94,0.0,0.0,0.0,0.0,0.0,11.74
2025-04-16,0.0,0.44,0.0,0.0,0.0,0.81,0.55,0.0,9.75,0.0,0.0,0.0,0.0,0.0,11.55
2025-04-15,0.0,0.44,0.0,0.0,0.0,0.81,0.55,0.0,10.03,0.0,0.0,0.0,0.0,0.0,11.83
2025-04-14,0.0,0.55,0.0,0.0,0.0,0.81,0.55,0.0,9.47,0.0,0.0,0.0,0.0,0.0,11.38
2025-04-13,0.0,0.55,0.0,0.0,0.0,0.81,0.55,0.0,9.82,0.0,0.0,0.0,0.0,0.0,11.73
2025-04-12,0.0,0.55,0.0,0.0,0.0,0.81,0.55,0.0,9.82,0.0,0.0,0.0,0.0,0.0,11.73
2025-04-11,0.0,0.55,0.0,0.0,0.0,0.81,0.55,0.0,9.82,0.0,0.0,0.0,0.0,0.0,11.73
2025-04-10,0.0,0.55,0.0,0.0,0.0,0.81,0.55,0.0,9.9,0.0,0.0,0.0,0.0,0.0,11.81
2025-04-09,0.0,0.79,0.0,0.0,0.0,0.81,0.55,0.0,10.47,0.0,0.0,0.0,0.0,0.0,12.620000000000001
2025-04-08,0.0,0.79,0.0,0.0,0.0,0.81,0.63,0.0,9.95,0.0,0.0,0.0,0.0,0.0,12.18
2025-04-07,0.0,0.79,0.0,0.0,0.0,0.81,0.88,0.0,9.6,0.0,0.0,0.0,0.0,0.0,12.08
2025-04-06,0.0,0.8,0.0,0.0,0.0,0.81,0.57,0.0,9.94,0.0,0.0,0.0,0.0,0.0,12.12
2025-04-05,0.0,0.8,0.0,0.0,0.0,0.81,0.57,0.0,9.94,0.0,0.0,0.0,0.0,0.0,12.12
2025-04-04,0.0,0.8,0.0,0.0,0.0,0.81,0.57,0.0,9.94,0.0,0.0,0.0,0.0,0.0,12.12
2025-04-03,0.0,0.0,0.0,0.0,0.0,0.73,0.0,0.0,9.38,0.0,0.0,0.0,0.0,0.0,10.110000000000001
2025-04-02,0.0,0.0,0.0,0.0,0.0,0.73,0.0,0.0,6.71,0.0,0.0,0.0,0.0,0.0,7.4399999999999995
2025-04-01,0.0,0.0,0.0,0.0,0.0,0.73,0.0,0.0,6.53,0.0,0.0,0.0,0.0,0.0,7.26
2025-03-31,0.0,0.0,0.0,0.0,0.0,0.69,0.0,0.0,7.34,0.0,0.0,0.0,0.0,0.0,8.03
2025-03-30,0.0,0.0,0.0,0.0,0.0,0.57,0.0,0.0,7.23,0.0,0.0,0.0,0.0,0.0,7.800000000000001
2025-03-29,0.0,0.0,0.0,0.0,0.0,0.57,0.0,0.0,7.23,0.0,0.0,0.0,0.0,0.0,7.800000000000001
2025-03-28,0.0,0.0,0.0,0.0,0.0,0.57,0.0,0.0,7.23,0.0,0.0,0.0,0.0,0.0,7.800000000000001
2025-03-27,0.0,0.0,0.0,0.0,0.0,0.0,0.0,0.0,6.73,0.0,0.0,0.0,0.0,0.0,6.73
2025-03-26,0.0,0.0,0.0,0.0,0.0,0.0,0.0,0.0,6.73,0.0,0.0,0.0,0.0,0.0,6.73
2025-03-25,0.0,0.0,0.0,0.0,0.0,0.0,0.0,0.0,7.13,0.0,0.0,0.0,0.0,0.0,7.13
2025-03-24,0.0,0.0,0.0,0.0,0.0,0.0,0.0,0.0,6.93,0.0,0.0,0.0,0.0,0.0,6.93
2025-03-23,0.0,0.0,0.0,0.0,0.0,0.0,0.0,0.0,7.05,0.0,0.0,0.0,0.0,0.0,7.05
2025-03-22,0.0,0.0,0.0,0.0,0.0,0.0,0.0,0.0,7.05,0.0,0.0,0.0,0.0,0.0,7.05
2025-03-21,0.0,0.0,0.0,0.0,0.0,0.0,0.0,0.0,7.05,0.0,0.0,0.0,0.0,0.0,7.05
2025-03-20,0.0,0.0,0.0,0.0,0.0,0.0,0.0,0.0,6.12,0.0,0.0,0.47,0.0,0.0,6.59
2025-03-19,0.0,0.0,0.0,0.0,0.0,0.0,0.0,0.0,6.46,0.0,0.0,0.47,0.0,0.0,6.93
2025-03-18,0.0,0.0,0.0,0.0,0.0,0.0,0.0,0.0,6.19,0.0,0.0,0.47,0.0,0.0,6.66
2025-03-17,0.0,0.0,0.0,0.0,0.0,0.0,0.0,0.0,6.67,0.0,0.0,0.47,0.0,0.0,7.14
2025-03-16,0.0,0.0,0.0,0.0,0.0,0.0,0.0,0.0,7.14,0.0,0.0,0.47,0.0,0.0,7.609999999999999
2025-03-15,0.0,0.0,0.0,0.0,0.0,0.0,0.0,0.0,7.14,0.0,0.0,0.47,0.0,0.0,7.609999999999999
2025-03-14,0.0,0.0,0.0,0.0,0.0,0.0,0.0,0.0,7.14,0.0,0.0,0.47,0.0,0.0,7.609999999999999
2025-03-13,0.0,0.0,0.0,0.0,0.0,0.0,0.0,0.0,6.98,0.0,0.0,0.47,0.0,0.0,7.45
2025-03-12,0.0,0.0,0.0,0.0,0.0,0.0,0.0,1.45,2.4,0.0,0.0,0.47,0.0,0.0,4.319999999999999
2025-03-11,0.0,0.0,0.0,0.0,0.0,0.0,0.0,1.45,1.88,0.0,0.0,0.47,0.0,0.0,3.8
2025-03-10,0.0,0.0,0.0,0.0,0.0,0.0,0.0,2.14,1.0,0.0,0.0,0.47,0.0,0.0,3.6100000000000003
2025-03-09,0.0,0.0,0.0,0.0,0.0,0.0,0.0,2.07,0.0,0.0,0.0,0.47,0.0,0.0,2.54
2025-03-08,0.0,0.0,0.0,0.0,0.0,0.0,0.0,2.07,0.0,0.0,0.0,0.47,0.0,0.0,2.54
2025-03-07,0.0,0.0,0.0,0.0,0.0,0.0,0.0,2.07,0.0,0.0,0.0,0.47,0.0,0.0,2.54
2025-03-06,0.0,0.0,0.0,0.0,0.0,0.0,0.0,2.13,0.0,0.0,0.0,0.47,0.0,0.0,2.5999999999999996
2025-03-05,0.0,0.0,0.0,0.0,0.0,0.0,0.0,1.84,0.0,0.0,0.0,0.47,0.0,0.0,2.31
2025-03-04,0.0,0.0,0.0,0.0,0.0,0.42,0.0,1.84,1.01,0.0,0.0,0.47,0.0,0.0,3.74
2025-03-03,0.0,0.0,0.0,0.0,0.0,0.42,0.0,1.84,0.0,0.0,0.0,0.47,0.0,0.0,2.7300000000000004
2025-03-02,0.0,0.0,0.0,0.0,0.0,0.42,0.0,1.84,0.0,0.0,0.0,0.47,0.0,0.0,2.7300000000000004
2025-03-01,0.0,0.0,0.0,0.0,0.0,0.42,0.0,1.84,0.0,0.0,0.0,0.47,0.0,0.0,2.7300000000000004
2025-02-28,0.0,0.0,0.0,0.0,0.0,0.42,0.0,1.84,0.0,0.0,0.0,0.47,0.0,0.0,2.7300000000000004
2025-02-27,0.0,0.0,0.0,0.0,0.0,0.58,0.0,1.84,0.0,0.0,0.0,0.47,0.0,0.0,2.8899999999999997
2025-02-26,0.0,0.0,0.0,0.0,0.0,0.58,0.0,1.79,0.0,0.0,0.0,0.47,0.0,0.0,2.84
2025-02-25,0.0,0.0,0.0,0.0,0.0,0.58,0.0,1.79,0.0,0.0,0.0,0.47,0.0,0.0,2.84
2025-02-24,0.0,0.0,0.0,0.0,0.0,0.58,0.0,1.79,0.0,0.0,0.0,0.47,0.0,0.0,2.84
2025-02-23,0.0,0.0,0.0,0.0,0.0,0.58,0.0,2.07,0.0,0.0,0.16,0.47,0.0,0.0,3.2800000000000002
2025-02-22,0.0,0.0,0.0,0.0,0.0,0.58,0.0,2.07,0.0,0.0,0.16,0.47,0.0,0.0,3.2800000000000002
2025-02-21,0.0,0.0,0.0,0.0,0.0,0.58,0.0,2.07,0.0,0.0,0.16,0.47,0.0,0.0,3.2800000000000002
2025-02-20,0.0,0.0,0.0,0.0,0.0,0.58,0.0,2.07,0.0,0.0,0.16,0.47,0.0,0.0,3.2800000000000002
2025-02-19,0.0,0.0,0.0,0.0,0.0,0.6,0.0,2.07,0.0,0.0,0.16,0.47,0.0,0.0,3.3
2025-02-18,0.0,0.0,0.0,0.0,0.0,0.6,0.0,2.11,0.0,0.0,0.16,0.47,0.0,0.0,3.34
2025-02-17,0.0,0.0,0.0,0.0,0.0,0.6,0.0,2.11,0.0,0.0,0.16,0.47,0.0,0.0,3.34
2025-02-16,0.0,0.0,0.0,0.0,0.0,0.6,0.0,2.09,0.0,0.0,0.16,0.47,0.0,0.0,3.3200000000000003
2025-02-15,0.0,0.0,0.0,0.0,0.0,0.6,0.0,2.09,0.0,0.0,0.16,0.47,0.0,0.0,3.3200000000000003
2025-02-14,0.0,0.0,0.0,0.0,0.0,0.6,0.0,2.09,0.0,0.0,0.16,0.47,0.0,0.0,3.3200000000000003
2025-02-13,0.0,0.0,0.0,0.0,0.0,0.5,0.0,2.1,0.0,0.0,0.16,0.47,0.0,0.0,3.2300000000000004
2025-02-12,0.0,0.0,0.0,0.0,0.0,0.5,0.0,2.07,0.0,0.0,0.16,0.47,0.0,0.0,3.2
2025-02-11,0.0,0.0,0.0,0.0,0.0,0.5,0.0,2.07,0.0,0.0,0.16,0.47,0.0,0.0,3.2
2025-02-10,0.0,0.0,0.0,0.0,0.0,0.5,0.0,1.93,0.0,0.0,0.16,0.47,0.0,0.0,3.0599999999999996
2025-02-09,0.0,0.0,0.0,0.0,0.0,0.5,0.0,1.93,0.0,0.0,0.16,0.47,0.0,0.0,3.0599999999999996
2025-02-08,0.0,0.0,0.0,0.0,0.0,0.5,0.0,1.93,0.0,0.0,0.16,0.47,0.0,0.0,3.0599999999999996
2025-02-07,0.0,0.0,0.0,0.0,0.0,0.5,0.0,1.93,0.0,0.0,0.16,0.47,0.0,0.0,3.0599999999999996
2025-02-06,0.0,0.0,0.0,0.0,0.0,0.5,0.0,2.09,0.0,0.0,0.16,0.47,0.0,0.0,3.2199999999999998
2025-02-05,0.0,0.0,0.0,0.0,0.0,0.5,0.0,2.09,0.0,0.0,0.16,0.47,0.0,0.0,3.2199999999999998
2025-02-04,0.0,0.0,0.0,0.0,0.0,0.5,0.0,1.47,0.0,0.0,0.16,0.47,0.0,0.0,2.5999999999999996
2025-02-03,0.0,0.0,0.0,0.0,0.0,0.0,0.0,1.5,0.0,0.0,0.16,0.47,0.0,0.0,2.13
2025-02-02,0.0,0.0,0.0,0.0,0.0,0.0,0.0,1.48,0.0,0.0,0.16,0.47,0.0,0.0,2.11
2025-02-01,0.0,0.0,0.0,0.0,0.0,0.0,0.0,1.48,0.0,0.0,0.16,0.47,0.0,0.0,2.11
2025-01-31,0.0,0.0,0.0,0.0,0.0,0.0,0.0,1.48,0.0,0.0,0.16,0.47,0.0,0.0,2.11
2025-01-30,0.0,0.0,0.0,0.0,0.0,0.0,0.0,1.48,0.0,0.0,0.16,0.47,0.0,0.0,2.11
2025-01-29,0.0,0.0,0.0,0.0,0.0,0.0,0.0,1.48,0.0,0.0,0.16,0.47,0.0,0.0,2.11
2025-01-28,0.0,0.0,0.0,0.0,0.0,0.0,0.0,1.48,0.0,0.0,0.16,0.47,0.0,0.0,2.11
2025-01-27,0.0,0.0,0.0,0.0,0.0,0.0,0.0,1.48,0.0,0.0,0.16,0.47,0.0,0.0,2.11
2025-01-26,0.0,0.0,0.0,0.0,0.0,0.0,0.0,1.48,0.0,0.0,0.16,0.47,0.0,0.0,2.11
2025-01-25,0.0,0.0,0.0,0.0,0.0,0.0,0.0,1.48,0.0,0.0,0.16,0.47,0.0,0.0,2.11
2025-01-24,0.0,0.0,0.0,0.0,0.0,0.0,0.0,1.48,0.0,0.0,0.16,0.47,0.0,0.0,2.11
2025-01-23,0.0,0.0,0.0,0.0,0.0,0.0,0.0,1.52,0.0,0.0,0.16,0.47,0.0,0.0,2.15
2025-01-22,0.0,0.0,0.0,0.0,0.0,0.0,0.0,1.48,0.0,0.0,0.16,0.47,0.0,0.0,2.11
2025-01-21,0.0,0.0,0.0,0.0,0.0,0.0,0.0,1.48,0.0,0.0,0.16,0.47,0.0,0.0,2.11
2025-01-20,0.0,0.0,0.0,0.0,0.0,0.0,0.0,1.48,0.8,0.0,0.16,0.47,0.0,0.0,2.91
2025-01-19,0.0,0.0,0.0,0.0,0.0,0.0,0.0,1.52,0.0,0.0,0.16,0.47,0.0,0.0,2.15
2025-01-18,0.0,0.0,0.0,0.0,0.0,0.0,0.0,1.52,0.0,0.0,0.16,0.47,0.0,0.0,2.15
2025-01-17,0.0,0.0,0.0,0.0,0.0,0.0,0.0,1.52,0.0,0.0,0.16,0.47,0.0,0.0,2.15
2025-01-16,0.0,0.0,0.0,0.0,0.0,0.0,0.0,1.52,0.0,0.0,0.16,0.47,0.0,0.0,2.15
2025-01-15,0.0,0.0,0.0,0.0,0.0,0.0,0.0,1.49,0.0,0.0,0.16,0.47,0.0,0.0,2.12
2025-01-14,0.0,0.0,0.0,0.0,0.0,0.0,0.0,1.5,0.0,0.0,0.16,0.47,0.0,0.0,2.13
2025-01-13,0.0,0.0,0.0,0.0,0.0,0.0,0.0,1.5,0.0,0.0,0.16,0.47,0.0,0.0,2.13
2025-01-12,0.0,0.0,0.0,0.0,0.0,0.0,0.0,1.5,0.0,0.0,0.16,0.47,0.0,0.0,2.13
2025-01-11,0.0,0.0,0.0,0.0,0.0,0.0,0.0,1.5,0.0,0.0,0.16,0.47,0.0,0.0,2.13
2025-01-10,0.0,0.0,0.0,0.0,0.0,0.0,0.0,1.5,0.0,0.0,0.16,0.47,0.0,0.0,2.13
2025-01-09,0.0,0.0,0.0,0.0,0.0,0.0,0.0,1.5,0.0,0.0,0.16,0.47,0.0,0.0,2.13
2025-01-08,0.0,0.0,0.0,0.0,0.0,0.0,0.0,1.5,0.0,0.0,0.16,0.47,0.0,0.0,2.13
2025-01-07,0.0,0.0,0.0,0.0,0.0,0.0,0.0,1.5,0.0,0.0,0.16,0.47,0.0,0.0,2.13
2025-01-06,0.0,0.0,0.0,0.0,0.0,0.0,0.0,1.5,0.0,0.0,0.16,0.47,0.0,0.0,2.13
2025-01-05,0.0,0.0,0.0,0.0,0.0,0.0,0.0,1.49,0.0,0.0,0.16,0.47,0.0,0.0,2.12
2025-01-04,0.0,0.0,0.0,0.0,0.0,0.0,0.0,1.49,0.0,0.0,0.16,0.47,0.0,0.0,2.12
2025-01-03,0.0,0.0,0.0,0.0,0.0,0.0,0.0,1.49,0.0,0.0,0.16,0.47,0.0,0.0,2.12
2025-01-02,0.0,0.0,0.0,0.0,0.0,0.0,0.0,1.51,0.0,0.0,0.16,0.47,0.0,0.0,2.1399999999999997
2025-01-01,0.0,0.0,0.0,0.0,0.0,0.0,0.0,1.51,0.0,0.0,0.16,0.47,0.0,0.0,2.1399999999999997
2024-12-31,0.0,0.0,0.0,0.0,0.0,0.0,0.0,1.51,0.0,0.0,0.16,0.47,0.0,0.0,2.1399999999999997
2024-12-30,0.0,0.0,0.0,0.0,0.0,0.0,0.0,1.51,0.0,0.0,0.16,0.47,0.0,0.0,2.1399999999999997
2024-12-29,0.0,0.0,0.0,0.0,0.0,0.0,0.0,1.51,0.0,0.0,0.16,0.47,0.0,0.0,2.1399999999999997
2024-12-28,0.0,0.0,0.0,0.0,0.0,0.0,0.0,1.51,0.0,0.0,0.16,0.47,0.0,0.0,2.1399999999999997
2024-12-27,0.0,0.0,0.0,0.0,0.0,0.0,0.0,1.51,0.0,0.0,0.16,0.47,0.0,0.0,2.1399999999999997
2024-12-26,0.0,0.0,0.0,0.0,0.0,0.0,0.0,1.51,0.0,0.0,0.16,0.47,0.0,0.0,2.1399999999999997
2024-12-25,0.0,0.0,0.0,0.0,0.0,0.0,0.0,1.51,0.0,0.0,0.16,0.47,0.0,0.0,2.1399999999999997
2024-12-24,0.0,0.0,0.0,0.0,0.0,0.0,0.0,1.51,0.0,0.0,0.16,0.47,0.0,0.0,2.1399999999999997
2024-12-23,0.0,0.0,0.0,0.0,0.0,0.0,0.0,1.51,0.0,0.0,0.16,0.47,0.0,0.0,2.1399999999999997
2024-12-22,0.0,0.0,0.0,0.0,0.0,0.0,0.0,1.66,0.0,0.0,0.16,0.47,0.0,0.0,2.29
2024-12-21,0.0,0.0,0.0,0.0,0.0,0.0,0.0,1.66,0.0,0.0,0.16,0.47,0.0,0.44,2.73
2024-12-20,0.0,0.0,0.0,0.0,0.0,0.0,0.0,1.66,0.0,0.0,0.16,0.47,0.0,0.44,2.73
2024-12-19,0.0,0.0,0.0,0.0,0.0,0.0,0.0,2.15,0.0,0.0,0.16,0.47,0.0,0.44,3.22
2024-12-18,0.0,0.0,0.0,0.0,0.0,0.0,0.0,2.22,0.0,0.0,0.16,0.47,0.0,0.44,3.2900000000000005
2024-12-17,0.0,0.0,0.0,0.0,0.0,0.0,0.0,2.51,0.0,0.0,0.16,0.47,0.0,0.44,3.5799999999999996
2024-12-16,0.0,0.0,0.0,0.0,0.0,0.0,0.0,2.66,0.0,0.0,0.16,0.47,0.0,0.44,3.73
2024-12-15,0.0,0.0,0.0,0.0,0.0,0.0,0.0,2.66,0.0,0.0,0.16,0.47,0.0,0.44,3.73
2024-12-14,0.0,0.0,0.0,0.0,0.0,0.0,0.0,2.66,0.0,0.0,0.16,0.47,0.0,0.44,3.73
2024-12-13,0.0,0.0,0.0,0.0,0.0,0.0,0.0,2.66,0.0,0.0,0.16,0.47,0.31,0.44,4.04
2024-12-12,0.0,0.0,0.0,0.0,0.0,0.0,0.0,2.66,0.0,0.0,0.16,0.47,0.31,0.44,4.04
2024-12-11,0.91,0.0,0.0,0.0,0.0,0.0,0.0,2.83,0.0,0.0,0.16,0.47,0.31,0.44,5.12
2024-12-10,0.91,0.0,0.0,0.0,0.0,0.0,0.0,2.95,0.0,0.0,0.16,0.47,0.31,0.44,5.24
2024-12-09,0.91,0.0,0.0,0.0,0.0,0.0,0.0,2.95,0.0,0.0,0.16,0.47,0.31,0.44,5.24
2024-12-08,0.91,0.0,0.0,0.0,0.0,0.0,0.0,2.84,0.0,0.0,0.16,0.47,0.31,0.44,5.13
2024-12-07,0.91,0.0,0.0,0.0,0.0,0.0,0.0,2.84,0.0,0.0,0.16,0.47,0.31,0.44,5.13
2024-12-06,0.91,0.0,0.0,0.0,0.4,0.0,0.0,2.84,0.0,0.0,0.16,0.47,0.31,0.44,5.53
2024-12-05,0.91,0.0,0.0,1.57,0.4,0.0,0.0,2.84,1.07,0.0,0.16,0.47,0.31,0.44,8.17
2024-12-04,0.91,0.0,0.0,1.33,0.4,0.0,0.0,2.84,1.07,0.0,0.16,0.47,0.31,0.44,7.930000000000001
2024-12-03,0.79,0.0,0.0,1.33,0.5,0.0,0.0,2.84,2.95,0.0,0.16,0.47,0.31,0.44,9.790000000000001
2024-12-02,0.79,0.0,0.0,0.85,0.48,0.0,0.0,2.84,3.89,0.0,0.16,0.47,0.31,0.44,10.23
2024-12-01,0.79,0.0,0.0,0.7,0.48,0.0,0.0,2.6,5.19,0.0,0.16,0.47,0.31,0.44,11.140000000000002
2024-11-30,0.79,0.0,0.0,0.7,0.48,0.0,0.0,2.6,5.19,0.0,0.16,0.47,0.31,0.44,11.140000000000002
2024-11-29,0.79,0.0,0.0,0.7,0.48,0.0,0.0,2.6,5.19,0.0,0.16,0.47,0.31,0.44,11.140000000000002
2024-11-28,0.79,0.0,0.0,0.7,0.48,0.0,0.0,2.31,5.59,0.0,0.16,0.47,0.31,0.44,11.250000000000002
2024-11-27,0.79,0.0,0.0,0.69,0.53,0.0,0.0,2.31,5.36,0.0,0.16,0.47,0.31,0.44,11.06
2024-11-26,0.8,0.0,0.0,1.01,0.53,0.0,0.0,2.14,4.34,0.0,0.16,0.47,0.31,0.44,10.200000000000001
2024-11-25,0.55,0.0,0.0,0.73,0.0,0.0,0.0,2.06,3.73,0.0,0.16,0.47,0.31,0.44,8.45
2024-11-24,0.0,0.0,0.0,1.04,0.0,0.0,0.0,1.9,3.73,0.0,0.16,0.47,0.31,0.44,8.049999999999999
2024-11-23,0.0,0.0,0.0,1.04,0.0,0.0,0.0,1.9,3.73,0.0,0.16,0.47,0.31,0.44,8.049999999999999
2024-11-22,0.0,0.0,0.0,1.04,0.0,0.0,0.0,1.9,3.73,0.0,0.16,0.47,0.31,0.44,8.049999999999999
2024-11-21,0.0,0.0,0.0,0.96,0.0,0.0,0.0,1.9,3.81,0.0,0.16,0.47,0.31,0.44,8.049999999999999
2024-11-20,0.0,0.0,0.0,0.96,0.0,0.0,0.0,1.9,3.49,0.0,0.16,0.47,0.31,0.44,7.7299999999999995
2024-11-19,0.0,0.0,0.0,0.96,0.0,0.0,0.0,1.6,3.49,0.0,0.16,0.47,0.31,0.44,7.430000000000001
2024-11-18,0.0,0.0,0.0,1.13,0.0,0.0,0.0,1.6,3.05,0.0,0.16,0.47,0.31,0.44,7.159999999999999
2024-11-17,0.0,0.0,0.0,1.13,0.0,0.0,0.0,1.71,3.11,0.0,0.16,0.51,0.31,0.44,7.369999999999999
2024-11-16,0.0,0.0,0.0,1.13,0.0,0.0,0.0,1.71,3.11,0.0,0.16,0.51,0.31,0.44,7.369999999999999
2024-11-15,0.0,0.0,0.0,1.13,0.0,0.0,0.0,1.71,3.11,0.0,0.16,0.51,0.31,0.44,7.369999999999999
2024-11-14,0.0,0.0,0.0,1.13,0.0,0.0,0.0,1.71,3.11,0.0,0.16,0.51,0.31,0.44,7.369999999999999
2024-11-13,0.0,0.0,0.0,1.13,0.0,0.0,0.0,1.6,3.81,0.0,0.16,0.51,0.31,0.44,7.96
2024-11-12,0.0,0.0,0.0,1.09,0.0,0.0,0.0,1.51,4.31,0.0,0.16,0.51,0.31,0.44,8.33
2024-11-11,0.0,0.0,0.0,0.0,0.0,0.0,0.0,1.51,2.95,0.0,0.16,0.51,0.31,0.44,5.88
2024-11-10,0.0,0.0,0.0,0.0,0.0,0.0,0.0,1.51,2.66,0.0,0.16,0.51,0.31,0.44,5.59
2024-11-09,0.0,0.0,0.0,0.0,0.0,0.0,0.0,1.51,2.66,0.0,0.16,0.51,0.31,0.44,5.59
2024-11-08,0.0,0.0,0.0,0.0,0.0,0.0,0.0,1.51,2.66,0.0,0.16,0.51,0.31,0.44,5.59
2024-11-07,0.0,0.0,0.0,0.0,0.0,0.0,0.0,1.47,1.77,0.0,0.16,0.51,0.31,0.44,4.66
2024-11-06,0.0,0.0,0.0,0.0,0.0,0.0,0.0,1.47,3.33,0.0,0.16,0.51,0.31,0.44,6.22
2024-11-05,0.0,0.0,0.0,0.0,0.0,0.0,0.0,1.47,3.0,0.0,0.16,0.48,0.31,0.44,5.859999999999999
2024-11-04,0.0,0.0,0.0,0.0,0.0,0.0,0.0,1.47,1.62,0.0,0.16,0.5,0.31,0.44,4.5
2024-11-03,0.0,0.0,0.0,0.0,0.0,0.0,0.0,1.47,1.5,0.0,0.16,0.5,0.31,0.44,4.38
2024-11-02,0.0,0.0,0.0,0.0,0.0,0.0,0.0,1.47,1.5,0.0,0.16,0.5,0.31,0.44,4.38
2024-11-01,0.0,0.0,0.0,0.0,0.0,0.0,0.0,1.47,1.5,0.0,0.16,0.5,0.31,0.44,4.38
2024-10-31,0.0,0.0,0.0,0.0,0.0,0.0,0.0,1.47,2.52,0.0,0.16,0.5,0.31,0.44,5.4
2024-10-30,0.0,0.0,0.0,0.0,0.0,0.0,0.0,1.47,2.77,0.0,0.16,0.5,0.31,0.44,5.65
2024-10-29,0.0,0.0,0.0,0.0,0.0,0.0,0.0,1.51,2.77,0.0,0.16,0.5,0.31,0.44,5.69
2024-10-28,0.0,0.0,0.0,0.0,0.0,0.0,0.0,1.51,2.52,0.0,0.16,0.5,0.31,0.44,5.44
2024-10-27,0.0,0.0,0.0,0.0,0.0,0.0,0.0,1.51,2.13,0.0,0.16,0.45,0.31,0.44,5.0
2024-10-26,0.0,0.0,0.0,0.0,0.0,0.0,0.0,1.51,2.13,0.0,0.16,0.45,0.31,0.44,5.0
2024-10-25,0.0,0.0,0.0,0.0,0.0,0.0,0.0,1.51,2.13,0.0,0.16,0.45,0.31,0.44,5.0
2024-10-24,0.0,0.0,0.0,0.0,0.0,0.0,0.0,1.51,2.62,0.0,0.16,0.45,0.31,0.44,5.49
2024-10-23,0.0,0.0,0.0,0.0,0.0,0.0,0.0,1.51,2.86,0.0,0.56,0.45,0.31,0.44,6.13
2024-10-22,0.0,0.0,0.0,0.0,0.0,0.0,0.0,1.51,2.24,0.0,0.37,0.45,0.31,0.44,5.32
2024-10-21,0.0,0.0,0.0,0.0,0.0,0.0,0.0,1.51,2.24,0.0,0.7,0.45,0.31,0.44,5.65
2024-10-20,0.0,0.0,0.0,0.0,0.0,0.0,0.0,1.51,2.39,0.0,1.06,0.45,0.31,0.44,6.160000000000001
2024-10-19,0.0,0.0,0.0,0.0,0.0,0.0,0.0,1.51,2.39,0.0,1.06,0.45,0.31,0.44,6.160000000000001
2024-10-18,0.0,0.0,0.0,0.0,0.0,0.0,0.0,1.51,2.39,0.0,1.06,0.45,0.31,0.44,6.160000000000001
2024-10-17,0.0,0.0,0.0,0.0,0.0,0.0,0.0,1.51,3.13,0.0,1.29,0.45,0.31,0.44,7.13
2024-10-16,0.0,0.0,0.0,0.0,0.0,0.0,0.0,1.46,2.92,0.0,2.35,0.45,0.31,0.44,7.930000000000001
2024-10-15,0.0,0.0,0.0,0.0,0.0,0.0,0.0,1.46,3.4,0.0,3.57,0.45,0.31,0.44,9.629999999999999
2024-10-14,0.0,0.0,0.0,0.0,0.0,0.0,0.0,1.51,4.01,0.0,3.17,0.45,0.31,0.44,9.889999999999999
2024-10-13,0.0,0.0,0.0,0.0,0.0,0.0,0.0,1.43,4.11,0.0,2.94,0.45,0.31,0.44,9.68
2024-10-12,0.0,0.0,0.0,0.0,0.0,0.0,0.0,1.43,4.11,0.0,2.94,0.45,0.31,0.44,9.68
2024-10-11,0.0,0.0,0.0,0.0,0.0,0.0,0.0,1.43,4.11,0.0,2.94,0.45,0.31,0.44,9.68
2024-10-10,0.0,0.0,0.0,0.0,0.0,0.0,0.0,2.44,3.75,0.0,2.8,0.45,0.31,0.44,10.189999999999998
2024-10-09,0.0,0.0,0.0,0.0,0.0,0.0,0.0,2.11,3.44,0.0,3.1,0.45,0.31,0.44,9.85
2024-10-08,0.0,0.0,0.0,0.0,0.0,0.0,0.0,2.21,3.44,0.0,3.26,0.45,0.31,0.44,10.11
2024-10-07,0.0,0.0,0.0,0.0,0.0,0.0,0.0,2.21,3.19,0.0,2.58,0.45,0.31,0.44,9.18
2024-10-06,0.0,0.0,0.0,0.0,0.0,0.0,0.0,2.21,3.83,0.0,2.22,0.45,0.31,0.44,9.459999999999999
2024-10-05,0.0,0.0,0.0,0.0,0.0,0.0,0.0,2.21,3.83,0.0,2.22,0.45,0.31,0.44,9.459999999999999
2024-10-04,0.0,0.0,0.0,0.0,0.0,0.0,0.0,2.21,3.83,0.0,2.22,0.45,0.31,0.44,9.459999999999999
2024-10-03,0.0,0.0,0.0,0.0,0.0,0.0,0.0,2.21,3.97,0.0,2.5,0.45,0.31,0.44,9.879999999999999
2024-10-02,0.0,0.0,0.0,0.0,0.0,0.0,0.0,2.17,4.08,0.0,2.18,0.45,0.31,0.44,9.629999999999999
2024-10-01,0.0,0.0,0.0,0.0,0.0,0.0,0.0,2.17,3.97,0.0,2.07,0.45,0.31,0.44,9.41
2024-09-30,0.0,0.0,0.0,0.0,0.0,0.0,0.0,2.17,3.38,0.0,2.07,0.45,0.31,0.44,8.819999999999999
2024-09-29,0.0,0.0,0.0,0.0,0.0,0.0,0.0,2.17,2.76,0.0,2.16,0.45,0.31,0.44,8.29
2024-09-28,0.0,0.0,0.0,0.0,0.0,0.0,0.0,2.17,2.76,0.0,2.16,0.45,0.31,0.44,8.29
2024-09-27,0.0,0.0,0.0,0.0,0.0,0.0,0.0,2.17,2.76,0.0,2.16,0.45,0.31,0.44,8.29
2024-09-26,0.0,0.0,0.0,0.0,0.0,0.0,0.0,2.17,5.05,0.0,1.81,0.45,0.31,0.44,10.229999999999999
2024-09-25,0.0,0.0,0.0,0.0,0.0,0.0,0.0,2.17,6.06,0.0,3.2,0.45,0.31,0.44,12.629999999999999
2024-09-24,0.0,0.0,0.0,0.0,0.0,0.0,0.0,2.17,5.96,0.0,3.34,0.45,0.31,0.44,12.669999999999998
2024-09-23,0.0,0.0,0.0,0.0,0.0,0.0,0.0,1.91,5.86,0.0,3.28,0.45,0.31,0.44,12.25
2024-09-22,0.0,0.0,0.0,0.0,0.0,0.0,0.0,1.91,6.15,0.0,0.82,0.45,0.31,0.44,10.08
2024-09-21,0.0,0.0,0.0,0.0,0.0,0.0,0.0,1.91,6.15,0.0,0.82,0.45,0.31,0.44,10.08
2024-09-20,0.0,0.0,0.0,0.0,0.0,0.0,0.0,1.91,6.15,0.0,0.82,0.45,0.31,0.44,10.08
2024-09-19,0.0,0.0,0.0,0.0,0.0,0.0,0.0,2.05,6.28,0.0,0.0,0.45,0.31,0.44,9.53
2024-09-18,0.0,0.0,0.0,0.0,0.0,0.0,0.0,2.27,7.11,0.0,0.9,0.5,0.31,0.44,11.530000000000001
2024-09-17,0.0,0.0,0.0,0.0,0.0,0.0,0.0,2.52,7.48,0.0,1.3,0.49,0.31,0.44,12.540000000000001
2024-09-16,0.0,0.0,0.0,0.0,0.0,0.0,0.0,2.52,7.48,0.0,2.14,0.49,0.31,0.44,13.38
2024-09-15,0.0,0.0,0.0,0.0,0.0,0.0,0.0,2.46,7.38,0.0,2.29,0.49,0.31,0.44,13.37
2024-09-14,0.0,0.0,0.0,0.0,0.0,0.0,0.0,2.46,7.38,0.0,2.29,0.49,0.31,0.44,13.37
2024-09-13,0.0,0.0,0.0,0.0,0.0,0.0,0.0,2.46,7.38,0.0,2.29,0.49,0.31,0.44,13.37
2024-09-12,0.0,0.0,0.0,0.0,0.0,0.0,0.0,2.46,8.04,0.0,2.67,0.52,0.31,0.44,14.44
2024-09-11,0.0,0.0,0.0,0.0,0.0,0.0,0.0,2.5,8.33,0.0,3.03,0.52,0.31,0.44,15.129999999999999
2024-09-10,0.0,0.0,0.0,0.0,0.0,0.0,0.0,2.5,8.45,0.0,3.03,0.52,0.31,0.44,15.249999999999998
2024-09-09,0.0,0.0,0.0,0.0,0.0,0.0,0.0,2.5,8.45,0.0,2.83,0.52,0.31,0.44,15.049999999999999
2024-09-08,0.0,0.0,0.0,0.0,0.0,0.0,0.0,2.68,7.78,0.0,2.28,0.52,0.31,0.44,14.01
2024-09-07,0.0,0.0,0.0,0.0,0.0,0.0,0.0,2.68,7.78,0.0,2.28,0.52,0.31,0.44,14.01
2024-09-06,0.0,0.0,0.0,0.0,0.0,0.0,0.0,2.68,7.78,0.0,2.28,0.52,0.31,0.44,14.01
2024-09-05,0.0,0.0,0.0,0.0,0.0,0.0,0.0,2.22,7.1,0.0,2.1,0.49,0.31,0.44,12.66
2024-09-04,0.0,0.0,0.0,0.0,0.0,0.0,0.0,2.22,6.74,0.0,2.61,0.53,0.31,0.44,12.85
2024-09-03,0.0,0.0,0.0,0.0,0.0,0.0,0.0,2.15,6.94,0.0,2.36,0.49,0.31,0.44,12.69
2024-09-02,0.0,0.0,0.0,0.0,0.0,0.0,0.0,2.0,6.81,0.0,1.63,0.49,0.31,0.44,11.679999999999998
2024-09-01,0.0,0.0,0.0,0.0,0.0,0.0,0.0,1.93,6.64,0.0,1.63,0.49,0.31,0.44,11.44
2024-08-31,0.0,0.0,0.0,0.0,0.0,0.0,0.0,1.93,6.64,0.0,1.63,0.49,0.31,0.44,11.44
2024-08-30,0.0,0.0,0.0,0.0,0.0,0.0,0.0,1.93,6.64,0.0,1.63,0.49,0.31,0.44,11.44
2024-08-29,0.0,0.0,0.0,0.0,0.0,0.0,0.0,1.93,6.33,0.0,1.56,0.49,0.31,0.44,11.06
2024-08-28,0.0,0.0,0.0,0.0,0.0,0.0,0.0,1.93,6.33,0.0,1.73,0.49,0.31,0.44,11.23
2024-08-27,0.0,0.0,0.0,0.0,0.0,0.0,0.0,1.89,5.82,0.0,1.26,0.49,0.31,0.44,10.21
2024-08-26,0.0,0.0,0.0,0.0,0.0,0.0,0.0,1.9,6.06,0.0,1.43,0.49,0.31,0.44,10.629999999999999
2024-08-25,0.0,0.0,0.0,0.0,0.0,0.0,0.0,1.86,5.69,0.0,1.59,0.49,0.31,0.44,10.38
2024-08-24,0.0,0.0,0.0,0.0,0.0,0.0,0.0,1.86,5.69,0.0,1.59,0.49,0.31,0.44,10.38
2024-08-23,0.0,0.0,0.0,0.0,0.0,0.0,0.0,1.86,5.69,0.0,1.59,0.49,0.31,0.44,10.38
2024-08-22,0.0,0.0,0.0,0.0,0.0,0.0,0.0,1.86,6.55,0.0,1.88,0.49,0.31,0.44,11.53
2024-08-21,0.0,0.0,0.0,0.0,0.0,0.0,0.0,1.86,6.75,0.0,1.76,0.49,0.31,0.44,11.61
2024-08-20,0.0,0.0,0.0,0.0,0.0,0.0,0.0,1.86,6.75,0.0,2.14,0.49,0.31,0.55,12.100000000000001
2024-08-19,0.0,0.0,0.0,0.0,0.0,0.0,0.0,1.91,6.43,0.0,2.14,0.49,0.31,0.0,11.280000000000001
2024-08-18,0.0,0.0,0.0,0.0,0.0,0.0,0.0,2.01,6.76,0.0,2.37,0.49,0.31,0.0,11.940000000000001
2024-08-17,0.0,0.0,0.0,0.0,0.0,0.0,0.0,2.01,6.76,0.0,2.37,0.49,0.31,0.0,11.940000000000001
2024-08-16,0.0,0.0,0.0,0.0,0.0,0.0,0.0,2.01,6.76,0.0,2.37,0.49,0.31,0.0,11.940000000000001
2024-08-15,0.0,0.0,0.0,0.0,0.0,0.0,0.0,1.85,6.82,0.0,2.37,0.49,0.31,0.0,11.84
2024-08-14,0.0,0.0,0.0,0.0,0.0,0.0,0.0,1.85,7.32,0.0,2.64,0.49,0.31,0.0,12.610000000000001
2024-08-13,0.0,0.0,0.0,0.0,0.0,0.0,0.0,1.76,7.15,0.0,2.77,0.5,0.31,0.0,12.49
2024-08-12,0.0,0.0,0.0,0.0,0.0,0.0,0.0,1.51,6.7,0.0,2.6,0.49,0.53,0.0,11.83
2024-08-11,0.0,0.0,0.0,0.0,0.0,0.0,0.0,1.35,6.39,0.0,2.84,0.49,0.61,0.0,11.68
2024-08-10,0.0,0.0,0.0,0.0,0.0,0.0,0.0,1.35,6.39,0.0,2.84,0.49,0.61,0.0,11.68
2024-08-09,0.0,0.0,0.0,0.0,0.0,0.0,0.0,1.35,6.39,0.0,2.84,0.49,0.61,0.0,11.68
2024-08-08,0.0,0.0,0.0,0.0,0.0,0.0,0.0,1.28,6.25,0.0,3.05,0.49,0.53,0.0,11.6
2024-08-07,0.0,0.0,0.0,0.0,0.0,0.0,0.0,1.28,6.13,0.0,3.05,0.49,0.53,0.0,11.48
2024-08-06,0.0,0.0,0.0,0.0,0.0,0.0,0.0,1.28,6.2,0.0,3.23,0.49,0.6,0.0,11.8
2024-08-05,0.0,0.0,0.0,0.0,0.0,0.0,0.0,1.28,6.2,0.0,3.49,0.5,0.56,0.0,12.030000000000001
2024-08-04,0.0,0.0,0.0,0.0,0.0,0.0,0.0,1.31,6.6,0.0,1.51,0.5,0.56,0.0,10.48
2024-08-03,0.0,0.0,0.0,0.0,0.0,0.0,0.0,1.31,6.6,0.0,1.51,0.5,0.56,0.0,10.48
2024-08-02,0.0,0.0,0.0,0.0,0.0,0.0,0.0,1.31,6.6,0.0,1.51,0.5,0.56,0.0,10.48
2024-08-01,0.0,0.0,0.0,0.0,0.0,0.0,0.0,1.31,6.4,0.0,0.65,0.49,0.0,0.0,8.850000000000001
2024-07-31,0.0,0.0,0.0,0.0,0.0,0.0,0.0,1.59,7.04,0.0,0.55,0.49,0.0,0.0,9.670000000000002
2024-07-30,0.0,0.0,0.0,0.42,0.0,0.0,0.0,1.59,7.1,0.0,0.94,0.49,0.0,0.0,10.54
2024-07-29,0.0,0.0,0.0,0.42,0.0,0.0,0.0,1.59,7.46,0.0,0.71,0.49,0.0,0.0,10.67
2024-07-28,0.0,0.0,0.0,0.42,0.0,0.0,0.0,1.59,7.33,0.0,0.84,0.49,0.0,0.0,10.67
2024-07-27,0.0,0.0,0.0,0.42,0.0,0.0,0.0,1.59,7.33,0.0,0.84,0.49,0.0,0.0,10.67
2024-07-26,0.0,0.0,0.0,0.42,0.0,0.0,0.0,1.59,7.33,0.0,0.84,0.49,0.0,0.0,10.67
2024-07-25,0.0,0.0,0.0,0.87,0.0,0.0,0.0,1.66,7.63,0.0,0.84,0.49,0.0,0.0,11.49
2024-07-24,0.0,0.0,0.0,0.91,0.0,0.0,0.0,1.66,7.32,0.0,0.84,0.49,0.0,0.0,11.22
2024-07-23,0.0,0.0,0.0,0.91,0.0,0.0,0.0,1.55,6.11,0.0,1.15,0.52,0.0,0.0,10.24
2024-07-22,0.0,0.0,0.0,0.91,0.0,0.0,0.0,1.39,5.91,0.0,1.01,0.52,0.0,0.0,9.74
2024-07-21,0.0,0.0,0.0,0.91,0.0,0.0,0.0,2.05,6.42,0.0,0.56,0.52,0.0,0.0,10.459999999999999
2024-07-20,0.0,0.0,0.0,0.91,0.0,0.0,0.0,2.05,6.42,0.0,0.56,0.52,0.0,0.0,10.459999999999999
2024-07-19,0.0,0.0,0.0,0.91,0.0,0.0,0.0,2.05,6.42,0.0,0.56,0.52,0.0,0.0,10.459999999999999
2024-07-18,0.0,0.0,0.0,0.91,0.0,0.0,0.0,2.05,6.18,0.0,0.42,0.0,0.0,0.0,9.56
2024-07-17,0.0,0.0,0.0,0.91,0.0,0.0,0.0,2.05,6.52,0.0,0.42,0.0,0.0,0.0,9.9
2024-07-16,0.0,0.0,0.0,0.91,0.0,0.0,0.0,2.05,6.71,0.0,0.42,0.0,0.0,0.0,10.09
2024-07-15,0.0,0.0,0.0,0.86,0.0,0.0,0.0,2.05,4.72,0.0,0.42,0.0,0.0,0.0,8.049999999999999
2024-07-14,0.0,0.0,0.0,0.86,0.0,0.0,0.0,2.05,3.81,0.0,0.42,0.0,0.0,0.0,7.14
2024-07-13,0.0,0.0,0.0,0.86,0.0,0.0,0.0,2.05,3.81,0.0,0.42,0.0,0.0,0.0,7.14
2024-07-12,0.0,0.0,0.0,0.86,0.0,0.0,0.0,2.05,3.81,0.0,0.42,0.0,0.0,0.0,7.14
2024-07-11,0.0,0.0,0.0,0.9,0.0,0.0,0.0,2.05,4.86,0.0,0.42,0.0,0.0,0.0,8.23
2024-07-10,0.0,0.0,0.0,0.9,0.0,0.0,0.0,2.05,5.48,0.0,0.42,0.0,0.0,0.0,8.85
2024-07-09,0.0,0.0,0.0,0.9,0.0,0.0,0.0,2.05,5.11,0.0,0.42,0.0,0.0,0.0,8.48
2024-07-08,0.0,0.0,0.0,0.9,0.0,0.0,0.0,2.05,4.79,0.0,0.42,0.0,0.0,0.0,8.16
2024-07-07,0.0,0.0,0.0,0.9,0.0,0.0,0.0,2.05,4.61,0.0,0.42,0.0,0.0,0.0,7.98
2024-07-06,0.0,0.0,0.0,0.9,0.0,0.0,0.0,2.05,4.61,0.0,0.42,0.0,0.0,0.0,7.98
2024-07-05,0.0,0.0,0.0,0.9,0.0,0.0,0.0,2.05,4.61,0.0,0.42,0.0,0.0,0.0,7.98
2024-07-04,0.0,0.0,0.0,0.9,0.0,0.0,0.0,1.91,4.81,0.0,0.42,0.0,0.0,0.0,8.04
2024-07-03,0.0,0.0,0.0,0.9,0.0,0.0,0.0,1.91,4.2,0.0,0.42,0.0,0.0,0.0,7.43
2024-07-02,0.0,0.0,0.0,0.89,0.0,0.0,0.0,1.91,4.38,0.0,0.42,0.0,0.0,0.0,7.6
2024-07-01,0.0,0.0,0.0,0.93,0.0,0.0,0.0,1.91,4.45,0.0,0.42,0.0,0.0,0.0,7.71
2024-06-30,0.0,0.0,0.0,0.93,0.0,0.0,0.0,1.86,4.52,0.0,0.42,0.0,0.0,0.0,7.7299999999999995
2024-06-29,0.0,0.0,0.0,0.93,0.0,0.0,0.0,1.86,4.52,0.0,0.42,0.0,0.0,0.0,7.7299999999999995
2024-06-28,0.0,0.0,0.0,0.93,0.0,0.0,0.0,1.86,4.52,0.0,0.42,0.0,0.0,0.0,7.7299999999999995
2024-06-27,0.0,0.0,0.0,0.78,0.0,0.0,0.0,1.86,4.35,0.0,0.42,0.0,0.0,0.0,7.41
2024-06-26,0.0,0.0,0.0,0.78,0.0,0.0,0.0,1.86,3.87,0.0,0.42,0.0,0.0,0.0,6.93
2024-06-25,0.0,0.0,0.0,0.8,0.0,0.0,0.0,1.9,3.43,0.0,0.42,0.0,0.0,0.0,6.550000000000001
2024-06-24,0.0,0.0,0.0,0.7,0.0,0.0,0.0,1.9,3.22,0.0,0.42,0.0,0.0,0.0,6.24
2024-06-23,0.0,0.0,0.0,0.7,0.0,0.0,0.0,1.9,3.64,0.0,0.42,0.0,0.0,0.0,6.66
2024-06-22,0.0,0.0,0.0,0.7,0.0,0.0,0.0,1.9,3.64,0.0,0.42,0.0,0.0,0.0,6.66
2024-06-21,0.0,0.0,0.0,0.7,0.0,0.0,0.0,1.9,3.64,0.0,0.42,0.0,0.0,0.0,6.66
2024-06-20,0.0,0.0,0.0,0.6,0.0,0.0,0.0,2.03,3.11,0.0,0.42,0.0,0.0,0.0,6.16
2024-06-19,0.0,0.0,0.0,0.5,0.0,0.0,0.0,2.17,3.33,0.0,0.42,0.0,0.0,0.0,6.42
2024-06-18,0.0,0.0,0.0,0.5,0.0,0.0,0.0,2.22,3.09,0.0,0.58,0.0,0.0,0.0,6.390000000000001
2024-06-17,0.0,0.0,0.0,0.5,0.0,0.0,0.0,2.22,3.34,0.0,0.58,0.0,0.0,0.0,6.640000000000001
2024-06-16,0.0,0.0,0.0,0.46,0.0,0.0,0.0,2.22,3.89,0.0,0.71,0.0,0.0,0.0,7.28
2024-06-15,0.0,0.0,0.0,0.46,0.0,0.0,0.0,2.22,3.89,0.0,0.71,0.0,0.0,0.0,7.28
2024-06-14,0.0,0.0,0.0,0.46,0.0,0.0,0.0,2.22,3.89,0.0,0.71,0.0,0.0,0.0,7.28
2024-06-13,0.0,0.0,0.0,0.59,0.0,0.0,0.0,2.22,3.06,0.0,0.71,0.0,0.0,0.0,6.58
2024-06-12,0.0,0.0,0.0,0.59,0.0,0.0,0.0,2.17,2.02,0.0,0.55,0.0,0.0,0.0,5.329999999999999
2024-06-11,0.0,0.0,0.0,0.59,0.0,0.0,0.0,2.17,2.39,0.0,0.65,0.0,0.0,0.0,5.800000000000001
2024-06-10,0.0,0.0,0.0,0.59,0.0,0.0,0.0,2.17,1.39,0.0,0.45,0.0,0.0,0.0,4.6
2024-06-09,0.0,0.0,0.0,0.59,0.0,0.0,0.0,2.17,1.39,0.0,0.54,0.0,0.0,0.0,4.6899999999999995
2024-06-08,0.0,0.0,0.0,0.59,0.0,0.0,0.0,2.17,1.39,0.0,0.54,0.0,0.0,0.0,4.6899999999999995
2024-06-07,0.0,0.0,0.0,0.59,0.0,0.0,0.0,2.17,1.39,0.0,0.54,0.0,0.0,0.0,4.6899999999999995
2024-06-06,0.0,0.0,0.0,0.59,0.0,0.0,0.0,2.17,1.39,0.0,0.42,0.0,0.0,0.0,4.569999999999999
2024-06-05,0.0,0.0,0.0,0.59,0.0,0.0,0.0,2.17,1.55,0.0,0.52,0.0,0.0,0.0,4.83
2024-06-04,0.0,0.0,0.0,0.59,0.0,0.0,0.0,2.17,1.27,0.0,0.38,0.0,0.0,0.0,4.409999999999999
2024-06-03,0.0,0.0,0.0,0.63,0.0,0.0,0.0,2.21,0.86,0.0,0.38,0.0,0.0,0.0,4.08
2024-06-02,0.0,0.0,0.0,0.63,0.0,0.0,0.0,2.19,0.62,0.0,0.38,0.0,0.0,0.0,3.82
2024-06-01,0.0,0.0,0.0,0.63,0.0,0.0,0.0,2.19,0.62,0.0,0.38,0.0,0.0,0.0,3.82
2024-05-31,0.0,0.0,0.0,0.63,0.0,0.0,0.0,2.19,0.62,0.0,0.38,0.0,0.0,0.0,3.82
2024-05-30,0.0,0.0,0.0,0.63,0.0,0.0,0.0,2.22,0.99,0.0,0.38,0.0,0.0,0.0,4.22
2024-05-29,0.0,0.0,0.0,0.63,0.0,0.0,0.0,2.22,1.68,0.0,0.38,0.0,0.0,0.0,4.91
2024-05-28,0.0,0.0,0.0,0.63,0.0,0.0,0.0,2.14,0.0,0.0,0.38,0.0,0.0,0.0,3.15
2024-05-27,0.0,0.0,0.0,0.63,0.0,0.0,0.0,2.14,0.0,0.0,0.38,0.0,0.0,0.0,3.15
2024-05-26,0.0,0.0,0.0,0.63,0.0,0.0,0.0,2.14,0.0,0.0,0.38,0.0,0.0,0.0,3.15
2024-05-25,0.0,0.0,0.0,0.63,0.0,0.0,0.0,2.14,0.0,0.0,0.38,0.0,0.0,0.0,3.15
2024-05-24,0.0,0.0,0.0,0.63,0.0,0.0,0.0,2.14,0.0,0.0,0.38,0.0,0.0,0.0,3.15
2024-05-23,0.0,0.0,0.0,0.59,0.0,0.0,0.0,2.0,0.0,0.0,0.38,0.0,0.0,0.0,2.9699999999999998
2024-05-22,0.0,0.0,0.0,0.59,0.0,0.0,0.0,2.0,0.0,0.0,0.38,0.0,0.0,0.0,2.9699999999999998
2024-05-21,0.0,0.0,0.0,0.6,0.0,0.0,0.0,2.0,0.0,0.0,0.38,0.0,0.0,0.0,2.98
2024-05-20,0.0,0.0,0.0,0.6,0.0,0.0,0.0,2.0,0.0,0.0,0.38,0.0,0.0,0.0,2.98
2024-05-19,0.0,0.0,0.0,0.59,0.0,0.0,0.0,1.98,0.0,0.0,0.38,0.0,0.0,0.0,2.9499999999999997
2024-05-18,0.0,0.0,0.0,0.59,0.0,0.0,0.0,1.98,0.0,0.0,0.38,0.0,0.0,0.0,2.9499999999999997
2024-05-17,0.0,0.0,0.0,0.59,0.0,0.0,0.0,1.98,0.0,0.0,0.38,0.0,0.0,0.0,2.9499999999999997
2024-05-16,0.0,0.0,0.0,0.69,0.0,0.0,0.0,2.07,0.0,0.0,0.38,0.0,0.0,0.0,3.1399999999999997
2024-05-15,0.0,0.0,0.0,0.69,0.0,0.0,0.0,2.07,0.0,0.0,0.38,0.0,0.0,0.0,3.1399999999999997
2024-05-14,0.0,0.0,0.0,0.69,0.0,0.0,0.0,2.07,0.0,0.0,0.38,0.0,0.0,0.0,3.1399999999999997
2024-05-13,0.0,0.0,0.0,0.69,0.0,0.0,0.0,2.1,0.0,0.0,0.38,0.0,0.0,0.0,3.17
2024-05-12,0.0,0.0,0.0,0.69,0.0,0.0,0.0,1.99,0.0,0.0,0.38,0.0,0.0,0.0,3.0599999999999996
2024-05-11,0.0,0.0,0.0,0.69,0.0,0.0,0.0,1.99,0.0,0.0,0.38,0.0,0.0,0.0,3.0599999999999996
2024-05-10,0.0,0.0,0.0,0.69,0.0,0.0,0.0,1.99,0.0,0.0,0.38,0.0,0.0,0.0,3.0599999999999996
2024-05-09,0.0,0.0,0.0,0.69,0.0,0.0,0.0,2.02,0.0,0.0,0.38,0.0,0.0,0.0,3.09
2024-05-08,0.0,0.0,0.0,0.69,0.0,0.0,0.0,2.02,0.0,0.0,0.38,0.0,0.0,0.0,3.09
2024-05-07,0.0,0.0,0.0,0.72,0.0,0.0,0.0,1.89,0.0,0.0,0.38,0.0,0.0,0.0,2.9899999999999998
2024-05-06,0.0,0.0,0.0,0.72,0.0,0.0,0.0,2.14,0.0,0.0,0.38,0.0,0.0,0.0,3.24
2024-05-05,0.0,0.0,0.0,0.72,0.0,0.0,0.0,2.14,0.0,0.0,0.58,0.0,0.0,0.0,3.4400000000000004
2024-05-04,0.0,0.0,0.0,0.72,0.0,0.0,0.0,2.14,0.0,0.0,0.58,0.0,0.0,0.0,3.4400000000000004
2024-05-03,0.0,0.0,0.0,0.72,0.0,0.0,0.0,2.14,0.0,0.0,0.58,0.0,0.0,0.0,3.4400000000000004
2024-05-02,0.0,0.0,0.0,0.6,0.0,0.0,0.0,2.14,0.0,0.0,0.0,0.0,0.0,0.0,2.74
2024-05-01,0.0,0.0,0.0,0.6,0.0,0.0,0.0,2.14,0.0,0.0,0.0,0.0,0.0,0.0,2.74
2024-04-30,0.0,0.0,0.0,0.6,0.0,0.0,0.0,2.14,0.0,0.0,0.0,0.0,0.0,0.0,2.74
2024-04-29,0.0,0.0,0.0,0.52,0.0,0.0,0.0,2.14,0.0,0.0,0.0,0.0,0.0,0.0,2.66
2024-04-28,0.0,0.0,0.0,0.52,0.0,0.0,0.0,2.05,0.0,0.0,0.0,0.0,0.0,0.0,2.57
2024-04-27,0.0,0.0,0.0,0.52,0.0,0.0,0.0,2.05,0.0,0.0,0.0,0.0,0.0,0.0,2.57
2024-04-26,0.0,0.0,0.0,0.52,0.0,0.0,0.0,2.05,0.0,0.0,0.0,0.0,0.0,0.0,2.57
2024-04-25,0.0,0.0,0.0,0.52,0.0,0.0,0.0,2.05,0.0,0.0,0.0,0.0,0.0,0.0,2.57
2024-04-24,0.0,0.0,0.0,0.0,0.0,0.0,0.0,2.65,0.0,0.0,0.0,0.0,0.0,0.0,2.65
2024-04-23,0.0,0.0,0.0,0.0,0.0,0.0,0.0,2.37,0.0,0.0,0.0,0.0,0.0,0.0,2.37
2024-04-22,0.0,0.0,0.0,0.0,0.0,0.0,0.0,2.48,0.0,0.0,0.0,0.0,0.0,0.0,2.48
2024-04-21,0.0,0.0,0.0,0.0,0.0,0.0,0.0,2.48,0.0,0.0,0.0,0.0,0.0,0.0,2.48
2024-04-20,0.0,0.0,0.0,0.0,0.0,0.0,0.0,2.48,0.0,0.0,0.0,0.0,0.0,0.0,2.48
2024-04-19,0.0,0.0,0.0,0.0,0.0,0.0,0.0,2.48,0.0,0.0,0.0,0.0,0.0,0.0,2.48
2024-04-18,0.0,0.0,0.0,0.0,0.0,0.0,0.0,2.32,0.0,0.0,0.0,0.0,0.0,0.0,2.32
2024-04-17,0.0,0.0,0.0,0.0,0.0,0.0,0.0,2.32,0.0,0.0,0.0,0.0,0.0,0.0,2.32
2024-04-16,0.0,0.0,0.0,0.0,0.0,0.0,0.0,2.18,0.0,0.0,0.0,0.0,0.0,0.0,2.18
2024-04-15,0.0,0.0,0.0,0.0,0.0,0.0,0.0,2.18,0.0,0.0,0.0,0.0,0.0,0.0,2.18
2024-04-14,0.0,0.0,0.0,0.0,0.0,0.0,0.0,2.09,0.0,0.0,0.0,0.0,0.0,0.0,2.09
2024-04-13,0.0,0.0,0.0,0.0,0.0,0.0,0.0,2.09,0.0,0.0,0.0,0.0,0.0,0.0,2.09
2024-04-12,0.0,0.0,0.0,0.0,0.0,0.0,0.0,2.09,0.0,0.0,0.0,0.0,0.0,0.0,2.09
2024-04-11,0.0,0.0,0.0,0.0,0.0,0.0,0.0,2.11,0.0,0.0,0.0,0.0,0.0,0.0,2.11
2024-04-10,0.0,0.0,0.0,0.0,0.0,0.0,0.0,2.11,0.0,0.0,0.0,0.0,0.0,0.0,2.11
2024-04-09,0.0,0.0,0.0,0.0,0.0,0.0,0.0,2.09,0.0,0.0,0.0,0.0,0.0,0.0,2.09
2024-04-08,0.0,0.0,0.0,0.0,0.0,0.0,0.0,2.15,0.0,0.0,0.0,0.0,0.0,0.0,2.15
2024-04-07,0.0,0.0,0.0,0.0,0.0,0.0,0.0,2.15,0.0,0.0,0.0,0.0,0.0,0.0,2.15
2024-04-06,0.0,0.0,0.0,0.0,0.0,0.0,0.0,2.15,0.0,0.0,0.0,0.0,0.0,0.0,2.15
2024-04-05,0.0,0.0,0.0,0.0,0.0,0.0,0.0,2.15,0.0,0.0,0.0,0.0,0.0,0.0,2.15
2024-04-04,0.0,0.0,0.0,0.0,0.0,0.0,0.0,2.09,0.0,0.0,0.0,0.0,0.0,0.0,2.09
2024-04-03,0.0,0.0,0.0,0.47,0.0,0.0,0.0,2.14,0.0,0.0,0.0,0.0,0.0,0.0,2.6100000000000003
2024-04-02,0.0,0.0,0.0,0.47,0.0,0.0,0.0,2.14,0.0,0.0,0.0,0.0,0.0,0.0,2.6100000000000003
2024-04-01,0.0,0.0,0.0,0.47,0.0,0.0,0.0,2.08,0.0,0.0,0.0,0.0,0.0,0.0,2.55
2024-03-31,0.0,0.0,0.0,0.47,0.0,0.0,0.0,2.08,0.0,0.0,0.0,0.0,0.0,0.0,2.55
2024-03-30,0.0,0.0,0.0,0.47,0.0,0.0,0.0,2.08,0.0,0.0,0.0,0.0,0.0,0.0,2.55
2024-03-29,0.0,0.0,0.0,0.47,0.0,0.0,0.0,2.08,0.0,0.0,0.0,0.0,0.0,0.0,2.55
2024-03-28,0.0,0.0,0.0,0.47,0.0,0.0,0.0,2.08,0.0,0.0,0.0,0.0,0.0,0.0,2.55
2024-03-27,0.0,0.0,0.0,0.59,0.0,0.0,0.0,2.08,0.0,0.0,0.0,0.0,0.0,0.0,2.67
2024-03-26,0.0,0.0,0.0,0.59,0.0,0.0,0.0,2.08,0.0,0.0,0.0,0.0,0.0,0.0,2.67
2024-03-25,0.0,0.0,0.0,0.68,0.0,0.0,0.0,2.19,0.0,0.0,0.0,0.0,0.0,0.0,2.87
2024-03-24,0.0,0.0,0.0,0.68,0.0,0.0,0.0,2.19,0.0,0.0,0.0,0.0,0.0,0.0,2.87
2024-03-23,0.0,0.0,0.0,0.68,0.0,0.0,0.0,2.19,0.0,0.0,0.0,0.0,0.0,0.0,2.87
2024-03-22,0.0,0.0,0.0,0.68,0.0,0.0,0.0,2.19,0.0,0.0,0.0,0.0,0.0,0.0,2.87
2024-03-21,0.0,0.0,0.0,0.68,0.0,0.0,0.0,2.19,0.0,0.0,0.0,0.0,0.0,0.0,2.87
2024-03-20,0.0,0.0,0.0,0.68,0.0,0.0,0.0,2.19,0.0,0.0,0.0,0.0,0.0,0.0,2.87
2024-03-19,0.0,0.0,0.0,0.58,0.0,0.0,0.0,2.19,0.0,0.0,0.0,0.0,0.0,0.0,2.77
2024-03-18,0.0,0.0,0.0,0.38,0.0,0.0,0.0,2.21,0.0,0.0,0.0,0.0,0.0,0.0,2.59
2024-03-17,0.0,0.0,0.0,0.38,0.0,0.0,0.0,2.21,0.0,0.0,0.0,0.0,0.0,0.0,2.59
2024-03-16,0.0,0.0,0.0,0.38,0.0,0.0,0.0,2.21,0.0,0.0,0.0,0.0,0.0,0.0,2.59
2024-03-15,0.0,0.0,0.0,0.38,0.0,0.0,0.0,2.21,0.0,0.0,0.0,0.0,0.0,0.0,2.59
2024-03-14,0.0,0.0,0.0,0.38,0.0,0.0,0.0,2.21,0.0,0.0,0.0,0.0,0.0,0.0,2.59
2024-03-13,0.0,0.0,0.0,0.58,0.0,0.0,0.0,2.21,0.0,0.0,0.0,0.0,0.0,0.0,2.79
2024-03-12,0.0,0.0,0.0,0.58,0.0,0.0,0.0,2.12,0.0,0.0,0.0,0.0,0.0,0.0,2.7
2024-03-11,0.0,0.0,0.0,0.6,0.0,0.0,0.0,2.12,0.0,0.0,0.0,0.0,0.0,0.0,2.72
2024-03-10,0.0,0.0,0.0,0.59,0.0,0.0,0.0,2.07,0.0,0.0,0.0,0.0,0.0,0.0,2.6599999999999997
2024-03-09,0.0,0.0,0.0,0.59,0.0,0.0,0.0,2.07,0.0,0.0,0.0,0.0,0.0,0.0,2.6599999999999997
2024-03-08,0.0,0.0,0.0,0.59,0.0,0.0,0.0,2.07,0.0,0.0,0.0,0.0,0.0,0.0,2.6599999999999997
2024-03-07,0.0,0.0,0.0,0.59,0.0,0.0,0.0,2.07,0.0,0.0,0.0,0.0,0.0,0.0,2.6599999999999997
2024-03-06,0.0,0.0,0.0,0.59,0.0,0.0,0.0,2.07,0.0,0.0,0.0,0.0,0.0,0.0,2.6599999999999997
2024-03-05,0.0,0.0,0.0,0.59,0.0,0.0,0.0,2.14,0.0,0.0,0.0,0.0,0.0,0.0,2.73
2024-03-04,0.0,0.0,0.0,0.59,0.0,0.0,0.0,2.14,0.0,0.0,0.0,0.0,0.0,0.0,2.73
2024-03-03,0.0,0.0,0.0,0.59,0.0,0.0,0.0,2.14,0.0,0.0,0.0,0.0,0.0,0.0,2.73
2024-03-02,0.0,0.0,0.0,0.59,0.0,0.0,0.0,2.14,0.0,0.0,0.0,0.0,0.0,0.0,2.73
2024-03-01,0.0,0.0,0.0,0.59,0.0,0.0,0.0,2.14,0.0,0.0,0.0,0.0,0.0,0.0,2.73
2024-02-29,0.0,0.0,0.0,0.59,0.0,0.0,0.0,2.26,0.0,0.0,0.0,0.0,0.0,0.0,2.8499999999999996
2024-02-28,0.0,0.0,0.0,0.59,0.0,0.0,0.0,2.26,0.0,0.0,0.0,0.0,0.0,0.0,2.8499999999999996
2024-02-27,0.0,0.0,0.0,0.59,0.0,0.0,0.0,2.26,0.0,0.0,0.0,0.0,0.0,0.0,2.8499999999999996
2024-02-26,0.0,0.0,0.0,0.59,0.0,0.0,0.0,2.26,0.0,0.0,0.0,0.0,0.0,0.0,2.8499999999999996
2024-02-25,0.0,0.0,0.0,0.59,0.0,0.0,0.0,2.26,0.0,0.0,0.0,0.0,0.0,0.0,2.8499999999999996
2024-02-24,0.0,0.0,0.0,0.59,0.0,0.0,0.0,2.26,0.0,0.0,0.0,0.0,0.0,0.0,2.8499999999999996
2024-02-23,0.0,0.0,0.0,0.59,0.0,0.0,0.0,2.26,0.0,0.0,0.0,0.0,0.0,0.0,2.8499999999999996
2024-02-22,0.0,0.0,0.0,0.59,0.0,0.0,0.0,2.14,0.0,0.0,0.0,0.0,0.0,0.0,2.73
2024-02-21,0.0,0.0,0.0,0.59,0.0,0.0,0.0,2.08,0.0,0.0,0.0,0.0,0.0,0.0,2.67
2024-02-20,0.0,0.0,0.0,0.59,0.0,0.0,0.0,2.11,0.0,0.0,0.0,0.0,0.0,0.0,2.6999999999999997
2024-02-19,0.0,0.0,0.0,0.59,0.0,0.0,0.0,2.11,0.0,0.0,0.0,0.0,0.0,0.0,2.6999999999999997
2024-02-18,0.0,0.0,0.0,0.59,0.0,0.0,0.0,2.11,0.0,0.0,0.0,0.0,0.0,0.0,2.6999999999999997
2024-02-17,0.0,0.0,0.0,0.59,0.0,0.0,0.0,2.11,0.0,0.0,0.0,0.0,0.0,0.0,2.6999999999999997
2024-02-16,0.0,0.0,0.0,0.59,0.0,0.0,0.0,2.11,0.0,0.0,0.0,0.0,0.0,0.0,2.6999999999999997
2024-02-15,0.0,0.0,0.0,0.6,0.0,0.0,0.0,2.08,0.0,0.0,0.0,0.0,0.0,0.0,2.68
2024-02-14,0.0,0.0,0.0,0.5,0.0,0.0,0.0,1.87,0.0,0.0,0.0,0.0,0.0,0.0,2.37
2024-02-13,0.0,0.0,0.0,0.5,0.0,0.0,0.0,1.99,0.0,0.0,0.0,0.0,0.0,0.0,2.49
2024-02-12,0.0,0.0,0.0,0.5,0.0,0.0,0.0,1.84,0.0,0.0,0.0,0.0,0.0,0.0,2.34
2024-02-11,0.0,0.0,0.0,0.5,0.0,0.0,0.0,1.96,0.0,0.0,0.0,0.0,0.0,0.0,2.46
2024-02-10,0.0,0.0,0.0,0.5,0.0,0.0,0.0,1.96,0.0,0.0,0.0,0.0,0.0,0.0,2.46
2024-02-09,0.0,0.0,0.0,0.5,0.0,0.0,0.0,1.96,0.0,0.0,0.0,0.0,0.0,0.0,2.46
2024-02-08,0.0,0.0,0.0,0.5,0.0,0.0,0.0,1.96,0.0,0.0,0.0,0.0,0.0,0.0,2.46
2024-02-07,0.0,0.0,0.0,0.0,0.0,0.0,0.0,2.11,0.0,0.0,0.0,0.0,0.0,0.0,2.11
2024-02-06,0.0,0.0,0.0,0.0,0.0,0.0,0.0,2.11,0.0,0.0,0.0,0.0,0.0,0.0,2.11
2024-02-05,0.0,0.0,0.0,0.0,0.0,0.0,0.0,2.22,0.0,0.0,0.0,0.0,0.0,0.0,2.22
2024-02-04,0.0,0.0,0.0,0.0,0.0,0.0,0.0,2.22,0.0,0.0,0.0,0.0,0.0,0.0,2.22
2024-02-03,0.0,0.0,0.0,0.0,0.0,0.0,0.0,2.22,0.0,0.0,0.0,0.0,0.0,0.0,2.22
2024-02-02,0.0,0.0,0.0,0.0,0.0,0.0,0.0,2.22,0.0,0.0,0.0,0.0,0.0,0.0,2.22
2024-02-01,0.0,0.0,0.0,0.0,0.0,0.0,0.0,2.22,0.0,0.0,0.0,0.0,0.0,0.0,2.22
2024-01-31,0.0,0.0,0.0,0.0,0.0,0.0,0.0,1.97,0.0,0.0,0.0,0.0,0.0,0.0,1.97
2024-01-30,0.0,0.0,0.0,0.0,0.0,0.0,0.0,1.97,0.0,0.0,0.0,0.0,0.0,0.0,1.97
2024-01-29,0.0,0.0,0.0,0.0,0.0,0.0,0.0,1.97,0.0,0.0,0.0,0.0,0.0,0.0,1.97
2024-01-28,0.0,0.0,0.0,0.0,0.0,0.0,0.0,1.97,0.0,0.0,0.0,0.0,0.0,0.0,1.97
2024-01-27,0.0,0.0,0.0,0.0,0.0,0.0,0.0,1.97,0.0,0.0,0.0,0.0,0.0,0.0,1.97
2024-01-26,0.0,0.0,0.0,0.0,0.0,0.0,0.0,1.97,0.0,0.0,0.0,0.0,0.0,0.0,1.97
2024-01-25,0.0,0.0,0.0,0.0,0.0,0.0,0.0,1.97,0.0,0.0,0.0,0.0,0.0,0.0,1.97
2024-01-24,0.0,0.0,0.0,0.0,0.0,0.0,0.0,1.97,0.0,0.0,0.0,0.0,0.0,0.0,1.97
2024-01-23,0.0,0.0,0.0,0.0,0.0,0.0,0.0,1.97,0.0,0.0,0.0,0.0,0.0,0.0,1.97
2024-01-22,0.0,0.0,0.0,0.0,0.0,0.0,0.0,2.03,0.0,0.0,0.0,0.0,0.0,0.0,2.03
2024-01-21,0.0,0.0,0.0,0.0,0.0,0.0,0.0,2.03,0.0,0.0,0.0,0.0,0.0,0.0,2.03
2024-01-20,0.0,0.0,0.0,0.0,0.0,0.0,0.0,2.03,0.0,0.0,0.0,0.0,0.0,0.0,2.03
2024-01-19,0.0,0.0,0.0,0.0,0.0,0.0,0.0,2.03,0.0,0.0,0.0,0.0,0.0,0.0,2.03
2024-01-18,0.0,0.0,0.0,0.0,0.0,0.0,0.0,1.91,0.0,0.0,0.0,0.0,0.0,0.0,1.91
2024-01-17,0.0,0.0,0.0,0.0,0.0,0.0,0.0,1.91,0.0,0.0,0.0,0.0,0.0,0.0,1.91
2024-01-16,0.0,0.0,0.0,0.0,0.0,0.0,0.0,1.91,0.0,0.0,0.0,0.0,0.0,0.0,1.91
2024-01-15,0.0,0.0,0.0,0.0,0.0,0.0,0.0,1.82,0.0,0.0,0.0,0.0,0.0,0.0,1.82
2024-01-14,0.0,0.0,0.0,0.0,0.0,0.0,0.0,1.82,0.0,0.0,0.0,0.0,0.0,0.0,1.82
2024-01-13,0.0,0.0,0.0,0.0,0.0,0.0,0.0,1.82,0.0,0.0,0.0,0.0,0.0,0.0,1.82
2024-01-12,0.0,0.0,0.0,0.0,0.0,0.0,0.0,1.82,0.0,0.0,0.0,0.0,0.0,0.0,1.82
2024-01-11,0.0,0.0,0.0,0.0,0.0,0.0,0.0,1.9,0.0,0.0,0.0,0.0,0.0,0.0,1.9
2024-01-10,0.0,0.0,0.0,0.0,0.0,0.0,0.0,1.81,0.0,0.0,0.0,0.0,0.0,0.0,1.81
2024-01-09,0.0,0.0,0.0,0.0,0.0,0.0,0.0,1.81,0.0,0.0,0.0,0.0,0.0,0.0,1.81
2024-01-08,0.0,0.0,0.0,0.0,0.0,0.0,0.0,1.78,0.0,0.0,0.0,0.0,0.0,0.0,1.78
2024-01-07,0.0,0.0,0.0,0.0,0.0,0.0,0.0,1.83,0.0,0.0,0.0,0.0,0.0,0.0,1.83
2024-01-06,0.0,0.0,0.0,0.0,0.0,0.0,0.0,1.83,0.0,0.0,0.0,0.0,0.0,0.0,1.83
2024-01-05,0.0,0.0,0.0,0.0,0.0,0.0,0.0,1.83,0.0,0.0,0.0,0.0,0.0,0.0,1.83
2024-01-04,0.0,0.0,0.0,0.0,0.0,0.0,0.0,1.83,0.0,0.0,0.0,0.0,0.0,0.0,1.83
2024-01-03,0.0,0.0,0.0,0.0,0.0,0.0,0.0,1.91,0.0,0.0,0.0,0.0,0.0,0.0,1.91
2024-01-02,0.0,0.0,0.0,0.0,0.0,0.0,0.0,1.82,0.0,0.0,0.0,0.0,0.0,0.0,1.82
2024-01-01,0.0,0.0,0.0,0.0,0.0,0.0,0.0,1.72,0.0,0.0,0.0,0.0,0.0,0.0,1.72
2023-12-31,0.0,0.0,0.0,0.0,0.0,0.0,0.0,1.72,0.0,0.0,0.0,0.0,0.0,0.0,1.72
2023-12-30,0.0,0.0,0.0,0.0,0.0,0.0,0.0,1.72,0.0,0.0,0.0,0.0,0.0,0.0,1.72
2023-12-29,0.0,0.0,0.0,0.0,0.0,0.0,0.0,1.72,0.0,0.0,0.0,0.0,0.0,0.0,1.72
2023-12-28,0.0,0.0,0.0,0.0,0.0,0.0,0.0,1.72,0.0,0.0,0.0,0.0,0.0,0.0,1.72
2023-12-27,0.0,0.0,0.0,0.0,0.0,0.0,0.0,1.72,0.0,0.0,0.0,0.0,0.0,0.0,1.72
2023-12-26,0.0,0.0,0.0,0.0,0.0,0.0,0.0,1.81,0.0,0.0,0.0,0.0,0.0,0.0,1.81
2023-12-25,0.0,0.0,0.0,0.0,0.0,0.0,0.0,1.81,0.0,0.0,0.0,0.0,0.0,0.0,1.81
2023-12-24,0.0,0.0,0.0,0.0,0.0,0.0,0.0,1.81,0.0,0.0,0.0,0.0,0.0,0.0,1.81
2023-12-23,0.0,0.0,0.0,0.0,0.0,0.0,0.0,1.81,0.0,0.0,0.0,0.0,0.0,0.0,1.81
2023-12-22,0.0,0.0,0.0,0.0,0.0,0.0,0.0,1.81,0.0,0.0,0.0,0.0,0.0,0.0,1.81
2023-12-21,0.0,0.0,0.0,0.0,0.0,0.0,0.0,1.79,0.0,0.0,0.0,0.0,0.0,0.0,1.79
2023-12-20,0.0,0.0,0.0,0.0,0.0,0.0,0.0,1.79,0.0,0.0,0.0,0.0,0.0,0.0,1.79
2023-12-19,0.0,0.0,0.0,0.0,0.0,0.0,0.0,1.79,0.0,0.0,0.0,0.0,0.0,0.0,1.79
2023-12-18,0.0,0.0,0.0,0.0,0.0,0.0,0.0,1.85,0.0,0.0,0.0,0.0,0.0,0.0,1.85
2023-12-17,0.0,0.0,0.0,0.0,0.0,0.0,0.0,1.75,0.0,0.0,0.0,0.0,0.0,0.0,1.75
2023-12-16,0.0,0.0,0.0,0.0,0.0,0.0,0.0,1.75,0.0,0.0,0.0,0.0,0.0,0.0,1.75
2023-12-15,0.0,0.0,0.0,0.0,0.0,0.0,0.0,1.75,0.0,0.0,0.0,0.0,0.0,0.0,1.75
2023-12-14,0.0,0.0,0.0,0.0,0.0,0.0,0.0,1.98,0.0,0.0,0.0,0.0,0.0,0.0,1.98
2023-12-13,0.0,0.0,0.0,0.0,0.0,0.0,0.0,1.98,0.0,0.0,0.0,0.0,0.0,0.0,1.98
2023-12-12,0.0,0.0,0.0,0.0,0.0,0.0,0.0,1.98,0.0,0.0,0.0,0.0,0.0,0.0,1.98
2023-12-11,0.0,0.0,0.0,0.0,0.0,0.0,0.0,2.07,0.0,0.0,0.0,0.0,0.0,0.0,2.07
2023-12-10,0.0,0.0,0.0,0.0,0.0,0.0,0.0,2.07,0.0,0.0,0.0,0.0,0.0,0.0,2.07
2023-12-09,0.0,0.0,0.0,0.0,0.0,0.0,0.0,2.07,0.0,0.0,0.0,0.0,0.0,0.0,2.07
2023-12-08,0.0,0.0,0.0,0.0,0.0,0.0,0.0,2.07,0.0,0.0,0.0,0.0,0.0,0.0,2.07
2023-12-07,0.0,0.0,0.0,0.0,0.0,0.0,0.0,2.07,0.0,0.0,0.0,0.0,0.0,0.0,2.07
2023-12-06,0.0,0.0,0.0,0.0,0.0,0.0,0.0,2.07,0.0,0.0,0.0,0.0,0.0,0.0,2.07
2023-12-05,0.0,0.0,0.0,0.0,0.0,0.0,0.0,2.07,0.0,0.0,0.0,0.0,0.0,0.0,2.07
2023-12-04,0.0,0.0,0.0,0.0,0.0,0.0,0.0,2.07,0.0,0.0,0.0,0.0,0.0,0.0,2.07
2023-12-03,0.0,0.0,0.0,0.0,0.0,0.0,0.0,2.07,0.0,0.0,0.0,0.0,0.0,0.0,2.07
2023-12-02,0.0,0.0,0.0,0.0,0.0,0.0,0.0,2.07,0.0,0.0,0.0,0.0,0.0,0.0,2.07
2023-12-01,0.0,0.0,0.0,0.0,0.0,0.0,0.0,2.07,0.0,0.0,0.0,0.0,0.0,0.0,2.07
2023-11-30,0.0,0.0,0.0,0.0,0.0,0.0,0.0,2.11,0.0,0.0,0.0,0.0,0.0,0.0,2.11
2023-11-29,0.0,0.0,1.68,0.0,0.0,0.0,0.0,2.01,0.0,0.0,0.0,0.0,0.0,0.0,3.6899999999999995
2023-11-28,0.0,0.0,0.54,0.0,0.0,0.0,0.0,2.01,0.0,0.0,0.0,0.0,0.0,0.0,2.55
2023-11-27,0.0,0.0,0.54,0.0,0.0,0.0,0.0,2.01,0.0,0.0,0.0,0.0,0.0,0.0,2.55
2023-11-26,0.0,0.0,0.54,0.0,0.0,0.0,0.0,2.01,0.0,0.0,0.0,0.0,0.0,0.0,2.55
2023-11-25,0.0,0.0,0.54,0.0,0.0,0.0,0.0,2.01,0.0,0.0,0.0,0.0,0.0,0.0,2.55
2023-11-24,0.0,0.0,0.54,0.0,0.0,0.0,0.0,2.01,0.0,0.0,0.0,0.0,0.0,0.0,2.55
2023-11-23,0.0,0.0,0.54,0.0,0.0,0.0,0.0,2.01,0.0,0.0,0.0,0.0,0.0,0.0,2.55
2023-11-22,0.0,0.0,0.54,0.0,0.0,0.0,0.0,2.01,0.0,0.0,0.0,0.0,0.0,0.0,2.55
2023-11-21,0.0,0.0,0.0,0.0,0.0,0.0,0.0,2.01,0.0,0.0,0.0,0.0,0.0,0.0,2.01
2023-11-20,0.0,0.0,0.0,0.0,0.0,0.0,0.0,2.01,0.0,0.0,0.0,0.0,0.0,0.0,2.01
2023-11-19,0.0,0.0,0.0,0.0,0.0,0.0,0.0,2.01,0.0,0.0,0.0,0.0,0.0,0.0,2.01
2023-11-18,0.0,0.0,0.0,0.0,0.0,0.0,0.0,2.01,0.0,0.0,0.0,0.0,0.0,0.0,2.01
2023-11-17,0.0,0.0,0.0,0.0,0.0,0.0,0.0,2.01,0.0,0.0,0.0,0.0,0.0,0.0,2.01
2023-11-16,0.0,0.0,0.0,0.0,0.0,0.0,0.0,2.12,0.0,0.0,0.0,0.0,0.0,0.0,2.12
2023-11-15,0.0,0.0,0.0,0.0,0.0,0.0,0.0,2.02,0.0,0.0,0.0,0.0,0.0,0.0,2.02
2023-11-14,0.0,0.0,0.0,0.0,0.0,0.0,0.0,2.16,0.0,0.0,0.0,0.0,0.0,0.0,2.16
2023-11-13,0.0,0.0,0.0,0.0,0.0,0.0,0.0,2.29,0.0,0.0,0.0,0.0,0.0,0.0,2.29
2023-11-12,0.0,0.0,0.0,0.0,0.0,0.0,0.0,2.34,0.0,0.0,0.0,0.0,0.0,0.0,2.34
2023-11-11,0.0,0.0,0.0,0.0,0.0,0.0,0.0,2.34,0.0,0.0,0.0,0.0,0.0,0.0,2.34
2023-11-10,0.0,0.0,0.0,0.0,0.0,0.0,0.0,2.34,0.0,0.0,0.0,0.0,0.0,0.0,2.34
2023-11-09,0.0,0.0,0.0,0.0,0.0,0.0,0.0,2.56,0.0,0.0,0.0,0.0,0.0,0.0,2.56
2023-11-08,0.0,0.0,0.0,0.0,0.0,0.0,0.0,2.72,0.0,0.0,0.0,0.0,0.0,0.0,2.72
2023-11-07,0.0,0.0,0.0,0.0,0.0,0.0,0.0,2.63,0.0,0.0,0.0,0.0,0.0,0.0,2.63
2023-11-06,0.0,0.0,0.0,0.0,0.0,0.0,0.0,2.63,0.0,0.0,0.0,0.0,0.0,0.0,2.63
2023-11-05,0.0,0.0,0.0,0.0,0.0,0.0,0.0,2.63,0.0,0.0,0.0,0.0,0.0,0.0,2.63
2023-11-04,0.0,0.0,0.0,0.0,0.0,0.0,0.0,2.63,0.0,0.0,0.0,0.0,0.0,0.0,2.63
2023-11-03,0.0,0.0,0.0,0.0,0.0,0.0,0.0,2.63,0.0,0.0,0.0,0.0,0.0,0.0,2.63
2023-11-02,0.0,0.0,0.0,0.0,0.0,0.0,0.0,2.78,0.0,0.0,0.0,0.0,0.0,0.0,2.78
2023-11-01,0.0,0.0,0.0,0.0,0.0,0.0,0.0,2.84,0.0,0.0,0.0,0.0,0.0,0.0,2.84
2023-10-31,0.0,0.0,0.0,0.0,0.0,0.0,0.0,2.84,0.0,0.0,0.0,0.0,0.0,0.0,2.84
2023-10-30,0.0,0.0,0.0,0.0,0.0,0.0,0.0,2.84,0.0,0.0,0.0,0.0,0.0,0.0,2.84
2023-10-29,0.0,0.0,0.0,0.0,0.0,0.0,0.0,2.78,0.0,0.0,0.0,0.0,0.0,0.0,2.78
2023-10-28,0.0,0.0,0.0,0.0,0.0,0.0,0.0,2.78,0.0,0.0,0.0,0.0,0.0,0.0,2.78
2023-10-27,0.0,0.0,0.0,0.0,0.0,0.0,0.0,2.78,0.0,0.0,0.0,0.0,0.0,0.0,2.78
2023-10-26,0.0,0.0,0.0,0.0,0.0,0.0,0.0,2.8,0.0,0.0,0.0,0.0,0.0,0.0,2.8
2023-10-25,0.0,0.0,0.0,0.0,0.0,0.0,0.0,2.8,0.0,0.0,0.0,0.0,0.0,0.0,2.8
2023-10-24,0.0,0.0,0.0,0.0,0.0,0.0,0.0,2.8,0.0,0.0,0.0,0.0,0.0,0.0,2.8
2023-10-23,0.0,0.0,0.0,0.0,0.0,0.0,0.0,2.9,0.0,0.0,0.0,0.0,0.0,0.0,2.9
2023-10-22,0.0,0.0,0.0,0.0,0.0,0.0,0.0,3.08,0.0,0.0,0.0,0.0,0.0,0.0,3.08
2023-10-21,0.0,0.0,0.0,0.0,0.0,0.0,0.0,3.08,0.0,0.0,0.0,0.0,0.0,0.0,3.08
2023-10-20,0.0,0.0,0.0,0.0,0.0,0.0,0.0,3.08,0.0,0.0,0.0,0.0,0.0,0.0,3.08
2023-10-19,0.0,0.0,0.0,0.0,0.0,0.0,0.0,3.08,0.0,0.0,0.0,0.0,0.0,0.0,3.08
2023-10-18,0.0,0.0,0.0,0.0,0.0,0.0,0.0,3.08,0.0,0.0,0.0,0.0,0.0,0.0,3.08
2023-10-17,0.0,0.0,0.0,0.0,0.0,0.0,0.0,3.08,0.0,0.0,0.0,0.0,0.0,0.0,3.08
2023-10-16,0.0,0.0,0.0,0.0,0.0,0.0,0.0,3.08,0.0,0.0,0.0,0.0,0.0,0.0,3.08
2023-10-15,0.0,0.0,0.0,0.0,0.0,0.0,0.0,3.11,0.0,0.0,0.0,0.0,0.0,0.0,3.11
2023-10-14,0.0,0.0,0.0,0.0,0.0,0.0,0.0,3.11,0.0,0.0,0.0,0.0,0.0,0.0,3.11
2023-10-13,0.0,0.0,0.0,0.0,0.0,0.0,0.0,3.11,0.0,0.0,0.0,0.0,0.0,0.0,3.11
2023-10-12,0.0,0.0,0.0,0.0,0.0,0.0,0.0,3.07,0.0,0.0,0.0,0.0,0.0,0.0,3.07
2023-10-11,0.0,0.0,0.0,0.0,0.0,0.0,0.0,3.07,0.0,0.0,0.0,0.0,0.0,0.0,3.07
2023-10-10,0.0,0.0,0.0,0.0,0.0,0.0,0.0,3.07,0.0,0.0,0.0,0.0,0.0,0.0,3.07
2023-10-09,0.0,0.0,0.0,0.0,0.0,0.0,0.0,3.12,0.0,0.0,0.0,0.0,0.0,0.0,3.12
2023-10-08,0.0,0.0,0.0,0.0,0.0,0.0,0.0,3.12,0.0,0.0,0.0,0.0,0.0,0.0,3.12
2023-10-07,0.0,0.0,0.0,0.0,0.0,0.0,0.0,3.12,0.0,0.0,0.0,0.0,0.0,0.0,3.12
2023-10-06,0.0,0.0,0.0,0.0,0.0,0.0,0.0,3.12,0.0,0.0,0.0,0.0,0.0,0.0,3.12
2023-10-05,0.0,0.0,0.0,0.0,0.0,0.0,0.0,3.12,0.0,0.0,0.0,0.0,0.0,0.0,3.12
2023-10-04,0.0,0.0,0.0,0.0,0.0,0.0,0.0,3.12,0.0,0.0,0.0,0.0,0.0,0.0,3.12
2023-10-03,0.0,0.0,0.0,0.0,0.0,0.0,0.0,3.12,0.0,0.0,0.0,0.0,0.0,0.0,3.12
2023-10-02,0.0,0.0,0.0,0.0,0.0,0.0,0.0,3.12,0.0,0.0,0.0,0.0,0.0,0.0,3.12
2023-10-01,0.0,0.0,0.0,0.0,0.0,0.0,0.0,3.12,0.0,0.0,0.0,0.0,0.0,0.0,3.12
2023-09-30,0.0,0.0,0.0,0.0,0.0,0.0,0.0,3.12,0.0,0.0,0.0,0.0,0.0,0.0,3.12
2023-09-29,0.0,0.0,0.0,0.0,0.0,0.0,0.0,3.12,0.0,0.0,0.0,0.0,0.0,0.0,3.12
2023-09-28,0.0,0.0,0.0,0.0,0.0,0.0,0.0,3.12,0.0,0.0,0.0,0.0,0.0,0.0,3.12
2023-09-27,0.0,0.0,0.0,0.0,0.0,0.0,0.0,3.09,0.0,0.0,0.0,0.0,0.0,0.0,3.09
2023-09-26,0.0,0.0,0.0,0.0,0.0,0.0,0.0,3.18,0.0,0.0,0.0,0.0,0.0,0.0,3.18
2023-09-25,0.0,0.0,0.0,0.0,0.0,0.0,0.0,3.18,0.0,0.0,0.0,0.0,0.0,0.0,3.18
2023-09-24,0.0,0.0,0.0,0.0,0.0,0.0,0.0,3.04,0.0,0.0,0.0,0.0,0.0,0.0,3.04
2023-09-23,0.0,0.0,0.0,0.0,0.0,0.0,0.0,3.04,0.0,0.0,0.0,0.0,0.0,0.0,3.04
2023-09-22,0.0,0.0,0.0,0.0,0.0,0.0,0.0,3.04,0.0,0.0,0.0,0.0,0.0,0.0,3.04
2023-09-21,0.0,0.0,0.0,0.0,0.0,0.0,0.0,3.04,0.0,0.0,0.0,0.0,0.0,0.0,3.04
2023-09-20,0.0,0.0,0.0,0.0,0.0,0.0,0.0,2.91,0.0,0.0,0.0,0.0,0.0,0.0,2.91
2023-09-19,0.0,0.0,0.0,0.0,0.0,0.0,0.0,2.91,0.0,0.0,0.0,0.0,0.0,0.0,2.91
2023-09-18,0.0,0.0,0.0,0.0,0.0,0.0,0.0,2.91,0.0,0.0,0.0,0.0,0.0,0.0,2.91
2023-09-17,0.0,0.0,0.0,0.0,0.0,0.0,0.0,2.88,0.0,0.0,0.0,0.0,0.0,0.0,2.88
2023-09-16,0.0,0.0,0.0,0.0,0.0,0.0,0.0,2.88,0.0,0.0,0.0,0.0,0.0,0.0,2.88
2023-09-15,0.0,0.0,0.0,0.0,0.0,0.0,0.0,2.88,0.0,0.0,0.0,0.0,0.0,0.0,2.88
2023-09-14,0.0,0.0,0.0,0.0,0.0,0.0,0.0,2.88,0.0,0.0,0.0,0.0,0.0,0.0,2.88
2023-09-13,0.0,0.0,0.0,0.0,0.0,0.0,0.0,2.88,0.0,0.0,0.0,0.0,0.0,0.0,2.88
2023-09-12,0.0,0.0,0.0,0.0,0.0,0.0,0.0,2.77,0.0,0.0,0.0,0.0,0.0,0.0,2.77
2023-09-11,0.0,0.0,0.0,0.0,0.0,0.0,0.0,2.77,0.0,0.0,0.0,0.0,0.0,0.0,2.77
2023-09-10,0.0,0.0,0.0,0.0,0.0,0.0,0.0,2.92,0.0,0.0,0.0,0.0,0.0,0.0,2.92
2023-09-09,0.0,0.0,0.0,0.0,0.0,0.0,0.0,2.92,0.0,0.0,0.0,0.0,0.0,0.0,2.92
2023-09-08,0.0,0.0,0.0,0.0,0.0,0.0,0.0,2.92,0.0,0.0,0.0,0.0,0.0,0.0,2.92
2023-09-07,0.0,0.0,0.0,0.0,0.0,0.0,0.0,2.88,0.0,0.0,0.0,0.0,0.0,0.0,2.88
2023-09-06,0.0,0.0,0.0,0.0,0.0,0.0,0.0,2.72,0.0,0.0,0.0,0.0,0.0,0.0,2.72
2023-09-05,0.0,0.0,0.0,0.0,0.0,0.0,0.0,2.72,0.0,0.0,0.0,0.0,0.0,0.0,2.72
2023-09-04,0.0,0.0,0.0,0.0,0.0,0.0,0.0,2.72,0.0,0.0,0.0,0.0,0.0,0.0,2.72
2023-09-03,0.0,0.0,0.0,0.0,0.0,0.0,0.0,2.68,0.0,0.0,0.0,0.0,0.0,0.0,2.68
2023-09-02,0.0,0.0,0.0,0.0,0.0,0.0,0.0,2.68,0.0,0.0,0.0,0.0,0.0,0.0,2.68
2023-09-01,0.0,0.0,0.0,0.0,0.0,0.0,0.0,2.68,0.0,0.0,0.0,0.0,0.0,0.0,2.68
2023-08-31,0.0,0.0,0.0,0.0,0.0,0.0,0.0,2.68,0.0,0.0,0.0,0.0,0.0,0.0,2.68
2023-08-30,0.0,0.0,0.0,0.0,0.0,0.0,0.0,2.73,0.0,0.0,0.0,0.0,0.0,0.0,2.73
2023-08-29,0.0,0.0,0.0,0.0,0.0,0.0,0.0,2.73,0.0,0.0,0.0,0.0,0.0,0.0,2.73
2023-08-28,0.0,0.0,0.0,0.0,0.0,0.0,0.0,2.68,0.0,0.0,0.0,0.0,0.0,0.0,2.68
2023-08-27,0.0,0.0,0.0,0.0,0.0,0.0,0.0,2.68,0.0,0.0,0.0,0.0,0.0,0.0,2.68
2023-08-26,0.0,0.0,0.0,0.0,0.0,0.0,0.0,2.68,0.0,0.0,0.0,0.0,0.0,0.0,2.68
2023-08-25,0.0,0.0,0.0,0.0,0.0,0.0,0.0,2.68,0.0,0.0,0.0,0.0,0.0,0.0,2.68
2023-08-24,0.0,0.0,0.0,0.0,0.0,0.0,0.0,2.68,0.0,0.0,0.0,0.0,0.0,0.0,2.68
2023-08-23,0.0,0.0,0.48,0.0,0.0,0.0,0.0,2.68,0.0,0.0,0.0,0.0,0.0,0.0,3.16
2023-08-22,0.0,0.0,0.48,0.0,0.0,0.0,0.0,2.68,0.0,0.0,0.0,0.0,0.0,0.0,3.16
2023-08-21,0.0,0.0,0.48,0.0,0.0,0.0,0.0,2.68,0.0,0.0,0.0,0.0,0.0,0.0,3.16
2023-08-20,0.0,0.0,0.5,0.0,0.0,0.0,0.0,2.68,0.0,0.0,0.0,0.0,0.0,0.0,3.18
2023-08-19,0.0,0.0,0.5,0.0,0.0,0.0,0.0,2.68,0.0,0.0,0.0,0.0,0.0,0.0,3.18
2023-08-18,0.0,0.0,0.5,0.0,0.0,0.0,0.0,2.68,0.0,0.0,0.0,0.0,0.0,0.0,3.18
2023-08-17,0.0,0.0,0.5,0.0,0.0,0.0,0.0,2.44,0.0,0.0,0.0,0.0,0.0,0.0,2.94
2023-08-16,0.0,0.0,0.5,0.0,0.0,0.0,0.0,2.44,0.0,0.0,0.0,0.0,0.0,0.0,2.94
2023-08-15,0.0,0.0,0.5,0.0,0.0,0.0,0.0,2.32,0.0,0.0,0.0,0.0,0.0,0.0,2.82
2023-08-14,0.0,0.0,0.5,0.0,0.0,0.0,0.0,2.32,0.0,0.0,0.0,0.0,0.0,0.0,2.82
2023-08-13,0.0,0.0,0.5,0.0,0.0,0.0,0.0,2.32,0.0,0.0,0.0,0.0,0.0,0.0,2.82
2023-08-12,0.0,0.0,0.5,0.0,0.0,0.0,0.0,2.32,0.0,0.0,0.0,0.0,0.0,0.0,2.82
2023-08-11,0.0,0.0,0.5,0.0,0.0,0.0,0.0,2.32,0.0,0.0,0.0,0.0,0.0,0.0,2.82
2023-08-10,0.0,0.0,0.5,0.0,0.0,0.0,0.0,2.53,0.0,0.0,0.0,0.0,0.0,0.0,3.03
2023-08-09,0.0,0.0,0.5,0.0,0.0,0.0,0.0,2.64,0.0,0.0,0.0,0.0,0.0,0.0,3.14
2023-08-08,0.0,0.0,0.5,0.0,0.0,0.0,0.0,2.64,0.0,0.0,0.0,0.0,0.0,0.0,3.14
2023-08-07,0.0,0.0,0.5,0.0,0.0,0.0,0.0,2.51,0.0,0.0,0.0,0.0,0.0,0.0,3.01
2023-08-06,0.0,0.0,0.5,0.0,0.0,0.0,0.0,2.51,0.0,0.0,0.0,0.0,0.0,0.0,3.01
2023-08-05,0.0,0.0,0.5,0.0,0.0,0.0,0.0,2.51,0.0,0.0,0.0,0.0,0.0,0.0,3.01
2023-08-04,0.0,0.0,0.5,0.0,0.0,0.0,0.0,2.51,0.0,0.0,0.0,0.0,0.0,0.0,3.01
2023-08-03,0.0,0.0,0.0,0.0,0.0,0.0,0.0,2.51,0.0,0.0,0.0,0.0,0.0,0.0,2.51
2023-08-02,0.0,0.0,0.0,0.0,0.0,0.0,0.0,2.51,0.0,0.0,0.0,0.0,0.0,0.0,2.51
2023-08-01,0.0,0.0,0.0,0.0,0.0,0.0,0.0,2.51,0.0,0.0,0.0,0.0,0.0,0.0,2.51
2023-07-31,0.0,0.0,0.0,0.0,0.0,0.0,0.0,2.4,0.0,0.0,0.0,0.0,0.0,0.0,2.4
2023-07-30,0.0,0.0,0.0,0.0,0.0,0.0,0.0,2.4,0.0,0.0,0.0,0.0,0.0,0.0,2.4
2023-07-29,0.0,0.0,0.0,0.0,0.0,0.0,0.0,2.4,0.0,0.0,0.0,0.0,0.0,0.0,2.4
2023-07-28,0.0,0.0,0.0,0.0,0.0,0.0,0.0,2.4,0.0,0.0,0.0,0.0,0.0,0.0,2.4
2023-07-27,0.0,0.0,0.0,0.0,0.0,0.0,0.0,2.4,0.0,0.0,0.0,0.0,0.0,0.0,2.4
2023-07-26,0.0,0.0,0.0,0.0,0.0,0.0,0.0,2.5,0.0,0.0,0.0,0.0,0.0,0.0,2.5
2023-07-25,0.0,0.0,0.0,0.0,0.0,0.0,0.0,2.39,0.0,0.0,0.0,0.0,0.0,0.0,2.39
2023-07-24,0.0,0.0,0.0,0.0,0.0,0.0,0.0,2.55,0.0,0.0,0.0,0.0,0.0,0.0,2.55
2023-07-23,0.0,0.0,0.0,0.0,0.0,0.0,0.0,2.48,0.0,0.0,0.0,0.0,0.0,0.0,2.48
2023-07-22,0.0,0.0,0.0,0.0,0.0,0.0,0.0,2.48,0.0,0.0,0.0,0.0,0.0,0.0,2.48
2023-07-21,0.0,0.0,0.0,0.0,0.0,0.0,0.0,2.48,0.0,0.0,0.0,0.0,0.0,0.0,2.48
2023-07-20,0.0,0.0,0.0,0.0,0.0,0.0,0.0,2.48,0.0,0.0,0.0,0.0,0.0,0.0,2.48
2023-07-19,0.0,0.0,0.0,0.0,0.0,0.0,0.0,2.48,0.0,0.0,0.0,0.0,0.0,0.0,2.48
2023-07-18,0.0,0.0,0.0,0.0,0.0,0.0,0.0,2.48,0.0,0.0,0.0,0.0,0.0,0.0,2.48
2023-07-17,0.0,0.0,0.0,0.0,0.0,0.0,0.0,2.48,0.41,0.0,0.0,0.0,0.0,0.0,2.89
2023-07-16,0.0,0.0,0.0,0.0,0.0,0.0,0.0,2.48,0.41,0.0,0.0,0.0,0.0,0.0,2.89
2023-07-15,0.0,0.0,0.0,0.0,0.0,0.0,0.0,2.48,0.41,0.0,0.0,0.0,0.0,0.0,2.89
2023-07-14,0.0,0.0,0.0,0.0,0.0,0.0,0.0,2.48,0.41,0.0,0.0,0.0,0.0,0.0,2.89
2023-07-13,0.0,0.0,0.0,0.0,0.0,0.0,0.0,2.48,0.41,0.0,0.0,0.0,0.0,0.0,2.89
2023-07-12,0.0,0.0,0.0,0.0,0.0,0.0,0.0,2.48,0.41,0.0,0.0,0.0,0.0,0.0,2.89
2023-07-11,0.0,0.0,0.0,0.0,0.0,0.0,0.0,2.48,0.41,0.0,0.0,0.0,0.0,0.0,2.89
2023-07-10,0.0,0.0,0.0,0.0,0.0,0.0,0.0,2.48,0.41,0.0,0.0,0.0,0.0,0.0,2.89
2023-07-09,0.0,0.0,0.0,0.0,0.0,0.0,0.0,2.48,0.41,0.0,0.0,0.0,0.0,0.0,2.89
2023-07-08,0.0,0.0,0.0,0.0,0.0,0.0,0.0,2.48,0.41,0.0,0.0,0.0,0.0,0.0,2.89
2023-07-07,0.0,0.0,0.0,0.0,0.0,0.0,0.0,2.48,0.41,0.0,0.0,0.0,0.0,0.0,2.89
2023-07-06,0.0,0.0,0.0,0.0,0.0,0.0,0.0,2.59,0.41,0.0,0.0,0.0,0.0,0.0,3.0
2023-07-05,0.0,0.0,0.0,0.0,0.0,0.0,0.0,2.59,0.41,0.0,0.0,0.0,0.0,0.0,3.0
2023-07-04,0.0,0.0,0.0,0.0,0.0,0.0,0.0,2.59,0.41,0.0,0.0,0.0,0.0,0.0,3.0
2023-07-03,0.0,0.0,0.0,0.0,0.0,0.0,0.0,2.59,0.41,0.0,0.0,0.0,0.0,0.0,3.0
2023-07-02,0.0,0.0,0.0,0.0,0.0,0.0,0.0,2.59,0.41,0.0,0.0,0.0,0.0,0.0,3.0
2023-07-01,0.0,0.0,0.0,0.0,0.0,0.0,0.0,2.59,0.41,0.0,0.0,0.0,0.0,0.0,3.0
2023-06-30,0.0,0.0,0.0,0.0,0.0,0.0,0.0,2.59,0.41,0.0,0.0,0.0,0.0,0.0,3.0
2023-06-29,0.0,0.0,0.0,0.0,0.0,0.0,0.0,2.59,0.41,0.0,0.0,0.0,0.0,0.0,3.0
2023-06-28,0.0,0.0,0.0,0.0,0.0,0.0,0.0,2.59,0.41,0.0,0.0,0.0,0.0,0.0,3.0
2023-06-27,0.0,0.0,0.0,0.0,0.0,0.0,0.0,2.65,0.41,0.0,0.0,0.0,0.0,0.0,3.06
2023-06-26,0.0,0.0,0.0,0.0,0.0,0.0,0.0,2.65,0.41,0.0,0.0,0.0,0.0,0.0,3.06
2023-06-25,0.0,0.0,0.0,0.0,0.0,0.0,0.0,2.65,0.41,0.0,0.0,0.0,0.0,0.0,3.06
2023-06-24,0.0,0.0,0.0,0.0,0.0,0.0,0.0,2.65,0.41,0.0,0.0,0.0,0.0,0.0,3.06
2023-06-23,0.0,0.0,0.0,0.0,0.0,0.0,0.0,2.65,0.41,0.0,0.0,0.0,0.0,0.0,3.06
2023-06-22,0.0,0.0,0.0,0.0,0.0,0.0,0.0,2.65,0.41,0.0,0.0,0.0,0.0,0.0,3.06
2023-06-21,0.0,0.0,0.0,0.0,0.0,0.0,0.0,2.65,0.41,0.0,0.0,0.0,0.0,0.0,3.06
2023-06-20,0.0,0.0,0.0,0.0,0.0,0.0,0.0,2.65,0.41,0.0,0.0,0.0,0.0,0.0,3.06
2023-06-19,0.0,0.0,0.0,0.0,0.0,0.0,0.0,2.65,0.41,0.0,0.0,0.0,0.0,0.0,3.06
2023-06-18,0.0,0.0,0.0,0.0,0.0,0.0,0.0,2.65,0.41,0.0,0.0,0.0,0.0,0.0,3.06
2023-06-17,0.0,0.0,0.0,0.0,0.0,0.0,0.0,2.65,0.41,0.0,0.0,0.0,0.0,0.0,3.06
2023-06-16,0.0,0.0,0.0,0.0,0.0,0.0,0.0,2.65,0.41,0.0,0.0,0.0,0.0,0.0,3.06
2023-06-15,0.0,0.0,0.0,0.0,0.0,0.0,0.0,2.89,0.41,0.0,0.0,0.0,0.0,0.0,3.3000000000000003
2023-06-14,0.0,0.0,0.0,0.0,0.0,0.0,0.0,2.89,0.41,0.0,0.0,0.0,0.0,0.0,3.3000000000000003
2023-06-13,0.0,0.0,0.0,0.0,0.0,0.0,0.0,2.99,0.41,0.0,0.0,0.0,0.0,0.0,3.4000000000000004
2023-06-12,0.0,0.0,0.0,0.0,0.0,0.0,0.0,2.99,0.41,0.0,0.0,0.0,0.0,0.0,3.4000000000000004
2023-06-11,0.0,0.0,0.0,0.0,0.0,0.0,0.0,3.08,0.41,0.0,0.0,0.0,0.0,0.0,3.49
2023-06-10,0.0,0.0,0.0,0.0,0.0,0.0,0.0,3.08,0.41,0.0,0.0,0.0,0.0,0.0,3.49
2023-06-09,0.0,0.0,0.0,0.0,0.0,0.0,0.0,3.08,0.41,0.0,0.0,0.0,0.0,0.0,3.49
2023-06-08,0.0,0.0,0.0,0.0,0.0,0.0,0.0,3.08,0.41,0.0,0.0,0.0,0.0,0.0,3.49
2023-06-07,0.0,0.0,0.0,0.0,0.0,0.0,0.0,3.08,0.41,0.0,0.0,0.0,0.0,0.0,3.49
2023-06-06,0.0,0.0,0.0,0.0,0.0,0.0,0.0,2.97,0.41,0.0,0.0,0.0,0.0,0.0,3.3800000000000003
2023-06-05,0.0,0.0,0.0,0.0,0.0,0.0,0.0,2.97,0.41,0.0,0.0,0.0,0.0,0.0,3.3800000000000003
2023-06-04,0.0,0.0,0.0,0.0,0.0,0.0,0.0,3.04,0.41,0.0,0.0,0.0,0.0,0.0,3.45
2023-06-03,0.0,0.0,0.0,0.0,0.0,0.0,0.0,3.04,0.41,0.0,0.0,0.0,0.0,0.0,3.45
2023-06-02,0.0,0.0,0.0,0.0,0.0,0.0,0.0,3.04,0.41,0.0,0.0,0.0,0.0,0.0,3.45
2023-06-01,0.0,0.0,0.0,0.0,0.0,0.0,0.0,3.04,0.41,0.0,0.0,0.0,0.0,0.0,3.45
2023-05-31,0.0,0.0,0.0,0.0,0.0,0.0,0.0,3.04,0.41,0.0,0.0,0.0,0.0,0.0,3.45
2023-05-30,0.0,0.0,0.0,0.0,0.0,0.0,0.0,2.95,0.41,0.0,0.0,0.0,0.0,0.0,3.3600000000000003
2023-05-29,0.0,0.0,0.0,0.0,0.0,0.0,0.0,2.95,0.41,0.0,0.0,0.0,0.0,0.0,3.3600000000000003
2023-05-28,0.0,0.0,0.0,0.0,0.0,0.0,0.0,2.95,0.41,0.0,0.0,0.0,0.0,0.0,3.3600000000000003
2023-05-27,0.0,0.0,0.0,0.0,0.0,0.0,0.0,2.95,0.41,0.0,0.0,0.0,0.0,0.0,3.3600000000000003
2023-05-26,0.0,0.0,0.0,0.0,0.0,0.0,0.0,2.95,0.41,0.0,0.0,0.0,0.0,0.0,3.3600000000000003
2023-05-25,0.0,0.0,0.0,0.0,0.0,0.0,0.0,2.95,0.41,0.0,0.0,0.0,0.0,0.0,3.3600000000000003
2023-05-24,0.0,0.0,0.0,0.0,0.0,0.0,0.0,2.95,0.41,0.0,0.0,0.0,0.0,0.0,3.3600000000000003
2023-05-23,0.0,0.0,0.0,0.0,0.0,0.0,0.0,2.8,0.41,0.0,0.0,0.0,0.0,0.0,3.21
2023-05-22,0.0,0.0,0.0,0.0,0.0,0.0,0.0,2.71,0.41,0.0,0.0,0.0,0.0,0.0,3.12
2023-05-21,0.0,0.0,0.0,0.0,0.0,0.0,0.0,2.68,0.41,0.0,0.0,0.0,0.0,0.0,3.0900000000000003
2023-05-20,0.0,0.0,0.0,0.0,0.0,0.0,0.0,2.68,0.41,0.0,0.0,0.0,0.0,0.0,3.0900000000000003
2023-05-19,0.0,0.0,0.0,0.0,0.0,0.0,0.0,2.68,0.41,0.0,0.0,0.0,0.0,0.0,3.0900000000000003
2023-05-18,0.0,0.0,0.0,0.0,0.0,0.0,0.0,2.7,0.41,0.0,0.0,0.0,0.0,0.0,3.1100000000000003
2023-05-17,0.0,0.0,0.0,0.0,0.0,0.0,0.0,2.67,0.41,0.0,0.0,0.0,0.0,0.0,3.08
2023-05-16,0.0,0.0,0.0,0.0,0.0,0.0,0.0,2.55,0.41,0.0,0.0,0.0,0.0,0.0,2.96
2023-05-15,0.0,0.0,0.0,0.0,0.0,0.0,0.0,2.61,0.41,0.0,0.0,0.0,0.0,0.0,3.02
2023-05-14,0.0,0.0,0.0,0.0,0.0,0.0,0.0,2.61,0.41,0.0,0.0,0.0,0.0,0.0,3.02
2023-05-13,0.0,0.0,0.0,0.0,0.0,0.0,0.0,2.61,0.41,0.0,0.0,0.0,0.0,0.0,3.02
2023-05-12,0.0,0.0,0.0,0.0,0.0,0.0,0.0,2.61,0.41,0.0,0.0,0.0,0.0,0.0,3.02
2023-05-11,0.0,0.0,0.0,0.0,0.0,0.0,0.0,2.61,0.41,0.0,0.0,0.0,0.0,0.0,3.02
2023-05-10,0.0,0.0,0.0,0.0,0.0,0.0,0.0,2.61,0.41,0.0,0.0,0.0,0.0,0.0,3.02
2023-05-09,0.0,0.0,0.0,0.0,0.0,0.0,0.0,2.61,0.41,0.0,0.0,0.0,0.0,0.0,3.02
2023-05-08,0.0,0.0,0.0,0.0,0.0,0.0,0.0,2.42,0.41,0.0,0.0,0.0,0.0,0.0,2.83
2023-05-07,0.0,0.0,0.0,0.0,0.0,0.0,0.0,2.42,0.41,0.0,0.0,0.0,0.0,0.0,2.83
2023-05-06,0.0,0.0,0.0,0.0,0.0,0.0,0.0,2.42,0.41,0.0,0.0,0.0,0.0,0.0,2.83
2023-05-05,0.0,0.0,0.0,0.0,0.0,0.0,0.0,2.42,0.41,0.0,0.0,0.0,0.0,0.0,2.83
2023-05-04,0.0,0.0,0.0,0.0,0.0,0.0,0.0,2.42,0.41,0.0,0.0,0.0,0.0,0.0,2.83
2023-05-03,0.0,0.0,0.0,0.0,0.0,0.0,0.0,2.42,0.41,0.0,0.0,0.0,0.0,0.0,2.83
2023-05-02,0.0,0.0,0.0,0.0,0.0,0.0,0.0,2.42,0.41,0.0,0.0,0.0,0.0,0.0,2.83
2023-05-01,0.0,0.0,0.0,0.0,0.0,0.0,0.0,2.22,0.41,0.0,0.0,0.0,0.0,0.0,2.6300000000000003
2023-04-30,0.0,0.0,0.0,0.0,0.0,0.0,0.0,2.22,0.41,0.0,0.0,0.0,0.0,0.0,2.6300000000000003
