,IT0005496473,IT0001469995,IT0003895668,IT0005610958,FR0010425595,FR0004056851,FR0011950732,FR0011742329,FR0013214145,FR0014008VX5,FR001400NLM4,FR0011648716,DE0005493092,DE000A2N4H07,DE000A255F11,DE0007568578,DE000A0TGJ55,DE0006450000,DE0006305006,DE000A2YN504,Total
2025-04-28,0.85,0.0,0.0,0.5,0.0,0.88,0.0,0.0,0.0,0.59,0.0,0.61,0.0,0.0,0.0,0.0,0.0,0.0,0.59,0.6,4.619999999999999
2025-04-27,0.85,0.0,0.0,0.5,0.0,0.88,0.0,0.0,0.0,0.59,0.0,0.61,0.0,0.0,0.0,0.0,0.0,0.0,0.59,0.6,4.619999999999999
2025-04-26,0.85,0.0,0.0,0.5,0.0,0.88,0.0,0.0,0.0,0.59,0.0,0.61,0.0,0.0,0.0,0.0,0.0,0.0,0.59,0.6,4.619999999999999
2025-04-25,0.85,0.0,0.0,0.5,0.0,0.88,0.0,0.0,0.0,0.59,0.0,0.61,0.0,0.0,0.0,0.0,0.0,0.0,0.59,0.6,4.619999999999999
2025-04-24,0.85,0.0,0.0,0.5,0.0,0.88,0.0,0.0,0.0,0.59,0.0,0.61,0.0,0.0,0.0,0.0,0.0,0.0,0.59,0.6,4.619999999999999
2025-04-23,0.85,0.0,0.0,0.5,0.0,0.88,0.0,0.0,0.0,0.59,0.0,0.61,0.0,0.0,0.0,0.0,0.0,0.0,0.59,0.6,4.619999999999999
2025-04-22,0.85,0.0,0.0,0.5,0.0,0.88,0.0,0.0,0.0,0.59,0.0,0.61,0.0,0.0,0.0,0.0,0.0,0.0,0.59,0.6,4.619999999999999
2025-04-21,0.85,0.0,0.0,0.5,0.0,0.88,0.0,0.0,0.0,0.59,0.0,0.61,0.0,0.0,0.0,0.0,0.0,0.0,0.59,0.6,4.619999999999999
2025-04-20,0.85,0.0,0.0,0.5,0.0,0.88,0.0,0.0,0.0,0.59,0.0,0.61,0.0,0.0,0.0,0.0,0.0,0.0,0.59,0.6,4.619999999999999
2025-04-19,0.85,0.0,0.0,0.5,0.0,0.88,0.0,0.0,0.0,0.59,0.0,0.61,0.0,0.0,0.0,0.0,0.0,0.0,0.59,0.6,4.619999999999999
2025-04-18,0.85,0.0,0.0,0.5,0.0,0.88,0.0,0.0,0.0,0.59,0.0,0.61,0.0,0.0,0.0,0.0,0.0,0.0,0.59,0.6,4.619999999999999
2025-04-17,0.85,0.0,0.0,0.5,0.0,0.88,0.0,0.0,0.0,0.59,0.0,0.61,0.0,0.0,0.0,0.0,0.0,0.0,0.59,0.6,4.619999999999999
2025-04-16,0.85,0.0,0.0,0.5,0.0,0.88,0.0,0.0,0.0,0.59,0.0,0.61,0.0,0.0,0.0,0.0,0.0,0.0,0.59,0.6,4.619999999999999
2025-04-15,0.85,0.0,0.0,0.5,0.0,0.88,0.0,0.0,0.0,0.59,0.0,0.61,0.0,0.0,0.0,0.0,0.0,0.0,0.59,0.6,4.619999999999999
2025-04-14,0.85,0.0,0.0,0.5,0.0,0.88,0.0,0.0,0.0,0.59,0.0,0.61,0.0,0.0,0.0,0.0,0.0,0.0,0.59,0.6,4.619999999999999
2025-04-13,0.85,0.0,0.0,0.5,0.0,0.88,0.0,0.0,0.0,0.59,0.0,0.61,0.0,0.0,0.0,0.0,0.0,0.0,0.59,0.6,4.619999999999999
2025-04-12,0.85,0.0,0.0,0.5,0.0,0.88,0.0,0.0,0.0,0.59,0.0,0.61,0.0,0.0,0.0,0.0,0.0,0.0,0.59,0.6,4.619999999999999
2025-04-11,0.85,0.0,0.0,0.5,0.0,0.88,0.0,0.0,0.0,0.59,0.0,0.61,0.0,0.0,0.0,0.0,0.0,0.0,0.59,0.6,4.619999999999999
2025-04-10,0.85,0.0,0.0,0.5,0.0,0.88,0.0,0.0,0.0,0.59,0.0,0.61,0.0,0.0,0.0,0.0,0.0,0.0,0.59,0.6,4.619999999999999
2025-04-09,0.85,0.0,0.0,0.5,0.0,0.88,0.0,0.0,0.0,0.59,0.0,0.61,0.0,0.0,0.0,0.0,0.0,0.0,0.59,0.6,4.619999999999999
2025-04-08,0.85,0.0,0.0,0.5,0.0,0.88,0.0,0.0,0.0,0.59,0.0,0.61,0.0,0.0,0.0,0.0,0.0,0.0,0.59,0.6,4.619999999999999
2025-04-07,0.85,0.0,0.0,0.5,0.0,0.88,0.0,0.0,0.0,0.59,0.0,0.61,0.0,0.0,0.0,0.0,0.0,0.0,0.59,0.6,4.619999999999999
2025-04-06,0.85,0.0,0.0,0.5,0.0,0.88,0.0,0.0,0.0,0.59,0.0,0.5,0.0,0.0,0.0,0.0,0.0,0.0,0.59,0.6,4.51
2025-04-05,0.85,0.0,0.0,0.5,0.0,0.88,0.0,0.0,0.0,0.59,0.0,0.5,0.0,0.0,0.0,0.0,0.0,0.0,0.59,0.6,4.51
2025-04-04,0.85,0.0,0.0,0.5,0.0,0.88,0.0,0.0,0.0,0.59,0.0,0.5,0.0,0.0,0.0,0.0,0.0,0.0,0.59,0.6,4.51
2025-04-03,0.85,0.0,0.0,0.5,0.0,0.88,0.0,0.0,0.0,0.59,0.0,0.5,0.0,0.0,0.0,0.0,0.0,0.0,0.59,0.6,4.51
2025-04-02,0.85,0.0,0.0,0.5,0.0,0.88,0.0,0.0,0.0,0.59,0.0,0.5,0.0,0.0,0.0,0.0,0.0,0.0,0.59,0.6,4.51
2025-04-01,0.85,0.0,0.0,0.5,0.0,0.88,0.0,0.0,0.0,0.59,0.0,0.5,0.0,0.0,0.0,0.0,0.0,0.0,0.59,0.6,4.51
2025-03-31,0.91,0.0,0.0,0.5,0.0,0.88,0.0,0.0,0.0,0.59,0.0,0.5,0.0,0.0,0.0,0.0,0.0,0.0,0.59,0.6,4.569999999999999
2025-03-30,0.91,0.0,0.0,0.5,0.0,0.88,0.0,0.0,0.0,0.59,0.0,0.5,0.0,0.0,0.0,0.0,0.0,0.0,0.59,0.6,4.569999999999999
2025-03-29,0.91,0.0,0.0,0.5,0.0,0.88,0.0,0.0,0.0,0.59,0.0,0.5,0.0,0.0,0.0,0.0,0.0,0.0,0.59,0.6,4.569999999999999
2025-03-28,0.91,0.0,0.0,0.5,0.0,0.88,0.0,0.0,0.0,0.59,0.0,0.5,0.0,0.0,0.0,0.0,0.0,0.0,0.59,0.6,4.569999999999999
2025-03-27,0.91,0.0,0.0,0.5,0.0,0.88,0.0,0.0,0.0,0.59,0.0,0.5,0.0,0.0,0.0,0.0,0.0,0.0,0.59,0.6,4.569999999999999
2025-03-26,0.91,0.0,0.0,0.5,0.0,0.88,0.0,0.0,0.0,0.59,0.0,0.5,0.0,0.0,0.0,0.0,0.0,0.0,0.59,0.6,4.569999999999999
2025-03-25,0.91,0.0,0.0,0.5,0.0,0.88,0.0,0.0,0.0,0.59,0.0,0.5,0.0,0.0,0.0,0.0,0.0,0.0,0.59,0.6,4.569999999999999
2025-03-24,0.91,0.0,0.0,0.5,0.0,0.88,0.0,0.0,0.0,0.59,0.0,0.5,0.0,0.0,0.0,0.0,0.0,0.0,0.59,0.6,4.569999999999999
2025-03-23,0.91,0.0,0.0,0.5,0.0,0.88,0.0,0.0,0.0,0.59,0.0,0.5,0.0,0.0,0.0,0.0,0.0,0.0,0.59,0.6,4.569999999999999
2025-03-22,0.91,0.0,0.0,0.5,0.0,0.88,0.0,0.0,0.0,0.59,0.0,0.5,0.0,0.0,0.0,0.0,0.0,0.0,0.59,0.6,4.569999999999999
2025-03-21,0.91,0.0,0.0,0.5,0.0,0.88,0.0,0.0,0.0,0.59,0.0,0.5,0.0,0.0,0.0,0.0,0.0,0.0,0.59,0.6,4.569999999999999
2025-03-20,0.91,0.0,0.0,0.5,0.0,0.88,0.0,0.0,0.0,0.59,0.0,0.5,0.0,0.0,0.0,0.0,0.0,0.0,0.59,0.6,4.569999999999999
2025-03-19,0.91,0.0,0.0,0.5,0.0,0.88,0.0,0.0,0.0,0.59,0.0,0.5,0.0,0.0,0.0,0.0,0.0,0.0,0.59,0.6,4.569999999999999
2025-03-18,0.91,0.0,0.0,0.5,0.0,0.88,0.0,0.0,0.0,0.59,0.0,0.5,0.0,0.0,0.0,0.0,0.0,0.0,0.6,0.6,4.58
2025-03-17,0.91,0.0,0.82,0.5,0.0,0.88,0.0,0.0,0.0,0.59,0.0,0.5,0.0,0.0,0.0,0.0,0.0,0.0,0.6,0.6,5.399999999999999
2025-03-16,0.91,0.0,0.82,0.5,0.0,0.88,0.0,0.0,0.0,0.59,0.0,0.5,0.0,0.0,0.0,0.0,0.0,0.0,0.6,0.6,5.399999999999999
2025-03-15,0.91,0.0,0.82,0.5,0.0,0.88,0.0,0.0,0.0,0.59,0.0,0.5,0.0,0.0,0.0,0.0,0.0,0.0,0.6,0.6,5.399999999999999
2025-03-14,0.91,0.0,0.82,0.5,0.0,0.88,0.0,0.0,0.0,0.59,0.0,0.5,0.0,0.0,0.0,0.0,0.0,0.0,0.6,0.6,5.399999999999999
2025-03-13,0.91,0.0,0.82,0.5,0.0,0.88,0.0,0.0,0.0,0.59,0.0,0.5,0.0,0.0,0.0,0.0,0.0,0.0,0.6,0.6,5.399999999999999
2025-03-12,0.91,0.0,0.82,0.5,0.0,0.88,0.0,0.0,0.0,0.59,0.0,0.5,0.0,0.0,0.0,0.0,0.0,0.0,0.6,0.6,5.399999999999999
2025-03-11,0.91,0.0,0.82,0.5,0.0,0.88,0.0,0.0,0.0,0.59,0.0,0.5,0.0,0.0,0.0,0.0,0.0,0.0,0.6,0.6,5.399999999999999
2025-03-10,0.91,0.0,0.82,0.5,0.0,0.88,0.0,0.0,0.0,0.59,0.0,0.5,0.0,0.0,0.0,0.0,0.0,0.0,0.6,0.6,5.399999999999999
2025-03-09,0.91,0.0,0.82,0.5,0.0,0.88,0.0,0.0,0.0,0.59,0.0,0.5,0.0,0.0,0.0,0.0,0.0,0.0,0.6,0.6,5.399999999999999
2025-03-08,0.91,0.0,0.82,0.5,0.0,0.88,0.0,0.0,0.0,0.59,0.0,0.5,0.0,0.0,0.0,0.0,0.0,0.0,0.6,0.6,5.399999999999999
2025-03-07,0.91,0.0,0.82,0.5,0.0,0.88,0.0,0.0,0.0,0.59,0.0,0.5,0.0,0.0,0.0,0.0,0.0,0.0,0.6,0.6,5.399999999999999
2025-03-06,0.91,0.0,0.82,0.5,0.0,0.88,0.0,0.0,0.0,0.59,0.0,0.0,0.0,0.0,0.0,0.0,0.0,0.0,0.6,0.6,4.8999999999999995
2025-03-05,0.91,0.0,0.82,0.5,0.0,0.88,0.0,0.0,0.0,0.59,0.0,0.0,0.0,0.0,0.0,0.0,0.0,0.0,0.6,0.6,4.8999999999999995
2025-03-04,0.91,0.0,0.82,0.5,0.0,0.88,0.0,0.0,0.0,0.69,0.0,0.0,0.0,0.0,0.0,0.0,0.0,0.0,0.6,0.6,4.999999999999999
2025-03-03,0.91,0.0,0.82,0.5,0.0,0.88,0.0,0.0,0.0,0.69,0.0,0.0,0.0,0.0,0.0,0.0,0.0,0.0,0.6,0.5,4.8999999999999995
2025-03-02,0.91,0.0,0.82,0.5,0.0,0.88,0.0,0.0,0.0,0.69,0.0,0.0,0.0,0.0,0.0,0.0,0.0,0.0,0.6,0.5,4.8999999999999995
2025-03-01,0.91,0.0,0.82,0.5,0.0,0.88,0.0,0.0,0.0,0.69,0.0,0.0,0.0,0.0,0.0,0.0,0.0,0.0,0.6,0.5,4.8999999999999995
2025-02-28,0.91,0.0,0.82,0.5,0.0,0.88,0.0,0.0,0.0,0.69,0.0,0.0,0.0,0.0,0.0,0.0,0.0,0.0,0.6,0.5,4.8999999999999995
2025-02-27,0.91,0.0,0.82,0.5,0.0,0.88,0.0,0.0,0.0,0.69,0.0,0.0,0.0,0.0,0.0,0.0,0.0,0.0,0.6,0.5,4.8999999999999995
2025-02-26,0.91,0.0,0.82,0.5,0.0,0.88,0.0,0.0,0.0,0.69,0.0,0.0,0.0,0.0,0.0,0.0,0.0,0.0,0.6,0.5,4.8999999999999995
2025-02-25,0.91,0.0,0.82,0.5,0.0,0.88,0.0,0.0,0.0,0.69,0.0,0.0,0.0,0.0,0.0,0.0,0.0,0.0,0.6,0.5,4.8999999999999995
2025-02-24,0.91,0.0,0.82,0.5,0.0,0.88,0.0,0.0,0.0,0.69,0.0,0.0,0.0,0.0,0.0,0.0,0.0,0.0,0.6,0.5,4.8999999999999995
2025-02-23,0.91,0.0,0.82,0.5,0.0,0.88,0.0,0.0,0.0,0.69,0.0,0.0,0.0,0.0,0.0,0.0,0.0,0.0,0.6,0.5,4.8999999999999995
2025-02-22,0.91,0.0,0.82,0.5,0.0,0.88,0.0,0.0,0.0,0.69,0.0,0.0,0.0,0.0,0.0,0.0,0.0,0.0,0.6,0.5,4.8999999999999995
2025-02-21,0.91,0.0,0.82,0.5,0.0,0.88,0.0,0.0,0.0,0.69,0.0,0.0,0.0,0.0,0.0,0.0,0.0,0.0,0.6,0.5,4.8999999999999995
2025-02-20,0.91,0.0,0.82,0.5,0.0,0.88,0.0,0.0,0.0,0.69,0.0,0.0,0.0,0.0,0.0,0.0,0.0,0.0,0.6,0.5,4.8999999999999995
2025-02-19,0.91,0.0,0.82,0.5,0.0,0.88,0.0,0.0,0.0,0.69,0.0,0.0,0.0,0.0,0.0,0.0,0.0,0.0,0.6,0.5,4.8999999999999995
2025-02-18,0.91,0.0,0.82,0.5,0.0,0.88,0.0,0.0,0.0,0.69,0.0,0.0,0.0,0.0,0.0,0.0,0.0,0.0,0.6,0.5,4.8999999999999995
2025-02-17,0.91,0.0,0.82,0.5,0.0,0.88,0.0,0.0,0.0,0.69,0.0,0.0,0.0,0.0,0.0,0.0,0.0,0.0,0.6,0.5,4.8999999999999995
2025-02-16,0.91,0.0,0.82,0.0,0.0,0.88,0.0,0.0,0.0,0.69,0.0,0.0,0.0,0.0,0.0,0.0,0.0,0.0,0.6,0.5,4.4
2025-02-15,0.91,0.0,0.82,0.0,0.0,0.88,0.0,0.0,0.0,0.69,0.0,0.0,0.0,0.0,0.0,0.0,0.0,0.0,0.6,0.5,4.4
2025-02-14,0.91,0.0,0.82,0.0,0.0,0.88,0.0,0.0,0.0,0.69,0.0,0.0,0.0,0.0,0.0,0.0,0.0,0.0,0.6,0.5,4.4
2025-02-13,0.91,0.0,0.82,0.0,0.0,0.88,0.0,0.0,0.0,0.69,0.0,0.0,0.0,0.0,0.0,0.0,0.0,0.0,0.6,0.5,4.4
2025-02-12,0.91,0.0,0.82,0.0,0.0,0.9,0.0,0.0,0.0,0.69,0.0,0.0,0.0,0.0,0.0,0.0,0.0,0.0,0.6,0.0,3.92
2025-02-11,0.91,0.0,0.82,0.0,0.0,0.9,0.0,0.0,0.0,0.69,0.0,0.0,0.0,0.0,0.0,0.0,0.0,0.0,0.6,0.0,3.92
2025-02-10,0.91,0.0,0.82,0.0,0.0,0.9,0.0,0.0,0.0,0.69,0.0,0.0,0.0,0.0,0.0,0.0,0.0,0.0,0.6,0.0,3.92
2025-02-09,0.91,0.0,0.82,0.0,0.0,0.9,0.0,0.0,0.0,0.69,0.0,0.0,0.0,0.0,0.0,0.0,0.0,0.0,0.6,0.0,3.92
2025-02-08,0.91,0.0,0.82,0.0,0.0,0.9,0.0,0.0,0.0,0.69,0.0,0.0,0.0,0.0,0.0,0.0,0.0,0.0,0.6,0.0,3.92
2025-02-07,0.91,0.0,0.82,0.0,0.0,0.9,0.0,0.0,0.0,0.69,0.0,0.0,0.0,0.0,0.0,0.0,0.0,0.0,0.6,0.0,3.92
2025-02-06,0.91,0.0,0.82,0.0,0.0,0.9,0.0,0.0,0.0,0.69,0.0,0.0,0.0,0.0,0.0,0.0,0.0,0.0,0.6,0.0,3.92
2025-02-05,0.91,0.0,0.82,0.0,0.0,0.9,0.0,0.0,0.0,0.69,0.0,0.0,0.0,0.0,0.0,0.0,0.0,0.0,0.6,0.0,3.92
2025-02-04,0.91,0.0,0.82,0.0,0.0,0.9,0.0,0.0,0.0,0.69,0.0,0.0,0.0,0.0,0.0,0.0,0.0,0.0,0.6,0.0,3.92
2025-02-03,0.91,0.0,0.82,0.0,0.0,0.9,0.0,0.0,0.0,0.69,0.49,0.0,0.0,0.0,0.0,0.0,0.0,0.0,0.6,0.0,4.409999999999999
2025-02-02,0.91,0.0,0.82,0.0,0.0,0.9,0.0,0.0,0.0,0.69,0.49,0.0,0.0,0.0,0.0,0.0,0.0,0.0,0.6,0.0,4.409999999999999
2025-02-01,0.91,0.0,0.82,0.0,0.0,0.9,0.0,0.0,0.0,0.69,0.49,0.0,0.0,0.0,0.0,0.0,0.0,0.0,0.6,0.0,4.409999999999999
2025-01-31,0.91,0.0,0.82,0.0,0.0,0.9,0.0,0.0,0.0,0.69,0.49,0.0,0.0,0.0,0.0,0.0,0.0,0.0,0.6,0.0,4.409999999999999
2025-01-30,0.91,0.0,0.82,0.0,0.0,0.9,0.0,0.0,0.0,0.69,0.49,0.0,0.0,0.0,0.0,0.0,0.0,0.0,0.6,0.0,4.409999999999999
2025-01-29,0.91,0.0,0.82,0.0,0.0,0.9,0.0,0.0,0.0,0.69,0.5,0.0,0.0,0.0,0.0,0.0,0.0,0.0,0.6,0.0,4.42
2025-01-28,0.91,0.0,0.82,0.0,0.0,0.9,0.0,0.0,0.0,0.69,0.5,0.0,0.0,0.0,0.0,0.0,0.0,0.0,0.6,0.0,4.42
2025-01-27,0.91,0.0,0.82,0.0,0.0,0.9,0.0,0.0,0.0,0.69,0.5,0.0,0.0,0.0,0.0,0.0,0.0,0.0,0.6,0.0,4.42
2025-01-26,0.91,0.0,0.82,0.0,0.0,0.9,0.0,0.0,0.0,0.69,0.5,0.0,0.0,0.0,0.0,0.0,0.0,0.0,0.6,0.0,4.42
2025-01-25,0.91,0.0,0.82,0.0,0.0,0.9,0.0,0.0,0.0,0.69,0.5,0.0,0.0,0.0,0.0,0.0,0.0,0.0,0.6,0.0,4.42
2025-01-24,0.91,0.0,0.82,0.0,0.0,0.9,0.0,0.0,0.0,0.69,0.5,0.0,0.0,0.0,0.0,0.0,0.0,0.0,0.6,0.0,4.42
2025-01-23,0.91,0.0,0.82,0.0,0.0,0.9,0.0,0.0,0.0,0.69,0.5,0.0,0.0,0.0,0.0,0.0,0.0,0.0,0.6,0.0,4.42
2025-01-22,0.91,0.0,0.82,0.0,0.0,0.81,0.0,0.0,0.0,0.69,0.5,0.0,0.0,0.0,0.0,0.0,0.0,0.0,0.6,0.0,4.33
2025-01-21,0.91,0.0,0.82,0.0,0.0,0.81,0.0,0.0,0.0,0.69,0.5,0.0,0.0,0.0,0.0,0.0,0.0,0.0,0.6,0.0,4.33
2025-01-20,0.91,0.0,0.82,0.0,0.0,0.81,0.0,0.0,0.0,0.69,0.5,0.0,0.0,0.0,0.0,0.0,0.0,0.0,0.6,0.0,4.33
2025-01-19,0.91,0.0,0.82,0.0,0.0,0.81,0.0,0.0,0.0,0.69,0.5,0.0,0.0,0.0,0.0,0.0,0.0,0.0,0.6,0.0,4.33
2025-01-18,0.91,0.0,0.82,0.0,0.0,0.81,0.0,0.0,0.0,0.69,0.5,0.0,0.0,0.0,0.0,0.0,0.0,0.0,0.6,0.0,4.33
2025-01-17,0.91,0.0,0.82,0.0,0.0,0.81,0.0,0.0,0.0,0.69,0.5,0.0,0.0,0.0,0.0,0.0,0.0,0.0,0.6,0.0,4.33
2025-01-16,0.91,0.0,0.82,0.0,0.0,0.81,0.0,0.0,0.0,0.69,0.5,0.0,0.0,0.0,0.0,0.0,0.0,0.0,0.6,0.0,4.33
2025-01-15,0.91,0.0,0.82,0.0,0.0,0.81,0.0,0.0,0.0,0.69,0.5,0.0,0.0,0.0,0.0,0.0,0.0,0.0,0.5,0.0,4.23
2025-01-14,0.91,0.0,0.82,0.0,0.0,0.81,0.0,0.0,0.0,0.69,0.5,0.0,0.0,0.0,0.0,0.0,0.0,0.0,0.5,0.0,4.23
2025-01-13,0.91,0.0,0.82,0.0,0.0,0.81,0.0,0.0,0.0,0.69,0.5,0.0,0.0,0.0,0.0,0.0,0.0,0.0,0.5,0.0,4.23
2025-01-12,0.91,0.0,0.82,0.0,0.0,0.81,0.0,0.0,0.0,0.69,0.5,0.0,0.0,0.0,0.0,0.0,0.0,0.0,0.5,0.0,4.23
2025-01-11,0.91,0.49,0.82,0.0,0.0,0.81,0.0,0.0,0.0,0.69,0.5,0.0,0.0,0.0,0.0,0.0,0.0,0.0,0.5,0.0,4.72
2025-01-10,0.91,0.49,0.82,0.0,0.0,0.81,0.0,0.0,0.0,0.69,0.5,0.0,0.0,0.0,0.0,0.0,0.0,0.0,0.5,0.0,4.72
2025-01-09,0.91,0.49,0.82,0.0,0.0,0.81,0.0,0.0,0.0,0.69,0.5,0.0,0.0,0.0,0.0,0.0,0.0,0.0,0.5,0.0,4.72
2025-01-08,0.91,0.49,0.82,0.0,0.0,0.81,0.0,0.0,0.0,0.69,0.5,0.0,0.0,0.0,0.0,0.0,0.0,0.0,0.5,0.0,4.72
2025-01-07,0.91,0.49,0.82,0.0,0.0,0.81,0.0,0.0,0.0,0.69,0.5,0.0,0.0,0.0,0.0,0.0,0.0,0.0,0.5,0.0,4.72
2025-01-06,0.91,0.49,0.82,0.0,0.0,0.81,0.0,0.0,0.0,0.69,0.5,0.0,0.0,0.0,0.0,0.0,0.0,0.0,0.5,0.0,4.72
2025-01-05,0.91,0.49,0.82,0.0,0.0,0.81,0.0,0.0,0.0,0.69,0.49,0.0,0.0,0.0,0.0,0.0,0.0,0.0,0.5,0.0,4.71
2025-01-04,0.91,0.49,0.82,0.0,0.0,0.81,0.0,0.0,0.0,0.69,0.49,0.0,0.0,0.0,0.0,0.0,0.0,0.0,0.5,0.0,4.71
2025-01-03,0.91,0.49,0.82,0.0,0.0,0.81,0.0,0.0,0.0,0.69,0.49,0.0,0.0,0.0,0.0,0.0,0.0,0.0,0.5,0.0,4.71
2025-01-02,0.91,0.49,0.82,0.0,0.0,0.81,0.0,0.0,0.0,0.69,0.5,0.0,0.0,0.0,0.0,0.0,0.0,0.0,0.5,0.0,4.72
2025-01-01,0.91,0.49,0.82,0.0,0.0,0.81,0.0,0.0,0.0,0.69,0.5,0.0,0.0,0.0,0.0,0.0,0.0,0.0,0.5,0.0,4.72
2024-12-31,0.91,0.49,0.82,0.0,0.0,0.81,0.0,0.0,0.0,0.69,0.5,0.0,0.0,0.0,0.0,0.0,0.0,0.0,0.5,0.0,4.72
2024-12-30,0.91,0.49,0.82,0.0,0.0,0.81,0.0,0.0,0.0,0.69,0.5,0.0,0.0,0.0,0.0,0.0,0.0,0.0,0.5,0.0,4.72
2024-12-29,0.91,0.49,0.82,0.0,0.0,0.81,0.0,0.0,0.0,0.69,0.5,0.0,0.0,0.0,0.0,0.0,0.0,0.0,0.5,0.0,4.72
2024-12-28,0.91,0.49,0.82,0.0,0.0,0.81,0.0,0.0,0.0,0.69,0.5,0.0,0.0,0.0,0.0,0.0,0.0,0.0,0.5,0.0,4.72
2024-12-27,0.91,0.49,0.82,0.0,0.0,0.81,0.0,0.0,0.0,0.69,0.5,0.0,0.0,0.0,0.0,0.0,0.0,0.0,0.5,0.0,4.72
2024-12-26,0.91,0.49,0.82,0.0,0.0,0.81,0.0,0.0,0.0,0.69,0.5,0.0,0.0,0.0,0.0,0.0,0.0,0.0,0.5,0.0,4.72
2024-12-25,0.91,0.49,0.82,0.0,0.0,0.81,0.0,0.0,0.0,0.69,0.5,0.0,0.0,0.0,0.0,0.0,0.0,0.0,0.5,0.0,4.72
2024-12-24,0.91,0.49,0.82,0.0,0.0,0.81,0.0,0.0,0.0,0.69,0.5,0.0,0.0,0.0,0.0,0.0,0.0,0.0,0.5,0.0,4.72
2024-12-23,0.91,0.49,0.82,0.0,0.0,0.81,0.0,0.0,0.0,0.69,0.5,0.0,0.0,0.0,0.0,0.0,0.0,0.0,0.5,0.0,4.72
2024-12-22,0.91,0.49,0.82,0.0,0.0,0.81,0.0,0.0,0.0,0.69,0.5,0.0,0.0,0.0,0.0,0.0,0.0,0.0,0.5,0.0,4.72
2024-12-21,0.91,0.49,0.82,0.0,0.0,0.81,0.0,0.0,0.0,0.69,0.5,0.0,0.0,0.0,0.0,0.0,0.0,0.0,0.5,0.0,4.72
2024-12-20,0.91,0.49,0.82,0.0,0.0,0.81,0.0,0.0,0.0,0.69,0.5,0.0,0.0,0.0,0.0,0.0,0.0,0.0,0.5,0.0,4.72
2024-12-19,0.99,0.49,0.82,0.0,0.0,0.81,0.0,0.0,0.0,0.69,0.5,0.0,0.0,0.0,0.0,0.0,0.0,0.0,0.5,0.0,4.8
2024-12-18,0.99,0.49,0.82,0.0,0.0,0.7,0.0,0.0,0.0,0.69,0.5,0.0,0.0,0.0,0.0,0.0,0.0,0.0,0.0,0.0,4.1899999999999995
2024-12-17,1.0,0.49,0.82,0.0,0.0,0.7,0.0,0.0,0.0,0.69,0.5,0.0,0.0,0.0,0.0,0.0,0.0,0.0,0.0,0.0,4.199999999999999
2024-12-16,1.0,0.49,0.82,0.0,0.0,0.7,0.0,0.0,0.0,0.69,0.5,0.0,0.0,0.0,0.0,0.0,0.0,0.0,0.0,0.0,4.199999999999999
2024-12-15,1.0,0.49,0.82,0.0,0.0,0.7,0.0,0.0,0.0,0.69,0.5,0.0,0.0,0.0,0.0,0.0,0.0,0.0,0.0,0.0,4.199999999999999
2024-12-14,1.0,0.49,0.82,0.0,0.0,0.7,0.0,0.0,0.0,0.69,0.5,0.0,0.0,0.0,0.0,0.0,0.0,0.0,0.0,0.0,4.199999999999999
2024-12-13,1.0,0.49,0.82,0.0,0.0,0.7,0.0,0.0,0.0,0.69,0.5,0.0,0.0,0.0,0.0,0.0,0.0,0.0,0.0,0.0,4.199999999999999
2024-12-12,1.0,0.49,0.82,0.0,0.0,0.7,0.0,0.0,0.0,0.69,0.5,0.0,0.0,0.0,0.0,0.0,0.0,0.0,0.0,0.0,4.199999999999999
2024-12-11,1.0,0.49,0.82,0.0,0.0,0.7,0.0,0.0,0.0,0.69,0.5,0.0,0.0,0.0,0.0,0.0,0.0,0.0,0.0,0.0,4.199999999999999
2024-12-10,1.0,0.49,0.82,0.0,0.0,0.7,0.0,0.0,0.0,0.69,0.5,0.0,0.0,0.0,0.0,0.0,0.0,0.0,0.0,0.0,4.199999999999999
2024-12-09,1.0,0.49,0.82,0.0,0.0,0.7,0.0,0.0,0.0,0.69,0.5,0.0,0.0,0.0,0.0,0.0,0.0,0.0,0.0,0.0,4.199999999999999
2024-12-08,0.93,0.49,0.82,0.0,0.0,0.7,0.0,0.0,0.0,0.79,0.5,0.0,0.0,0.0,0.0,0.0,0.0,0.0,0.0,0.0,4.2299999999999995
2024-12-07,0.93,0.49,0.82,0.0,0.0,0.7,0.0,0.0,0.0,0.79,0.5,0.0,0.0,0.0,0.0,0.0,0.0,0.0,0.0,0.0,4.2299999999999995
2024-12-06,0.93,0.49,0.82,0.0,0.0,0.7,0.0,0.0,0.0,0.79,0.5,0.0,0.0,0.0,0.0,0.0,0.0,0.0,0.0,0.0,4.2299999999999995
2024-12-05,0.93,0.49,0.82,0.0,0.0,0.7,0.0,0.0,0.0,0.79,0.5,0.0,0.0,0.0,0.0,0.0,0.0,0.0,0.0,0.0,4.2299999999999995
2024-12-04,0.93,0.49,0.82,0.0,0.0,0.7,0.0,0.0,0.0,0.79,0.0,0.0,0.0,0.0,0.0,0.0,0.0,0.0,0.0,0.0,3.7299999999999995
2024-12-03,0.93,0.49,0.82,0.0,0.0,0.7,0.0,0.0,0.0,0.79,0.0,0.0,0.0,0.0,0.0,0.0,0.0,0.0,0.0,0.0,3.7299999999999995
2024-12-02,0.93,0.49,0.82,0.0,0.0,0.7,0.0,0.0,0.0,0.79,0.0,0.0,0.0,0.0,0.0,0.0,0.0,0.0,0.0,0.0,3.7299999999999995
2024-12-01,0.93,0.49,0.82,0.0,0.0,0.7,0.0,0.0,0.0,0.0,0.0,0.0,0.0,0.0,0.0,0.0,0.0,0.0,0.0,0.0,2.9399999999999995
2024-11-30,0.93,0.49,0.82,0.0,0.0,0.7,0.0,0.0,0.0,0.0,0.0,0.0,0.0,0.0,0.0,0.0,0.0,0.0,0.0,0.0,2.9399999999999995
2024-11-29,0.93,0.49,0.82,0.0,0.0,0.7,0.0,0.0,0.0,0.0,0.0,0.0,0.0,0.0,0.0,0.0,0.0,0.0,0.0,0.0,2.9399999999999995
2024-11-28,0.93,0.49,0.82,0.0,0.0,0.7,0.0,0.0,0.0,0.0,0.0,0.0,0.0,0.0,0.0,0.0,0.0,0.0,0.0,0.0,2.9399999999999995
2024-11-27,0.93,0.49,0.82,0.0,0.0,0.7,0.0,0.0,0.0,0.0,0.0,0.0,0.0,0.0,0.0,0.0,0.0,0.0,0.0,0.0,2.9399999999999995
2024-11-26,0.81,0.49,0.82,0.0,0.0,0.7,0.0,0.0,0.0,0.0,0.0,0.0,0.0,0.0,0.0,0.0,0.0,0.0,0.0,0.0,2.8200000000000003
2024-11-25,0.81,0.49,0.82,0.0,0.0,0.7,0.0,0.0,0.0,0.0,0.0,0.0,0.0,0.0,0.0,0.0,0.0,0.0,0.0,0.0,2.8200000000000003
2024-11-24,0.81,0.49,0.82,0.0,0.0,0.7,0.0,0.0,0.0,0.0,0.0,0.0,0.0,0.0,0.0,0.0,0.0,0.0,0.0,0.0,2.8200000000000003
2024-11-23,0.81,0.49,0.82,0.0,0.0,0.7,0.0,0.0,0.0,0.82,0.0,0.0,0.0,0.0,0.0,0.0,0.0,0.0,0.0,0.0,3.64
2024-11-22,0.81,0.49,0.82,0.0,0.0,0.7,0.0,0.0,0.0,0.82,0.0,0.0,0.0,0.0,0.0,0.0,0.0,0.0,0.0,0.0,3.64
2024-11-21,0.81,0.49,0.82,0.0,0.0,0.7,0.0,0.0,0.0,0.82,0.0,0.0,0.0,0.0,0.0,0.0,0.0,0.0,0.0,0.0,3.64
2024-11-20,0.81,0.49,0.82,0.0,0.0,0.7,0.0,0.0,0.0,0.82,0.0,0.0,0.0,0.0,0.0,0.0,0.0,0.0,0.0,0.0,3.64
2024-11-19,0.81,0.49,0.82,0.0,0.0,0.7,0.0,0.0,0.0,0.82,0.0,0.0,0.0,0.0,0.0,0.0,0.0,0.0,0.0,0.0,3.64
2024-11-18,0.81,0.49,0.82,0.0,0.0,0.6,0.0,0.0,0.0,0.82,0.0,0.0,0.0,0.0,0.0,0.0,0.0,0.0,0.0,0.0,3.54
2024-11-17,0.81,0.49,0.82,0.0,0.0,0.6,0.0,0.0,0.0,0.82,0.0,0.0,0.0,0.0,0.0,0.0,0.0,0.0,0.0,0.0,3.54
2024-11-16,0.81,0.49,0.82,0.0,0.0,0.6,0.0,0.0,0.0,0.82,0.0,0.0,0.0,0.0,0.0,0.0,0.0,0.0,0.0,0.0,3.54
2024-11-15,0.81,0.49,0.82,0.0,0.0,0.6,0.0,0.0,0.0,0.82,0.0,0.0,0.0,0.0,0.0,0.0,0.0,0.0,0.0,0.0,3.54
2024-11-14,0.81,0.49,0.71,0.0,0.0,0.6,0.0,0.0,0.0,0.82,0.0,0.0,0.0,0.0,0.0,0.0,0.0,0.0,0.0,0.0,3.4299999999999997
2024-11-13,0.81,0.49,0.71,0.0,0.0,0.6,0.0,0.0,0.0,0.82,0.0,0.0,0.0,0.0,0.0,0.0,0.0,0.0,0.0,0.0,3.4299999999999997
2024-11-12,0.7,0.49,0.71,0.0,0.0,0.6,0.0,0.0,0.0,0.82,0.0,0.0,0.0,0.0,0.0,0.0,0.0,0.0,0.0,0.0,3.32
2024-11-11,0.7,0.49,0.71,0.0,0.0,0.6,0.0,0.0,0.0,0.82,0.0,0.0,0.0,0.0,0.0,0.0,0.0,0.0,0.0,0.0,3.32
2024-11-10,0.7,0.49,0.71,0.0,0.0,0.6,0.0,0.0,0.0,0.82,0.0,0.0,0.0,0.0,0.0,0.0,0.0,0.0,0.0,0.0,3.32
2024-11-09,0.7,0.49,0.71,0.0,0.0,0.6,0.0,0.0,0.0,0.82,0.0,0.0,0.0,0.0,0.0,0.0,0.0,0.0,0.0,0.0,3.32
2024-11-08,0.7,0.49,0.71,0.0,0.0,0.6,0.0,0.0,0.0,0.82,0.0,0.0,0.0,0.0,0.0,0.0,0.0,0.0,0.0,0.0,3.32
2024-11-07,0.7,0.49,0.71,0.0,0.0,0.6,0.0,0.0,0.0,0.82,0.0,0.0,0.0,0.0,0.0,0.0,0.0,0.0,0.0,0.0,3.32
2024-11-06,0.7,0.49,0.71,0.0,0.0,0.51,0.0,0.0,0.0,0.82,0.0,0.0,0.0,0.0,0.0,0.0,0.0,0.0,0.0,0.0,3.23
2024-11-05,0.7,0.49,0.71,0.0,0.0,0.51,0.0,0.0,0.0,0.82,0.0,0.0,0.0,0.0,0.0,0.0,0.0,0.0,0.0,0.0,3.23
2024-11-04,0.6,0.49,0.6,0.0,0.0,0.51,0.0,0.0,0.0,0.82,0.0,0.0,0.0,0.0,0.0,0.0,0.0,0.0,0.0,0.0,3.02
2024-11-03,0.6,0.49,0.6,0.0,0.0,0.51,0.0,0.0,0.0,0.82,0.0,0.0,0.0,0.0,0.0,0.0,0.0,0.0,0.0,0.0,3.02
2024-11-02,0.6,0.49,0.6,0.0,0.0,0.51,0.0,0.0,0.0,0.82,0.0,0.0,0.0,0.0,0.0,0.0,0.0,0.0,0.0,0.0,3.02
2024-11-01,0.6,0.49,0.6,0.0,0.0,0.51,0.0,0.0,0.0,0.82,0.0,0.0,0.0,0.0,0.0,0.0,0.0,0.0,0.0,0.0,3.02
2024-10-31,0.6,0.49,0.6,0.0,0.0,0.51,0.0,0.0,0.0,0.82,0.0,0.0,0.0,0.0,0.0,0.0,0.0,0.0,0.0,0.0,3.02
2024-10-30,0.6,0.49,0.6,0.0,0.0,0.51,0.0,0.0,0.0,0.82,0.0,0.0,0.0,0.0,0.0,0.0,0.0,0.0,0.0,0.0,3.02
2024-10-29,0.6,0.49,0.6,0.0,0.0,0.51,0.0,0.0,0.0,0.82,0.0,0.0,0.0,0.0,0.0,0.0,0.0,0.0,0.0,0.0,3.02
2024-10-28,0.6,0.49,0.6,0.0,0.0,0.0,0.0,0.0,0.0,0.82,0.0,0.0,0.0,0.0,0.0,0.0,0.0,0.0,0.0,0.0,2.51
2024-10-27,0.6,0.49,0.6,0.0,0.0,0.0,0.0,0.0,0.0,0.82,0.0,0.0,0.0,0.0,0.0,0.0,0.0,0.0,0.0,0.0,2.51
2024-10-26,0.6,0.49,0.6,0.0,0.0,0.0,0.0,0.0,0.0,0.82,0.0,0.0,0.0,0.0,0.0,0.0,0.0,0.0,0.0,0.0,2.51
2024-10-25,0.6,0.49,0.6,0.0,0.0,0.0,0.0,0.0,0.0,0.82,0.0,0.0,0.0,0.0,0.0,0.0,0.0,0.0,0.0,0.0,2.51
2024-10-24,0.6,0.49,0.6,0.0,0.0,0.0,0.0,0.0,0.0,0.82,0.0,0.0,0.0,0.0,0.0,0.0,0.0,0.0,0.0,0.0,2.51
2024-10-23,0.6,0.49,0.5,0.0,0.0,0.0,0.0,0.0,0.0,0.82,0.0,0.0,0.0,0.0,0.0,0.0,0.0,0.0,0.0,0.0,2.4099999999999997
2024-10-22,0.6,0.49,0.5,0.0,0.0,0.0,0.0,0.0,0.0,0.82,0.0,0.0,0.0,0.0,0.0,0.0,0.0,0.0,0.0,0.0,2.4099999999999997
2024-10-21,0.6,0.49,0.5,0.0,0.0,0.0,0.0,0.0,0.0,0.82,0.0,0.0,0.0,0.0,0.0,0.0,0.0,0.0,0.0,0.0,2.4099999999999997
2024-10-20,0.6,0.49,0.5,0.0,0.0,0.0,0.0,0.0,0.0,0.82,0.0,0.0,0.0,0.0,0.0,0.0,0.0,0.0,0.0,0.0,2.4099999999999997
2024-10-19,0.6,0.49,0.5,0.0,0.0,0.0,0.0,0.0,0.0,0.82,0.0,0.0,0.0,0.0,0.0,0.0,0.0,0.0,0.0,0.0,2.4099999999999997
2024-10-18,0.6,0.49,0.5,0.0,0.0,0.0,0.0,0.0,0.0,0.82,0.0,0.0,0.0,0.0,0.0,0.0,0.0,0.0,0.0,0.0,2.4099999999999997
2024-10-17,0.6,0.49,0.5,0.0,0.0,0.0,0.0,0.0,0.0,0.82,0.0,0.0,0.0,0.0,0.0,0.0,0.0,0.0,0.0,0.0,2.4099999999999997
2024-10-16,0.6,0.49,0.5,0.0,0.0,0.0,0.0,0.0,0.0,0.82,0.0,0.0,0.0,0.0,0.0,0.0,0.0,0.0,0.0,0.0,2.4099999999999997
2024-10-15,0.51,0.49,0.5,0.0,0.0,0.0,0.0,0.0,0.0,0.82,0.0,0.0,0.0,0.0,0.0,0.0,0.0,0.0,0.0,0.0,2.32
2024-10-14,0.51,0.49,0.5,0.0,0.0,0.0,0.0,0.0,0.0,0.82,0.0,0.0,0.0,0.0,0.0,0.0,0.0,0.0,0.0,0.0,2.32
2024-10-13,0.51,0.49,0.5,0.0,0.0,0.0,0.0,0.0,0.0,0.82,0.0,0.0,0.0,0.0,0.0,0.0,0.0,0.0,0.0,0.0,2.32
2024-10-12,0.51,0.49,0.5,0.0,0.0,0.0,0.0,0.0,0.0,0.82,0.0,0.0,0.0,0.0,0.0,0.0,0.0,0.0,0.0,0.0,2.32
2024-10-11,0.51,0.49,0.5,0.0,0.0,0.0,0.0,0.0,0.0,0.82,0.0,0.0,0.0,0.0,0.0,0.0,0.0,0.0,0.0,0.0,2.32
2024-10-10,0.51,0.49,0.5,0.0,0.0,0.0,0.0,0.0,0.0,0.82,0.0,0.0,0.0,0.0,0.0,0.0,0.0,0.0,0.0,0.0,2.32
2024-10-09,0.51,0.49,0.5,0.0,0.0,0.0,0.0,0.0,0.0,0.82,0.0,0.0,0.0,0.0,0.0,0.0,0.0,0.0,0.0,0.0,2.32
2024-10-08,0.51,0.49,0.0,0.0,0.0,0.0,0.0,0.0,0.0,0.82,0.0,0.0,0.0,0.0,0.0,0.0,0.0,0.0,0.0,0.0,1.8199999999999998
2024-10-07,0.51,0.49,0.0,0.0,0.0,0.0,0.0,0.0,0.0,0.82,0.0,0.0,0.0,0.0,0.0,0.0,0.0,0.0,0.0,0.0,1.8199999999999998
2024-10-06,0.0,0.49,0.0,0.0,0.0,0.0,0.0,0.0,0.0,0.82,0.0,0.0,0.0,0.0,0.0,0.0,0.0,0.0,0.0,0.0,1.31
2024-10-05,0.0,0.49,0.0,0.0,0.0,0.0,0.0,0.0,0.0,0.82,0.0,0.0,0.0,0.0,0.0,0.0,0.0,0.0,0.0,0.0,1.31
2024-10-04,0.0,0.49,0.0,0.0,0.0,0.0,0.0,0.0,0.0,0.82,0.0,0.0,0.0,0.0,0.0,0.0,0.0,0.0,0.0,0.0,1.31
2024-10-03,0.0,0.49,0.0,0.0,0.0,0.0,0.0,0.0,0.0,0.82,0.0,0.0,0.0,0.0,0.0,0.0,0.0,0.0,0.0,0.0,1.31
2024-10-02,0.0,0.49,0.0,0.0,0.0,0.0,0.0,0.0,0.0,0.82,0.0,0.0,0.0,0.0,0.0,0.0,0.0,0.0,0.0,0.0,1.31
2024-10-01,0.0,0.49,0.0,0.0,0.0,0.0,0.0,0.0,0.0,0.82,0.0,0.0,0.0,0.0,0.0,0.0,0.0,0.0,0.0,0.0,1.31
2024-09-30,0.0,0.49,0.0,0.0,0.0,0.0,0.0,0.0,0.0,0.82,0.0,0.0,0.0,0.0,0.0,0.0,0.0,0.0,0.0,0.0,1.31
2024-09-29,0.0,0.49,0.0,0.0,0.0,0.0,0.0,0.0,0.0,0.82,0.0,0.0,0.0,0.0,0.0,0.0,0.0,0.0,0.0,0.0,1.31
2024-09-28,0.0,0.49,0.0,0.0,0.0,0.0,0.0,0.0,0.0,0.82,0.0,0.0,0.0,0.0,0.0,0.0,0.0,0.0,0.0,0.0,1.31
2024-09-27,0.0,0.49,0.0,0.0,0.0,0.0,0.0,0.0,0.0,0.82,0.0,0.0,0.0,0.0,0.0,0.0,0.0,0.0,0.0,0.0,1.31
2024-09-26,0.0,0.49,0.48,0.0,0.0,0.0,0.0,0.0,0.0,0.82,0.0,0.0,0.0,0.0,0.0,0.0,0.0,0.0,0.0,0.0,1.79
2024-09-25,0.0,0.49,0.48,0.0,0.0,0.0,0.0,0.0,0.0,0.82,0.0,0.0,0.0,0.0,0.0,0.0,0.0,0.0,0.0,0.0,1.79
2024-09-24,0.0,0.49,0.48,0.0,0.0,0.0,0.0,0.0,0.0,0.82,0.0,0.0,0.0,0.0,0.0,0.0,0.0,0.0,0.0,0.0,1.79
2024-09-23,0.0,0.49,0.48,0.0,0.0,0.0,0.0,0.0,0.0,0.82,0.0,0.0,0.0,0.0,0.0,0.0,0.0,0.0,0.0,0.0,1.79
2024-09-22,0.0,0.49,0.48,0.0,0.0,0.0,0.0,0.0,0.0,0.82,0.0,0.0,0.0,0.0,0.0,0.0,0.0,0.0,0.0,0.0,1.79
2024-09-21,0.0,0.49,0.48,0.0,0.0,0.0,0.0,0.0,0.0,0.82,0.0,0.0,0.0,0.0,0.0,0.0,0.0,0.0,0.0,0.0,1.79
2024-09-20,0.0,0.49,0.48,0.0,0.0,0.0,0.0,0.0,0.0,0.82,0.0,0.0,0.0,0.0,0.0,0.0,0.0,0.0,0.0,0.0,1.79
2024-09-19,0.0,0.49,0.48,0.0,0.0,0.0,0.0,0.0,0.0,0.82,0.0,0.0,0.0,0.0,0.0,0.0,0.0,0.0,0.0,0.0,1.79
2024-09-18,0.0,0.49,0.48,0.0,0.0,0.0,0.0,0.0,0.0,0.82,0.0,0.0,0.0,0.0,0.0,0.0,0.0,0.0,0.0,0.0,1.79
2024-09-17,0.0,0.49,0.48,0.0,0.0,0.0,0.0,0.0,0.0,0.82,0.0,0.0,0.0,0.0,0.0,0.0,0.0,0.0,0.0,0.0,1.79
2024-09-16,0.0,0.49,0.48,0.0,0.0,0.0,0.0,0.0,0.0,0.82,0.0,0.0,0.0,0.0,0.0,0.0,0.0,0.0,0.0,0.0,1.79
2024-09-15,0.0,0.49,0.48,0.0,0.0,0.0,0.0,0.0,0.0,0.82,0.0,0.0,0.0,0.0,0.0,0.0,0.0,0.0,0.0,0.0,1.79
2024-09-14,0.0,0.49,0.48,0.0,0.0,0.0,0.0,0.0,0.0,0.82,0.0,0.0,0.0,0.0,0.0,0.0,0.0,0.0,0.0,0.0,1.79
2024-09-13,0.0,0.49,0.48,0.0,0.0,0.0,0.0,0.0,0.0,0.82,0.0,0.0,0.0,0.0,0.0,0.0,0.0,0.0,0.0,0.0,1.79
2024-09-12,0.0,0.49,0.48,0.0,0.0,0.0,0.0,0.0,0.0,0.82,0.0,0.0,0.0,0.0,0.0,0.0,0.0,0.0,0.0,0.0,1.79
2024-09-11,0.0,0.49,0.48,0.0,0.0,0.0,0.0,0.0,0.0,0.82,0.0,0.0,0.0,0.0,0.0,0.0,0.0,0.0,0.0,0.0,1.79
2024-09-10,0.0,0.59,0.48,0.0,0.0,0.0,0.0,0.0,0.0,0.82,0.0,0.0,0.0,0.0,0.0,0.0,0.0,0.0,0.0,0.0,1.8899999999999997
2024-09-09,0.0,0.59,0.48,0.0,0.0,0.0,0.0,0.0,0.0,0.82,0.0,0.0,0.0,0.0,0.0,0.0,0.0,0.0,0.0,0.0,1.8899999999999997
2024-09-08,0.0,0.59,0.48,0.0,0.0,0.0,0.0,0.0,0.0,0.82,0.0,0.0,0.0,0.0,0.0,0.0,0.0,0.0,0.0,0.0,1.8899999999999997
2024-09-07,0.0,0.59,0.48,0.0,0.0,0.0,0.0,0.0,0.0,0.82,0.0,0.0,0.0,0.0,0.0,0.0,0.0,0.0,0.0,0.0,1.8899999999999997
2024-09-06,0.0,0.59,0.48,0.0,0.0,0.0,0.0,0.0,0.0,0.82,0.0,0.0,0.0,0.0,0.0,0.0,0.0,0.0,0.0,0.0,1.8899999999999997
2024-09-05,0.0,0.59,0.48,0.0,0.0,0.0,0.0,0.0,0.0,0.82,0.0,0.0,0.0,0.0,0.0,0.0,0.0,0.0,0.0,0.0,1.8899999999999997
2024-09-04,0.0,0.59,0.48,0.0,0.0,0.0,0.0,0.0,0.0,0.82,0.0,0.0,0.0,0.0,0.0,0.0,0.0,0.0,0.0,0.0,1.8899999999999997
2024-09-03,0.0,0.59,0.48,0.0,0.0,0.0,0.0,0.0,0.0,0.82,0.0,0.0,0.0,0.0,0.0,0.0,0.0,0.0,0.0,0.0,1.8899999999999997
2024-09-02,0.0,0.59,0.48,0.0,0.0,0.0,0.0,0.0,0.0,0.82,0.0,0.0,0.0,0.0,0.0,0.0,0.0,0.0,0.0,0.0,1.8899999999999997
2024-09-01,0.0,0.59,0.48,0.0,0.0,0.0,0.0,0.0,0.0,0.82,0.0,0.0,0.0,0.0,0.0,0.0,0.0,0.0,0.0,0.0,1.8899999999999997
2024-08-31,0.0,0.59,0.48,0.0,0.0,0.0,0.0,0.0,0.0,0.82,0.0,0.0,0.0,0.0,0.0,0.0,0.0,0.0,0.0,0.0,1.8899999999999997
2024-08-30,0.0,0.59,0.48,0.0,0.0,0.0,0.0,0.0,0.0,0.82,0.0,0.0,0.0,0.0,0.0,0.0,0.0,0.0,0.0,0.0,1.8899999999999997
2024-08-29,0.0,0.59,0.48,0.0,0.0,0.0,0.0,0.0,0.0,0.82,0.0,0.0,0.0,0.0,0.0,0.0,0.0,0.0,0.0,0.0,1.8899999999999997
2024-08-28,0.0,0.59,0.48,0.0,0.0,0.0,0.0,0.0,0.0,0.82,0.0,0.0,0.0,0.0,0.0,0.0,0.0,0.0,0.0,0.0,1.8899999999999997
2024-08-27,0.0,0.59,0.48,0.0,0.0,0.0,0.0,0.0,0.0,0.82,0.0,0.0,0.0,0.0,0.0,0.0,0.0,0.0,0.0,0.0,1.8899999999999997
2024-08-26,0.0,0.59,0.48,0.0,0.0,0.0,0.0,0.0,0.0,0.82,0.0,0.0,0.0,0.0,0.0,0.0,0.0,0.0,0.0,0.0,1.8899999999999997
2024-08-25,0.0,0.59,0.48,0.0,0.0,0.0,0.0,0.0,0.0,0.82,0.0,0.0,0.0,0.0,0.0,0.0,0.0,0.0,0.0,0.0,1.8899999999999997
2024-08-24,0.0,0.59,0.48,0.0,0.0,0.0,0.0,0.0,0.0,0.82,0.0,0.0,0.0,0.0,0.0,0.0,0.0,0.0,0.0,0.0,1.8899999999999997
2024-08-23,0.0,0.59,0.48,0.0,0.0,0.0,0.0,0.0,0.0,0.82,0.0,0.0,0.0,0.0,0.0,0.0,0.0,0.0,0.0,0.0,1.8899999999999997
2024-08-22,0.0,0.59,0.48,0.0,0.0,0.0,0.0,0.0,0.0,0.82,0.0,0.0,0.0,0.0,0.0,0.0,0.0,0.0,0.0,0.0,1.8899999999999997
2024-08-21,0.0,0.59,0.48,0.0,0.0,0.0,0.0,0.0,0.0,0.82,0.0,0.0,0.0,0.0,0.0,0.0,0.0,0.0,0.0,0.0,1.8899999999999997
2024-08-20,0.0,0.59,0.48,0.0,0.0,0.0,0.0,0.0,0.0,0.82,0.0,0.0,0.0,0.0,0.0,0.0,0.0,0.0,0.0,0.0,1.8899999999999997
2024-08-19,0.0,0.59,0.48,0.0,0.0,0.0,0.0,0.0,0.0,0.82,0.0,0.0,0.0,0.0,0.0,0.0,0.0,0.0,0.0,0.0,1.8899999999999997
2024-08-18,0.0,0.59,0.48,0.0,0.0,0.0,0.0,0.0,0.0,0.82,0.0,0.0,0.0,0.0,0.0,0.0,0.0,0.0,0.0,0.0,1.8899999999999997
2024-08-17,0.0,0.59,0.48,0.0,0.0,0.0,0.0,0.0,0.0,0.82,0.0,0.0,0.0,0.0,0.0,0.0,0.0,0.0,0.0,0.0,1.8899999999999997
2024-08-16,0.0,0.59,0.48,0.0,0.0,0.0,0.0,0.0,0.0,0.82,0.0,0.0,0.0,0.0,0.0,0.0,0.0,0.0,0.0,0.0,1.8899999999999997
2024-08-15,0.0,0.59,0.48,0.0,0.0,0.0,0.0,0.0,0.0,0.82,0.0,0.0,0.0,0.0,0.0,0.0,0.0,0.0,0.0,0.0,1.8899999999999997
2024-08-14,0.0,0.59,0.48,0.0,0.0,0.0,0.0,0.0,0.0,0.82,0.0,0.0,0.0,0.0,0.0,0.0,0.0,0.0,0.0,0.0,1.8899999999999997
2024-08-13,0.0,0.59,0.48,0.0,0.0,0.0,0.0,0.0,0.0,0.82,0.0,0.0,0.0,0.0,0.0,0.0,0.0,0.0,0.0,0.0,1.8899999999999997
2024-08-12,0.0,0.59,0.48,0.0,0.0,0.0,0.0,0.0,0.0,0.82,0.0,0.0,0.0,0.0,0.0,0.0,0.0,0.0,0.0,0.0,1.8899999999999997
2024-08-11,0.0,0.59,0.48,0.0,0.0,0.0,0.0,0.0,0.0,0.82,0.0,0.0,0.0,0.0,0.0,0.0,0.0,0.0,0.0,0.0,1.8899999999999997
2024-08-10,0.0,0.59,0.48,0.0,0.0,0.0,0.0,0.0,0.0,0.82,0.0,0.0,0.0,0.0,0.0,0.0,0.0,0.0,0.0,0.0,1.8899999999999997
2024-08-09,0.0,0.59,0.48,0.0,0.0,0.0,0.0,0.0,0.0,0.82,0.0,0.0,0.0,0.0,0.0,0.0,0.0,0.0,0.0,0.0,1.8899999999999997
2024-08-08,0.0,0.59,0.48,0.0,0.0,0.0,0.0,0.0,0.0,0.82,0.0,0.0,0.0,0.0,0.0,0.0,0.0,0.0,0.0,0.0,1.8899999999999997
2024-08-07,0.0,0.59,0.48,0.0,0.0,0.0,0.0,0.0,0.0,0.82,0.0,0.0,0.0,0.0,0.0,0.0,0.0,0.0,0.0,0.0,1.8899999999999997
2024-08-06,0.0,0.59,0.48,0.0,0.0,0.0,0.0,0.0,0.0,0.82,0.0,0.0,0.0,0.0,0.0,0.0,0.0,0.0,0.0,0.0,1.8899999999999997
2024-08-05,0.0,0.59,0.48,0.0,0.0,0.0,0.0,0.0,0.0,0.82,0.0,0.0,0.0,0.0,0.0,0.0,0.0,0.0,0.0,0.0,1.8899999999999997
2024-08-04,0.0,0.59,0.48,0.0,0.0,0.0,0.0,0.0,0.0,0.82,0.0,0.0,0.0,0.0,0.0,0.0,0.0,0.0,0.0,0.0,1.8899999999999997
2024-08-03,0.0,0.59,0.48,0.0,0.0,0.0,0.0,0.0,0.0,0.82,0.0,0.0,0.0,0.0,0.0,0.0,0.0,0.0,0.0,0.0,1.8899999999999997
2024-08-02,0.0,0.59,0.48,0.0,0.0,0.0,0.0,0.0,0.0,0.82,0.0,0.0,0.0,0.0,0.0,0.0,0.0,0.0,0.0,0.0,1.8899999999999997
2024-08-01,0.0,0.59,0.48,0.0,0.0,0.0,0.0,0.0,0.0,0.82,0.0,0.0,0.0,0.0,0.0,0.0,0.0,0.0,0.0,0.0,1.8899999999999997
2024-07-31,0.0,0.59,0.48,0.0,0.0,0.0,0.0,0.0,0.0,0.82,0.0,0.0,0.0,0.0,0.0,0.0,0.0,0.0,0.0,0.0,1.8899999999999997
2024-07-30,0.0,0.59,0.48,0.0,0.0,0.0,0.0,0.0,0.0,0.82,0.0,0.0,0.0,0.0,0.0,0.0,0.0,0.0,0.0,0.0,1.8899999999999997
2024-07-29,0.0,0.59,0.48,0.0,0.0,0.0,0.0,0.0,0.0,0.82,0.0,0.0,0.0,0.0,0.0,0.0,0.0,0.0,0.0,0.0,1.8899999999999997
2024-07-28,0.0,0.59,0.48,0.0,0.0,0.0,0.0,0.0,0.0,0.82,0.0,0.0,0.0,0.0,0.0,0.0,0.0,0.0,0.0,0.0,1.8899999999999997
2024-07-27,0.0,0.59,0.48,0.0,0.0,0.0,0.0,0.0,0.0,0.82,0.0,0.0,0.0,0.0,0.0,0.0,0.0,0.0,0.0,0.0,1.8899999999999997
2024-07-26,0.0,0.59,0.48,0.0,0.0,0.0,0.0,0.0,0.0,0.82,0.0,0.0,0.0,0.0,0.0,0.0,0.0,0.0,0.0,0.0,1.8899999999999997
2024-07-25,0.0,0.59,0.48,0.0,0.0,0.0,0.0,0.0,0.0,0.82,0.0,0.0,0.0,0.0,0.0,0.0,0.0,0.0,0.0,0.0,1.8899999999999997
2024-07-24,0.0,0.59,0.48,0.0,0.0,0.0,0.0,0.0,0.0,0.82,0.0,0.0,0.0,0.0,0.0,0.0,0.0,0.0,0.0,0.0,1.8899999999999997
2024-07-23,0.0,0.59,0.48,0.0,0.0,0.0,0.0,0.0,0.0,0.71,0.0,0.0,0.0,0.0,0.0,0.0,0.0,0.0,0.0,0.0,1.7799999999999998
2024-07-22,0.0,0.59,0.48,0.0,0.0,0.0,0.0,0.0,0.0,0.71,0.0,0.0,0.0,0.0,0.0,0.0,0.0,0.0,0.0,0.0,1.7799999999999998
2024-07-21,0.0,0.59,0.48,0.0,0.0,0.0,0.0,0.0,0.0,0.71,0.0,0.0,0.0,0.0,0.0,0.0,0.0,0.0,0.0,0.0,1.7799999999999998
2024-07-20,0.0,0.59,0.48,0.0,0.0,0.0,0.0,0.0,0.0,0.71,0.0,0.0,0.0,0.0,0.0,0.0,0.0,0.0,0.0,0.0,1.7799999999999998
2024-07-19,0.0,0.59,0.48,0.0,0.0,0.0,0.0,0.0,0.0,0.71,0.0,0.0,0.0,0.0,0.0,0.0,0.0,0.0,0.0,0.0,1.7799999999999998
2024-07-18,0.0,0.59,0.48,0.0,0.0,0.0,0.0,0.0,0.0,0.71,0.0,0.0,0.0,0.0,0.0,0.0,0.0,0.0,0.0,0.0,1.7799999999999998
2024-07-17,0.0,0.59,0.48,0.0,0.0,0.0,0.0,0.0,0.0,0.71,0.0,0.0,0.0,0.0,0.0,0.0,0.0,0.0,0.0,0.0,1.7799999999999998
2024-07-16,0.0,0.59,0.48,0.0,0.0,0.0,0.0,0.0,0.0,0.71,0.0,0.0,0.0,0.0,0.0,0.0,0.0,0.0,0.0,0.0,1.7799999999999998
2024-07-15,0.0,0.59,0.48,0.0,0.0,0.0,0.0,0.0,0.0,0.71,0.0,0.0,0.0,0.0,0.0,0.0,0.0,0.0,0.0,0.0,1.7799999999999998
2024-07-14,0.0,0.59,0.48,0.0,0.0,0.0,0.0,0.0,0.0,0.71,0.0,0.0,0.0,0.0,0.0,0.0,0.0,0.0,0.0,0.0,1.7799999999999998
2024-07-13,0.0,0.59,0.48,0.0,0.0,0.0,0.0,0.0,0.0,0.71,0.0,0.0,0.0,0.0,0.0,0.0,0.0,0.0,0.0,0.0,1.7799999999999998
2024-07-12,0.0,0.59,0.48,0.0,0.0,0.0,0.0,0.0,0.0,0.71,0.0,0.0,0.0,0.0,0.0,0.0,0.0,0.0,0.0,0.0,1.7799999999999998
2024-07-11,0.0,0.59,0.48,0.0,0.0,0.0,0.0,0.0,0.0,0.71,0.0,0.0,0.0,0.0,0.0,0.0,0.0,0.0,0.0,0.0,1.7799999999999998
2024-07-10,0.0,0.59,0.48,0.0,0.0,0.0,0.0,0.0,0.0,0.6,0.0,0.0,0.0,0.0,0.0,0.0,0.0,0.0,0.0,0.0,1.67
2024-07-09,0.0,0.59,0.48,0.0,0.0,0.0,0.0,0.0,0.0,0.6,0.0,0.0,0.0,0.0,0.0,0.0,0.0,0.0,0.0,0.0,1.67
2024-07-08,0.0,0.59,0.48,0.0,0.0,0.0,0.0,0.0,0.0,0.6,0.0,0.0,0.0,0.0,0.0,0.0,0.0,0.0,0.0,0.0,1.67
2024-07-07,0.0,0.59,0.48,0.0,0.0,0.0,0.0,0.0,0.0,0.6,0.0,0.0,0.0,0.0,0.0,0.0,0.0,0.0,0.0,0.0,1.67
2024-07-06,0.0,0.59,0.48,0.0,0.0,0.0,0.0,0.0,0.0,0.6,0.0,0.0,0.0,0.0,0.0,0.0,0.0,0.0,0.0,0.0,1.67
2024-07-05,0.0,0.59,0.48,0.0,0.0,0.0,0.0,0.0,0.0,0.6,0.0,0.0,0.0,0.0,0.0,0.0,0.0,0.0,0.0,0.0,1.67
2024-07-04,0.0,0.59,0.48,0.0,0.0,0.0,0.0,0.0,0.0,0.6,0.0,0.0,0.0,0.0,0.0,0.0,0.0,0.0,0.0,0.0,1.67
2024-07-03,0.0,0.59,0.48,0.0,0.0,0.0,0.0,0.0,0.0,0.6,0.0,0.0,0.0,0.0,0.0,0.0,0.0,0.0,0.0,0.0,1.67
2024-07-02,0.0,0.59,0.48,0.0,0.0,0.0,0.0,0.0,0.0,0.6,0.0,0.0,0.0,0.0,0.0,0.0,0.0,0.0,0.0,0.0,1.67
2024-07-01,0.0,0.59,0.48,0.0,0.0,0.0,0.0,0.0,0.0,0.6,0.0,0.0,0.0,0.0,0.0,0.0,0.0,0.0,0.0,0.0,1.67
2024-06-30,0.0,0.59,0.48,0.0,0.0,0.0,0.0,0.0,0.0,0.6,0.0,0.0,0.0,0.0,0.0,0.0,0.0,0.0,0.0,0.0,1.67
2024-06-29,0.0,0.59,0.48,0.0,0.0,0.0,0.0,0.0,0.0,0.6,0.0,0.0,0.0,0.0,0.0,0.0,0.0,0.0,0.0,0.0,1.67
2024-06-28,0.0,0.59,0.48,0.0,0.0,0.0,0.0,0.0,0.0,0.6,0.0,0.0,0.0,0.0,0.0,0.0,0.0,0.0,0.0,0.0,1.67
2024-06-27,0.0,0.59,0.48,0.0,0.0,0.0,0.0,0.0,0.0,0.6,0.0,0.0,0.0,0.0,0.0,0.0,0.0,0.0,0.0,0.0,1.67
2024-06-26,0.0,0.59,0.48,0.0,0.0,0.0,0.0,0.0,0.0,0.6,0.0,0.0,0.0,0.0,0.0,0.0,0.0,0.0,0.0,0.0,1.67
2024-06-25,0.0,0.59,0.48,0.0,0.0,0.0,0.0,0.0,0.0,0.6,0.0,0.0,0.0,0.0,0.0,0.0,0.0,0.0,0.0,0.0,1.67
2024-06-24,0.0,0.59,0.48,0.0,0.0,0.0,0.0,0.0,0.0,0.6,0.0,0.0,0.0,0.0,0.0,0.0,0.0,0.0,0.0,0.0,1.67
2024-06-23,0.0,0.59,0.48,0.0,0.0,0.0,0.0,0.0,0.0,0.6,0.0,0.0,0.0,0.0,0.0,0.0,0.0,0.0,0.0,0.0,1.67
2024-06-22,0.0,0.59,0.48,0.0,0.0,0.0,0.0,0.0,0.0,0.6,0.0,0.0,0.0,0.0,0.0,0.0,0.0,0.0,0.0,0.0,1.67
2024-06-21,0.0,0.59,0.48,0.0,0.0,0.0,0.0,0.0,0.0,0.6,0.0,0.0,0.0,0.0,0.0,0.0,0.0,0.0,0.0,0.0,1.67
2024-06-20,0.0,0.59,0.48,0.0,0.0,0.0,0.0,0.0,0.0,0.6,0.0,0.0,0.0,0.0,0.0,0.0,0.0,0.0,0.0,0.0,1.67
2024-06-19,0.0,0.59,0.48,0.0,0.0,0.0,0.0,0.0,0.0,0.52,0.0,0.0,0.0,0.0,0.0,0.0,0.0,0.0,0.0,0.0,1.5899999999999999
2024-06-18,0.0,0.59,0.48,0.0,0.0,0.0,0.0,0.0,0.0,0.52,0.0,0.0,0.0,0.0,0.0,0.0,0.0,0.0,0.0,0.0,1.5899999999999999
2024-06-17,0.0,0.59,0.48,0.0,0.0,0.0,0.0,0.0,0.0,0.52,0.0,0.0,0.0,0.0,0.0,0.0,0.0,0.0,0.0,0.0,1.5899999999999999
2024-06-16,0.0,0.59,0.48,0.0,0.0,0.0,0.0,0.0,0.0,0.0,0.0,0.0,0.0,0.0,0.0,0.0,0.0,0.0,0.0,0.0,1.0699999999999998
2024-06-15,0.0,0.59,0.48,0.0,0.0,0.0,0.0,0.0,0.0,0.0,0.0,0.0,0.0,0.0,0.0,0.0,0.0,0.0,0.0,0.0,1.0699999999999998
2024-06-14,0.0,0.59,0.48,0.0,0.0,0.0,0.0,0.0,0.0,0.0,0.0,0.0,0.0,0.0,0.0,0.0,0.0,0.0,0.0,0.0,1.0699999999999998
2024-06-13,0.0,0.59,0.48,0.0,0.0,0.0,0.0,0.0,0.0,0.0,0.0,0.0,0.0,0.0,0.0,0.0,0.0,0.0,0.0,0.0,1.0699999999999998
2024-06-12,0.0,0.59,0.48,0.0,0.0,0.0,0.0,0.0,0.0,0.0,0.0,0.0,0.0,0.0,0.0,0.0,0.0,0.0,0.0,0.0,1.0699999999999998
2024-06-11,0.0,0.59,0.48,0.0,0.0,0.0,0.0,0.0,0.0,0.0,0.0,0.0,0.0,0.0,0.0,0.0,0.0,0.0,0.0,0.0,1.0699999999999998
2024-06-10,0.0,0.59,0.48,0.0,0.0,0.0,0.0,0.0,0.0,0.0,0.0,0.0,0.0,0.0,0.0,0.0,0.0,0.0,0.0,0.0,1.0699999999999998
2024-06-09,0.0,0.59,0.48,0.0,0.0,0.0,0.0,0.0,0.0,0.0,0.0,0.0,0.0,0.0,0.0,0.0,0.0,0.0,0.0,0.0,1.0699999999999998
2024-06-08,0.0,0.59,0.48,0.0,0.0,0.0,0.0,0.0,0.0,0.0,0.0,0.0,0.0,0.0,0.0,0.0,0.0,0.0,0.0,0.0,1.0699999999999998
2024-06-07,0.0,0.59,0.48,0.0,0.0,0.0,0.0,0.0,0.0,0.0,0.0,0.0,0.0,0.0,0.0,0.0,0.0,0.0,0.0,0.0,1.0699999999999998
2024-06-06,0.0,0.59,0.48,0.0,0.0,0.0,0.0,0.0,0.0,0.0,0.0,0.0,0.0,0.0,0.0,0.0,0.0,0.0,0.0,0.0,1.0699999999999998
2024-06-05,0.0,0.59,0.48,0.0,0.0,0.0,0.0,0.0,0.0,0.0,0.0,0.0,0.0,0.0,0.0,0.0,0.0,0.0,0.0,0.0,1.0699999999999998
2024-06-04,0.0,0.68,0.48,0.0,0.0,0.0,0.0,0.0,0.0,0.0,0.0,0.0,0.0,0.0,0.0,0.0,0.0,0.0,0.0,0.0,1.1600000000000001
2024-06-03,0.0,0.68,0.48,0.0,0.0,0.0,0.0,0.0,0.0,0.0,0.0,0.0,0.0,0.0,0.0,0.0,0.0,0.0,0.0,0.0,1.1600000000000001
2024-06-02,0.0,0.68,0.48,0.0,0.0,0.0,0.0,0.0,0.0,0.0,0.0,0.0,0.0,0.0,0.0,0.0,0.0,0.0,0.0,0.0,1.1600000000000001
2024-06-01,0.0,0.68,0.48,0.0,0.0,0.0,0.0,0.0,0.0,0.0,0.0,0.0,0.0,0.0,0.0,0.0,0.0,0.0,0.0,0.0,1.1600000000000001
2024-05-31,0.0,0.68,0.48,0.0,0.0,0.0,0.0,0.0,0.0,0.0,0.0,0.0,0.0,0.0,0.0,0.0,0.0,0.0,0.0,0.0,1.1600000000000001
2024-05-30,0.0,0.68,0.48,0.0,0.0,0.0,0.0,0.0,0.0,0.0,0.0,0.0,0.0,0.0,0.0,0.0,0.0,0.0,0.0,0.0,1.1600000000000001
2024-05-29,0.0,0.68,0.48,0.0,0.0,0.0,0.0,0.0,0.0,0.0,0.0,0.0,0.0,0.0,0.0,0.0,0.0,0.0,0.0,0.0,1.1600000000000001
2024-05-28,0.0,0.68,0.48,0.0,0.0,0.0,0.0,0.0,0.0,0.0,0.0,0.0,0.0,0.0,0.0,0.0,0.0,0.0,0.0,0.0,1.1600000000000001
2024-05-27,0.0,0.68,0.48,0.0,0.0,0.0,0.0,0.0,0.0,0.0,0.0,0.0,0.0,0.0,0.0,0.0,0.0,0.0,0.0,0.0,1.1600000000000001
2024-05-26,0.0,0.68,0.59,0.0,0.0,0.0,0.0,0.0,0.0,0.0,0.0,0.0,0.0,0.0,0.0,0.0,0.0,0.0,0.0,0.0,1.27
2024-05-25,0.0,0.68,0.59,0.0,0.0,0.0,0.0,0.0,0.0,0.0,0.0,0.0,0.0,0.0,0.0,0.0,0.0,0.0,0.0,0.0,1.27
2024-05-24,0.0,0.68,0.59,0.0,0.0,0.0,0.0,0.0,0.0,0.0,0.0,0.0,0.0,0.0,0.0,0.0,0.0,0.0,0.0,0.0,1.27
2024-05-23,0.0,0.68,0.59,0.0,0.0,0.0,0.0,0.0,0.0,0.0,0.0,0.0,0.0,0.0,0.0,0.0,0.0,0.0,0.0,0.0,1.27
2024-05-22,0.0,0.68,0.59,0.0,0.0,0.0,0.0,0.0,0.0,0.0,0.0,0.0,0.0,0.0,0.0,0.0,0.0,0.0,0.0,0.0,1.27
2024-05-21,0.0,0.68,0.59,0.0,0.0,0.0,0.0,0.0,0.0,0.0,0.0,0.0,0.0,0.0,0.0,0.0,0.0,0.0,0.0,0.0,1.27
2024-05-20,0.0,0.68,0.59,0.0,0.0,0.0,0.0,0.0,0.0,0.0,0.0,0.0,0.0,0.0,0.0,0.0,0.0,0.0,0.0,0.0,1.27
2024-05-19,0.0,0.68,0.59,0.0,0.0,0.0,0.0,0.0,0.0,0.0,0.0,0.0,0.0,0.0,0.0,0.0,0.0,0.0,0.0,0.0,1.27
2024-05-18,0.0,0.68,0.59,0.0,0.0,0.0,0.0,0.0,0.0,0.0,0.0,0.0,0.0,0.0,0.0,0.0,0.0,0.0,0.0,0.0,1.27
2024-05-17,0.0,0.68,0.59,0.0,0.0,0.0,0.0,0.0,0.0,0.0,0.0,0.0,0.0,0.0,0.0,0.0,0.0,0.0,0.0,0.0,1.27
2024-05-16,0.0,0.68,0.59,0.0,0.0,0.0,0.0,0.0,0.0,0.0,0.0,0.0,0.0,0.0,0.0,0.0,0.0,0.0,0.0,0.0,1.27
2024-05-15,0.0,0.68,0.59,0.0,0.0,0.0,0.0,0.0,0.0,0.0,0.0,0.0,0.0,0.0,0.0,0.0,0.0,0.0,0.0,0.0,1.27
2024-05-14,0.0,0.68,0.59,0.0,0.0,0.0,0.0,0.0,0.0,0.0,0.0,0.0,0.0,0.0,0.0,0.0,0.0,0.0,0.0,0.0,1.27
2024-05-13,0.0,0.68,0.59,0.0,0.0,0.0,0.0,0.0,0.0,0.0,0.0,0.0,0.0,0.0,0.0,0.0,0.0,0.0,0.0,0.0,1.27
2024-05-12,0.0,0.68,0.59,0.0,0.0,0.0,0.0,0.0,0.0,0.0,0.0,0.0,0.0,0.0,0.0,0.0,0.0,0.0,0.0,0.0,1.27
2024-05-11,0.0,0.68,0.59,0.0,0.0,0.0,0.0,0.0,0.0,0.0,0.0,0.0,0.0,0.0,0.0,0.0,0.0,0.0,0.0,0.0,1.27
2024-05-10,0.0,0.68,0.59,0.0,0.0,0.0,0.0,0.0,0.0,0.0,0.0,0.0,0.0,0.0,0.0,0.0,0.0,0.0,0.0,0.0,1.27
2024-05-09,0.0,0.78,0.59,0.0,0.0,0.0,0.0,0.0,0.0,0.0,0.0,0.0,0.0,0.0,0.0,0.0,0.0,0.0,0.0,0.0,1.37
2024-05-08,0.0,0.78,0.59,0.0,0.0,0.0,0.0,0.0,0.0,0.0,0.0,0.0,0.0,0.0,0.0,0.0,0.0,0.0,0.0,0.0,1.37
2024-05-07,0.0,0.78,0.6,0.0,0.0,0.0,0.0,0.0,0.0,0.0,0.0,0.0,0.0,0.0,0.0,0.0,0.0,0.0,0.0,0.0,1.38
2024-05-06,0.0,0.78,0.6,0.0,0.0,0.0,0.0,0.0,0.0,0.0,0.0,0.0,0.0,0.0,0.0,0.0,0.0,0.0,0.0,0.0,1.38
2024-05-05,0.0,0.78,0.6,0.0,0.0,0.0,0.0,0.0,0.0,0.0,0.0,0.0,0.0,0.0,0.0,0.0,0.0,0.0,0.0,0.0,1.38
2024-05-04,0.0,0.78,0.6,0.0,0.0,0.0,0.0,0.0,0.0,0.0,0.0,0.0,0.0,0.0,0.0,0.0,0.0,0.0,0.0,0.0,1.38
2024-05-03,0.0,0.78,0.6,0.0,0.0,0.0,0.0,0.46,0.0,0.0,0.0,0.0,0.0,0.0,0.0,0.0,0.0,0.0,0.0,0.0,1.8399999999999999
2024-05-02,0.0,0.0,0.6,0.0,0.0,0.0,0.0,0.46,0.0,0.0,0.0,0.0,0.0,0.0,0.0,0.0,0.0,0.0,0.0,0.0,1.06
2024-05-01,0.0,0.0,0.6,0.0,0.0,0.0,0.0,0.46,0.0,0.0,0.0,0.0,0.0,0.0,0.0,0.0,0.0,0.0,0.0,0.0,1.06
2024-04-30,0.0,0.0,0.6,0.0,0.0,0.0,0.0,0.46,0.0,0.0,0.0,0.0,0.0,0.0,0.0,0.0,0.0,0.0,0.0,0.0,1.06
2024-04-29,0.0,0.0,0.6,0.0,0.0,0.0,0.0,0.56,0.0,0.0,0.0,0.0,0.0,0.0,0.0,0.0,0.0,0.0,0.0,0.0,1.1600000000000001
2024-04-28,0.0,0.0,0.6,0.0,0.0,0.0,0.0,0.56,0.0,0.0,0.0,0.0,0.0,0.0,0.0,0.0,0.0,0.0,0.0,0.0,1.1600000000000001
2024-04-27,0.0,0.0,0.6,0.0,0.0,0.0,0.0,0.56,0.0,0.0,0.0,0.0,0.0,0.0,0.0,0.0,0.0,0.0,0.0,0.0,1.1600000000000001
2024-04-26,0.0,0.0,0.6,0.0,0.0,0.0,0.0,0.56,0.0,0.0,0.0,0.0,0.0,0.0,0.0,0.0,0.0,0.0,0.0,0.0,1.1600000000000001
2024-04-25,0.0,0.0,0.6,0.0,0.0,0.0,0.0,0.68,0.0,0.0,0.0,0.0,0.0,0.0,0.0,0.0,0.0,0.0,0.0,0.0,1.28
2024-04-24,0.0,0.0,0.6,0.0,0.0,0.0,0.0,0.68,0.0,0.0,0.0,0.0,0.0,0.0,0.0,0.0,0.0,0.0,0.0,0.0,1.28
2024-04-23,0.0,0.0,0.6,0.0,0.0,0.0,0.0,0.68,0.0,0.0,0.0,0.0,0.0,0.0,0.0,0.0,0.0,0.0,0.0,0.0,1.28
2024-04-22,0.0,0.0,0.6,0.0,0.0,0.0,0.0,0.68,0.0,0.0,0.0,0.0,0.0,0.0,0.0,0.0,0.0,0.0,0.0,0.0,1.28
2024-04-21,0.0,0.0,0.6,0.0,0.0,0.0,0.0,0.68,0.0,0.0,0.0,0.0,0.0,0.0,0.0,0.0,0.0,0.0,0.0,0.0,1.28
2024-04-20,0.0,0.0,0.6,0.0,0.0,0.0,0.0,0.68,0.0,0.0,0.0,0.0,0.0,0.0,0.0,0.0,0.0,0.0,0.0,0.0,1.28
2024-04-19,0.0,0.0,0.6,0.0,0.0,0.0,0.0,0.68,0.0,0.48,0.0,0.0,0.0,0.0,0.0,0.0,0.0,0.0,0.0,0.0,1.76
2024-04-18,0.0,0.0,0.6,0.0,0.0,0.0,0.0,0.79,0.0,0.48,0.0,0.0,0.0,0.0,0.0,0.0,0.0,0.0,0.0,0.0,1.87
2024-04-17,0.0,0.0,0.6,0.0,0.0,0.0,0.0,0.79,0.0,0.48,0.0,0.0,0.0,0.0,0.0,0.0,0.0,0.0,0.0,0.0,1.87
2024-04-16,0.0,0.0,0.6,0.0,0.0,0.0,0.0,0.79,0.0,0.52,0.0,0.0,0.0,0.0,0.0,0.0,0.0,0.0,0.0,0.0,1.9100000000000001
2024-04-15,0.0,0.0,0.6,0.0,0.0,0.0,0.0,0.79,0.0,0.52,0.0,0.0,0.0,0.0,0.0,0.0,0.0,0.0,0.0,0.0,1.9100000000000001
2024-04-14,0.0,0.0,0.6,0.0,0.0,0.0,0.0,0.8,0.0,0.52,0.0,0.0,0.0,0.0,0.0,0.0,0.0,0.0,0.0,0.0,1.92
2024-04-13,0.0,0.0,0.6,0.0,0.0,0.0,0.0,0.8,0.0,0.52,0.0,0.0,0.0,0.0,0.0,0.0,0.0,0.0,0.0,0.0,1.92
2024-04-12,0.0,0.0,0.6,0.0,0.0,0.0,0.0,0.8,0.0,0.52,0.0,0.0,0.0,0.0,0.0,0.0,0.0,0.0,0.0,0.0,1.92
2024-04-11,0.0,0.0,0.6,0.0,0.0,0.0,0.0,0.8,0.0,0.52,0.0,0.0,0.0,0.0,0.0,0.0,0.0,0.0,0.0,0.0,1.92
2024-04-10,0.0,0.0,0.6,0.0,0.0,0.0,0.0,0.7,0.0,0.52,0.0,0.0,0.0,0.0,0.0,0.0,0.0,0.0,0.0,0.0,1.8199999999999998
2024-04-09,0.0,0.0,0.6,0.0,0.0,0.0,0.0,0.7,0.0,0.52,0.0,0.0,0.0,0.0,0.0,0.0,0.0,0.0,0.0,0.0,1.8199999999999998
2024-04-08,0.0,0.0,0.6,0.0,0.0,0.0,0.0,0.7,0.0,0.52,0.0,0.0,0.0,0.0,0.0,0.0,0.0,0.0,0.0,0.0,1.8199999999999998
2024-04-07,0.0,0.0,0.6,0.0,0.0,0.0,0.0,0.7,0.0,0.52,0.0,0.0,0.0,0.0,0.0,0.0,0.0,0.0,0.0,0.0,1.8199999999999998
2024-04-06,0.0,0.0,0.6,0.0,0.0,0.0,0.0,0.7,0.0,0.52,0.0,0.0,0.0,0.0,0.0,0.0,0.0,0.0,0.0,0.0,1.8199999999999998
2024-04-05,0.0,0.0,0.6,0.0,0.0,0.0,0.0,0.7,0.0,0.52,0.0,0.0,0.0,0.0,0.0,0.0,0.0,0.0,0.0,0.0,1.8199999999999998
2024-04-04,0.0,0.0,0.0,0.0,0.0,0.0,0.0,0.7,0.0,0.52,0.0,0.0,0.0,0.0,0.0,0.0,0.0,0.0,0.0,0.0,1.22
2024-04-03,0.0,0.0,0.0,0.0,0.0,0.0,0.0,0.7,0.0,0.52,0.0,0.0,0.0,0.0,0.0,0.0,0.0,0.0,0.0,0.0,1.22
2024-04-02,0.0,0.0,0.0,0.0,0.0,0.0,0.0,0.7,0.0,0.52,0.0,0.0,0.0,0.0,0.0,0.0,0.0,0.0,0.0,0.0,1.22
2024-04-01,0.0,0.0,0.0,0.0,0.0,0.0,0.0,0.7,0.0,0.52,0.0,0.0,0.0,0.0,0.0,0.0,0.0,0.0,0.0,0.0,1.22
2024-03-31,0.0,0.0,0.0,0.0,0.0,0.0,0.0,0.7,0.0,0.52,0.0,0.0,0.0,0.0,0.0,0.0,0.0,0.0,0.0,0.0,1.22
2024-03-30,0.0,0.0,0.0,0.0,0.0,0.0,0.0,0.7,0.0,0.52,0.0,0.0,0.0,0.0,0.0,0.0,0.0,0.0,0.0,0.0,1.22
2024-03-29,0.0,0.0,0.0,0.0,0.0,0.0,0.0,0.7,0.0,0.52,0.0,0.0,0.0,0.0,0.0,0.0,0.0,0.0,0.0,0.0,1.22
2024-03-28,0.0,0.0,0.0,0.0,0.0,0.0,0.0,0.7,0.0,0.52,0.0,0.0,0.0,0.0,0.0,0.0,0.0,0.0,0.0,0.0,1.22
2024-03-27,0.0,0.0,0.0,0.0,0.0,0.0,0.0,0.7,0.0,0.52,0.0,0.0,0.0,0.0,0.0,0.0,0.0,0.0,0.0,0.0,1.22
2024-03-26,0.0,0.0,0.0,0.0,0.0,0.0,0.0,0.7,0.0,0.52,0.0,0.0,0.0,0.0,0.0,0.0,0.0,0.0,0.0,0.0,1.22
2024-03-25,0.0,0.0,0.0,0.0,0.0,0.0,0.0,0.7,0.0,0.49,0.0,0.0,0.0,0.0,0.0,0.0,0.0,0.0,0.0,0.0,1.19
2024-03-24,0.0,0.0,0.0,0.0,0.0,0.0,0.0,0.7,0.0,0.57,0.0,0.0,0.0,0.0,0.0,0.0,0.0,0.0,0.0,0.0,1.27
2024-03-23,0.0,0.0,0.0,0.0,0.0,0.0,0.0,0.7,0.0,0.57,0.0,0.0,0.0,0.0,0.0,0.0,0.0,0.0,0.0,0.0,1.27
2024-03-22,0.0,0.0,0.0,0.0,0.0,0.0,0.0,0.7,0.0,0.57,0.0,0.0,0.0,0.0,0.0,0.0,0.0,0.0,0.0,0.0,1.27
2024-03-21,0.0,0.0,0.0,0.0,0.0,0.0,0.0,0.7,0.0,0.57,0.0,0.0,0.0,0.0,0.0,0.0,0.0,0.0,0.0,0.0,1.27
2024-03-20,0.0,0.0,0.0,0.0,0.0,0.0,0.0,0.7,0.0,0.57,0.0,0.0,0.0,0.0,0.0,0.0,0.0,0.0,0.0,0.0,1.27
2024-03-19,0.0,0.0,0.0,0.0,0.0,0.0,0.0,0.7,0.0,0.69,0.0,0.0,0.0,0.0,0.0,0.0,0.0,0.0,0.0,0.0,1.39
2024-03-18,0.0,0.0,0.0,0.0,0.0,0.0,0.0,0.7,0.0,0.69,0.0,0.0,0.0,0.0,0.0,0.0,0.0,0.0,0.0,0.0,1.39
2024-03-17,0.0,0.0,0.0,0.0,0.0,0.0,0.0,0.7,0.0,0.69,0.0,0.0,0.0,0.0,0.0,0.0,0.0,0.0,0.0,0.0,1.39
2024-03-16,0.0,0.0,0.0,0.0,0.0,0.0,0.0,0.7,0.0,0.69,0.0,0.0,0.0,0.0,0.0,0.0,0.0,0.0,0.0,0.0,1.39
2024-03-15,0.0,0.0,0.0,0.0,0.0,0.0,0.0,0.7,0.0,0.69,0.0,0.0,0.0,0.0,0.0,0.0,0.0,0.0,0.0,0.0,1.39
2024-03-14,0.0,0.0,0.0,0.0,0.0,0.0,0.0,0.7,0.0,0.69,0.0,0.0,0.0,0.0,0.0,0.0,0.0,0.0,0.0,0.0,1.39
2024-03-13,0.0,0.0,0.0,0.0,0.0,0.0,0.0,0.7,0.0,0.69,0.0,0.0,0.0,0.0,0.0,0.0,0.0,0.0,0.0,0.0,1.39
2024-03-12,0.0,0.0,0.0,0.0,0.0,0.0,0.0,0.7,0.0,0.76,0.0,0.0,0.0,0.0,0.0,0.0,0.0,0.0,0.0,0.0,1.46
2024-03-11,0.0,0.0,0.0,0.0,0.0,0.0,0.0,0.7,0.0,0.76,0.0,0.0,0.0,0.0,0.0,0.0,0.0,0.0,0.0,0.0,1.46
2024-03-10,0.0,0.0,0.0,0.0,0.0,0.0,0.0,0.7,0.0,0.76,0.0,0.0,0.0,0.0,0.0,0.0,0.0,0.0,0.0,0.0,1.46
2024-03-09,0.0,0.0,0.0,0.0,0.0,0.0,0.0,0.7,0.0,0.76,0.0,0.0,0.0,0.0,0.0,0.0,0.0,0.0,0.0,0.0,1.46
2024-03-08,0.0,0.0,0.0,0.0,0.0,0.0,0.0,0.7,0.0,0.76,0.0,0.0,0.0,0.0,0.0,0.0,0.0,0.0,0.0,0.0,1.46
2024-03-07,0.0,0.0,0.0,0.0,0.0,0.0,0.0,0.7,0.0,0.76,0.0,0.0,0.0,0.0,0.0,0.0,0.0,0.49,0.0,0.0,1.95
2024-03-06,0.0,0.0,0.0,0.0,0.0,0.0,0.0,0.7,0.0,0.76,0.0,0.0,0.0,0.0,0.0,0.0,0.0,0.49,0.0,0.0,1.95
2024-03-05,0.0,0.0,0.0,0.0,0.0,0.0,0.0,0.7,0.0,0.76,0.0,0.0,0.0,0.0,0.0,0.0,0.0,0.49,0.0,0.0,1.95
2024-03-04,0.0,0.0,0.0,0.0,0.0,0.0,0.0,0.7,0.0,0.69,0.0,0.0,0.0,0.0,0.0,0.0,0.0,0.49,0.0,0.0,1.88
2024-03-03,0.0,0.0,0.0,0.0,0.0,0.0,0.0,0.7,0.0,0.69,0.0,0.0,0.0,0.0,0.0,0.0,0.0,0.49,0.0,0.0,1.88
2024-03-02,0.0,0.0,0.0,0.0,0.0,0.0,0.0,0.7,0.0,0.69,0.0,0.0,0.0,0.0,0.0,0.0,0.0,0.49,0.0,0.0,1.88
2024-03-01,0.0,0.0,0.0,0.0,0.0,0.0,0.0,0.7,0.0,0.69,0.0,0.0,0.0,0.0,0.0,0.0,0.0,0.49,0.0,0.0,1.88
2024-02-29,0.0,0.0,0.0,0.0,0.0,0.0,0.0,0.7,0.0,0.69,0.0,0.0,0.0,0.0,0.0,0.0,0.0,0.49,0.0,0.0,1.88
2024-02-28,0.0,0.0,0.0,0.0,0.0,0.0,0.0,0.7,0.0,0.52,0.0,0.0,0.0,0.0,0.0,0.0,0.0,0.49,0.0,0.0,1.71
2024-02-27,0.0,0.0,0.0,0.0,0.0,0.0,0.0,0.7,0.0,0.52,0.0,0.0,0.0,0.0,0.0,0.0,0.0,0.49,0.0,0.0,1.71
2024-02-26,0.0,0.0,0.0,0.0,0.0,0.0,0.0,0.7,0.0,0.52,0.0,0.0,0.0,0.0,0.0,0.0,0.0,0.49,0.0,0.0,1.71
2024-02-25,0.0,0.0,0.0,0.0,0.0,0.0,0.0,0.7,0.0,0.52,0.0,0.0,0.0,0.0,0.0,0.0,0.0,0.49,0.0,0.0,1.71
2024-02-24,0.0,0.0,0.0,0.0,0.0,0.0,0.0,0.7,0.0,0.52,0.0,0.0,0.0,0.0,0.0,0.0,0.0,0.49,0.0,0.0,1.71
2024-02-23,0.0,0.0,0.0,0.0,0.0,0.0,0.0,0.7,0.0,0.52,0.0,0.0,0.0,0.0,0.0,0.0,0.0,0.49,0.0,0.0,1.71
2024-02-22,0.0,0.0,0.0,0.0,0.0,0.0,0.0,0.7,0.0,0.52,0.0,0.0,0.0,0.0,0.0,0.0,0.0,0.49,0.0,0.0,1.71
2024-02-21,0.0,0.0,0.0,0.0,0.0,0.0,0.0,0.7,0.0,0.52,0.0,0.0,0.0,0.0,0.0,0.0,0.0,0.49,0.0,0.0,1.71
2024-02-20,0.0,0.0,0.0,0.0,0.0,0.0,0.0,0.7,0.0,0.52,0.0,0.0,0.0,0.0,0.0,0.0,0.0,0.49,0.0,0.0,1.71
2024-02-19,0.0,0.0,0.0,0.0,0.0,0.0,0.0,0.7,0.0,0.52,0.0,0.0,0.0,0.0,0.0,0.0,0.0,0.49,0.0,0.0,1.71
2024-02-18,0.0,0.0,0.5,0.0,0.0,0.0,0.0,0.7,0.0,0.52,0.0,0.0,0.0,0.0,0.0,0.0,0.0,0.49,0.0,0.0,2.21
2024-02-17,0.0,0.0,0.5,0.0,0.0,0.0,0.0,0.7,0.0,0.52,0.0,0.0,0.0,0.0,0.0,0.0,0.0,0.49,0.0,0.0,2.21
2024-02-16,0.0,0.0,0.5,0.0,0.0,0.0,0.0,0.7,0.0,0.52,0.0,0.0,0.0,0.0,0.0,0.0,0.0,0.49,0.0,0.0,2.21
2024-02-15,0.0,0.0,0.5,0.0,0.0,0.0,0.0,0.7,0.0,0.52,0.0,0.0,0.0,0.0,0.0,0.0,0.0,0.49,0.0,0.0,2.21
2024-02-14,0.0,0.0,0.5,0.0,0.0,0.0,0.0,0.7,0.0,0.52,0.0,0.0,0.0,0.0,0.0,0.0,0.0,0.49,0.0,0.0,2.21
2024-02-13,0.0,0.0,0.5,0.0,0.0,0.0,0.0,0.7,0.0,0.52,0.0,0.0,0.0,0.0,0.0,0.0,0.0,0.49,0.0,0.0,2.21
2024-02-12,0.0,0.0,0.5,0.0,0.0,0.0,0.0,0.7,0.0,0.52,0.0,0.0,0.0,0.0,0.0,0.0,0.0,0.49,0.0,0.0,2.21
2024-02-11,0.0,0.0,0.5,0.0,0.0,0.0,0.0,0.7,0.0,0.52,0.0,0.0,0.0,0.0,0.0,0.0,0.0,0.49,0.0,0.0,2.21
2024-02-10,0.0,0.0,0.5,0.0,0.0,0.0,0.0,0.7,0.0,0.52,0.0,0.0,0.0,0.0,0.0,0.0,0.0,0.49,0.0,0.0,2.21
2024-02-09,0.0,0.0,0.5,0.0,0.0,0.0,0.0,0.7,0.0,0.52,0.0,0.0,0.0,0.0,0.0,0.0,0.48,0.49,0.0,0.0,2.6900000000000004
2024-02-08,0.0,0.0,0.5,0.0,0.0,0.0,0.0,0.7,0.0,0.52,0.0,0.0,0.0,0.0,0.0,0.0,0.48,0.49,0.0,0.0,2.6900000000000004
2024-02-07,0.0,0.0,0.5,0.0,0.0,0.0,0.0,0.7,0.0,0.52,0.0,0.0,0.0,0.0,0.0,0.0,0.48,0.49,0.0,0.0,2.6900000000000004
2024-02-06,0.0,0.0,0.5,0.0,0.0,0.0,0.0,0.7,0.0,0.52,0.0,0.0,0.0,0.0,0.0,0.0,0.48,0.49,0.0,0.0,2.6900000000000004
2024-02-05,0.0,0.0,0.5,0.0,0.0,0.0,0.0,0.7,0.0,0.52,0.0,0.0,0.0,0.0,0.0,0.0,0.48,0.49,0.0,0.0,2.6900000000000004
2024-02-04,0.0,0.81,0.5,0.0,0.0,0.0,0.0,0.7,0.0,0.52,0.0,0.0,0.0,0.0,0.0,0.0,0.48,0.49,0.0,0.0,3.5
2024-02-03,0.0,0.81,0.5,0.0,0.0,0.0,0.0,0.7,0.0,0.52,0.0,0.0,0.0,0.0,0.0,0.0,0.48,0.49,0.0,0.0,3.5
2024-02-02,0.0,0.81,0.5,0.0,0.0,0.0,0.0,0.7,0.0,0.52,0.0,0.0,0.0,0.0,0.0,0.0,0.48,0.49,0.0,0.0,3.5
2024-02-01,0.0,0.81,0.5,0.0,0.0,0.0,0.0,0.7,0.0,0.52,0.0,0.0,0.0,0.0,0.0,0.0,0.48,0.49,0.0,0.0,3.5
2024-01-31,0.0,0.81,0.5,0.0,0.0,0.0,0.0,0.7,0.0,0.52,0.0,0.0,0.0,0.0,0.0,0.0,0.48,0.49,0.0,0.0,3.5
2024-01-30,0.0,0.81,0.5,0.0,0.0,0.0,0.0,0.7,0.0,0.52,0.0,0.0,0.0,0.0,0.0,0.0,0.48,0.49,0.0,0.0,3.5
2024-01-29,0.0,0.81,0.5,0.0,0.0,0.0,0.0,0.7,0.0,0.52,0.0,0.0,0.0,0.0,0.0,0.0,0.48,0.49,0.0,0.0,3.5
2024-01-28,0.0,0.81,0.5,0.0,0.0,0.0,0.0,0.7,0.0,0.52,0.0,0.0,0.0,0.0,0.0,0.0,0.48,0.49,0.0,0.0,3.5
2024-01-27,0.0,0.81,0.5,0.0,0.0,0.0,0.0,0.7,0.0,0.52,0.0,0.0,0.0,0.0,0.0,0.0,0.48,0.49,0.0,0.0,3.5
2024-01-26,0.0,0.81,0.5,0.0,0.0,0.0,0.0,0.7,0.0,0.52,0.0,0.0,0.0,0.0,0.0,0.0,0.48,0.49,0.0,0.0,3.5
2024-01-25,0.0,0.81,0.5,0.0,0.0,0.0,0.0,0.7,0.0,0.52,0.0,0.0,0.0,0.0,0.0,0.0,0.48,0.49,0.0,0.0,3.5
2024-01-24,0.0,0.81,0.5,0.0,0.0,0.0,0.0,0.7,0.0,0.0,0.0,0.0,0.0,0.0,0.0,0.0,0.48,0.49,0.0,0.0,2.9799999999999995
2024-01-23,0.0,0.81,0.5,0.0,0.0,0.0,0.0,0.7,0.0,0.0,0.0,0.0,0.0,0.0,0.0,0.0,0.48,0.49,0.0,0.0,2.9799999999999995
2024-01-22,0.0,0.81,0.5,0.0,0.0,0.0,0.0,0.7,0.0,0.0,0.0,0.0,0.0,0.0,0.0,0.0,0.48,0.49,0.0,0.0,2.9799999999999995
2024-01-21,0.0,0.81,0.5,0.0,0.0,0.0,0.0,0.7,0.0,0.0,0.0,0.0,0.0,0.0,0.0,0.0,0.48,0.49,0.0,0.0,2.9799999999999995
2024-01-20,0.0,0.81,0.5,0.0,0.0,0.0,0.0,0.7,0.0,0.0,0.0,0.0,0.0,0.0,0.0,0.0,0.48,0.49,0.0,0.0,2.9799999999999995
2024-01-19,0.0,0.81,0.5,0.0,0.0,0.0,0.0,0.7,0.0,0.0,0.0,0.0,0.0,0.0,0.0,0.0,0.48,0.49,0.0,0.0,2.9799999999999995
2024-01-18,0.0,0.81,0.5,0.0,0.0,0.0,0.0,0.7,0.0,0.0,0.0,0.0,0.0,0.0,0.0,0.0,0.48,0.49,0.0,0.0,2.9799999999999995
2024-01-17,0.0,0.81,0.5,0.0,0.0,0.0,0.0,0.7,0.0,0.0,0.0,0.0,0.0,0.0,0.0,0.0,0.48,0.49,0.0,0.0,2.9799999999999995
2024-01-16,0.0,0.81,0.5,0.0,0.0,0.0,0.0,0.7,0.0,0.0,0.0,0.0,0.0,0.0,0.0,0.0,0.48,0.49,0.0,0.0,2.9799999999999995
2024-01-15,0.0,0.81,0.5,0.0,0.0,0.0,0.0,0.7,0.0,0.0,0.0,0.0,0.0,0.0,0.0,0.0,0.48,0.49,0.0,0.0,2.9799999999999995
2024-01-14,0.0,0.81,0.5,0.0,0.0,0.0,0.0,0.7,0.0,0.0,0.0,0.0,0.0,0.0,0.0,0.0,0.48,0.49,0.0,0.0,2.9799999999999995
2024-01-13,0.0,0.81,0.5,0.0,0.0,0.0,0.0,0.7,0.0,0.0,0.0,0.0,0.0,0.0,0.0,0.0,0.48,0.49,0.0,0.0,2.9799999999999995
2024-01-12,0.0,0.81,0.5,0.0,0.0,0.0,0.0,0.7,0.0,0.0,0.0,0.0,0.0,0.0,0.0,0.0,0.48,0.49,0.0,0.0,2.9799999999999995
2024-01-11,0.0,0.81,0.5,0.0,0.0,0.0,0.0,0.7,0.0,0.0,0.0,0.0,0.0,0.0,0.0,0.0,0.48,0.49,0.0,0.0,2.9799999999999995
2024-01-10,0.0,0.81,0.5,0.0,0.0,0.0,0.0,0.7,0.0,0.0,0.0,0.0,0.0,0.0,0.0,0.0,0.48,0.49,0.0,0.0,2.9799999999999995
2024-01-09,0.0,0.81,0.5,0.0,0.0,0.0,0.0,0.7,0.0,0.0,0.0,0.0,0.0,0.0,0.0,0.0,0.48,0.49,0.0,0.0,2.9799999999999995
2024-01-08,0.0,0.81,0.5,0.0,0.0,0.0,0.0,0.7,0.0,0.0,0.0,0.0,0.0,0.0,0.0,0.0,0.48,0.49,0.0,0.0,2.9799999999999995
2024-01-07,0.0,0.81,0.5,0.0,0.0,0.0,0.0,0.7,0.0,0.0,0.0,0.0,0.0,0.0,0.0,0.0,0.48,0.49,0.0,0.0,2.9799999999999995
2024-01-06,0.0,0.81,0.5,0.0,0.0,0.0,0.0,0.7,0.0,0.0,0.0,0.0,0.0,0.0,0.0,0.0,0.48,0.49,0.0,0.0,2.9799999999999995
2024-01-05,0.0,0.81,0.5,0.0,0.0,0.0,0.0,0.7,0.0,0.0,0.0,0.0,0.0,0.0,0.0,0.0,0.48,0.49,0.0,0.0,2.9799999999999995
2024-01-04,0.0,0.81,0.5,0.0,0.0,0.0,0.0,0.7,0.0,0.0,0.0,0.0,0.0,0.0,0.0,0.0,0.48,0.49,0.0,0.0,2.9799999999999995
2024-01-03,0.0,0.81,0.5,0.0,0.0,0.0,0.0,0.7,0.0,0.0,0.0,0.0,0.0,0.0,0.0,0.0,0.48,0.49,0.0,0.0,2.9799999999999995
2024-01-02,0.0,0.81,0.5,0.0,0.0,0.0,0.0,0.7,0.0,0.0,0.0,0.0,0.0,0.0,0.0,0.0,0.48,0.49,0.0,0.0,2.9799999999999995
2024-01-01,0.0,0.81,0.5,0.0,0.0,0.0,0.0,0.7,0.0,0.0,0.0,0.0,0.0,0.0,0.0,0.0,0.48,0.49,0.0,0.0,2.9799999999999995
2023-12-31,0.0,0.81,0.5,0.0,0.0,0.0,0.0,0.7,0.0,0.0,0.0,0.0,0.0,0.0,0.0,0.0,0.48,0.49,0.0,0.0,2.9799999999999995
2023-12-30,0.0,0.81,0.5,0.0,0.0,0.0,0.0,0.7,0.0,0.0,0.0,0.0,0.0,0.0,0.0,0.0,0.48,0.49,0.0,0.0,2.9799999999999995
2023-12-29,0.0,0.81,0.5,0.0,0.0,0.0,0.0,0.7,0.0,0.0,0.0,0.0,0.0,0.0,0.0,0.0,0.48,0.49,0.0,0.0,2.9799999999999995
2023-12-28,0.0,0.81,0.5,0.0,0.0,0.0,0.0,0.7,0.0,0.0,0.0,0.0,0.0,0.0,0.0,0.0,0.48,0.49,0.0,0.0,2.9799999999999995
2023-12-27,0.0,0.81,0.5,0.0,0.0,0.0,0.0,0.7,0.0,0.0,0.0,0.0,0.0,0.0,0.0,0.0,0.48,0.49,0.0,0.0,2.9799999999999995
2023-12-26,0.0,0.81,0.5,0.0,0.0,0.0,0.0,0.7,0.0,0.0,0.0,0.0,0.0,0.0,0.0,0.0,0.48,0.49,0.0,0.0,2.9799999999999995
2023-12-25,0.0,0.81,0.5,0.0,0.0,0.0,0.0,0.7,0.0,0.0,0.0,0.0,0.0,0.0,0.0,0.0,0.48,0.49,0.0,0.0,2.9799999999999995
2023-12-24,0.0,0.81,0.5,0.0,0.0,0.0,0.0,0.7,0.0,0.0,0.0,0.0,0.0,0.0,0.0,0.0,0.48,0.49,0.0,0.0,2.9799999999999995
2023-12-23,0.0,0.81,0.5,0.0,0.0,0.0,0.0,0.7,0.0,0.0,0.0,0.0,0.0,0.0,0.0,0.0,0.48,0.49,0.0,0.0,2.9799999999999995
2023-12-22,0.0,0.81,0.5,0.0,0.0,0.0,0.0,0.7,0.0,0.0,0.0,0.0,0.0,0.0,0.0,0.0,0.48,0.49,0.0,0.0,2.9799999999999995
2023-12-21,0.0,0.81,0.5,0.0,0.0,0.0,0.0,0.7,0.0,0.0,0.0,0.0,0.0,0.0,0.0,0.0,0.48,0.49,0.0,0.0,2.9799999999999995
2023-12-20,0.0,0.81,0.5,0.0,0.0,0.0,0.0,0.7,0.0,0.0,0.0,0.0,0.0,0.0,0.0,0.0,0.48,0.49,0.0,0.0,2.9799999999999995
2023-12-19,0.0,0.81,0.5,0.0,0.0,0.0,0.0,0.7,0.0,0.0,0.0,0.0,0.0,0.0,0.0,0.0,0.48,0.49,0.0,0.0,2.9799999999999995
2023-12-18,0.0,0.81,0.5,0.0,0.0,0.0,0.0,0.7,0.0,0.0,0.0,0.0,0.0,0.0,0.0,0.0,0.48,0.49,0.0,0.0,2.9799999999999995
2023-12-17,0.0,0.81,0.5,0.0,0.0,0.0,0.0,0.7,0.0,0.0,0.0,0.0,0.0,0.0,0.0,0.0,0.48,0.49,0.0,0.0,2.9799999999999995
2023-12-16,0.0,0.81,0.5,0.0,0.0,0.0,0.0,0.7,0.0,0.0,0.0,0.0,0.0,0.0,0.0,0.0,0.48,0.49,0.0,0.0,2.9799999999999995
2023-12-15,0.0,0.81,0.5,0.0,0.0,0.0,0.0,0.7,0.0,0.0,0.0,0.0,0.0,0.0,0.0,0.0,0.48,0.49,0.0,0.0,2.9799999999999995
2023-12-14,0.0,0.81,0.5,0.0,0.0,0.0,0.0,0.7,0.0,0.0,0.0,0.0,0.0,0.0,0.0,0.0,0.48,0.49,0.0,0.0,2.9799999999999995
2023-12-13,0.0,0.81,0.5,0.0,0.0,0.0,0.0,0.7,0.0,0.0,0.0,0.0,0.0,0.0,0.0,0.0,0.48,0.49,0.0,0.0,2.9799999999999995
2023-12-12,0.0,0.81,0.5,0.0,0.0,0.0,0.0,0.7,0.0,0.0,0.0,0.0,0.0,0.0,0.0,0.0,0.48,0.49,0.0,0.0,2.9799999999999995
2023-12-11,0.0,0.81,0.5,0.0,0.0,0.0,0.0,0.7,0.0,0.0,0.0,0.0,0.0,0.0,0.0,0.0,0.48,0.49,0.0,0.0,2.9799999999999995
2023-12-10,0.0,0.81,0.5,0.0,0.0,0.0,0.0,0.7,0.0,0.0,0.0,0.0,0.0,0.0,0.0,0.0,0.48,0.49,0.0,0.0,2.9799999999999995
2023-12-09,0.0,0.81,0.5,0.0,0.0,0.0,0.0,0.7,0.0,0.0,0.0,0.0,0.0,0.0,0.0,0.0,0.48,0.49,0.0,0.0,2.9799999999999995
2023-12-08,0.0,0.81,0.5,0.0,0.0,0.0,0.0,0.7,0.0,0.0,0.0,0.0,0.0,0.0,0.0,0.0,0.48,0.49,0.0,0.0,2.9799999999999995
2023-12-07,0.0,0.81,0.5,0.0,0.0,0.0,0.0,0.7,0.0,0.0,0.0,0.0,0.0,0.0,0.0,0.0,0.48,0.49,0.0,0.0,2.9799999999999995
2023-12-06,0.0,0.81,0.5,0.0,0.0,0.0,0.0,0.7,0.0,0.0,0.0,0.0,0.0,0.0,0.0,0.0,0.48,0.49,0.0,0.0,2.9799999999999995
2023-12-05,0.0,0.81,0.5,0.0,0.0,0.0,0.48,0.7,0.0,0.0,0.0,0.0,0.0,0.0,0.0,0.0,0.48,0.49,0.0,0.0,3.46
2023-12-04,0.0,0.81,0.5,0.0,0.0,0.0,0.48,0.7,0.0,0.0,0.0,0.0,0.0,0.0,0.0,0.0,0.48,0.49,0.0,0.0,3.46
2023-12-03,0.0,0.81,0.5,0.0,0.0,0.0,0.48,0.7,0.0,0.0,0.0,0.0,0.0,0.0,0.0,0.0,0.48,0.49,0.0,0.0,3.46
2023-12-02,0.0,0.81,0.5,0.0,0.0,0.0,0.48,0.7,0.0,0.0,0.0,0.0,0.0,0.0,0.0,0.0,0.48,0.49,0.0,0.0,3.46
2023-12-01,0.41,0.81,0.5,0.0,0.0,0.0,0.48,0.7,0.0,0.0,0.0,0.0,0.0,0.0,0.0,0.0,0.48,0.49,0.0,0.0,3.87
2023-11-30,0.41,0.81,0.5,0.0,0.0,0.0,0.59,0.7,0.0,0.0,0.0,0.0,0.0,0.0,0.0,0.48,0.48,0.49,0.0,0.0,4.46
2023-11-29,0.41,0.81,0.5,0.0,0.0,0.0,0.59,0.7,0.0,0.0,0.0,0.0,0.0,0.0,0.0,0.48,0.48,0.49,0.0,0.0,4.46
2023-11-28,0.41,0.81,0.5,0.0,0.0,0.0,0.59,0.7,0.0,0.0,0.0,0.0,0.0,0.0,0.0,0.48,0.48,0.49,0.0,0.0,4.46
2023-11-27,0.41,0.81,0.5,0.0,0.0,0.0,0.59,0.7,0.0,0.0,0.0,0.0,0.0,0.0,0.0,0.48,0.48,0.49,0.0,0.0,4.46
2023-11-26,0.41,0.81,0.5,0.0,0.0,0.0,0.59,0.7,0.0,0.0,0.0,0.0,0.0,0.0,0.0,0.48,0.48,0.49,0.0,0.0,4.46
2023-11-25,0.41,0.81,0.5,0.0,0.0,0.0,0.59,0.7,0.0,0.0,0.0,0.0,0.0,0.0,0.0,0.48,0.48,0.49,0.0,0.0,4.46
2023-11-24,0.41,0.81,0.5,0.0,0.0,0.0,0.59,0.7,0.0,0.0,0.0,0.0,0.0,0.0,0.0,0.48,0.48,0.49,0.0,0.0,4.46
2023-11-23,0.41,0.81,0.5,0.0,0.0,0.0,0.59,0.7,0.0,0.0,0.0,0.0,0.0,0.0,0.0,0.48,0.48,0.49,0.0,0.0,4.46
2023-11-22,0.41,0.81,0.5,0.0,0.0,0.0,0.61,0.7,0.0,0.0,0.0,0.0,0.0,0.0,0.0,0.48,0.48,0.49,0.0,0.0,4.48
2023-11-21,0.41,0.81,0.5,0.0,0.0,0.0,0.58,0.7,0.0,0.0,0.0,0.0,0.0,0.0,0.0,0.48,0.48,0.49,0.0,0.0,4.45
2023-11-20,0.41,0.81,0.5,0.0,0.0,0.0,0.58,0.7,0.0,0.0,0.0,0.0,0.0,0.0,0.0,0.48,0.48,0.49,0.0,0.0,4.45
2023-11-19,0.41,0.81,0.5,0.0,0.0,0.0,0.58,0.7,0.0,0.0,0.0,0.0,0.0,0.0,0.0,0.48,0.48,0.49,0.0,0.0,4.45
2023-11-18,0.41,0.81,0.5,0.0,0.0,0.0,0.58,0.7,0.0,0.0,0.0,0.0,0.0,0.0,0.0,0.48,0.48,0.49,0.0,0.0,4.45
2023-11-17,0.41,0.81,0.5,0.0,0.0,0.0,0.58,0.7,0.0,0.0,0.0,0.0,0.0,0.0,0.0,0.48,0.48,0.49,0.0,0.0,4.45
2023-11-16,0.41,0.81,0.5,0.0,0.0,0.0,0.58,0.7,0.0,0.0,0.0,0.0,0.0,0.0,0.0,0.48,0.48,0.49,0.0,0.0,4.45
2023-11-15,0.41,0.81,0.5,0.0,0.0,0.0,0.58,0.7,0.0,0.0,0.0,0.0,0.0,0.0,0.0,0.48,0.48,0.49,0.0,0.0,4.45
2023-11-14,0.41,0.81,0.5,0.0,0.0,0.0,0.58,0.7,0.0,0.0,0.0,0.0,0.0,0.0,0.0,0.48,0.48,0.49,0.0,0.0,4.45
2023-11-13,0.41,0.81,0.5,0.0,0.0,0.0,0.58,0.7,0.0,0.0,0.0,0.0,0.0,0.0,0.0,0.48,0.48,0.49,0.0,0.0,4.45
2023-11-12,0.41,0.81,0.5,0.0,0.0,0.0,0.58,0.7,0.0,0.0,0.0,0.0,0.0,0.0,0.0,0.48,0.48,0.49,0.0,0.0,4.45
2023-11-11,0.41,0.81,0.5,0.0,0.0,0.0,0.58,0.7,0.0,0.0,0.0,0.0,0.0,0.0,0.0,0.48,0.48,0.49,0.0,0.0,4.45
2023-11-10,0.41,0.81,0.5,0.0,0.0,0.0,0.58,0.7,0.0,0.0,0.0,0.0,0.0,0.0,0.0,0.48,0.48,0.49,0.0,0.0,4.45
2023-11-09,0.41,0.81,0.5,0.0,0.0,0.0,0.58,0.7,0.46,0.0,0.0,0.0,0.0,0.0,0.0,0.48,0.48,0.49,0.0,0.0,4.91
2023-11-08,0.41,0.81,0.5,0.0,0.0,0.0,0.58,0.7,0.46,0.0,0.0,0.0,0.0,0.0,0.0,0.48,0.48,0.49,0.0,0.0,4.91
2023-11-07,0.41,0.81,0.5,0.0,0.0,0.0,0.58,0.7,0.46,0.0,0.0,0.0,0.0,0.0,0.0,0.48,0.48,0.49,0.0,0.0,4.91
2023-11-06,0.41,0.81,0.5,0.0,0.0,0.0,0.58,0.7,0.51,0.0,0.0,0.0,0.0,0.0,0.0,0.48,0.48,0.49,0.0,0.0,4.96
2023-11-05,0.41,0.81,0.5,0.0,0.0,0.0,0.58,0.7,0.51,0.0,0.0,0.0,0.0,0.0,0.0,0.48,0.48,0.5,0.0,0.0,4.97
2023-11-04,0.41,0.81,0.5,0.0,0.0,0.0,0.58,0.7,0.51,0.0,0.0,0.0,0.0,0.0,0.0,0.48,0.48,0.5,0.0,0.0,4.97
2023-11-03,0.41,0.81,0.5,0.0,0.0,0.0,0.58,0.7,0.51,0.0,0.0,0.0,0.0,0.0,0.0,0.48,0.48,0.5,0.0,0.0,4.97
2023-11-02,0.41,0.81,0.5,0.0,0.0,0.0,0.58,0.7,0.51,0.0,0.0,0.0,0.0,0.0,0.0,0.48,0.48,0.5,0.0,0.0,4.97
2023-11-01,0.41,0.81,0.5,0.0,0.0,0.0,0.58,0.7,0.51,0.0,0.0,0.0,0.0,0.0,0.0,0.48,0.48,0.5,0.0,0.0,4.97
2023-10-31,0.41,0.81,0.5,0.0,0.0,0.0,0.58,0.7,0.51,0.0,0.0,0.0,0.0,0.0,0.0,0.48,0.48,0.5,0.0,0.0,4.97
2023-10-30,0.41,0.81,0.5,0.0,0.0,0.0,0.58,0.7,0.0,0.0,0.0,0.0,0.0,0.0,0.0,0.48,0.48,0.5,0.0,0.0,4.46
2023-10-29,0.41,0.81,0.5,0.0,0.0,0.0,0.6,0.7,0.0,0.0,0.0,0.0,0.0,0.0,0.0,0.48,0.48,0.5,0.0,0.0,4.4799999999999995
2023-10-28,0.41,0.81,0.5,0.0,0.0,0.0,0.6,0.7,0.0,0.0,0.0,0.0,0.0,0.0,0.0,0.48,0.48,0.5,0.0,0.0,4.4799999999999995
2023-10-27,0.41,0.81,0.5,0.0,0.0,0.0,0.6,0.7,0.0,0.0,0.0,0.0,0.0,0.0,0.0,0.48,0.48,0.5,0.0,0.0,4.4799999999999995
2023-10-26,0.41,0.81,0.5,0.0,0.0,0.0,0.6,0.7,0.0,0.0,0.0,0.0,0.0,0.0,0.0,0.48,0.48,0.5,0.0,0.0,4.4799999999999995
2023-10-25,0.41,0.81,0.5,0.0,0.0,0.0,0.6,0.7,0.0,0.0,0.0,0.0,0.0,0.0,0.0,0.48,0.48,0.5,0.0,0.0,4.4799999999999995
2023-10-24,0.41,0.81,0.5,0.0,0.0,0.0,0.6,0.7,0.0,0.0,0.0,0.0,0.0,0.0,0.0,0.48,0.48,0.5,0.0,0.0,4.4799999999999995
2023-10-23,0.41,0.81,0.5,0.0,0.0,0.0,0.6,0.7,0.0,0.0,0.0,0.0,0.0,0.0,0.0,0.48,0.48,0.5,0.0,0.0,4.4799999999999995
2023-10-22,0.41,0.81,0.5,0.0,0.0,0.0,0.6,0.6,0.0,0.0,0.0,0.0,0.0,0.0,0.0,0.48,0.48,0.5,0.0,0.0,4.38
2023-10-21,0.41,0.81,0.5,0.0,0.0,0.0,0.6,0.6,0.0,0.0,0.0,0.0,0.0,0.0,0.0,0.48,0.48,0.5,0.0,0.0,4.38
2023-10-20,0.41,0.81,0.5,0.0,0.0,0.0,0.6,0.6,0.0,0.0,0.0,0.0,0.0,0.0,0.0,0.48,0.48,0.5,0.0,0.0,4.38
2023-10-19,0.41,0.81,0.5,0.0,0.0,0.0,0.6,0.6,0.0,0.0,0.0,0.0,0.0,0.0,0.0,0.48,0.48,0.5,0.0,0.0,4.38
2023-10-18,0.41,0.81,0.0,0.0,0.0,0.0,0.6,0.6,0.0,0.0,0.0,0.0,0.0,0.0,0.0,0.48,0.48,0.5,0.0,0.0,3.88
2023-10-17,0.41,0.81,0.0,0.0,0.0,0.0,0.6,0.6,0.0,0.0,0.0,0.0,0.0,0.0,0.0,0.48,0.48,0.5,0.0,0.0,3.88
2023-10-16,0.41,0.81,0.0,0.0,0.0,0.0,0.6,0.6,0.0,0.0,0.0,0.0,0.0,0.0,0.0,0.48,0.48,0.5,0.0,0.0,3.88
2023-10-15,0.41,0.81,0.0,0.0,0.0,0.0,0.6,0.6,0.0,0.0,0.0,0.0,0.0,0.0,0.0,0.48,0.48,0.5,0.0,0.0,3.88
2023-10-14,0.41,0.81,0.0,0.0,0.0,0.0,0.6,0.6,0.0,0.0,0.0,0.0,0.0,0.0,0.0,0.48,0.48,0.5,0.0,0.0,3.88
2023-10-13,0.41,0.81,0.0,0.0,0.0,0.0,0.6,0.6,0.0,0.0,0.0,0.0,0.0,0.0,0.0,0.48,0.48,0.5,0.0,0.0,3.88
2023-10-12,0.41,0.81,0.0,0.0,0.0,0.0,0.6,0.52,0.0,0.0,0.0,0.0,0.0,0.0,0.0,0.48,0.48,0.5,0.0,0.0,3.8
2023-10-11,0.41,0.81,0.0,0.0,0.0,0.0,0.5,0.52,0.0,0.0,0.0,0.0,0.0,0.0,0.0,0.48,0.48,0.5,0.0,0.0,3.7
2023-10-10,0.41,0.81,0.0,0.0,0.0,0.0,0.5,0.52,0.0,0.0,0.0,0.0,0.0,0.0,0.0,0.48,0.48,0.5,0.0,0.0,3.7
2023-10-09,0.41,0.81,0.0,0.0,0.0,0.0,0.5,0.52,0.0,0.0,0.0,0.0,0.0,0.0,0.0,0.48,0.51,0.5,0.0,0.0,3.7300000000000004
2023-10-08,0.41,0.81,0.0,0.0,0.0,0.0,0.5,0.52,0.0,0.0,0.0,0.0,0.0,0.0,0.0,0.48,0.51,0.5,0.0,0.0,3.7300000000000004
2023-10-07,0.41,0.81,0.0,0.0,0.0,0.0,0.5,0.52,0.0,0.0,0.0,0.0,0.0,0.0,0.0,0.48,0.51,0.5,0.0,0.0,3.7300000000000004
2023-10-06,0.41,0.81,0.0,0.0,0.0,0.0,0.5,0.52,0.0,0.0,0.0,0.0,0.0,0.0,0.0,0.48,0.51,0.5,0.0,0.0,3.7300000000000004
2023-10-05,0.41,0.81,0.0,0.0,0.0,0.0,0.5,0.0,0.0,0.0,0.0,0.0,0.0,0.0,0.0,0.48,0.51,0.5,0.0,0.0,3.21
2023-10-04,0.41,0.72,0.0,0.0,0.0,0.0,0.5,0.0,0.0,0.0,0.0,0.0,0.0,0.0,0.0,0.48,0.51,0.5,0.0,0.0,3.12
2023-10-03,0.41,0.72,0.0,0.0,0.0,0.0,0.5,0.0,0.0,0.0,0.0,0.0,0.0,0.0,0.0,0.48,0.51,0.5,0.0,0.0,3.12
2023-10-02,0.41,0.72,0.0,0.0,0.0,0.0,0.5,0.0,0.0,0.0,0.0,0.0,0.0,0.0,0.0,0.48,0.51,0.5,0.0,0.0,3.12
2023-10-01,0.41,0.72,0.0,0.0,0.0,0.0,0.0,0.0,0.0,0.0,0.0,0.0,0.0,0.0,0.0,0.48,0.51,0.5,0.0,0.0,2.62
2023-09-30,0.41,0.72,0.0,0.0,0.0,0.0,0.0,0.0,0.0,0.0,0.0,0.0,0.0,0.0,0.0,0.48,0.51,0.5,0.0,0.0,2.62
2023-09-29,0.41,0.72,0.0,0.0,0.0,0.0,0.0,0.0,0.0,0.0,0.0,0.0,0.0,0.0,0.0,0.48,0.51,0.5,0.0,0.0,2.62
2023-09-28,0.41,0.6,0.0,0.0,0.0,0.0,0.0,0.0,0.0,0.0,0.0,0.0,0.0,0.0,0.0,0.48,0.51,0.5,0.0,0.0,2.5
2023-09-27,0.41,0.6,0.0,0.0,0.0,0.0,0.0,0.0,0.0,0.0,0.0,0.0,0.0,0.0,0.0,0.48,0.51,0.5,0.0,0.0,2.5
2023-09-26,0.41,0.6,0.0,0.0,0.0,0.0,0.0,0.0,0.0,0.0,0.0,0.0,0.0,0.0,0.0,0.48,0.51,0.0,0.0,0.0,2.0
2023-09-25,0.41,0.6,0.0,0.0,0.0,0.0,0.0,0.0,0.0,0.0,0.0,0.0,0.0,0.0,0.0,0.48,0.0,0.0,0.0,0.0,1.49
2023-09-24,0.41,0.6,0.0,0.0,0.0,0.0,0.0,0.0,0.0,0.0,0.0,0.0,0.0,0.0,0.0,0.48,0.0,0.0,0.0,0.0,1.49
2023-09-23,0.41,0.6,0.0,0.0,0.0,0.0,0.0,0.0,0.0,0.0,0.0,0.0,0.0,0.0,0.0,0.48,0.0,0.0,0.0,0.0,1.49
2023-09-22,0.41,0.6,0.0,0.0,0.0,0.0,0.0,0.0,0.0,0.0,0.0,0.0,0.0,0.0,0.0,0.48,0.0,0.0,0.0,0.0,1.49
2023-09-21,0.41,0.6,0.0,0.0,0.0,0.0,0.0,0.0,0.0,0.0,0.0,0.0,0.0,0.0,0.0,0.48,0.0,0.0,0.0,0.0,1.49
2023-09-20,0.41,0.51,0.0,0.0,0.0,0.0,0.0,0.0,0.0,0.0,0.0,0.0,0.0,0.0,0.0,0.48,0.0,0.0,0.0,0.0,1.4
2023-09-19,0.41,0.51,0.0,0.0,0.0,0.0,0.0,0.0,0.0,0.0,0.0,0.0,0.0,0.0,0.0,0.48,0.0,0.0,0.0,0.0,1.4
2023-09-18,0.41,0.51,0.0,0.0,0.0,0.0,0.0,0.0,0.0,0.0,0.0,0.0,0.0,0.0,0.0,0.48,0.0,0.0,0.0,0.0,1.4
2023-09-17,0.41,0.51,0.0,0.0,0.0,0.0,0.0,0.0,0.0,0.0,0.0,0.0,0.0,0.0,0.0,0.48,0.0,0.0,0.0,0.0,1.4
2023-09-16,0.41,0.51,0.0,0.0,0.0,0.0,0.0,0.0,0.0,0.0,0.0,0.0,0.0,0.0,0.0,0.48,0.0,0.0,0.0,0.0,1.4
2023-09-15,0.41,0.51,0.0,0.0,0.0,0.0,0.0,0.0,0.0,0.0,0.0,0.0,0.0,0.0,0.0,0.48,0.0,0.0,0.0,0.0,1.4
2023-09-14,0.41,0.51,0.0,0.0,0.0,0.0,0.0,0.0,0.0,0.0,0.0,0.0,0.0,0.0,0.0,0.48,0.0,0.0,0.0,0.0,1.4
2023-09-13,0.41,0.51,0.0,0.0,0.0,0.0,0.0,0.0,0.0,0.0,0.0,0.0,0.0,0.0,0.0,0.48,0.0,0.0,0.0,0.0,1.4
2023-09-12,0.41,0.0,0.0,0.0,0.0,0.0,0.0,0.0,0.0,0.0,0.0,0.0,0.0,0.0,0.0,0.48,0.0,0.0,0.0,0.0,0.8899999999999999
2023-09-11,0.41,0.0,0.0,0.0,0.0,0.0,0.0,0.0,0.0,0.0,0.0,0.0,0.0,0.0,0.0,0.48,0.0,0.0,0.0,0.0,0.8899999999999999
2023-09-10,0.41,0.0,0.0,0.0,0.0,0.0,0.0,0.0,0.0,0.0,0.0,0.0,0.0,0.0,0.0,0.48,0.0,0.0,0.0,0.0,0.8899999999999999
2023-09-09,0.41,0.0,0.0,0.0,0.0,0.0,0.0,0.0,0.0,0.0,0.0,0.0,0.0,0.0,0.0,0.48,0.0,0.0,0.0,0.0,0.8899999999999999
2023-09-08,0.41,0.0,0.0,0.0,0.0,0.0,0.0,0.0,0.0,0.0,0.0,0.0,0.0,0.0,0.0,0.48,0.0,0.0,0.0,0.0,0.8899999999999999
2023-09-07,0.41,0.0,0.0,0.0,0.0,0.0,0.0,0.0,0.0,0.0,0.0,0.0,0.0,0.0,0.0,0.48,0.0,0.0,0.0,0.0,0.8899999999999999
2023-09-06,0.41,0.0,0.0,0.0,0.0,0.0,0.0,0.0,0.0,0.0,0.0,0.0,0.0,0.0,0.0,0.48,0.0,0.0,0.0,0.0,0.8899999999999999
2023-09-05,0.41,0.0,0.0,0.0,0.0,0.0,0.0,0.0,0.0,0.0,0.0,0.0,0.0,0.0,0.0,0.48,0.0,0.0,0.0,0.0,0.8899999999999999
2023-09-04,0.41,0.0,0.0,0.0,0.0,0.0,0.0,0.0,0.0,0.0,0.0,0.0,0.0,0.0,0.0,0.48,0.0,0.0,0.0,0.0,0.8899999999999999
2023-09-03,0.41,0.0,0.0,0.0,0.0,0.0,0.0,0.0,0.0,0.0,0.0,0.0,0.0,0.0,0.0,0.48,0.0,0.0,0.0,0.0,0.8899999999999999
2023-09-02,0.41,0.0,0.0,0.0,0.0,0.0,0.0,0.0,0.0,0.0,0.0,0.0,0.0,0.0,0.0,0.48,0.0,0.0,0.0,0.0,0.8899999999999999
2023-09-01,0.41,0.0,0.0,0.0,0.0,0.0,0.0,0.0,0.0,0.0,0.0,0.0,0.0,0.0,0.0,0.48,0.0,0.0,0.0,0.0,0.8899999999999999
2023-08-31,0.41,0.0,0.0,0.0,0.0,0.0,0.0,0.0,0.0,0.0,0.0,0.0,0.0,0.0,0.0,0.48,0.0,0.0,0.0,0.0,0.8899999999999999
2023-08-30,0.41,0.0,0.0,0.0,0.0,0.0,0.0,0.0,0.0,0.0,0.0,0.0,0.0,0.0,0.0,0.48,0.0,0.0,0.0,0.0,0.8899999999999999
2023-08-29,0.41,0.0,0.0,0.0,0.0,0.0,0.0,0.0,0.0,0.0,0.0,0.0,0.0,0.0,0.0,0.48,0.0,0.0,0.0,0.0,0.8899999999999999
2023-08-28,0.41,0.0,0.0,0.0,0.0,0.0,0.0,0.0,0.0,0.0,0.0,0.0,0.0,0.0,0.0,0.48,0.0,0.0,0.0,0.0,0.8899999999999999
2023-08-27,0.41,0.0,0.0,0.0,0.0,0.0,0.0,0.0,0.0,0.0,0.0,0.0,0.0,0.0,0.0,0.48,0.0,0.0,0.0,0.0,0.8899999999999999
2023-08-26,0.41,0.0,0.0,0.0,0.0,0.0,0.0,0.0,0.0,0.0,0.0,0.0,0.0,0.0,0.0,0.48,0.0,0.0,0.0,0.0,0.8899999999999999
2023-08-25,0.41,0.0,0.0,0.0,0.0,0.0,0.0,0.0,0.0,0.0,0.0,0.0,0.0,0.0,0.0,0.48,0.0,0.0,0.0,0.0,0.8899999999999999
2023-08-24,0.41,0.0,0.0,0.0,0.0,0.0,0.0,0.0,0.0,0.0,0.0,0.0,0.0,0.0,0.0,0.48,0.0,0.0,0.0,0.0,0.8899999999999999
2023-08-23,0.41,0.0,0.0,0.0,0.0,0.0,0.0,0.0,0.0,0.0,0.0,0.0,0.0,0.0,0.0,0.48,0.0,0.0,0.0,0.0,0.8899999999999999
2023-08-22,0.41,0.0,0.0,0.0,0.0,0.0,0.0,0.0,0.0,0.0,0.0,0.0,0.0,0.0,0.0,0.48,0.0,0.0,0.0,0.0,0.8899999999999999
2023-08-21,0.41,0.0,0.0,0.0,0.0,0.0,0.0,0.0,0.0,0.0,0.0,0.0,0.0,0.0,0.0,0.48,0.0,0.0,0.0,0.0,0.8899999999999999
2023-08-20,0.41,0.0,0.0,0.0,0.0,0.0,0.0,0.0,0.0,0.0,0.0,0.0,0.0,0.0,0.0,0.48,0.0,0.0,0.0,0.0,0.8899999999999999
2023-08-19,0.41,0.0,0.0,0.0,0.0,0.0,0.0,0.0,0.0,0.0,0.0,0.0,0.0,0.0,0.0,0.48,0.0,0.0,0.0,0.0,0.8899999999999999
2023-08-18,0.41,0.0,0.0,0.0,0.0,0.0,0.0,0.0,0.0,0.0,0.0,0.0,0.0,0.0,0.0,0.48,0.0,0.0,0.0,0.0,0.8899999999999999
2023-08-17,0.41,0.0,0.0,0.0,0.0,0.0,0.0,0.0,0.0,0.0,0.0,0.0,0.0,0.0,0.0,0.48,0.0,0.0,0.0,0.0,0.8899999999999999
2023-08-16,0.41,0.0,0.0,0.0,0.0,0.0,0.0,0.0,0.0,0.0,0.0,0.0,0.0,0.0,0.0,0.48,0.0,0.0,0.0,0.0,0.8899999999999999
2023-08-15,0.41,0.0,0.0,0.0,0.0,0.0,0.0,0.0,0.0,0.0,0.0,0.0,0.0,0.0,0.0,0.48,0.0,0.0,0.0,0.0,0.8899999999999999
2023-08-14,0.41,0.0,0.0,0.0,0.0,0.0,0.0,0.0,0.0,0.0,0.0,0.0,0.0,0.0,0.0,0.48,0.0,0.0,0.0,0.0,0.8899999999999999
2023-08-13,0.41,0.0,0.0,0.0,0.0,0.0,0.0,0.0,0.0,0.0,0.0,0.0,0.0,0.0,0.0,0.48,0.0,0.0,0.0,0.0,0.8899999999999999
2023-08-12,0.41,0.0,0.0,0.0,0.0,0.0,0.0,0.0,0.0,0.0,0.0,0.0,0.0,0.0,0.0,0.48,0.0,0.0,0.0,0.0,0.8899999999999999
2023-08-11,0.41,0.0,0.0,0.0,0.0,0.0,0.0,0.0,0.0,0.0,0.0,0.0,0.0,0.0,0.0,0.48,0.0,0.0,0.0,0.0,0.8899999999999999
2023-08-10,0.41,0.0,0.0,0.0,0.0,0.0,0.0,0.0,0.0,0.0,0.0,0.0,0.0,0.0,0.0,0.48,0.0,0.0,0.0,0.0,0.8899999999999999
2023-08-09,0.41,0.0,0.0,0.0,0.0,0.0,0.0,0.0,0.0,0.0,0.0,0.0,0.0,0.0,0.0,0.48,0.0,0.0,0.0,0.0,0.8899999999999999
2023-08-08,0.41,0.0,0.0,0.0,0.0,0.0,0.0,0.0,0.0,0.0,0.0,0.0,0.0,0.0,0.0,0.48,0.0,0.0,0.0,0.0,0.8899999999999999
2023-08-07,0.41,0.0,0.0,0.0,0.0,0.0,0.0,0.0,0.0,0.0,0.0,0.0,0.0,0.0,0.0,0.48,0.0,0.0,0.0,0.0,0.8899999999999999
2023-08-06,0.41,0.0,0.0,0.0,0.0,0.0,0.0,0.0,0.0,0.0,0.0,0.0,0.0,0.0,0.0,0.48,0.0,0.0,0.0,0.0,0.8899999999999999
2023-08-05,0.41,0.0,0.0,0.0,0.0,0.0,0.0,0.0,0.0,0.0,0.0,0.0,0.0,0.0,0.0,0.48,0.0,0.0,0.0,0.0,0.8899999999999999
2023-08-04,0.41,0.0,0.0,0.0,0.0,0.0,0.0,0.0,0.0,0.0,0.0,0.0,0.0,0.0,0.0,0.48,0.0,0.0,0.0,0.0,0.8899999999999999
2023-08-03,0.41,0.0,0.0,0.0,0.0,0.0,0.0,0.0,0.0,0.0,0.0,0.0,0.0,0.0,0.0,0.48,0.0,0.0,0.0,0.0,0.8899999999999999
2023-08-02,0.41,0.0,0.0,0.0,0.0,0.0,0.0,0.0,0.0,0.0,0.0,0.0,0.0,0.0,0.0,0.48,0.0,0.0,0.0,0.0,0.8899999999999999
2023-08-01,0.41,0.0,0.0,0.0,0.0,0.0,0.0,0.0,0.0,0.0,0.0,0.0,0.0,0.0,0.0,0.48,0.0,0.0,0.0,0.0,0.8899999999999999
2023-07-31,0.0,0.0,0.0,0.0,0.0,0.0,0.0,0.0,0.0,0.0,0.0,0.0,0.0,0.0,0.0,0.48,0.0,0.0,0.0,0.0,0.48
2023-07-30,0.0,0.0,0.0,0.0,0.0,0.0,0.0,0.0,0.0,0.0,0.0,0.0,0.0,0.0,0.0,0.59,0.0,0.0,0.0,0.0,0.59
2023-07-29,0.0,0.0,0.0,0.0,0.0,0.0,0.0,0.0,0.0,0.0,0.0,0.0,0.0,0.0,0.0,0.59,0.0,0.0,0.0,0.0,0.59
2023-07-28,0.0,0.0,0.0,0.0,0.0,0.0,0.0,0.0,0.0,0.0,0.0,0.0,0.0,0.0,0.0,0.59,0.0,0.0,0.0,0.0,0.59
2023-07-27,0.0,0.0,0.0,0.0,0.0,0.0,0.0,0.0,0.0,0.0,0.0,0.0,0.0,0.0,0.0,0.59,0.0,0.0,0.0,0.0,0.59
2023-07-26,0.0,0.0,0.0,0.0,0.0,0.0,0.0,0.0,0.0,0.0,0.0,0.0,0.0,0.0,0.0,0.59,0.0,0.0,0.0,0.0,0.59
2023-07-25,0.0,0.0,0.0,0.0,0.0,0.0,0.0,0.0,0.0,0.0,0.0,0.0,0.0,0.0,0.0,0.59,0.0,0.0,0.0,0.0,0.59
2023-07-24,0.0,0.0,0.0,0.0,0.0,0.0,0.0,0.0,0.0,0.0,0.0,0.0,0.0,0.0,0.0,0.59,0.0,0.0,0.0,0.0,0.59
2023-07-23,0.0,0.0,0.0,0.0,0.0,0.0,0.0,0.0,0.0,0.0,0.0,0.0,0.0,0.0,0.0,0.59,0.0,0.0,0.0,0.0,0.59
2023-07-22,0.0,0.0,0.0,0.0,0.0,0.0,0.0,0.0,0.0,0.0,0.0,0.0,0.0,0.0,0.0,0.59,0.0,0.0,0.0,0.0,0.59
2023-07-21,0.0,0.0,0.0,0.0,0.0,0.0,0.0,0.0,0.0,0.0,0.0,0.0,0.0,0.0,0.0,0.59,0.0,0.0,0.0,0.0,0.59
2023-07-20,0.0,0.0,0.0,0.0,0.0,0.0,0.0,0.0,0.0,0.0,0.0,0.0,0.0,0.0,0.0,0.59,0.0,0.0,0.0,0.0,0.59
2023-07-19,0.0,0.0,0.0,0.0,0.0,0.0,0.0,0.0,0.0,0.0,0.0,0.0,0.0,0.0,0.0,0.59,0.0,0.0,0.0,0.0,0.59
2023-07-18,0.0,0.0,0.0,0.0,0.0,0.0,0.0,0.0,0.0,0.0,0.0,0.0,0.0,0.0,0.0,0.59,0.0,0.0,0.0,0.0,0.59
2023-07-17,0.0,0.0,0.0,0.0,0.0,0.0,0.0,0.0,0.0,0.0,0.0,0.0,0.0,0.0,0.47,0.59,0.0,0.0,0.0,0.0,1.06
2023-07-16,0.0,0.0,0.0,0.0,0.0,0.0,0.0,0.0,0.0,0.0,0.0,0.0,0.0,0.0,0.47,0.59,0.0,0.0,0.0,0.0,1.06
2023-07-15,0.0,0.0,0.0,0.0,0.0,0.0,0.0,0.0,0.0,0.0,0.0,0.0,0.0,0.0,0.47,0.59,0.0,0.0,0.0,0.0,1.06
2023-07-14,0.0,0.0,0.0,0.0,0.0,0.0,0.0,0.0,0.0,0.0,0.0,0.0,0.0,0.0,0.47,0.59,0.0,0.0,0.0,0.0,1.06
2023-07-13,0.0,0.0,0.0,0.0,0.0,0.0,0.0,0.0,0.0,0.0,0.0,0.0,0.0,0.0,0.47,0.66,0.0,0.0,0.0,0.0,1.13
2023-07-12,0.0,0.0,0.0,0.0,0.0,0.0,0.0,0.0,0.0,0.0,0.0,0.0,0.0,0.0,0.47,0.66,0.0,0.0,0.0,0.0,1.13
2023-07-11,0.0,0.0,0.0,0.0,0.0,0.0,0.0,0.0,0.0,0.0,0.0,0.0,0.0,0.0,0.47,0.66,0.0,0.0,0.0,0.0,1.13
2023-07-10,0.0,0.0,0.0,0.0,0.0,0.0,0.0,0.0,0.0,0.0,0.0,0.0,0.0,0.0,0.47,0.66,0.0,0.0,0.0,0.0,1.13
2023-07-09,0.0,0.0,0.0,0.0,0.0,0.0,0.0,0.0,0.0,0.0,0.0,0.0,0.0,0.0,0.47,0.66,0.0,0.0,0.0,0.0,1.13
2023-07-08,0.0,0.0,0.0,0.0,0.0,0.0,0.0,0.0,0.0,0.0,0.0,0.0,0.0,0.0,0.47,0.66,0.0,0.0,0.0,0.0,1.13
2023-07-07,0.0,0.0,0.0,0.0,0.0,0.0,0.0,0.0,0.0,0.0,0.0,0.0,0.0,0.0,0.47,0.66,0.0,0.0,0.0,0.0,1.13
2023-07-06,0.0,0.0,0.0,0.0,0.0,0.0,0.0,0.0,0.0,0.0,0.0,0.0,0.0,0.0,0.47,0.66,0.0,0.0,0.0,0.0,1.13
2023-07-05,0.0,0.0,0.0,0.0,0.0,0.0,0.0,0.0,0.0,0.0,0.0,0.0,0.0,0.0,0.47,0.66,0.0,0.0,0.0,0.0,1.13
2023-07-04,0.0,0.0,0.0,0.0,0.0,0.0,0.0,0.0,0.0,0.0,0.0,0.0,0.0,0.0,0.47,0.66,0.0,0.0,0.0,0.0,1.13
2023-07-03,0.0,0.0,0.0,0.0,0.0,0.0,0.0,0.0,0.0,0.0,0.0,0.0,0.0,0.0,0.47,0.66,0.0,0.0,0.0,0.0,1.13
2023-07-02,0.0,0.0,0.0,0.0,0.0,0.0,0.0,0.0,0.0,0.0,0.0,0.0,0.0,0.0,0.47,0.66,0.0,0.0,0.0,0.0,1.13
2023-07-01,0.0,0.0,0.0,0.0,0.0,0.0,0.0,0.0,0.0,0.0,0.0,0.0,0.0,0.0,0.47,0.66,0.0,0.0,0.0,0.0,1.13
2023-06-30,0.0,0.0,0.0,0.0,0.0,0.0,0.0,0.0,0.0,0.0,0.0,0.0,0.0,0.0,0.47,0.66,0.0,0.0,0.0,0.0,1.13
2023-06-29,0.0,0.0,0.0,0.0,0.0,0.0,0.0,0.0,0.0,0.0,0.0,0.0,0.0,0.0,0.47,0.66,0.0,0.0,0.0,0.0,1.13
2023-06-28,0.0,0.0,0.0,0.0,0.0,0.0,0.0,0.0,0.0,0.0,0.0,0.0,0.0,0.0,0.47,0.66,0.0,0.0,0.0,0.0,1.13
2023-06-27,0.0,0.0,0.0,0.0,0.0,0.0,0.0,0.0,0.0,0.0,0.0,0.0,0.0,0.0,0.47,0.66,0.0,0.0,0.0,0.0,1.13
2023-06-26,0.0,0.0,0.0,0.0,0.0,0.0,0.0,0.0,0.0,0.0,0.0,0.0,0.0,0.0,0.47,0.66,0.0,0.0,0.0,0.0,1.13
2023-06-25,0.0,0.0,0.0,0.0,0.0,0.0,0.0,0.0,0.0,0.0,0.0,0.0,0.0,0.0,0.47,0.66,0.0,0.0,0.0,0.0,1.13
2023-06-24,0.0,0.0,0.0,0.0,0.0,0.0,0.0,0.0,0.0,0.0,0.0,0.0,0.0,0.0,0.47,0.66,0.0,0.0,0.0,0.0,1.13
2023-06-23,0.0,0.0,0.0,0.0,0.0,0.0,0.0,0.0,0.0,0.0,0.0,0.0,0.0,0.0,0.47,0.66,0.0,0.0,0.0,0.0,1.13
2023-06-22,0.0,0.0,0.0,0.0,0.0,0.0,0.0,0.0,0.0,0.0,0.0,0.0,0.0,0.0,0.47,0.66,0.0,0.0,0.0,0.0,1.13
2023-06-21,0.0,0.0,0.0,0.0,0.0,0.49,0.0,0.0,0.0,0.0,0.0,0.0,0.0,0.0,0.47,0.66,0.0,0.0,0.0,0.0,1.62
2023-06-20,0.0,0.0,0.0,0.0,0.0,0.49,0.0,0.0,0.0,0.0,0.0,0.0,0.0,0.0,0.47,0.66,0.0,0.0,0.0,0.0,1.62
2023-06-19,0.0,0.0,0.0,0.0,0.0,0.49,0.0,0.0,0.0,0.0,0.0,0.0,0.0,0.0,0.47,0.66,0.0,0.0,0.0,0.0,1.62
2023-06-18,0.0,0.0,0.0,0.0,0.0,0.5,0.0,0.0,0.0,0.0,0.0,0.0,0.0,0.0,0.47,0.66,0.0,0.0,0.0,0.0,1.63
2023-06-17,0.0,0.0,0.0,0.0,0.0,0.5,0.0,0.0,0.0,0.0,0.0,0.0,0.0,0.0,0.47,0.66,0.0,0.0,0.0,0.0,1.63
2023-06-16,0.0,0.0,0.0,0.0,0.0,0.5,0.0,0.0,0.0,0.0,0.0,0.0,0.0,0.0,0.47,0.66,0.0,0.0,0.0,0.0,1.63
2023-06-15,0.0,0.0,0.0,0.0,0.0,0.0,0.0,0.0,0.0,0.0,0.0,0.0,0.0,0.0,0.47,0.66,0.0,0.0,0.0,0.0,1.13
2023-06-14,0.0,0.0,0.0,0.0,0.0,0.0,0.0,0.0,0.0,0.0,0.0,0.0,0.0,0.0,0.47,0.66,0.0,0.0,0.0,0.0,1.13
2023-06-13,0.0,0.0,0.0,0.0,0.0,0.0,0.0,0.0,0.0,0.0,0.0,0.0,0.0,0.0,0.47,0.66,0.0,0.0,0.0,0.0,1.13
2023-06-12,0.0,0.0,0.0,0.0,0.0,0.0,0.0,0.0,0.0,0.0,0.0,0.0,0.0,0.0,0.47,0.66,0.0,0.0,0.0,0.0,1.13
2023-06-11,0.0,0.0,0.0,0.0,0.0,0.0,0.0,0.0,0.0,0.0,0.0,0.0,0.0,0.0,0.47,0.66,0.0,0.0,0.0,0.0,1.13
2023-06-10,0.0,0.0,0.0,0.0,0.0,0.0,0.0,0.0,0.0,0.0,0.0,0.0,0.0,0.0,0.47,0.66,0.0,0.0,0.0,0.0,1.13
2023-06-09,0.0,0.0,0.0,0.0,0.5,0.0,0.0,0.0,0.0,0.0,0.0,0.0,0.0,0.49,0.47,0.66,0.0,0.0,0.0,0.0,2.12
2023-06-08,0.0,0.0,0.0,0.0,0.5,0.0,0.0,0.0,0.0,0.0,0.0,0.0,0.0,0.49,0.47,0.66,0.0,0.0,0.0,0.0,2.12
2023-06-07,0.0,0.0,0.0,0.0,0.5,0.0,0.0,0.0,0.0,0.0,0.0,0.0,0.0,0.49,0.47,0.66,0.0,0.0,0.0,0.0,2.12
2023-06-06,0.0,0.0,0.0,0.0,0.5,0.0,0.0,0.0,0.0,0.0,0.0,0.0,0.0,0.49,0.47,0.66,0.0,0.0,0.0,0.0,2.12
2023-06-05,0.0,0.0,0.0,0.0,0.5,0.0,0.0,0.0,0.0,0.0,0.0,0.0,0.0,0.49,0.47,0.66,0.0,0.0,0.0,0.0,2.12
2023-06-04,0.0,0.0,0.0,0.0,0.5,0.0,0.0,0.0,0.0,0.0,0.0,0.0,0.0,0.49,0.47,0.66,0.0,0.0,0.0,0.0,2.12
2023-06-03,0.0,0.0,0.0,0.0,0.5,0.0,0.0,0.0,0.0,0.0,0.0,0.0,0.0,0.49,0.47,0.66,0.0,0.0,0.0,0.0,2.12
2023-06-02,0.0,0.0,0.0,0.0,0.5,0.0,0.0,0.0,0.0,0.0,0.0,0.0,0.0,0.49,0.47,0.66,0.0,0.0,0.0,0.0,2.12
2023-06-01,0.0,0.0,0.0,0.0,0.5,0.0,0.0,0.0,0.0,0.0,0.0,0.0,0.0,0.49,0.47,0.66,0.0,0.0,0.0,0.0,2.12
2023-05-31,0.0,0.0,0.0,0.0,0.5,0.0,0.0,0.0,0.0,0.0,0.0,0.0,0.0,0.49,0.47,0.66,0.0,0.0,0.0,0.0,2.12
2023-05-30,0.0,0.0,0.0,0.0,0.5,0.0,0.0,0.0,0.0,0.0,0.0,0.0,0.0,0.49,0.47,0.66,0.0,0.0,0.0,0.0,2.12
2023-05-29,0.0,0.0,0.0,0.0,0.5,0.0,0.0,0.0,0.0,0.0,0.0,0.0,0.0,0.49,0.47,0.66,0.0,0.0,0.0,0.0,2.12
2023-05-28,0.0,0.0,0.0,0.0,0.5,0.0,0.0,0.0,0.0,0.0,0.0,0.0,0.0,0.49,0.47,0.66,0.0,0.0,0.0,0.0,2.12
2023-05-27,0.0,0.0,0.0,0.0,0.5,0.0,0.0,0.0,0.0,0.0,0.0,0.0,0.0,0.49,0.47,0.66,0.0,0.0,0.0,0.0,2.12
2023-05-26,0.0,0.0,0.0,0.0,0.5,0.0,0.0,0.0,0.0,0.0,0.0,0.0,0.0,0.49,0.47,0.66,0.0,0.0,0.0,0.0,2.12
2023-05-25,0.0,0.0,0.0,0.0,0.5,0.0,0.0,0.0,0.0,0.0,0.0,0.0,0.0,0.49,0.47,0.66,0.0,0.0,0.0,0.0,2.12
2023-05-24,0.0,0.0,0.0,0.0,0.5,0.0,0.0,0.0,0.0,0.0,0.0,0.0,0.0,0.49,0.47,0.66,0.0,0.0,0.0,0.0,2.12
2023-05-23,0.0,0.0,0.0,0.0,0.5,0.0,0.0,0.0,0.0,0.0,0.0,0.0,0.0,0.49,0.47,0.66,0.0,0.0,0.0,0.0,2.12
2023-05-22,0.0,0.0,0.0,0.0,0.5,0.0,0.0,0.0,0.0,0.0,0.0,0.0,0.0,0.49,0.47,0.66,0.0,0.0,0.0,0.0,2.12
2023-05-21,0.0,0.0,0.0,0.0,0.5,0.0,0.0,0.0,0.0,0.0,0.0,0.0,0.0,0.49,0.47,0.66,0.0,0.0,0.0,0.0,2.12
2023-05-20,0.0,0.0,0.0,0.0,0.5,0.0,0.0,0.0,0.0,0.0,0.0,0.0,0.0,0.49,0.47,0.66,0.0,0.0,0.0,0.0,2.12
2023-05-19,0.0,0.0,0.0,0.0,0.5,0.0,0.0,0.0,0.0,0.0,0.0,0.0,0.0,0.49,0.47,0.66,0.0,0.0,0.0,0.0,2.12
2023-05-18,0.0,0.0,0.0,0.0,0.5,0.0,0.0,0.0,0.0,0.0,0.0,0.0,0.0,0.49,0.47,0.66,0.0,0.0,0.0,0.0,2.12
2023-05-17,0.0,0.0,0.0,0.0,0.5,0.0,0.0,0.0,0.0,0.0,0.0,0.0,0.0,0.49,0.47,0.66,0.0,0.0,0.0,0.0,2.12
2023-05-16,0.0,0.0,0.0,0.0,0.5,0.0,0.0,0.0,0.0,0.0,0.0,0.0,0.0,0.49,0.47,0.66,0.0,0.0,0.0,0.0,2.12
2023-05-15,0.0,0.0,0.0,0.0,0.5,0.0,0.0,0.0,0.0,0.0,0.0,0.0,0.0,0.49,0.47,0.75,0.0,0.0,0.0,0.0,2.21
2023-05-14,0.0,0.0,0.0,0.0,0.5,0.0,0.0,0.0,0.0,0.0,0.0,0.0,0.0,0.49,0.47,0.75,0.0,0.0,0.0,0.0,2.21
2023-05-13,0.0,0.0,0.0,0.0,0.5,0.0,0.0,0.0,0.0,0.0,0.0,0.0,0.0,0.49,0.47,0.75,0.0,0.0,0.0,0.0,2.21
2023-05-12,0.0,0.0,0.0,0.0,0.5,0.0,0.0,0.0,0.0,0.0,0.0,0.0,0.0,0.49,0.47,0.75,0.0,0.0,0.0,0.0,2.21
2023-05-11,0.0,0.0,0.0,0.0,0.5,0.0,0.0,0.0,0.0,0.0,0.0,0.0,0.0,0.49,0.47,0.75,0.0,0.0,0.0,0.0,2.21
2023-05-10,0.0,0.0,0.0,0.0,0.5,0.0,0.0,0.0,0.0,0.0,0.0,0.0,0.0,0.49,0.47,0.75,0.0,0.0,0.0,0.0,2.21
2023-05-09,0.0,0.0,0.0,0.0,0.5,0.0,0.0,0.0,0.0,0.0,0.0,0.0,0.0,0.49,0.47,0.75,0.0,0.0,0.0,0.0,2.21
2023-05-08,0.0,0.0,0.0,0.0,0.5,0.0,0.0,0.0,0.0,0.0,0.0,0.0,0.49,0.49,0.47,0.75,0.0,0.0,0.0,0.0,2.7
2023-05-07,0.0,0.0,0.0,0.0,0.5,0.0,0.0,0.0,0.0,0.0,0.0,0.0,0.49,0.49,0.47,0.75,0.0,0.0,0.0,0.0,2.7
2023-05-06,0.0,0.0,0.0,0.0,0.5,0.0,0.0,0.0,0.0,0.0,0.0,0.0,0.49,0.49,0.47,0.75,0.0,0.0,0.0,0.0,2.7
2023-05-05,0.0,0.0,0.0,0.0,0.5,0.0,0.0,0.0,0.0,0.0,0.0,0.0,0.49,0.49,0.47,0.75,0.0,0.0,0.0,0.0,2.7
2023-05-04,0.0,0.0,0.0,0.0,0.5,0.0,0.0,0.0,0.0,0.0,0.0,0.0,0.49,0.49,0.47,0.75,0.0,0.0,0.0,0.0,2.7
2023-05-03,0.0,0.0,0.0,0.0,0.5,0.0,0.0,0.0,0.0,0.0,0.0,0.0,0.49,0.49,0.47,0.75,0.0,0.0,0.0,0.0,2.7
2023-05-02,0.0,0.0,0.0,0.0,0.5,0.0,0.0,0.0,0.0,0.0,0.0,0.0,0.49,0.49,0.47,0.75,0.0,0.0,0.0,0.0,2.7
2023-05-01,0.0,0.0,0.0,0.0,0.5,0.0,0.0,0.0,0.0,0.0,0.0,0.0,0.49,0.49,0.47,0.75,0.0,0.0,0.0,0.0,2.7
2023-04-30,0.0,0.0,0.0,0.0,0.5,0.0,0.0,0.0,0.0,0.0,0.0,0.0,0.49,0.49,0.47,0.75,0.0,0.0,0.0,0.0,2.7
