,IT0005495657,IT0005527616,IT0005572778,IT0000076536,IT0005119810,IT0005347429,FR0014008VX5,FR0011341205,FR001400J770,FR0011184241,FR0000054470,FR001400NLM4,FR0011981968,DE000TUAG505,DE000KSAG888,DE000FTG1111,DE000A0LD6E6,DE000A0WMPJ6,DE0005493092,DE0005664809,Total
2025-05-08,0.5,0.0,0.79,0.0,0.58,0.54,0.0,0.0,0.0,0.0,0.0,0.7,0.6,0.0,0.0,0.0,0.0,0.0,0.0,0.5,4.210000000000001
2025-05-07,0.5,0.0,0.79,0.0,0.58,0.54,0.0,0.0,0.0,0.0,0.0,0.7,0.6,0.0,0.0,0.0,0.0,0.0,0.0,0.5,4.210000000000001
2025-05-06,0.49,0.0,0.79,0.0,0.58,0.54,0.0,0.0,0.0,0.0,0.0,0.7,0.6,0.0,0.0,0.0,0.0,0.0,0.0,0.5,4.199999999999999
2025-05-05,0.49,0.0,0.79,0.0,0.48,0.0,0.0,0.0,0.0,0.0,0.0,0.7,0.6,0.0,0.0,0.0,0.0,0.0,0.0,0.0,3.06
2025-05-04,0.49,0.0,0.79,0.0,0.48,0.0,0.0,0.0,0.0,0.0,0.0,0.7,0.6,0.0,0.0,0.0,0.0,0.0,0.0,0.0,3.06
2025-05-03,0.49,0.0,0.79,0.0,0.48,0.0,0.0,0.0,0.0,0.0,0.0,0.7,0.6,0.0,0.0,0.0,0.0,0.0,0.0,0.0,3.06
2025-05-02,0.49,0.0,0.79,0.0,0.48,0.0,0.0,0.0,0.0,0.0,0.0,0.7,0.6,0.0,0.0,0.0,0.0,0.0,0.0,0.0,3.06
2025-05-01,0.49,0.0,0.79,0.0,0.48,0.0,0.0,0.0,0.0,0.0,0.0,0.7,0.6,0.0,0.0,0.0,0.0,0.0,0.0,0.0,3.06
2025-04-30,0.49,0.0,0.79,0.0,0.48,0.0,0.0,0.0,0.0,0.0,0.0,0.7,0.6,0.0,0.0,0.0,0.0,0.0,0.0,0.0,3.06
2025-04-29,0.49,0.0,0.79,0.0,0.48,0.0,0.0,0.0,0.0,0.0,0.0,0.7,0.6,0.0,0.0,0.0,0.0,0.0,0.0,0.0,3.06
2025-04-28,0.5,0.0,0.79,0.0,0.48,0.0,0.0,0.0,0.0,0.0,0.0,0.7,0.6,0.0,0.0,0.0,0.0,0.0,0.0,0.0,3.07
2025-04-27,0.5,0.0,0.79,0.0,0.58,0.0,0.0,0.0,0.0,0.0,0.0,0.7,0.6,0.0,0.0,0.0,0.0,0.0,0.0,0.0,3.1700000000000004
2025-04-26,0.5,0.0,0.79,0.0,0.58,0.0,0.0,0.0,0.0,0.0,0.0,0.7,0.6,0.0,0.0,0.0,0.0,0.0,0.0,0.0,3.1700000000000004
2025-04-25,0.5,0.0,0.79,0.0,0.58,0.0,0.0,0.0,0.0,0.0,0.0,0.7,0.6,0.0,0.0,0.0,0.0,0.0,0.0,0.0,3.1700000000000004
2025-04-24,0.5,0.0,0.47,0.0,0.58,0.0,0.0,0.0,0.0,0.0,0.0,0.7,0.6,0.0,0.0,0.0,0.0,0.0,0.0,0.0,2.85
2025-04-23,0.5,0.0,0.47,0.0,0.58,0.0,0.0,0.0,0.0,0.0,0.0,0.7,0.6,0.0,0.0,0.0,0.0,0.0,0.0,0.0,2.85
2025-04-22,0.5,0.0,0.47,0.0,0.58,0.0,0.0,0.0,0.0,0.0,0.0,0.7,0.6,0.0,0.0,0.0,0.0,0.0,0.0,0.0,2.85
2025-04-21,0.5,0.0,0.47,0.0,0.58,0.0,0.0,0.0,0.0,0.0,0.0,0.7,0.6,0.0,0.0,0.0,0.0,0.0,0.0,0.0,2.85
2025-04-20,0.5,0.0,0.47,0.0,0.58,0.0,0.0,0.0,0.0,0.0,0.0,0.7,0.6,0.0,0.0,0.0,0.0,0.0,0.0,0.0,2.85
2025-04-19,0.5,0.0,0.47,0.0,0.58,0.0,0.0,0.0,0.0,0.0,0.0,0.7,0.6,0.0,0.0,0.0,0.0,0.0,0.0,0.0,2.85
2025-04-18,0.5,0.0,0.47,0.0,0.58,0.0,0.0,0.0,0.0,0.0,0.0,0.7,0.6,0.0,0.0,0.0,0.0,0.0,0.0,0.0,2.85
2025-04-17,0.5,0.0,0.47,0.0,0.58,0.0,0.0,0.0,0.0,0.0,0.0,0.7,0.6,0.0,0.0,0.0,0.0,0.0,0.0,0.0,2.85
2025-04-16,0.0,0.0,0.79,0.0,0.58,0.0,0.0,0.0,0.0,0.0,0.0,0.7,0.6,0.0,0.0,0.0,0.0,0.0,0.0,0.0,2.6700000000000004
2025-04-15,0.0,0.0,0.58,0.0,0.58,0.0,0.0,0.0,0.0,0.0,0.0,0.7,0.6,0.0,0.0,0.0,0.0,0.0,0.0,0.0,2.46
2025-04-14,0.0,0.0,0.58,0.0,0.58,0.0,0.0,0.0,0.0,0.0,0.0,0.7,0.6,0.0,0.0,0.0,0.0,0.0,0.0,0.0,2.46
2025-04-13,0.0,0.0,0.58,0.0,0.58,0.0,0.0,0.0,0.0,0.0,0.0,0.7,0.6,0.0,0.0,0.0,0.0,0.0,0.0,0.0,2.46
2025-04-12,0.0,0.0,0.58,0.0,0.58,0.0,0.0,0.0,0.0,0.0,0.0,0.7,0.6,0.0,0.0,0.0,0.0,0.0,0.0,0.0,2.46
2025-04-11,0.0,0.0,0.58,0.0,0.58,0.0,0.0,0.0,0.0,0.0,0.0,0.7,0.6,0.0,0.0,0.0,0.0,0.0,0.0,0.0,2.46
2025-04-10,0.0,0.0,0.58,0.0,0.58,0.0,0.0,0.0,0.0,0.0,0.0,0.7,0.6,0.0,0.0,0.0,0.0,0.0,0.0,0.0,2.46
2025-04-09,0.0,0.0,0.58,0.0,0.58,0.0,0.0,0.0,0.0,0.0,0.0,0.7,0.6,0.0,0.0,0.0,0.0,0.0,0.0,0.0,2.46
2025-04-08,0.0,0.0,0.58,0.0,0.0,0.0,0.0,0.0,0.0,0.0,0.0,0.7,0.53,0.0,0.0,0.0,0.0,0.0,0.0,0.0,1.8099999999999998
2025-04-07,0.0,0.0,0.58,0.0,0.0,0.0,0.0,0.0,0.0,0.0,0.0,0.7,0.53,0.0,0.0,0.0,0.0,0.0,0.0,0.0,1.8099999999999998
2025-04-06,0.0,0.0,0.58,0.0,0.0,0.0,0.0,0.0,0.0,0.0,0.0,0.7,0.0,0.0,0.0,0.0,0.0,0.0,0.0,0.0,1.2799999999999998
2025-04-05,0.0,0.0,0.58,0.0,0.0,0.0,0.0,0.0,0.0,0.0,0.0,0.7,0.0,0.0,0.0,0.0,0.0,0.0,0.0,0.0,1.2799999999999998
2025-04-04,0.0,0.0,0.58,0.0,0.0,0.0,0.0,0.0,0.0,0.0,0.0,0.7,0.0,0.0,0.0,0.0,0.0,0.0,0.0,0.0,1.2799999999999998
2025-04-03,0.0,0.0,0.58,0.0,0.0,0.0,0.0,0.0,0.0,0.0,0.0,0.7,0.0,0.0,0.0,0.0,0.0,0.0,0.0,0.0,1.2799999999999998
2025-04-02,0.0,0.0,0.58,0.0,0.0,0.0,0.0,0.0,0.0,0.0,0.0,0.7,0.0,0.0,0.0,0.0,0.0,0.0,0.0,0.0,1.2799999999999998
2025-04-01,0.0,0.0,0.58,0.0,0.0,0.0,0.0,0.0,0.0,0.0,0.0,0.7,0.0,0.0,0.0,0.0,0.0,0.0,0.0,0.0,1.2799999999999998
2025-03-31,0.0,0.0,0.58,0.0,0.0,0.0,0.0,0.0,0.0,0.0,0.0,0.7,0.0,0.0,0.0,0.0,0.0,0.0,0.0,0.0,1.2799999999999998
2025-03-30,0.0,0.0,0.58,0.0,0.0,0.0,0.0,0.0,0.0,0.0,0.0,0.7,0.0,0.0,0.0,0.0,0.0,0.0,0.0,0.0,1.2799999999999998
2025-03-29,0.0,0.0,0.58,0.0,0.0,0.0,0.0,0.0,0.0,0.0,0.0,0.7,0.0,0.0,0.0,0.0,0.0,0.0,0.0,0.0,1.2799999999999998
2025-03-28,0.0,0.0,0.58,0.0,0.0,0.0,0.0,0.0,0.0,0.0,0.0,0.7,0.0,0.0,0.0,0.0,0.0,0.0,0.0,0.0,1.2799999999999998
2025-03-27,0.0,0.0,0.58,0.0,0.0,0.0,0.0,0.0,0.0,0.0,0.0,0.7,0.0,0.0,0.0,0.0,0.0,0.0,0.0,0.0,1.2799999999999998
2025-03-26,0.0,0.0,0.58,0.0,0.0,0.0,0.0,0.0,0.0,0.0,0.0,0.7,0.0,0.0,0.0,0.0,0.0,0.0,0.0,0.0,1.2799999999999998
2025-03-25,0.0,0.0,0.49,0.0,0.0,0.0,0.0,0.0,0.0,0.0,0.0,0.7,0.0,0.0,0.0,0.0,0.0,0.0,0.0,0.0,1.19
2025-03-24,0.0,0.0,0.49,0.0,0.0,0.0,0.0,0.0,0.0,0.0,0.0,0.7,0.0,0.0,0.0,0.0,0.0,0.0,0.0,0.0,1.19
2025-03-23,0.0,0.0,0.49,0.0,0.0,0.0,0.0,0.0,0.0,0.0,0.0,0.7,0.0,0.0,0.0,0.0,0.0,0.0,0.0,0.0,1.19
2025-03-22,0.0,0.0,0.49,0.0,0.0,0.0,0.0,0.0,0.0,0.0,0.0,0.7,0.0,0.0,0.0,0.0,0.0,0.0,0.0,0.0,1.19
2025-03-21,0.0,0.0,0.49,0.0,0.0,0.0,0.0,0.0,0.0,0.0,0.0,0.7,0.0,0.0,0.0,0.0,0.0,0.0,0.0,0.0,1.19
2025-03-20,0.0,0.0,0.49,0.0,0.0,0.0,0.0,0.0,0.0,0.0,0.0,0.7,0.0,0.0,0.0,0.0,0.0,0.0,0.0,0.0,1.19
2025-03-19,0.0,0.0,0.49,0.0,0.0,0.0,0.0,0.0,0.0,0.0,0.0,0.7,0.0,0.0,0.0,0.0,0.0,0.0,0.0,0.0,1.19
2025-03-18,0.0,0.0,0.49,0.0,0.0,0.0,0.0,0.0,0.0,0.0,0.0,0.68,0.0,0.0,0.0,0.0,0.0,0.0,0.0,0.0,1.17
2025-03-17,0.0,0.0,0.58,0.0,0.0,0.0,0.0,0.0,0.0,0.0,0.0,0.7,0.0,0.0,0.0,0.0,0.0,0.0,0.0,0.0,1.2799999999999998
2025-03-16,0.0,0.0,0.58,0.0,0.0,0.0,0.0,0.0,0.0,0.0,0.0,0.6,0.0,0.0,0.0,0.0,0.0,0.0,0.0,0.0,1.18
2025-03-15,0.0,0.0,0.58,0.0,0.0,0.0,0.0,0.0,0.0,0.0,0.0,0.6,0.0,0.0,0.0,0.0,0.0,0.0,0.0,0.0,1.18
2025-03-14,0.0,0.0,0.58,0.0,0.0,0.0,0.0,0.0,0.0,0.0,0.0,0.6,0.0,0.0,0.0,0.0,0.0,0.0,0.0,0.0,1.18
2025-03-13,0.0,0.0,0.58,0.0,0.0,0.0,0.0,0.0,0.0,0.0,0.0,0.6,0.0,0.0,0.0,0.0,0.0,0.0,0.5,0.0,1.68
2025-03-12,0.0,0.0,0.58,0.0,0.0,0.0,0.0,0.0,0.0,0.0,0.0,0.6,0.0,0.0,0.0,0.0,0.0,0.0,0.5,0.0,1.68
2025-03-11,0.0,0.0,0.58,0.0,0.0,0.0,0.0,0.0,0.0,0.0,0.0,0.6,0.0,0.0,0.0,0.0,0.0,0.0,0.5,0.0,1.68
2025-03-10,0.0,0.0,0.58,0.0,0.0,0.0,0.0,0.0,0.0,0.0,0.0,0.6,0.0,0.0,0.0,0.0,0.0,0.0,0.5,0.0,1.68
2025-03-09,0.0,0.0,0.58,0.0,0.0,0.0,0.0,0.0,0.0,0.0,0.0,0.6,0.0,0.0,0.0,0.0,0.0,0.0,0.5,0.0,1.68
2025-03-08,0.0,0.0,0.58,0.0,0.0,0.0,0.0,0.0,0.0,0.0,0.0,0.6,0.0,0.0,0.0,0.0,0.0,0.0,0.5,0.0,1.68
2025-03-07,0.0,0.0,0.58,0.0,0.0,0.0,0.0,0.0,0.0,0.0,0.0,0.6,0.0,0.0,0.0,0.0,0.0,0.0,0.5,0.0,1.68
2025-03-06,0.0,0.0,0.58,0.0,0.0,0.0,0.0,0.0,0.0,0.0,0.0,0.6,0.0,0.0,0.0,0.0,0.0,0.0,0.5,0.0,1.68
2025-03-05,0.0,0.0,0.69,0.0,0.0,0.0,0.0,0.0,0.0,0.0,0.0,0.6,0.0,0.0,0.0,0.0,0.0,0.0,0.5,0.0,1.79
2025-03-04,0.0,0.0,0.69,0.0,0.0,0.0,0.0,0.0,0.0,0.0,0.0,0.6,0.0,0.0,0.0,0.0,0.0,0.0,0.5,0.0,1.79
2025-03-03,0.0,0.0,0.69,0.0,0.0,0.0,0.0,0.0,0.0,0.0,0.0,0.6,0.0,0.0,0.0,0.0,0.0,0.0,0.5,0.0,1.79
2025-03-02,0.0,0.0,0.69,0.0,0.0,0.0,0.0,0.0,0.0,0.0,0.0,0.6,0.0,0.0,0.0,0.0,0.0,0.0,0.5,0.0,1.79
2025-03-01,0.0,0.0,0.69,0.0,0.0,0.0,0.0,0.0,0.0,0.0,0.0,0.6,0.0,0.0,0.0,0.0,0.0,0.0,0.5,0.0,1.79
2025-02-28,0.0,0.0,0.69,0.0,0.0,0.0,0.0,0.0,0.0,0.0,0.49,0.6,0.0,0.0,0.0,0.0,0.0,0.0,0.5,0.0,2.28
2025-02-27,0.0,0.0,0.69,0.0,0.0,0.0,0.0,0.0,0.0,0.0,0.49,0.6,0.0,0.0,0.0,0.0,0.0,0.0,0.5,0.0,2.28
2025-02-26,0.0,0.0,0.7,0.0,0.0,0.0,0.0,0.0,0.0,0.0,0.49,0.6,0.0,0.0,0.0,0.0,0.0,0.0,0.5,0.0,2.29
2025-02-25,0.0,0.0,0.7,0.0,0.0,0.0,0.0,0.0,0.0,0.0,0.5,0.6,0.0,0.0,0.0,0.0,0.0,0.0,0.5,0.0,2.3
2025-02-24,0.0,0.0,0.7,0.0,0.0,0.0,0.0,0.0,0.0,0.0,0.0,0.6,0.0,0.0,0.0,0.0,0.0,0.0,0.5,0.0,1.7999999999999998
2025-02-23,0.0,0.0,0.7,0.0,0.0,0.0,0.0,0.0,0.0,0.0,0.0,0.6,0.0,0.0,0.0,0.0,0.0,0.0,0.5,0.0,1.7999999999999998
2025-02-22,0.0,0.0,0.7,0.0,0.0,0.0,0.0,0.0,0.0,0.0,0.0,0.6,0.0,0.0,0.0,0.0,0.0,0.0,0.5,0.0,1.7999999999999998
2025-02-21,0.0,0.0,0.7,0.0,0.0,0.0,0.0,0.0,0.0,0.0,0.0,0.6,0.0,0.0,0.0,0.0,0.0,0.0,0.5,0.0,1.7999999999999998
2025-02-20,0.0,0.0,0.6,0.0,0.0,0.0,0.0,0.0,0.0,0.0,0.0,0.6,0.0,0.0,0.0,0.0,0.0,0.0,0.5,0.0,1.7
2025-02-19,0.0,0.0,0.6,0.0,0.0,0.0,0.0,0.0,0.0,0.0,0.0,0.6,0.0,0.0,0.0,0.0,0.0,0.0,0.5,0.0,1.7
2025-02-18,0.0,0.0,0.6,0.0,0.0,0.0,0.0,0.0,0.0,0.0,0.49,0.6,0.0,0.0,0.0,0.0,0.0,0.0,0.5,0.0,2.19
2025-02-17,0.0,0.0,0.59,0.0,0.0,0.0,0.0,0.0,0.0,0.0,0.49,0.6,0.0,0.0,0.0,0.0,0.0,0.0,0.5,0.0,2.18
2025-02-16,0.0,0.0,0.62,0.0,0.0,0.0,0.0,0.0,0.0,0.0,0.49,0.6,0.0,0.0,0.0,0.0,0.0,0.0,0.5,0.0,2.21
2025-02-15,0.0,0.0,0.62,0.0,0.0,0.0,0.0,0.0,0.0,0.0,0.49,0.6,0.0,0.0,0.0,0.0,0.0,0.0,0.5,0.0,2.21
2025-02-14,0.0,0.0,0.62,0.0,0.0,0.0,0.0,0.0,0.0,0.0,0.49,0.6,0.0,0.0,0.0,0.0,0.0,0.0,0.5,0.0,2.21
2025-02-13,0.0,0.0,0.62,0.0,0.0,0.0,0.0,0.0,0.0,0.0,0.59,0.6,0.0,0.0,0.0,0.0,0.5,0.0,0.5,0.0,2.81
2025-02-12,0.0,0.0,0.62,0.0,0.0,0.0,0.0,0.0,0.0,0.0,0.59,0.6,0.0,0.0,0.0,0.0,0.5,0.0,0.5,0.0,2.81
2025-02-11,0.0,0.0,0.62,0.0,0.0,0.0,0.0,0.0,0.0,0.0,0.59,0.6,0.0,0.0,0.0,0.0,0.5,0.0,0.5,0.0,2.81
2025-02-10,0.0,0.0,0.62,0.0,0.0,0.0,0.0,0.0,0.49,0.0,0.59,0.6,0.0,0.0,0.0,0.0,0.5,0.0,0.49,0.0,3.29
2025-02-09,0.0,0.0,0.62,0.0,0.0,0.0,0.0,0.0,0.49,0.0,0.59,0.6,0.0,0.0,0.0,0.0,0.5,0.0,0.49,0.0,3.29
2025-02-08,0.0,0.0,0.62,0.0,0.0,0.0,0.0,0.0,0.49,0.0,0.59,0.6,0.0,0.0,0.0,0.0,0.5,0.0,0.49,0.0,3.29
2025-02-07,0.0,0.0,0.62,0.0,0.0,0.0,0.0,0.0,0.49,0.0,0.59,0.6,0.0,0.0,0.0,0.0,0.5,0.0,0.49,0.0,3.29
2025-02-06,0.0,0.0,0.62,0.0,0.0,0.0,0.0,0.0,0.49,0.0,0.59,0.6,0.0,0.0,0.0,0.0,0.5,0.0,0.49,0.0,3.29
2025-02-05,0.0,0.0,0.62,0.0,0.0,0.0,0.0,0.0,0.55,0.0,0.59,0.6,0.0,0.0,0.0,0.0,0.5,0.0,0.49,0.0,3.3499999999999996
2025-02-04,0.0,0.0,0.62,0.0,0.0,0.0,0.0,0.0,0.55,0.0,0.59,0.6,0.0,0.0,0.0,0.0,0.5,0.0,0.49,0.0,3.3499999999999996
2025-02-03,0.0,0.0,0.62,0.0,0.0,0.0,0.0,0.0,0.55,0.0,0.59,0.6,0.0,0.0,0.0,0.0,0.5,0.0,0.49,0.0,3.3499999999999996
2025-02-02,0.0,0.0,0.5,0.0,0.0,0.0,0.0,0.0,0.55,0.0,0.59,0.6,0.0,0.0,0.0,0.0,0.5,0.0,0.5,0.0,3.24
2025-02-01,0.0,0.0,0.5,0.0,0.0,0.0,0.0,0.0,0.55,0.0,0.59,0.6,0.0,0.0,0.0,0.0,0.5,0.0,0.5,0.0,3.24
2025-01-31,0.0,0.0,0.5,0.5,0.0,0.0,0.0,0.0,0.55,0.0,0.59,0.6,0.0,0.0,0.0,0.0,0.5,0.0,0.5,0.0,3.74
2025-01-30,0.0,0.0,0.5,0.5,0.0,0.0,0.0,0.0,0.55,0.0,0.59,0.6,0.0,0.0,0.0,0.0,0.5,0.0,0.5,0.0,3.74
2025-01-29,0.0,0.0,0.5,0.5,0.0,0.0,0.0,0.0,0.69,0.0,0.59,0.6,0.0,0.0,0.0,0.0,0.5,0.0,0.5,0.0,3.88
2025-01-28,0.0,0.0,0.5,0.5,0.0,0.0,0.0,0.0,0.69,0.0,0.59,0.6,0.0,0.0,0.0,0.0,0.5,0.0,0.5,0.0,3.88
2025-01-27,0.0,0.0,0.5,0.5,0.0,0.0,0.0,0.0,0.69,0.0,0.59,0.6,0.0,0.0,0.0,0.0,0.5,0.0,0.5,0.0,3.88
2025-01-26,0.0,0.0,0.5,0.5,0.0,0.0,0.0,0.0,0.69,0.0,0.59,0.6,0.0,0.0,0.0,0.0,0.5,0.0,0.5,0.0,3.88
2025-01-25,0.0,0.0,0.5,0.5,0.0,0.0,0.0,0.0,0.69,0.0,0.59,0.6,0.0,0.0,0.0,0.0,0.5,0.0,0.5,0.0,3.88
2025-01-24,0.0,0.0,0.5,0.5,0.0,0.0,0.0,0.0,0.69,0.0,0.59,0.6,0.0,0.0,0.0,0.0,0.5,0.0,0.5,0.0,3.88
2025-01-23,0.0,0.0,0.5,0.5,0.0,0.0,0.0,0.0,0.69,0.0,0.59,0.6,0.0,0.0,0.0,0.0,0.5,0.0,0.5,0.0,3.88
2025-01-22,0.0,0.0,0.5,0.5,0.0,0.0,0.0,0.0,0.69,0.0,0.59,0.6,0.0,0.0,0.0,0.0,0.5,0.0,0.5,0.0,3.88
2025-01-21,0.0,0.0,0.5,0.5,0.0,0.0,0.0,0.0,0.69,0.0,0.59,0.6,0.0,0.0,0.0,0.0,0.5,0.0,0.5,0.0,3.88
2025-01-20,0.0,0.0,0.5,0.5,0.0,0.0,0.0,0.0,0.69,0.0,0.59,0.6,0.0,0.0,0.0,0.0,0.5,0.0,0.5,0.0,3.88
2025-01-19,0.0,0.0,0.5,0.5,0.0,0.0,0.0,0.0,0.72,0.0,0.59,0.6,0.0,0.0,0.0,0.0,0.5,0.0,0.5,0.0,3.91
2025-01-18,0.0,0.0,0.5,0.5,0.0,0.0,0.0,0.0,0.72,0.0,0.59,0.6,0.0,0.0,0.0,0.0,0.5,0.0,0.5,0.0,3.91
2025-01-17,0.0,0.0,0.5,0.5,0.0,0.0,0.0,0.0,0.72,0.0,0.59,0.6,0.0,0.0,0.0,0.0,0.5,0.0,0.5,0.0,3.91
2025-01-16,0.0,0.0,0.5,0.5,0.0,0.0,0.0,0.0,0.72,0.0,0.59,0.6,0.0,0.0,0.0,0.0,0.5,0.0,0.5,0.0,3.91
2025-01-15,0.0,0.0,0.5,0.5,0.0,0.0,0.0,0.0,0.72,0.0,0.59,0.6,0.0,0.0,0.0,0.0,0.5,0.0,0.5,0.0,3.91
2025-01-14,0.0,0.0,0.5,0.5,0.0,0.0,0.0,0.0,0.72,0.0,0.59,0.6,0.0,0.0,0.0,0.0,0.5,0.0,0.5,0.0,3.91
2025-01-13,0.0,0.0,0.5,0.5,0.0,0.0,0.0,0.0,0.72,0.0,0.59,0.6,0.0,0.0,0.0,0.0,0.5,0.0,0.5,0.0,3.91
2025-01-12,0.0,0.0,0.5,0.5,0.0,0.0,0.0,0.0,0.72,0.0,0.59,0.6,0.0,0.0,0.0,0.0,0.5,0.0,0.5,0.0,3.91
2025-01-11,0.0,0.0,0.5,0.5,0.0,0.0,0.0,0.0,0.72,0.0,0.59,0.6,0.0,0.0,0.0,0.0,0.5,0.0,0.5,0.0,3.91
2025-01-10,0.0,0.0,0.5,0.5,0.0,0.0,0.0,0.0,0.72,0.0,0.59,0.6,0.0,0.0,0.0,0.0,0.5,0.0,0.5,0.0,3.91
2025-01-09,0.0,0.0,0.5,0.5,0.0,0.0,0.0,0.0,0.63,0.0,0.59,0.6,0.0,0.0,0.0,0.0,0.5,0.0,0.5,0.0,3.82
2025-01-08,0.0,0.0,0.5,0.5,0.0,0.0,0.0,0.0,0.63,0.0,0.59,0.6,0.0,0.0,0.0,0.0,0.5,0.0,0.5,0.0,3.82
2025-01-07,0.0,0.0,0.5,0.5,0.0,0.0,0.0,0.0,0.63,0.0,0.59,0.6,0.0,0.0,0.0,0.0,0.5,0.0,0.5,0.0,3.82
2025-01-06,0.0,0.0,0.55,0.5,0.0,0.0,0.0,0.0,0.63,0.0,0.59,0.6,0.0,0.0,0.0,0.0,0.5,0.0,0.5,0.0,3.87
2025-01-05,0.0,0.0,0.55,0.5,0.0,0.0,0.0,0.0,0.63,0.0,0.59,0.6,0.0,0.0,0.0,0.0,0.5,0.0,0.5,0.0,3.87
2025-01-04,0.0,0.0,0.55,0.5,0.0,0.0,0.0,0.0,0.63,0.0,0.59,0.6,0.0,0.0,0.0,0.0,0.5,0.0,0.5,0.0,3.87
2025-01-03,0.0,0.0,0.55,0.5,0.0,0.0,0.0,0.0,0.63,0.0,0.59,0.6,0.0,0.0,0.0,0.0,0.5,0.0,0.5,0.0,3.87
2025-01-02,0.0,0.59,0.55,0.5,0.0,0.0,0.0,0.0,0.59,0.0,0.59,0.0,0.0,0.0,0.0,0.0,0.5,0.0,0.5,0.0,3.82
2025-01-01,0.0,0.59,0.55,0.5,0.0,0.0,0.0,0.0,0.59,0.0,0.59,0.0,0.0,0.0,0.0,0.0,0.5,0.0,0.5,0.0,3.82
2024-12-31,0.0,0.59,0.55,0.5,0.0,0.0,0.0,0.0,0.59,0.0,0.59,0.0,0.0,0.0,0.0,0.0,0.5,0.0,0.5,0.0,3.82
2024-12-30,0.0,0.59,0.55,0.5,0.0,0.0,0.0,0.0,0.59,0.0,0.59,0.0,0.0,0.0,0.0,0.0,0.5,0.0,0.5,0.0,3.82
2024-12-29,0.0,0.59,0.55,0.5,0.0,0.0,0.0,0.0,0.59,0.0,0.59,0.0,0.0,0.0,0.0,0.0,0.5,0.0,0.5,0.0,3.82
2024-12-28,0.0,0.59,0.55,0.5,0.0,0.0,0.0,0.0,0.59,0.0,0.59,0.0,0.0,0.0,0.0,0.0,0.5,0.0,0.5,0.0,3.82
2024-12-27,0.0,0.59,0.55,0.5,0.0,0.0,0.0,0.0,0.59,0.0,0.59,0.0,0.0,0.0,0.0,0.0,0.5,0.0,0.5,0.0,3.82
2024-12-26,0.0,0.59,0.55,0.5,0.0,0.0,0.0,0.0,0.59,0.0,0.59,0.0,0.0,0.0,0.0,0.0,0.5,0.0,0.5,0.0,3.82
2024-12-25,0.0,0.59,0.55,0.5,0.0,0.0,0.0,0.0,0.59,0.0,0.59,0.0,0.0,0.0,0.0,0.0,0.5,0.0,0.5,0.0,3.82
2024-12-24,0.0,0.59,0.55,0.5,0.0,0.0,0.0,0.0,0.59,0.0,0.59,0.0,0.0,0.0,0.0,0.0,0.5,0.0,0.5,0.0,3.82
2024-12-23,0.0,0.59,0.55,0.5,0.0,0.0,0.0,0.0,0.59,0.0,0.59,0.0,0.0,0.0,0.0,0.0,0.5,0.0,0.5,0.0,3.82
2024-12-22,0.0,0.59,0.55,0.5,0.0,0.0,0.0,0.0,0.59,0.0,0.59,0.0,0.0,0.0,0.0,0.0,0.5,0.0,0.5,0.0,3.82
2024-12-21,0.0,0.59,0.55,0.5,0.0,0.0,0.0,0.0,0.59,0.0,0.59,0.0,0.0,0.0,0.0,0.0,0.5,0.0,0.5,0.0,3.82
2024-12-20,0.0,0.59,0.55,0.5,0.0,0.0,0.0,0.0,0.59,0.0,0.59,0.0,0.0,0.0,0.0,0.0,0.5,0.0,0.5,0.0,3.82
2024-12-19,0.0,0.59,0.55,0.5,0.0,0.0,0.0,0.0,0.59,0.0,0.59,0.0,0.0,0.0,0.0,0.0,0.5,0.0,0.5,0.0,3.82
2024-12-18,0.0,0.59,0.55,0.5,0.0,0.0,0.0,0.0,0.59,0.0,0.59,0.0,0.0,0.0,0.0,0.0,0.5,0.0,0.5,0.0,3.82
2024-12-17,0.0,0.59,0.55,0.5,0.0,0.0,0.0,0.0,0.59,0.0,0.59,0.0,0.0,0.0,0.0,0.0,0.5,0.0,0.5,0.0,3.82
2024-12-16,0.0,0.59,0.55,0.5,0.0,0.0,0.0,0.0,0.6,0.0,0.59,0.0,0.0,0.0,0.0,0.0,0.5,0.0,0.5,0.0,3.83
2024-12-15,0.0,0.59,0.55,0.5,0.0,0.0,0.0,0.0,0.6,0.0,0.59,0.0,0.0,0.0,0.0,0.0,0.5,0.0,0.5,0.0,3.83
2024-12-14,0.0,0.59,0.55,0.5,0.0,0.0,0.0,0.0,0.6,0.0,0.59,0.0,0.0,0.0,0.0,0.0,0.5,0.0,0.5,0.0,3.83
2024-12-13,0.0,0.59,0.55,0.5,0.0,0.0,0.0,0.0,0.6,0.0,0.59,0.0,0.0,0.0,0.0,0.0,0.5,0.0,0.5,0.0,3.83
2024-12-12,0.0,0.59,0.55,0.5,0.0,0.0,0.0,0.0,0.6,0.0,0.59,0.0,0.0,0.0,0.0,0.0,0.5,0.0,0.5,0.0,3.83
2024-12-11,0.0,0.59,0.55,0.5,0.0,0.0,0.0,0.0,0.6,0.0,0.59,0.0,0.0,0.0,0.0,0.0,0.5,0.0,0.5,0.0,3.83
2024-12-10,0.0,0.59,0.55,0.5,0.0,0.0,0.0,0.0,0.6,0.0,0.59,0.0,0.0,0.0,0.0,0.0,0.5,0.0,0.5,0.0,3.83
2024-12-09,0.0,0.59,0.55,0.5,0.0,0.0,0.0,0.0,0.6,0.0,0.6,0.0,0.0,0.0,0.0,0.0,0.5,0.0,0.5,0.0,3.8400000000000003
2024-12-08,0.0,0.59,0.55,0.5,0.0,0.0,0.0,0.0,0.6,0.0,0.6,0.0,0.0,0.0,0.0,0.0,0.5,0.0,0.5,0.0,3.8400000000000003
2024-12-07,0.0,0.59,0.55,0.5,0.0,0.0,0.0,0.0,0.6,0.0,0.6,0.0,0.0,0.0,0.0,0.0,0.5,0.0,0.5,0.0,3.8400000000000003
2024-12-06,0.0,0.59,0.55,0.5,0.0,0.0,0.0,0.0,0.6,0.0,0.6,0.0,0.0,0.0,0.0,0.0,0.5,0.0,0.5,0.0,3.8400000000000003
2024-12-05,0.0,0.59,0.46,0.5,0.0,0.0,0.0,0.0,0.6,0.0,0.6,0.0,0.0,0.0,0.0,0.0,0.5,0.0,0.5,0.0,3.75
2024-12-04,0.0,0.59,0.46,0.5,0.0,0.0,0.0,0.0,0.6,0.0,0.59,0.0,0.0,0.0,0.0,0.0,0.5,0.0,0.5,0.0,3.7399999999999998
2024-12-03,0.0,0.59,0.46,0.5,0.0,0.0,0.0,0.0,0.6,0.0,0.59,0.0,0.0,0.0,0.0,0.0,0.5,0.0,0.5,0.0,3.7399999999999998
2024-12-02,0.0,0.59,0.46,0.5,0.0,0.0,0.0,0.0,0.51,0.0,0.59,0.0,0.0,0.0,0.0,0.0,0.5,0.0,0.5,0.0,3.65
2024-12-01,0.0,0.59,0.46,0.5,0.0,0.0,0.0,0.0,0.51,0.0,0.68,0.0,0.0,0.0,0.0,0.0,0.5,0.0,0.5,0.0,3.74
2024-11-30,0.0,0.59,0.46,0.5,0.0,0.0,0.0,0.0,0.51,0.0,0.68,0.0,0.0,0.0,0.0,0.0,0.5,0.0,0.5,0.0,3.74
2024-11-29,0.0,0.59,0.46,0.5,0.0,0.0,0.0,0.0,0.51,0.0,0.68,0.0,0.0,0.0,0.0,0.0,0.5,0.0,0.5,0.0,3.74
2024-11-28,0.0,0.59,0.46,0.5,0.0,0.0,0.0,0.0,0.51,0.0,0.68,0.0,0.0,0.0,0.0,0.0,0.5,0.0,0.5,0.0,3.74
2024-11-27,0.0,0.59,0.55,0.5,0.0,0.0,0.0,0.0,0.51,0.0,0.68,0.0,0.0,0.0,0.0,0.0,0.5,0.0,0.5,0.0,3.8300000000000005
2024-11-26,0.0,0.59,0.55,0.5,0.0,0.0,0.0,0.0,0.51,0.0,0.68,0.0,0.0,0.0,0.0,0.0,0.5,0.0,0.5,0.0,3.8300000000000005
2024-11-25,0.0,0.59,0.55,0.5,0.0,0.0,0.0,0.0,0.51,0.0,0.68,0.0,0.0,0.0,0.0,0.0,0.5,0.57,0.5,0.0,4.4
2024-11-24,0.0,0.59,0.55,0.5,0.0,0.0,0.0,0.0,0.51,0.0,0.68,0.0,0.0,0.0,0.0,0.0,0.5,0.57,0.5,0.0,4.4
2024-11-23,0.0,0.59,0.55,0.5,0.0,0.0,0.0,0.0,0.51,0.0,0.68,0.0,0.0,0.0,0.0,0.0,0.5,0.57,0.5,0.0,4.4
2024-11-22,0.0,0.59,0.55,0.5,0.0,0.0,0.0,0.0,0.51,0.0,0.68,0.0,0.0,0.0,0.0,0.0,0.5,0.57,0.5,0.0,4.4
2024-11-21,0.0,0.59,0.55,0.5,0.0,0.0,0.0,0.0,0.51,0.0,0.68,0.0,0.0,0.0,0.0,0.0,0.5,0.57,0.5,0.0,4.4
2024-11-20,0.0,0.59,0.55,0.5,0.0,0.0,0.0,0.0,0.51,0.0,0.68,0.0,0.0,0.0,0.0,0.0,0.5,0.57,0.5,0.0,4.4
2024-11-19,0.0,0.59,0.55,0.5,0.0,0.0,0.0,0.0,0.51,0.0,0.68,0.0,0.0,0.0,0.0,0.0,0.5,0.57,0.5,0.0,4.4
2024-11-18,0.0,0.59,0.55,0.5,0.0,0.0,0.0,0.0,0.51,0.0,0.68,0.0,0.0,0.0,0.0,0.0,0.5,0.57,0.5,0.0,4.4
2024-11-17,0.0,0.59,0.55,0.5,0.0,0.0,0.0,0.0,0.51,0.0,0.68,0.0,0.0,0.0,0.0,0.0,0.5,0.57,0.5,0.0,4.4
2024-11-16,0.0,0.59,0.55,0.5,0.0,0.0,0.0,0.0,0.51,0.0,0.68,0.0,0.0,0.0,0.0,0.0,0.5,0.57,0.5,0.0,4.4
2024-11-15,0.0,0.59,0.55,0.5,0.0,0.0,0.0,0.0,0.51,0.0,0.68,0.0,0.0,0.0,0.0,0.0,0.5,0.57,0.5,0.0,4.4
2024-11-14,0.0,0.59,0.55,0.5,0.0,0.0,0.0,0.0,0.51,0.0,0.68,0.0,0.0,0.0,0.0,0.0,0.5,0.57,0.5,0.0,4.4
2024-11-13,0.0,0.59,0.55,0.5,0.0,0.0,0.0,0.0,0.51,0.0,0.68,0.0,0.0,0.0,0.0,0.0,0.5,0.57,0.5,0.0,4.4
2024-11-12,0.0,0.59,0.55,0.5,0.0,0.0,0.0,0.0,0.51,0.0,0.68,0.0,0.0,0.0,0.0,0.0,0.49,0.57,0.5,0.0,4.390000000000001
2024-11-11,0.0,0.59,0.55,0.5,0.0,0.0,0.0,0.0,0.51,0.0,0.68,0.0,0.0,0.0,0.0,0.0,0.49,0.57,0.5,0.0,4.390000000000001
2024-11-10,0.0,0.59,0.6,0.5,0.0,0.0,0.0,0.0,0.51,0.0,0.68,0.0,0.0,0.0,0.0,0.0,0.49,0.57,0.49,0.0,4.43
2024-11-09,0.0,0.59,0.6,0.5,0.0,0.0,0.0,0.0,0.51,0.0,0.68,0.0,0.0,0.0,0.0,0.0,0.49,0.57,0.49,0.0,4.43
2024-11-08,0.0,0.59,0.6,0.5,0.0,0.0,0.0,0.0,0.51,0.0,0.68,0.0,0.0,0.0,0.0,0.0,0.49,0.57,0.49,0.0,4.43
2024-11-07,0.0,0.59,0.74,0.5,0.0,0.0,0.0,0.0,0.51,0.0,0.68,0.0,0.0,0.0,0.0,0.0,0.49,0.57,0.49,0.0,4.57
2024-11-06,0.0,0.59,0.8,0.5,0.0,0.0,0.0,0.0,0.51,0.0,0.68,0.0,0.0,0.0,0.0,0.0,0.49,0.57,0.5,0.0,4.640000000000001
2024-11-05,0.0,0.59,0.8,0.5,0.0,0.0,0.0,0.0,0.51,0.0,0.68,0.0,0.0,0.0,0.0,0.0,0.49,0.57,0.0,0.0,4.140000000000001
2024-11-04,0.0,0.59,0.8,0.5,0.0,0.0,0.0,0.0,0.51,0.0,0.68,0.0,0.0,0.0,0.0,0.0,0.5,0.57,0.0,0.0,4.15
2024-11-03,0.0,0.59,0.8,0.5,0.0,0.0,0.0,0.0,0.51,0.0,0.68,0.0,0.0,0.0,0.0,0.0,0.5,0.57,0.0,0.0,4.15
2024-11-02,0.0,0.59,0.8,0.5,0.0,0.0,0.0,0.0,0.51,0.0,0.68,0.0,0.0,0.0,0.0,0.0,0.5,0.57,0.0,0.0,4.15
2024-11-01,0.0,0.59,0.8,0.5,0.0,0.0,0.0,0.0,0.51,0.0,0.68,0.0,0.0,0.0,0.0,0.0,0.5,0.57,0.0,0.0,4.15
2024-10-31,0.0,0.59,0.8,0.5,0.0,0.0,0.0,0.0,0.51,0.0,0.7,0.0,0.0,0.0,0.0,0.0,0.5,0.57,0.0,0.0,4.170000000000001
2024-10-30,0.0,0.59,0.8,0.5,0.0,0.0,0.0,0.0,0.51,0.0,0.7,0.0,0.0,0.0,0.0,0.0,0.5,0.57,0.0,0.0,4.170000000000001
2024-10-29,0.0,0.59,0.8,0.5,0.0,0.0,0.0,0.0,0.51,0.0,0.7,0.0,0.0,0.0,0.0,0.0,0.5,0.57,0.0,0.0,4.170000000000001
2024-10-28,0.0,0.59,0.8,0.5,0.0,0.0,0.0,0.0,0.51,0.0,0.7,0.0,0.0,0.0,0.0,0.0,0.5,0.57,0.0,0.0,4.170000000000001
2024-10-27,0.0,0.59,0.8,0.5,0.0,0.0,0.0,0.0,0.51,0.0,0.7,0.0,0.0,0.0,0.0,0.0,0.5,0.57,0.0,0.0,4.170000000000001
2024-10-26,0.0,0.59,0.8,0.5,0.0,0.0,0.0,0.0,0.51,0.0,0.7,0.0,0.0,0.0,0.0,0.0,0.5,0.57,0.0,0.0,4.170000000000001
2024-10-25,0.0,0.59,0.8,0.5,0.0,0.0,0.0,0.0,0.51,0.0,0.7,0.0,0.0,0.0,0.0,0.0,0.5,0.57,0.0,0.0,4.170000000000001
2024-10-24,0.0,0.59,0.8,0.5,0.0,0.0,0.0,0.0,0.51,0.0,0.6,0.0,0.0,0.0,0.0,0.0,0.5,0.57,0.0,0.0,4.07
2024-10-23,0.0,0.59,0.8,0.5,0.0,0.0,0.0,0.0,0.51,0.0,0.6,0.0,0.0,0.0,0.0,0.0,0.5,0.57,0.0,0.0,4.07
2024-10-22,0.0,0.59,0.8,0.5,0.0,0.0,0.0,0.0,0.51,0.0,0.6,0.0,0.0,0.0,0.0,0.0,0.5,0.57,0.0,0.0,4.07
2024-10-21,0.0,0.59,0.8,0.5,0.0,0.0,0.0,0.0,0.51,0.0,0.6,0.0,0.0,0.0,0.0,0.0,0.5,0.57,0.0,0.0,4.07
2024-10-20,0.0,0.59,0.8,0.5,0.0,0.0,0.0,0.0,0.51,0.0,0.6,0.0,0.0,0.0,0.0,0.0,0.5,0.57,0.0,0.0,4.07
2024-10-19,0.0,0.59,0.8,0.5,0.0,0.0,0.0,0.0,0.51,0.0,0.6,0.0,0.0,0.0,0.0,0.0,0.5,0.57,0.0,0.0,4.07
2024-10-18,0.0,0.59,0.8,0.5,0.0,0.0,0.0,0.0,0.51,0.0,0.6,0.0,0.0,0.0,0.0,0.0,0.5,0.57,0.0,0.0,4.07
2024-10-17,0.0,0.59,0.8,0.5,0.0,0.0,0.0,0.0,0.51,0.0,0.6,0.0,0.0,0.0,0.0,0.0,0.5,0.57,0.0,0.0,4.07
2024-10-16,0.0,0.59,0.8,0.5,0.0,0.0,0.0,0.0,0.51,0.0,0.6,0.0,0.0,0.0,0.0,0.0,0.5,0.57,0.0,0.0,4.07
2024-10-15,0.0,0.59,0.7,0.49,0.0,0.0,0.0,0.0,0.51,0.0,0.6,0.0,0.0,0.0,0.0,0.0,0.5,0.57,0.0,0.0,3.96
2024-10-14,0.0,0.59,0.7,0.49,0.0,0.0,0.0,0.0,0.51,0.0,0.6,0.0,0.0,0.0,0.0,0.0,0.5,0.57,0.0,0.0,3.96
2024-10-13,0.0,0.59,0.7,0.49,0.0,0.0,0.0,0.0,0.51,0.0,0.6,0.0,0.0,0.0,0.0,0.0,0.5,0.57,0.0,0.0,3.96
2024-10-12,0.0,0.59,0.7,0.49,0.0,0.0,0.0,0.0,0.51,0.0,0.6,0.0,0.0,0.0,0.0,0.0,0.5,0.57,0.0,0.0,3.96
2024-10-11,0.0,0.59,0.7,0.49,0.0,0.0,0.0,0.0,0.51,0.0,0.6,0.0,0.0,0.0,0.0,0.0,0.5,0.57,0.0,0.0,3.96
2024-10-10,0.0,0.59,0.7,0.49,0.0,0.0,0.0,0.0,0.51,0.0,0.6,0.0,0.0,0.0,0.0,0.0,0.5,0.57,0.0,0.0,3.96
2024-10-09,0.0,0.59,0.7,0.49,0.0,0.0,0.0,0.0,0.51,0.0,0.6,0.0,0.0,0.0,0.0,0.0,0.5,0.57,0.0,0.0,3.96
2024-10-08,0.0,0.59,0.7,0.49,0.0,0.0,0.0,0.0,0.51,0.0,0.6,0.0,0.0,0.0,0.0,0.0,0.5,0.57,0.0,0.0,3.96
2024-10-07,0.0,0.59,0.67,0.5,0.0,0.0,0.0,0.0,0.51,0.0,0.5,0.0,0.0,0.0,0.0,0.0,0.5,0.57,0.0,0.0,3.84
2024-10-06,0.0,0.59,0.67,0.5,0.0,0.0,0.0,0.0,0.51,0.0,0.5,0.0,0.0,0.0,0.0,0.0,0.5,0.57,0.0,0.0,3.84
2024-10-05,0.0,0.59,0.67,0.5,0.0,0.0,0.0,0.0,0.51,0.0,0.5,0.0,0.0,0.0,0.0,0.0,0.5,0.57,0.0,0.0,3.84
2024-10-04,0.0,0.59,0.67,0.5,0.0,0.0,0.0,0.0,0.51,0.0,0.5,0.0,0.0,0.0,0.0,0.0,0.5,0.57,0.0,0.0,3.84
2024-10-03,0.0,0.59,0.67,0.5,0.0,0.0,0.0,0.0,0.51,0.0,0.5,0.0,0.0,0.0,0.0,0.0,0.5,0.57,0.0,0.0,3.84
2024-10-02,0.0,0.59,0.67,0.5,0.0,0.0,0.0,0.0,0.51,0.0,0.48,0.0,0.0,0.0,0.0,0.0,0.5,0.57,0.0,0.0,3.82
2024-10-01,0.0,0.59,0.67,0.5,0.0,0.0,0.0,0.0,0.51,0.0,0.48,0.0,0.0,0.0,0.0,0.0,0.5,0.57,0.0,0.0,3.82
2024-09-30,0.0,0.59,0.67,0.49,0.0,0.0,0.0,0.0,0.51,0.0,0.48,0.0,0.0,0.0,0.0,0.0,0.5,0.57,0.0,0.0,3.8099999999999996
2024-09-29,0.0,0.59,0.76,0.49,0.0,0.0,0.0,0.0,0.51,0.0,0.55,0.0,0.0,0.0,0.0,0.0,0.5,0.57,0.0,0.0,3.97
2024-09-28,0.0,0.59,0.76,0.49,0.0,0.0,0.0,0.0,0.51,0.0,0.55,0.0,0.0,0.0,0.0,0.0,0.5,0.57,0.0,0.0,3.97
2024-09-27,0.0,0.59,0.76,0.49,0.0,0.0,0.0,0.0,0.51,0.0,0.55,0.0,0.0,0.0,0.0,0.0,0.5,0.57,0.0,0.0,3.97
2024-09-26,0.0,0.59,0.76,0.5,0.0,0.0,0.0,0.0,0.51,0.0,0.55,0.0,0.0,0.0,0.0,0.0,0.5,0.57,0.0,0.0,3.98
2024-09-25,0.0,0.59,0.8,0.5,0.0,0.0,0.0,0.0,0.51,0.0,0.61,0.0,0.0,0.0,0.0,0.0,0.5,0.57,0.0,0.0,4.08
2024-09-24,0.0,0.59,0.8,0.5,0.0,0.0,0.0,0.0,0.51,0.0,0.61,0.0,0.0,0.0,0.0,0.0,0.5,0.57,0.0,0.0,4.08
2024-09-23,0.0,0.59,0.8,0.5,0.0,0.0,0.0,0.0,0.51,0.0,0.61,0.0,0.0,0.0,0.0,0.0,0.5,0.57,0.0,0.0,4.08
2024-09-22,0.0,0.59,0.8,0.5,0.0,0.0,0.0,0.0,0.51,0.0,0.61,0.0,0.0,0.0,0.0,0.0,0.5,0.57,0.0,0.0,4.08
2024-09-21,0.0,0.59,0.8,0.5,0.0,0.0,0.0,0.0,0.51,0.0,0.61,0.0,0.0,0.0,0.0,0.0,0.5,0.57,0.0,0.0,4.08
2024-09-20,0.0,0.59,0.8,0.5,0.0,0.0,0.0,0.0,0.51,0.0,0.61,0.0,0.0,0.0,0.0,0.0,0.5,0.57,0.0,0.0,4.08
2024-09-19,0.0,0.59,0.8,0.5,0.0,0.0,0.0,0.0,0.51,0.0,0.61,0.0,0.0,0.0,0.0,0.0,0.5,0.57,0.0,0.0,4.08
2024-09-18,0.0,0.59,0.8,0.5,0.0,0.0,0.0,0.0,0.51,0.0,0.61,0.0,0.0,0.0,0.0,0.0,0.5,0.57,0.0,0.0,4.08
2024-09-17,0.0,0.59,0.8,0.5,0.0,0.0,0.0,0.0,0.51,0.0,0.61,0.0,0.0,0.0,0.0,0.0,0.5,0.57,0.0,0.0,4.08
2024-09-16,0.0,0.48,0.8,0.5,0.0,0.0,0.0,0.0,0.51,0.0,0.61,0.0,0.0,0.0,0.0,0.0,0.5,0.57,0.0,0.0,3.9699999999999998
2024-09-15,0.0,0.48,0.8,0.5,0.0,0.0,0.0,0.0,0.51,0.0,0.61,0.0,0.0,0.0,0.0,0.0,0.5,0.57,0.0,0.0,3.9699999999999998
2024-09-14,0.0,0.48,0.8,0.5,0.0,0.0,0.0,0.0,0.51,0.0,0.61,0.0,0.0,0.0,0.0,0.0,0.5,0.57,0.0,0.0,3.9699999999999998
2024-09-13,0.0,0.48,0.8,0.5,0.0,0.0,0.0,0.0,0.51,0.0,0.61,0.0,0.0,0.0,0.0,0.0,0.49,0.57,0.0,0.0,3.9599999999999995
2024-09-12,0.0,0.48,0.8,0.5,0.0,0.0,0.0,0.0,0.51,0.0,0.61,0.0,0.0,0.0,0.0,0.0,0.49,0.57,0.0,0.0,3.9599999999999995
2024-09-11,0.0,0.48,0.8,0.5,0.0,0.0,0.0,0.0,0.51,0.0,0.61,0.0,0.0,0.0,0.0,0.0,0.49,0.57,0.0,0.0,3.9599999999999995
2024-09-10,0.0,0.48,0.8,0.5,0.0,0.0,0.0,0.0,0.51,0.0,0.61,0.0,0.0,0.0,0.0,0.0,0.49,0.57,0.0,0.0,3.9599999999999995
2024-09-09,0.0,0.48,0.8,0.5,0.0,0.0,0.0,0.0,0.51,0.0,0.61,0.0,0.0,0.0,0.0,0.0,0.49,0.57,0.0,0.0,3.9599999999999995
2024-09-08,0.0,0.59,0.8,0.5,0.0,0.0,0.0,0.0,0.51,0.0,0.61,0.0,0.0,0.0,0.0,0.0,0.49,0.57,0.0,0.0,4.07
2024-09-07,0.0,0.59,0.8,0.5,0.0,0.0,0.0,0.0,0.51,0.0,0.61,0.0,0.0,0.0,0.0,0.0,0.49,0.57,0.0,0.0,4.07
2024-09-06,0.0,0.59,0.8,0.5,0.0,0.0,0.0,0.0,0.51,0.0,0.61,0.0,0.0,0.0,0.0,0.0,0.49,0.57,0.0,0.0,4.07
2024-09-05,0.0,0.59,0.8,0.5,0.0,0.0,0.0,0.0,0.51,0.0,0.61,0.0,0.0,0.0,0.0,0.0,0.5,0.57,0.0,0.0,4.08
2024-09-04,0.0,0.59,0.8,0.5,0.0,0.0,0.0,0.0,0.51,0.0,0.61,0.0,0.0,0.0,0.0,0.0,0.5,0.57,0.0,0.0,4.08
2024-09-03,0.0,0.59,0.8,0.5,0.0,0.0,0.0,0.0,0.51,0.0,0.51,0.0,0.0,0.0,0.0,0.0,0.5,0.57,0.0,0.0,3.98
2024-09-02,0.0,0.59,0.72,0.5,0.0,0.0,0.0,0.0,0.51,0.0,0.51,0.0,0.0,0.0,0.0,0.0,0.5,0.57,0.0,0.0,3.9
2024-09-01,0.0,0.65,0.72,0.5,0.0,0.0,0.0,0.0,0.51,0.0,0.51,0.0,0.0,0.0,0.0,0.0,0.5,0.57,0.0,0.0,3.9599999999999995
2024-08-31,0.0,0.65,0.72,0.5,0.0,0.0,0.0,0.0,0.51,0.0,0.51,0.0,0.0,0.0,0.0,0.0,0.5,0.57,0.0,0.0,3.9599999999999995
2024-08-30,0.0,0.65,0.72,0.5,0.0,0.0,0.0,0.0,0.51,0.0,0.51,0.0,0.0,0.0,0.0,0.0,0.5,0.49,0.0,0.0,3.88
2024-08-29,0.0,0.65,0.72,0.5,0.0,0.0,0.0,0.0,0.51,0.0,0.51,0.0,0.0,0.0,0.0,0.0,0.5,0.49,0.0,0.0,3.88
2024-08-28,0.0,0.65,0.72,0.5,0.0,0.0,0.0,0.0,0.51,0.0,0.51,0.0,0.0,0.0,0.0,0.0,0.5,0.49,0.0,0.0,3.88
2024-08-27,0.0,0.65,0.72,0.5,0.0,0.0,0.0,0.0,0.51,0.0,0.51,0.0,0.0,0.0,0.0,0.0,0.5,0.49,0.0,0.0,3.88
2024-08-26,0.0,0.65,0.63,0.5,0.0,0.0,0.0,0.0,0.51,0.0,0.51,0.0,0.0,0.0,0.0,0.0,0.5,0.49,0.0,0.0,3.79
2024-08-25,0.0,0.65,0.63,0.5,0.0,0.0,0.0,0.0,0.51,0.0,0.51,0.0,0.0,0.0,0.0,0.0,0.5,0.49,0.0,0.0,3.79
2024-08-24,0.0,0.65,0.63,0.5,0.0,0.0,0.0,0.0,0.51,0.0,0.51,0.0,0.0,0.0,0.0,0.0,0.5,0.49,0.0,0.0,3.79
2024-08-23,0.0,0.65,0.63,0.5,0.0,0.0,0.0,0.0,0.51,0.0,0.51,0.0,0.0,0.0,0.0,0.0,0.5,0.49,0.0,0.0,3.79
2024-08-22,0.0,0.65,0.55,0.5,0.0,0.0,0.0,0.0,0.51,0.0,0.51,0.0,0.0,0.0,0.0,0.0,0.5,0.57,0.0,0.0,3.7899999999999996
2024-08-21,0.0,0.65,0.39,0.5,0.0,0.0,0.0,0.0,0.51,0.0,0.51,0.0,0.0,0.0,0.0,0.0,0.5,0.57,0.0,0.0,3.6299999999999994
2024-08-20,0.0,0.7,0.39,0.5,0.0,0.0,0.0,0.0,0.51,0.0,0.51,0.0,0.0,0.0,0.0,0.0,0.5,0.57,0.0,0.0,3.6799999999999993
2024-08-19,0.0,0.7,0.39,0.49,0.0,0.0,0.0,0.0,0.51,0.0,0.51,0.0,0.0,0.0,0.0,0.0,0.5,0.57,0.0,0.0,3.6699999999999995
2024-08-18,0.0,0.7,0.39,0.49,0.0,0.0,0.0,0.0,0.0,0.0,0.51,0.0,0.0,0.0,0.0,0.0,0.5,0.57,0.0,0.0,3.1599999999999997
2024-08-17,0.0,0.7,0.39,0.49,0.0,0.0,0.0,0.0,0.0,0.0,0.51,0.0,0.0,0.0,0.0,0.0,0.5,0.57,0.0,0.0,3.1599999999999997
2024-08-16,0.0,0.7,0.39,0.49,0.0,0.0,0.0,0.0,0.0,0.0,0.51,0.0,0.0,0.0,0.0,0.0,0.5,0.57,0.0,0.0,3.1599999999999997
2024-08-15,0.0,0.7,0.39,0.49,0.0,0.0,0.0,0.0,0.0,0.0,0.51,0.0,0.0,0.0,0.0,0.0,0.5,0.57,0.0,0.0,3.1599999999999997
2024-08-14,0.0,0.7,0.39,0.49,0.0,0.0,0.0,0.0,0.0,0.0,0.51,0.0,0.0,0.0,0.0,0.0,0.5,0.57,0.0,0.0,3.1599999999999997
2024-08-13,0.0,0.7,0.59,0.49,0.0,0.0,0.0,0.0,0.0,0.0,0.51,0.0,0.0,0.0,0.0,0.0,0.5,0.57,0.0,0.0,3.36
2024-08-12,0.0,0.7,0.68,0.49,0.0,0.0,0.0,0.0,0.0,0.0,0.51,0.0,0.0,0.0,0.0,0.0,0.5,0.57,0.0,0.0,3.4499999999999997
2024-08-11,0.0,0.7,0.68,0.5,0.0,0.0,0.0,0.0,0.0,0.0,0.51,0.0,0.0,0.0,0.0,0.0,0.5,0.57,0.0,0.0,3.4599999999999995
2024-08-10,0.0,0.7,0.68,0.5,0.0,0.0,0.0,0.0,0.0,0.0,0.51,0.0,0.0,0.0,0.0,0.0,0.5,0.57,0.0,0.0,3.4599999999999995
2024-08-09,0.0,0.7,0.68,0.5,0.0,0.0,0.0,0.0,0.0,0.0,0.51,0.0,0.0,0.0,0.0,0.0,0.5,0.57,0.0,0.0,3.4599999999999995
2024-08-08,0.0,0.7,0.68,0.5,0.0,0.0,0.0,0.0,0.0,0.0,0.51,0.0,0.0,0.0,0.0,0.0,0.5,0.57,0.0,0.0,3.4599999999999995
2024-08-07,0.0,0.7,0.68,0.48,0.0,0.0,0.0,0.0,0.0,0.0,0.0,0.0,0.0,0.0,0.0,0.0,0.5,0.57,0.0,0.0,2.9299999999999997
2024-08-06,0.0,0.7,0.68,0.5,0.0,0.0,0.0,0.0,0.0,0.0,0.0,0.0,0.0,0.0,0.0,0.0,0.5,0.57,0.0,0.0,2.9499999999999997
2024-08-05,0.0,0.7,0.68,0.5,0.0,0.0,0.0,0.0,0.0,0.0,0.0,0.0,0.0,0.0,0.0,0.0,0.5,0.57,0.0,0.0,2.9499999999999997
2024-08-04,0.0,0.7,0.68,0.5,0.0,0.0,0.0,0.0,0.0,0.0,0.0,0.0,0.0,0.0,0.0,0.0,0.5,0.57,0.0,0.0,2.9499999999999997
2024-08-03,0.0,0.7,0.68,0.5,0.0,0.0,0.0,0.0,0.0,0.0,0.0,0.0,0.0,0.0,0.0,0.0,0.5,0.57,0.0,0.0,2.9499999999999997
2024-08-02,0.0,0.7,0.68,0.5,0.0,0.0,0.0,0.0,0.0,0.0,0.0,0.0,0.0,0.0,0.0,0.0,0.5,0.57,0.0,0.0,2.9499999999999997
2024-08-01,0.0,0.7,0.77,0.5,0.0,0.0,0.0,0.0,0.0,0.0,0.0,0.0,0.0,0.0,0.0,0.0,0.5,0.57,0.0,0.0,3.0399999999999996
2024-07-31,0.0,0.69,0.77,0.5,0.0,0.0,0.0,0.0,0.0,0.0,0.0,0.0,0.0,0.0,0.0,0.0,0.5,0.57,0.0,0.0,3.03
2024-07-30,0.0,0.7,0.77,0.5,0.0,0.0,0.0,0.0,0.0,0.0,0.0,0.0,0.0,0.0,0.0,0.0,0.5,0.57,0.0,0.0,3.0399999999999996
2024-07-29,0.0,0.7,0.77,0.0,0.0,0.0,0.0,0.0,0.0,0.0,0.0,0.0,0.0,0.0,0.0,0.0,0.5,0.57,0.0,0.0,2.54
2024-07-28,0.0,0.7,0.77,0.0,0.0,0.0,0.0,0.0,0.0,0.0,0.0,0.0,0.0,0.0,0.0,0.0,0.5,0.57,0.0,0.0,2.54
2024-07-27,0.0,0.7,0.77,0.0,0.0,0.0,0.0,0.0,0.0,0.0,0.0,0.0,0.0,0.0,0.0,0.0,0.5,0.57,0.0,0.0,2.54
2024-07-26,0.0,0.7,0.77,0.0,0.0,0.0,0.0,0.0,0.0,0.0,0.0,0.0,0.0,0.0,0.0,0.0,0.5,0.57,0.0,0.0,2.54
2024-07-25,0.0,0.7,0.77,0.0,0.0,0.0,0.0,0.0,0.0,0.0,0.0,0.0,0.0,0.0,0.0,0.0,0.5,0.6,0.0,0.0,2.57
2024-07-24,0.0,0.7,0.77,0.0,0.0,0.0,0.0,0.0,0.0,0.0,0.0,0.0,0.0,0.0,0.0,0.0,0.5,0.6,0.0,0.0,2.57
2024-07-23,0.0,0.7,0.77,0.0,0.0,0.0,0.0,0.0,0.0,0.0,0.0,0.0,0.0,0.0,0.0,0.0,0.5,0.6,0.0,0.0,2.57
2024-07-22,0.0,0.7,0.77,0.0,0.0,0.0,0.0,0.0,0.0,0.0,0.0,0.0,0.0,0.0,0.0,0.0,0.5,0.6,0.0,0.0,2.57
2024-07-21,0.0,0.7,0.77,0.0,0.0,0.0,0.0,0.0,0.0,0.0,0.0,0.0,0.0,0.0,0.0,0.0,0.5,0.6,0.0,0.0,2.57
2024-07-20,0.0,0.7,0.77,0.0,0.0,0.0,0.0,0.0,0.0,0.0,0.0,0.0,0.0,0.0,0.0,0.0,0.5,0.6,0.0,0.0,2.57
2024-07-19,0.0,0.7,0.77,0.0,0.0,0.0,0.0,0.0,0.0,0.0,0.0,0.0,0.0,0.0,0.0,0.0,0.5,0.6,0.0,0.0,2.57
2024-07-18,0.0,0.7,0.77,0.0,0.0,0.0,0.0,0.0,0.0,0.0,0.0,0.0,0.0,0.0,0.0,0.0,0.5,0.6,0.0,0.0,2.57
2024-07-17,0.0,0.7,0.8,0.0,0.0,0.0,0.0,0.0,0.0,0.0,0.0,0.0,0.0,0.0,0.0,0.0,0.5,0.6,0.0,0.0,2.6
2024-07-16,0.0,0.7,0.8,0.0,0.0,0.0,0.0,0.0,0.0,0.0,0.0,0.0,0.0,0.0,0.0,0.0,0.5,0.6,0.0,0.0,2.6
2024-07-15,0.0,0.7,0.71,0.0,0.0,0.0,0.0,0.0,0.0,0.0,0.0,0.0,0.0,0.0,0.0,0.0,0.5,0.6,0.0,0.0,2.51
2024-07-14,0.0,0.7,0.71,0.0,0.0,0.0,0.0,0.0,0.0,0.0,0.0,0.0,0.0,0.0,0.0,0.0,0.5,0.56,0.0,0.0,2.4699999999999998
2024-07-13,0.0,0.7,0.71,0.0,0.0,0.0,0.0,0.0,0.0,0.0,0.0,0.0,0.0,0.0,0.0,0.0,0.5,0.56,0.0,0.0,2.4699999999999998
2024-07-12,0.0,0.7,0.71,0.0,0.0,0.0,0.0,0.0,0.0,0.0,0.0,0.0,0.0,0.0,0.5,0.0,0.5,0.56,0.0,0.0,2.97
2024-07-11,0.0,0.7,0.71,0.0,0.0,0.0,0.0,0.0,0.0,0.0,0.0,0.0,0.0,0.0,0.5,0.0,0.5,0.56,0.0,0.0,2.97
2024-07-10,0.0,0.7,0.71,0.0,0.0,0.0,0.0,0.0,0.0,0.0,0.0,0.0,0.0,0.0,0.5,0.0,0.5,0.56,0.0,0.0,2.97
2024-07-09,0.0,0.7,0.71,0.0,0.0,0.0,0.0,0.0,0.0,0.0,0.0,0.0,0.0,0.0,0.5,0.0,0.5,0.56,0.0,0.0,2.97
2024-07-08,0.0,0.7,0.71,0.0,0.0,0.0,0.0,0.0,0.0,0.0,0.0,0.0,0.0,0.0,0.5,0.0,0.5,0.56,0.0,0.0,2.97
2024-07-07,0.0,0.7,0.69,0.0,0.0,0.0,0.0,0.0,0.0,0.0,0.0,0.0,0.0,0.0,0.5,0.0,0.49,0.56,0.0,0.0,2.94
2024-07-06,0.0,0.7,0.69,0.0,0.0,0.0,0.0,0.0,0.0,0.0,0.0,0.0,0.0,0.0,0.5,0.0,0.49,0.56,0.0,0.0,2.94
2024-07-05,0.0,0.7,0.69,0.0,0.0,0.0,0.0,0.0,0.0,0.0,0.0,0.0,0.0,0.0,0.5,0.0,0.49,0.56,0.0,0.0,2.94
2024-07-04,0.0,0.7,0.69,0.0,0.0,0.0,0.0,0.0,0.49,0.0,0.0,0.0,0.0,0.0,0.5,0.0,0.5,0.5,0.0,0.0,3.38
2024-07-03,0.0,0.7,0.69,0.0,0.0,0.0,0.0,0.0,0.49,0.0,0.0,0.0,0.0,0.0,0.5,0.0,0.5,0.5,0.0,0.0,3.38
2024-07-02,0.0,0.7,0.69,0.0,0.0,0.0,0.0,0.0,0.49,0.0,0.0,0.0,0.0,0.0,0.5,0.0,0.5,0.5,0.0,0.0,3.38
2024-07-01,0.0,0.7,0.69,0.0,0.0,0.0,0.0,0.0,0.53,0.0,0.0,0.0,0.0,0.0,0.5,0.0,0.5,0.5,0.0,0.0,3.42
2024-06-30,0.0,0.7,0.7,0.0,0.0,0.0,0.0,0.0,0.53,0.0,0.0,0.0,0.0,0.0,0.5,0.0,0.5,0.5,0.0,0.0,3.4299999999999997
2024-06-29,0.0,0.7,0.7,0.0,0.0,0.0,0.0,0.0,0.53,0.0,0.0,0.0,0.0,0.0,0.5,0.0,0.5,0.5,0.0,0.0,3.4299999999999997
2024-06-28,0.0,0.7,0.7,0.0,0.0,0.0,0.0,0.0,0.53,0.0,0.0,0.0,0.0,0.0,0.5,0.0,0.5,0.5,0.0,0.0,3.4299999999999997
2024-06-27,0.0,0.7,0.7,0.0,0.0,0.0,0.0,0.0,0.53,0.0,0.0,0.0,0.0,0.0,0.5,0.0,0.5,0.5,0.0,0.0,3.4299999999999997
2024-06-26,0.0,0.7,0.7,0.0,0.0,0.0,0.0,0.0,0.53,0.0,0.0,0.0,0.0,0.0,0.5,0.0,0.5,0.49,0.0,0.0,3.42
2024-06-25,0.0,0.7,0.7,0.0,0.0,0.0,0.0,0.0,0.53,0.0,0.0,0.0,0.0,0.0,0.5,0.0,0.5,0.49,0.0,0.0,3.42
2024-06-24,0.0,0.7,0.7,0.0,0.0,0.0,0.0,0.0,0.53,0.0,0.0,0.0,0.0,0.0,0.5,0.0,0.5,0.49,0.0,0.0,3.42
2024-06-23,0.0,0.7,0.6,0.0,0.0,0.0,0.0,0.0,0.53,0.0,0.0,0.0,0.0,0.0,0.5,0.0,0.5,0.49,0.0,0.0,3.3200000000000003
2024-06-22,0.0,0.7,0.6,0.0,0.0,0.0,0.0,0.0,0.53,0.0,0.0,0.0,0.0,0.0,0.5,0.0,0.5,0.49,0.0,0.0,3.3200000000000003
2024-06-21,0.0,0.7,0.6,0.0,0.0,0.0,0.0,0.0,0.53,0.0,0.0,0.0,0.0,0.0,0.5,0.0,0.5,0.49,0.0,0.0,3.3200000000000003
2024-06-20,0.0,0.7,0.6,0.0,0.0,0.0,0.0,0.0,0.53,0.0,0.0,0.0,0.0,0.0,0.5,0.0,0.5,0.49,0.0,0.0,3.3200000000000003
2024-06-19,0.0,0.7,0.6,0.0,0.0,0.0,0.0,0.0,0.53,0.0,0.0,0.0,0.0,0.0,0.5,0.0,0.5,0.49,0.0,0.0,3.3200000000000003
2024-06-18,0.0,0.7,0.6,0.0,0.0,0.0,0.0,0.0,0.53,0.0,0.0,0.0,0.0,0.0,0.5,0.0,0.5,0.5,0.0,0.0,3.33
2024-06-17,0.0,0.7,0.6,0.0,0.0,0.0,0.0,0.0,0.53,0.0,0.0,0.0,0.0,0.0,0.5,0.0,0.5,0.0,0.0,0.0,2.83
2024-06-16,0.69,0.7,0.6,0.0,0.0,0.0,0.0,0.0,0.53,0.0,0.0,0.0,0.0,0.0,0.5,0.0,0.5,0.0,0.0,0.0,3.5199999999999996
2024-06-15,0.69,0.7,0.6,0.0,0.0,0.0,0.0,0.0,0.53,0.0,0.0,0.0,0.0,0.0,0.5,0.0,0.5,0.0,0.0,0.0,3.5199999999999996
2024-06-14,0.69,0.7,0.6,0.0,0.0,0.0,0.0,0.0,0.53,0.0,0.0,0.0,0.0,0.0,0.5,0.0,0.5,0.0,0.0,0.0,3.5199999999999996
2024-06-13,0.69,0.61,0.6,0.0,0.0,0.0,0.0,0.0,0.53,0.0,0.0,0.0,0.0,0.0,0.5,0.0,0.5,0.0,0.0,0.0,3.4299999999999997
2024-06-12,0.69,0.61,0.6,0.0,0.0,0.0,0.0,0.0,0.53,0.0,0.0,0.0,0.0,0.0,0.5,0.0,0.5,0.0,0.0,0.0,3.4299999999999997
2024-06-11,0.69,0.61,0.6,0.0,0.0,0.0,0.0,0.0,0.53,0.0,0.0,0.0,0.0,0.0,0.5,0.0,0.5,0.0,0.0,0.0,3.4299999999999997
2024-06-10,0.69,0.61,0.57,0.0,0.0,0.0,0.0,0.0,0.53,0.0,0.0,0.0,0.0,0.0,0.5,0.0,0.48,0.0,0.0,0.0,3.3799999999999994
2024-06-09,0.69,0.61,0.57,0.0,0.0,0.0,0.0,0.0,0.53,0.0,0.0,0.0,0.0,0.0,0.5,0.0,0.48,0.0,0.0,0.0,3.3799999999999994
2024-06-08,0.69,0.61,0.57,0.0,0.0,0.0,0.0,0.0,0.53,0.0,0.0,0.0,0.0,0.0,0.5,0.0,0.48,0.0,0.0,0.0,3.3799999999999994
2024-06-07,0.69,0.61,0.57,0.0,0.0,0.0,0.0,0.0,0.53,0.0,0.0,0.0,0.0,0.0,0.5,0.0,0.48,0.0,0.0,0.0,3.3799999999999994
2024-06-06,0.69,0.61,0.57,0.0,0.0,0.0,0.0,0.0,0.53,0.0,0.0,0.0,0.0,0.0,0.5,0.0,0.48,0.0,0.0,0.0,3.3799999999999994
2024-06-05,0.69,0.61,0.57,0.0,0.0,0.0,0.0,0.0,0.53,0.0,0.0,0.0,0.0,0.0,0.5,0.0,0.48,0.0,0.0,0.0,3.3799999999999994
2024-06-04,0.69,0.61,0.57,0.0,0.0,0.0,0.0,0.0,0.53,0.0,0.0,0.0,0.0,0.0,0.5,0.0,0.48,0.0,0.0,0.0,3.3799999999999994
2024-06-03,0.69,0.61,0.57,0.0,0.0,0.0,0.0,0.0,0.53,0.0,0.0,0.0,0.0,0.0,0.5,0.0,0.48,0.0,0.0,0.0,3.3799999999999994
2024-06-02,0.69,0.61,0.57,0.0,0.0,0.0,0.0,0.0,0.53,0.0,0.0,0.0,0.0,0.0,0.5,0.0,0.5,0.0,0.0,0.0,3.3999999999999995
2024-06-01,0.69,0.61,0.57,0.0,0.0,0.0,0.0,0.0,0.53,0.0,0.0,0.0,0.0,0.0,0.5,0.0,0.5,0.0,0.0,0.0,3.3999999999999995
2024-05-31,0.69,0.61,0.57,0.0,0.0,0.0,0.0,0.0,0.53,0.0,0.0,0.0,0.0,0.0,0.5,0.0,0.5,0.0,0.0,0.0,3.3999999999999995
2024-05-30,0.69,0.59,0.57,0.0,0.0,0.0,0.0,0.0,0.53,0.0,0.0,0.0,0.0,0.0,0.5,0.0,0.5,0.0,0.0,0.0,3.38
2024-05-29,0.69,0.59,0.57,0.0,0.0,0.0,0.0,0.0,0.53,0.0,0.0,0.0,0.0,0.0,0.5,0.0,0.5,0.0,0.0,0.0,3.38
2024-05-28,0.69,0.59,0.57,0.0,0.0,0.0,0.0,0.0,0.53,0.45,0.0,0.0,0.0,0.0,0.5,0.0,0.5,0.0,0.0,0.0,3.83
2024-05-27,0.69,0.59,0.57,0.0,0.0,0.0,0.0,0.0,0.68,0.45,0.0,0.0,0.0,0.0,0.5,0.0,0.5,0.0,0.0,0.0,3.98
2024-05-26,0.69,0.59,0.6,0.0,0.0,0.0,0.0,0.0,0.68,0.45,0.0,0.0,0.0,0.0,0.5,0.0,0.5,0.0,0.0,0.0,4.01
2024-05-25,0.69,0.59,0.6,0.0,0.0,0.0,0.0,0.0,0.68,0.45,0.0,0.0,0.0,0.0,0.5,0.0,0.5,0.0,0.0,0.0,4.01
2024-05-24,0.69,0.59,0.6,0.0,0.0,0.0,0.0,0.0,0.68,0.45,0.0,0.0,0.0,0.0,0.5,0.0,0.5,0.0,0.0,0.0,4.01
2024-05-23,0.69,0.59,0.6,0.0,0.0,0.0,0.0,0.0,0.68,0.58,0.0,0.0,0.0,0.0,0.5,0.0,0.5,0.0,0.0,0.0,4.140000000000001
2024-05-22,0.69,0.59,0.6,0.0,0.0,0.0,0.0,0.0,0.68,0.58,0.0,0.0,0.0,0.0,0.5,0.0,0.49,0.0,0.0,0.0,4.13
2024-05-21,0.69,0.59,0.6,0.0,0.0,0.0,0.0,0.0,0.68,0.58,0.0,0.0,0.0,0.0,0.5,0.0,0.5,0.0,0.0,0.0,4.140000000000001
2024-05-20,0.69,0.59,0.58,0.0,0.0,0.0,0.0,0.0,0.68,0.67,0.0,0.0,0.0,0.0,0.5,0.0,0.5,0.0,0.0,0.0,4.21
2024-05-19,0.69,0.59,0.58,0.0,0.0,0.0,0.0,0.0,0.68,0.67,0.0,0.0,0.0,0.0,0.5,0.0,0.5,0.0,0.0,0.0,4.21
2024-05-18,0.69,0.59,0.58,0.0,0.0,0.0,0.0,0.0,0.68,0.67,0.0,0.0,0.0,0.0,0.5,0.0,0.5,0.0,0.0,0.0,4.21
2024-05-17,0.69,0.59,0.58,0.0,0.0,0.0,0.0,0.0,0.68,0.67,0.0,0.0,0.0,0.0,0.5,0.0,0.5,0.0,0.0,0.0,4.21
2024-05-16,0.69,0.59,0.58,0.0,0.0,0.0,0.0,0.0,0.68,0.67,0.0,0.0,0.0,0.0,0.5,0.0,0.5,0.0,0.0,0.0,4.21
2024-05-15,0.69,0.59,0.58,0.0,0.0,0.0,0.0,0.0,0.68,0.79,0.0,0.0,0.0,0.0,0.5,0.0,0.5,0.0,0.0,0.0,4.33
2024-05-14,0.69,0.59,0.69,0.0,0.0,0.0,0.0,0.0,0.68,0.79,0.0,0.0,0.0,0.0,0.5,0.0,0.5,0.0,0.0,0.0,4.4399999999999995
2024-05-13,0.69,0.59,0.69,0.0,0.0,0.0,0.0,0.0,0.68,0.87,0.0,0.0,0.0,0.0,0.5,0.0,0.5,0.0,0.0,0.0,4.52
2024-05-12,0.69,0.59,0.69,0.0,0.0,0.0,0.0,0.0,0.68,0.97,0.0,0.0,0.0,0.0,0.5,0.0,0.5,0.0,0.0,0.0,4.62
2024-05-11,0.69,0.59,0.69,0.0,0.0,0.0,0.0,0.0,0.68,0.97,0.0,0.0,0.0,0.0,0.5,0.0,0.5,0.0,0.0,0.0,4.62
2024-05-10,0.69,0.59,0.69,0.0,0.0,0.0,0.0,0.0,0.68,0.97,0.0,0.0,0.0,0.0,0.5,0.0,0.5,0.0,0.0,0.0,4.62
2024-05-09,0.69,0.59,0.69,0.0,0.0,0.0,0.0,0.0,0.68,0.97,0.0,0.0,0.0,0.0,0.5,0.0,0.5,0.0,0.0,0.0,4.62
2024-05-08,0.69,0.59,0.69,0.0,0.0,0.0,0.0,0.0,0.68,1.02,0.0,0.0,0.0,0.0,0.5,0.0,0.5,0.0,0.0,0.0,4.67
2024-05-07,0.69,0.69,0.77,0.0,0.0,0.0,0.0,0.0,0.68,1.19,0.0,0.0,0.0,0.0,0.5,0.0,0.5,0.0,0.0,0.0,5.02
2024-05-06,0.69,0.69,0.77,0.0,0.0,0.0,0.0,0.0,0.68,1.19,0.0,0.0,0.0,0.0,0.5,0.0,0.5,0.0,0.0,0.0,5.02
2024-05-05,0.69,0.69,0.77,0.0,0.0,0.0,0.0,0.0,0.68,1.28,0.0,0.0,0.0,0.0,0.5,0.0,0.5,0.0,0.0,0.0,5.11
2024-05-04,0.69,0.69,0.77,0.0,0.0,0.0,0.0,0.0,0.68,1.28,0.0,0.0,0.0,0.0,0.5,0.0,0.5,0.0,0.0,0.0,5.11
2024-05-03,0.69,0.69,0.77,0.0,0.0,0.0,0.0,0.0,0.68,1.28,0.0,0.0,0.0,0.0,0.5,0.0,0.5,0.0,0.0,0.0,5.11
2024-05-02,0.69,0.69,0.89,0.0,0.0,0.0,0.0,0.0,0.68,1.28,0.0,0.0,0.0,0.0,0.5,0.0,0.5,0.0,0.0,0.0,5.23
2024-05-01,0.69,0.69,0.91,0.0,0.0,0.0,0.0,0.0,0.68,1.28,0.0,0.0,0.0,0.0,0.5,0.0,0.5,0.0,0.0,0.0,5.25
2024-04-30,0.69,0.69,0.91,0.0,0.0,0.0,0.0,0.0,0.68,1.28,0.0,0.0,0.0,0.0,0.5,0.0,0.5,0.0,0.0,0.0,5.25
2024-04-29,0.69,0.69,0.91,0.0,0.0,0.0,0.0,0.0,0.68,1.28,0.0,0.0,0.0,0.0,0.5,0.0,0.5,0.0,0.0,0.0,5.25
2024-04-28,0.69,0.69,0.91,0.0,0.0,0.0,0.0,0.0,0.72,1.28,0.0,0.0,0.0,0.0,0.5,0.0,0.5,0.0,0.0,0.0,5.29
2024-04-27,0.69,0.69,0.91,0.0,0.0,0.0,0.0,0.0,0.72,1.28,0.0,0.0,0.0,0.0,0.5,0.0,0.5,0.0,0.0,0.0,5.29
2024-04-26,0.69,0.69,0.91,0.0,0.0,0.0,0.0,0.0,0.72,1.28,0.0,0.0,0.0,0.0,0.5,0.0,0.5,0.0,0.0,0.0,5.29
2024-04-25,0.69,0.69,0.91,0.0,0.0,0.0,0.0,0.0,0.72,1.28,0.0,0.0,0.0,0.0,0.5,0.0,0.5,0.0,0.0,0.0,5.29
2024-04-24,0.69,0.69,0.91,0.0,0.0,0.0,0.0,0.0,0.72,1.28,0.0,0.0,0.0,0.0,0.5,0.0,0.5,0.0,0.0,0.0,5.29
2024-04-23,0.69,0.69,0.91,0.0,0.0,0.0,0.0,0.0,0.72,1.28,0.0,0.0,0.0,0.0,0.5,0.0,0.5,0.0,0.0,0.0,5.29
2024-04-22,0.69,0.7,0.91,0.0,0.0,0.0,0.0,0.0,0.72,1.28,0.0,0.0,0.0,0.0,0.5,0.0,0.5,0.0,0.0,0.0,5.3
2024-04-21,0.69,0.7,0.91,0.0,0.0,0.0,0.0,0.0,0.72,1.28,0.0,0.0,0.0,0.0,0.5,0.0,0.5,0.0,0.0,0.0,5.3
2024-04-20,0.69,0.7,0.91,0.0,0.0,0.0,0.0,0.0,0.72,1.28,0.0,0.0,0.0,0.0,0.5,0.0,0.5,0.0,0.0,0.0,5.3
2024-04-19,0.69,0.7,0.91,0.0,0.0,0.0,0.0,0.0,0.72,1.28,0.0,0.0,0.0,0.0,0.5,0.0,0.5,0.0,0.0,0.0,5.3
2024-04-18,0.69,0.7,0.91,0.0,0.0,0.0,0.0,0.0,0.72,1.28,0.0,0.0,0.0,0.0,0.5,0.0,0.5,0.0,0.0,0.0,5.3
2024-04-17,0.69,0.7,0.91,0.0,0.0,0.0,0.0,0.0,0.72,1.28,0.0,0.0,0.0,0.0,0.49,0.0,0.5,0.0,0.0,0.0,5.29
2024-04-16,0.69,0.7,0.87,0.0,0.0,0.0,0.0,0.0,0.72,1.28,0.0,0.0,0.0,0.0,0.49,0.0,0.5,0.0,0.0,0.0,5.25
2024-04-15,0.69,0.7,0.7,0.0,0.0,0.0,0.0,0.0,0.72,1.28,0.0,0.0,0.0,0.0,0.49,0.0,0.5,0.0,0.0,0.0,5.08
2024-04-14,0.69,0.7,0.7,0.0,0.0,0.0,0.0,0.0,0.68,1.28,0.0,0.0,0.0,0.0,0.49,0.0,0.5,0.0,0.0,0.0,5.04
2024-04-13,0.69,0.7,0.7,0.0,0.0,0.0,0.0,0.0,0.68,1.28,0.0,0.0,0.0,0.0,0.49,0.0,0.5,0.0,0.0,0.0,5.04
2024-04-12,0.69,0.7,0.7,0.0,0.0,0.0,0.0,0.0,0.68,1.28,0.0,0.0,0.0,0.0,0.49,0.0,0.5,0.0,0.0,0.0,5.04
2024-04-11,0.69,0.7,1.0,0.0,0.0,0.0,0.0,0.0,0.68,1.28,0.0,0.0,0.0,0.0,0.49,0.0,0.0,0.0,0.0,0.0,4.84
2024-04-10,0.69,0.63,0.79,0.0,0.0,0.0,0.0,0.0,0.68,1.28,0.0,0.0,0.0,0.0,0.49,0.0,0.0,0.0,0.0,0.0,4.5600000000000005
2024-04-09,0.69,0.63,0.65,0.0,0.0,0.0,0.0,0.0,0.68,1.28,0.0,0.0,0.0,0.0,0.5,0.0,0.0,0.0,0.0,0.0,4.43
2024-04-08,0.69,0.63,0.57,0.0,0.0,0.0,0.0,0.0,0.68,1.28,0.0,0.0,0.0,0.0,0.5,0.0,0.0,0.0,0.0,0.0,4.35
2024-04-07,0.69,0.51,0.0,0.0,0.0,0.0,0.0,0.0,0.68,1.28,0.0,0.0,0.0,0.0,0.5,0.0,0.0,0.0,0.0,0.0,3.66
2024-04-06,0.69,0.51,0.0,0.0,0.0,0.0,0.0,0.0,0.68,1.28,0.0,0.0,0.0,0.0,0.5,0.0,0.0,0.0,0.0,0.0,3.66
2024-04-05,0.69,0.51,0.0,0.0,0.0,0.0,0.0,0.0,0.68,1.28,0.0,0.0,0.0,0.0,0.5,0.0,0.0,0.0,0.0,0.0,3.66
2024-04-04,0.69,0.51,0.0,0.0,0.0,0.0,0.0,0.0,0.68,1.28,0.0,0.0,0.0,0.0,0.5,0.0,0.0,0.0,0.0,0.0,3.66
2024-04-03,0.69,0.49,0.0,0.0,0.0,0.0,0.0,0.0,0.68,1.28,0.0,0.0,0.0,0.0,0.5,0.0,0.0,0.0,0.0,0.0,3.6399999999999997
2024-04-02,0.69,0.49,0.0,0.0,0.0,0.0,0.0,0.0,0.68,1.28,0.0,0.0,0.0,0.0,0.5,0.0,0.0,0.0,0.0,0.0,3.6399999999999997
2024-04-01,0.69,0.49,0.0,0.0,0.0,0.0,0.0,0.0,0.68,1.28,0.0,0.0,0.0,0.0,0.5,0.0,0.0,0.0,0.0,0.0,3.6399999999999997
2024-03-31,0.69,0.49,0.0,0.0,0.0,0.0,0.0,0.0,0.68,1.28,0.0,0.0,0.0,0.0,0.5,0.0,0.0,0.0,0.0,0.0,3.6399999999999997
2024-03-30,0.69,0.49,0.0,0.0,0.0,0.0,0.0,0.0,0.68,1.28,0.0,0.0,0.0,0.0,0.5,0.0,0.0,0.0,0.0,0.0,3.6399999999999997
2024-03-29,0.69,0.49,0.0,0.0,0.0,0.0,0.0,0.0,0.68,1.28,0.0,0.0,0.0,0.0,0.5,0.0,0.0,0.0,0.0,0.0,3.6399999999999997
2024-03-28,0.69,0.49,0.0,0.0,0.0,0.0,0.0,0.0,0.68,1.28,0.0,0.0,0.0,0.0,0.5,0.0,0.0,0.0,0.0,0.0,3.6399999999999997
2024-03-27,0.69,0.49,0.0,0.0,0.0,0.0,0.0,0.0,0.68,1.28,0.0,0.0,0.0,0.0,0.5,0.0,0.0,0.0,0.0,0.0,3.6399999999999997
2024-03-26,0.69,0.5,0.0,0.0,0.0,0.0,0.0,0.0,0.68,1.32,0.0,0.0,0.0,0.0,0.5,0.0,0.0,0.0,0.0,0.0,3.6900000000000004
2024-03-25,0.69,0.5,0.0,0.0,0.0,0.0,0.0,0.0,0.68,1.32,0.0,0.0,0.0,0.0,0.5,0.0,0.0,0.0,0.0,0.0,3.6900000000000004
2024-03-24,0.69,0.59,0.0,0.0,0.0,0.0,0.0,0.0,0.68,1.32,0.0,0.0,0.0,0.0,0.5,0.0,0.0,0.0,0.0,0.0,3.7800000000000002
2024-03-23,0.69,0.59,0.0,0.0,0.0,0.0,0.0,0.0,0.68,1.32,0.0,0.0,0.0,0.0,0.5,0.0,0.0,0.0,0.0,0.0,3.7800000000000002
2024-03-22,0.69,0.59,0.0,0.0,0.0,0.0,0.0,0.0,0.68,1.32,0.0,0.0,0.0,0.0,0.5,0.0,0.0,0.0,0.0,0.0,3.7800000000000002
2024-03-21,0.69,0.59,0.0,0.0,0.0,0.0,0.0,0.0,0.68,1.32,0.0,0.0,0.0,0.0,0.5,0.0,0.0,0.0,0.0,0.0,3.7800000000000002
2024-03-20,0.69,0.59,0.0,0.0,0.0,0.0,0.0,0.0,0.73,1.32,0.0,0.0,0.0,0.0,0.5,0.0,0.0,0.0,0.0,0.0,3.83
2024-03-19,0.69,0.46,0.0,0.0,0.0,0.0,0.0,0.0,0.73,1.32,0.0,0.0,0.0,0.0,0.5,0.0,0.0,0.0,0.0,0.0,3.7
2024-03-18,0.69,0.46,0.0,0.0,0.0,0.0,0.0,0.0,0.73,1.32,0.0,0.0,0.0,0.0,0.5,0.0,0.0,0.0,0.0,0.0,3.7
2024-03-17,0.69,0.46,0.0,0.0,0.0,0.0,0.0,0.0,0.73,1.32,0.0,0.0,0.0,0.0,0.5,0.0,0.0,0.0,0.0,0.0,3.7
2024-03-16,0.69,0.46,0.0,0.0,0.0,0.0,0.0,0.0,0.73,1.32,0.0,0.0,0.0,0.57,0.5,0.0,0.0,0.0,0.0,0.0,4.27
2024-03-15,0.69,0.46,0.0,0.0,0.0,0.0,0.0,0.0,0.73,1.32,0.0,0.0,0.0,0.57,0.5,0.0,0.0,0.0,0.0,0.0,4.27
2024-03-14,0.69,0.46,0.0,0.0,0.0,0.0,0.0,0.0,0.73,1.32,0.0,0.0,0.0,0.57,0.5,0.0,0.0,0.0,0.0,0.0,4.27
2024-03-13,0.69,0.46,0.0,0.0,0.0,0.0,0.0,0.0,0.73,1.32,0.0,0.0,0.0,0.57,0.5,0.0,0.0,0.0,0.0,0.0,4.27
2024-03-12,0.69,0.46,0.0,0.0,0.0,0.0,0.0,0.0,0.73,1.32,0.0,0.0,0.0,0.57,0.5,0.0,0.0,0.0,0.0,0.0,4.27
2024-03-11,0.69,0.59,0.0,0.0,0.0,0.0,0.0,0.0,0.73,1.32,0.0,0.0,0.0,0.57,0.5,0.0,0.0,0.0,0.0,0.0,4.4
2024-03-10,0.69,0.59,0.0,0.0,0.0,0.0,0.0,0.0,0.73,1.32,0.0,0.0,0.0,0.57,0.5,0.0,0.0,0.0,0.0,0.0,4.4
2024-03-09,0.69,0.59,0.0,0.0,0.0,0.0,0.0,0.0,0.73,1.32,0.0,0.0,0.0,0.57,0.5,0.0,0.0,0.0,0.0,0.0,4.4
2024-03-08,0.69,0.59,0.0,0.0,0.0,0.0,0.0,0.0,0.73,1.32,0.0,0.0,0.0,0.57,0.5,0.0,0.0,0.0,0.0,0.0,4.4
2024-03-07,0.69,0.59,0.0,0.0,0.0,0.0,0.0,0.0,0.73,1.32,0.0,0.0,0.0,0.57,0.5,0.0,0.0,0.0,0.0,0.0,4.4
2024-03-06,0.69,0.59,0.0,0.0,0.0,0.0,0.0,0.0,0.73,1.32,0.0,0.0,0.0,0.57,0.5,0.0,0.0,0.0,0.0,0.0,4.4
2024-03-05,0.25,0.59,0.0,0.0,0.0,0.0,0.0,0.0,0.73,1.32,0.0,0.0,0.0,0.57,0.5,0.0,0.0,0.0,0.0,0.0,3.9599999999999995
2024-03-04,0.25,0.59,0.0,0.0,0.0,0.0,0.0,0.0,0.73,1.32,0.0,0.0,0.0,0.57,0.5,0.0,0.0,0.0,0.0,0.0,3.9599999999999995
2024-03-03,0.25,0.59,0.0,0.0,0.0,0.0,0.0,0.0,0.73,1.32,0.0,0.0,0.0,0.57,0.5,0.0,0.0,0.0,0.0,0.0,3.9599999999999995
2024-03-02,0.25,0.59,0.0,0.0,0.0,0.0,0.0,0.0,0.73,1.32,0.0,0.0,0.0,0.57,0.5,0.0,0.0,0.0,0.0,0.0,3.9599999999999995
2024-03-01,0.25,0.59,0.0,0.0,0.0,0.0,0.0,0.0,0.73,1.32,0.0,0.0,0.0,0.57,0.5,0.0,0.0,0.0,0.0,0.0,3.9599999999999995
2024-02-29,0.25,0.59,0.0,0.0,0.0,0.0,0.0,0.0,0.6,1.32,0.0,0.0,0.0,0.57,0.5,0.0,0.0,0.0,0.0,0.0,3.8299999999999996
2024-02-28,0.25,0.59,0.0,0.0,0.0,0.0,0.0,0.0,0.6,1.32,0.0,0.0,0.0,0.57,0.5,0.0,0.0,0.0,0.0,0.0,3.8299999999999996
2024-02-27,0.25,0.59,0.0,0.0,0.0,0.0,0.0,0.0,0.6,1.23,0.0,0.0,0.0,0.57,0.5,0.0,0.0,0.0,0.0,0.0,3.7399999999999998
2024-02-26,0.69,0.59,0.0,0.0,0.0,0.0,0.0,0.0,0.6,1.23,0.0,0.0,0.0,0.57,0.5,0.0,0.0,0.0,0.0,0.0,4.18
2024-02-25,0.69,0.59,0.0,0.0,0.0,0.0,0.0,0.0,0.6,1.19,0.0,0.0,0.0,0.57,0.5,0.0,0.0,0.0,0.0,0.0,4.14
2024-02-24,0.69,0.59,0.0,0.0,0.0,0.0,0.0,0.0,0.6,1.19,0.0,0.0,0.0,0.57,0.5,0.0,0.0,0.0,0.0,0.0,4.14
2024-02-23,0.69,0.59,0.0,0.0,0.0,0.0,0.0,0.0,0.6,1.19,0.0,0.0,0.0,0.57,0.5,0.0,0.0,0.0,0.0,0.0,4.14
2024-02-22,0.69,0.59,0.0,0.0,0.0,0.0,0.0,0.0,0.6,1.2,0.0,0.0,0.0,0.57,0.5,0.0,0.0,0.0,0.0,0.0,4.15
2024-02-21,0.69,0.59,0.0,0.0,0.0,0.0,0.0,0.0,0.6,1.2,0.0,0.0,0.0,0.57,0.5,0.0,0.0,0.0,0.0,0.0,4.15
2024-02-20,0.69,0.61,0.0,0.0,0.0,0.0,0.0,0.0,0.6,1.2,0.0,0.0,0.0,0.57,0.5,0.0,0.0,0.0,0.0,0.0,4.17
2024-02-19,0.69,0.61,0.0,0.0,0.0,0.0,0.0,0.0,0.5,1.2,0.0,0.0,0.0,0.57,0.5,0.0,0.0,0.0,0.0,0.0,4.07
2024-02-18,0.69,0.61,0.0,0.0,0.0,0.0,0.0,0.0,0.5,1.2,0.0,0.0,0.0,0.57,0.5,0.0,0.0,0.0,0.0,0.0,4.07
2024-02-17,0.69,0.61,0.0,0.0,0.0,0.0,0.0,0.0,0.5,1.2,0.0,0.0,0.0,0.57,0.5,0.0,0.0,0.0,0.0,0.0,4.07
2024-02-16,0.69,0.61,0.0,0.0,0.0,0.0,0.0,0.0,0.5,1.2,0.0,0.0,0.0,0.57,0.5,0.0,0.0,0.0,0.0,0.0,4.07
2024-02-15,0.69,0.61,0.0,0.0,0.0,0.0,0.0,0.0,0.5,1.2,0.0,0.0,0.0,0.57,0.5,0.0,0.0,0.0,0.0,0.0,4.07
2024-02-14,0.7,0.61,0.0,0.0,0.0,0.0,0.0,0.0,0.5,1.2,0.0,0.0,0.0,0.57,0.5,0.0,0.0,0.0,0.0,0.0,4.08
2024-02-13,0.7,0.61,0.0,0.0,0.0,0.0,0.0,0.0,0.5,1.2,0.0,0.0,0.0,0.57,0.5,0.0,0.0,0.0,0.0,0.0,4.08
2024-02-12,0.7,0.61,0.0,0.0,0.0,0.0,0.0,0.0,0.5,1.2,0.0,0.0,0.0,0.57,0.5,0.0,0.0,0.0,0.0,0.0,4.08
2024-02-11,0.7,0.61,0.0,0.0,0.0,0.0,0.0,0.0,0.5,1.2,0.0,0.0,0.0,0.57,0.5,0.0,0.0,0.0,0.0,0.0,4.08
2024-02-10,0.7,0.61,0.0,0.0,0.0,0.0,0.0,0.0,0.5,1.2,0.0,0.0,0.0,0.57,0.5,0.0,0.0,0.0,0.0,0.0,4.08
2024-02-09,0.7,0.61,0.0,0.0,0.0,0.0,0.0,0.0,0.5,1.2,0.0,0.0,0.0,0.57,0.5,0.0,0.0,0.0,0.0,0.0,4.08
2024-02-08,0.7,0.61,0.0,0.0,0.0,0.0,0.0,0.0,0.5,1.2,0.0,0.0,0.0,0.57,0.49,0.0,0.0,0.0,0.0,0.0,4.069999999999999
2024-02-07,0.7,0.61,0.0,0.0,0.0,0.0,0.0,0.0,0.5,1.2,0.0,0.0,0.0,0.57,0.49,0.0,0.0,0.0,0.0,0.0,4.069999999999999
2024-02-06,0.7,0.61,0.0,0.0,0.0,0.0,0.0,0.0,0.5,1.11,0.0,0.0,0.0,0.57,0.49,0.0,0.0,0.0,0.0,0.0,3.9799999999999995
2024-02-05,0.7,0.61,0.0,0.0,0.0,0.0,0.0,0.0,0.5,1.11,0.0,0.0,0.0,0.57,0.49,0.0,0.0,0.0,0.0,0.0,3.9799999999999995
2024-02-04,0.7,0.61,0.0,0.0,0.0,0.0,0.0,0.0,0.5,1.11,0.0,0.0,0.0,0.57,0.49,0.0,0.0,0.0,0.0,0.0,3.9799999999999995
2024-02-03,0.7,0.61,0.0,0.0,0.0,0.0,0.0,0.0,0.5,1.11,0.0,0.0,0.0,0.57,0.49,0.0,0.0,0.0,0.0,0.0,3.9799999999999995
2024-02-02,0.7,0.61,0.0,0.0,0.0,0.0,0.0,0.0,0.5,1.11,0.0,0.0,0.0,0.57,0.49,0.0,0.0,0.0,0.0,0.0,3.9799999999999995
2024-02-01,0.7,0.61,0.0,0.0,0.0,0.0,0.0,0.0,0.5,1.11,0.0,0.0,0.0,0.57,0.49,0.0,0.0,0.0,0.0,0.0,3.9799999999999995
2024-01-31,0.7,0.61,0.0,0.0,0.0,0.0,0.0,0.0,0.5,1.11,0.0,0.0,0.0,0.57,0.5,0.0,0.0,0.0,0.0,0.0,3.9899999999999998
2024-01-30,0.66,0.61,0.0,0.0,0.0,0.0,0.0,0.0,0.5,1.11,0.0,0.0,0.0,0.57,0.5,0.0,0.0,0.0,0.0,0.0,3.9499999999999997
2024-01-29,0.58,0.61,0.0,0.0,0.0,0.0,0.0,0.0,0.5,1.11,0.0,0.0,0.0,0.57,0.5,0.0,0.0,0.0,0.0,0.0,3.8699999999999997
2024-01-28,0.58,0.61,0.0,0.0,0.0,0.0,0.0,0.0,0.5,1.11,0.0,0.0,0.0,0.57,0.5,0.0,0.0,0.0,0.0,0.0,3.8699999999999997
2024-01-27,0.58,0.61,0.0,0.0,0.0,0.0,0.0,0.0,0.5,1.11,0.0,0.0,0.0,0.57,0.5,0.0,0.0,0.0,0.0,0.0,3.8699999999999997
2024-01-26,0.58,0.61,0.0,0.0,0.0,0.0,0.0,0.0,0.5,1.11,0.0,0.0,0.0,0.57,0.5,0.0,0.0,0.0,0.0,0.0,3.8699999999999997
2024-01-25,0.58,0.61,0.0,0.0,0.0,0.0,0.0,0.0,0.5,1.11,0.0,0.0,0.0,0.57,0.5,0.0,0.0,0.0,0.0,0.0,3.8699999999999997
2024-01-24,0.66,0.61,0.0,0.0,0.0,0.0,0.0,0.0,0.5,1.11,0.0,0.0,0.0,0.57,0.5,0.0,0.0,0.0,0.0,0.0,3.9499999999999997
2024-01-23,0.66,0.61,0.0,0.0,0.0,0.0,0.0,0.0,0.5,1.11,0.0,0.0,0.0,0.57,0.5,0.0,0.0,0.0,0.0,0.0,3.9499999999999997
2024-01-22,0.7,0.61,0.0,0.0,0.0,0.0,0.0,0.0,0.5,1.11,0.0,0.0,0.0,0.57,0.5,0.0,0.0,0.0,0.0,0.0,3.9899999999999998
2024-01-21,0.62,0.61,0.0,0.0,0.0,0.0,0.0,0.0,0.5,1.11,0.0,0.0,0.0,0.57,0.5,0.0,0.0,0.0,0.0,0.0,3.9099999999999997
2024-01-20,0.62,0.61,0.0,0.0,0.0,0.0,0.0,0.0,0.5,1.11,0.0,0.0,0.0,0.57,0.5,0.0,0.0,0.0,0.0,0.0,3.9099999999999997
2024-01-19,0.62,0.61,0.0,0.0,0.0,0.0,0.0,0.0,0.5,1.11,0.0,0.0,0.0,0.57,0.5,0.0,0.0,0.0,0.0,0.0,3.9099999999999997
2024-01-18,0.62,0.61,0.0,0.0,0.0,0.0,0.0,0.0,0.5,1.11,0.0,0.0,0.0,0.57,0.5,0.0,0.0,0.0,0.0,0.0,3.9099999999999997
2024-01-17,0.62,0.61,0.0,0.0,0.0,0.0,0.0,0.0,0.5,1.11,0.0,0.0,0.0,0.57,0.5,0.0,0.0,0.0,0.0,0.0,3.9099999999999997
2024-01-16,0.62,0.5,0.0,0.0,0.0,0.0,0.0,0.0,0.5,1.01,0.0,0.0,0.0,0.57,0.5,0.0,0.0,0.0,0.0,0.0,3.6999999999999997
2024-01-15,0.62,0.5,0.0,0.0,0.0,0.0,0.0,0.0,0.5,1.01,0.0,0.0,0.0,0.57,0.5,0.0,0.0,0.0,0.0,0.0,3.6999999999999997
2024-01-14,0.62,0.5,0.0,0.0,0.0,0.0,0.0,0.0,0.5,1.01,0.0,0.0,0.0,0.57,0.5,0.0,0.0,0.0,0.0,0.0,3.6999999999999997
2024-01-13,0.62,0.5,0.0,0.0,0.0,0.0,0.0,0.0,0.5,1.01,0.0,0.0,0.0,0.57,0.5,0.0,0.0,0.0,0.0,0.0,3.6999999999999997
2024-01-12,0.62,0.5,0.0,0.0,0.0,0.0,0.0,0.0,0.5,1.01,0.0,0.0,0.0,0.57,0.5,0.0,0.0,0.0,0.0,0.0,3.6999999999999997
2024-01-11,0.62,0.5,0.0,0.0,0.0,0.0,0.0,0.0,0.5,1.01,0.0,0.0,0.0,0.57,0.49,0.0,0.0,0.0,0.0,0.0,3.6899999999999995
2024-01-10,0.62,0.5,0.0,0.0,0.0,0.0,0.0,0.0,0.5,1.01,0.0,0.0,0.0,0.57,0.49,0.0,0.0,0.0,0.0,0.0,3.6899999999999995
2024-01-09,0.59,0.5,0.0,0.0,0.0,0.0,0.0,0.0,0.0,1.01,0.0,0.0,0.0,0.57,0.49,0.0,0.0,0.0,0.0,0.0,3.1599999999999993
2024-01-08,0.65,0.5,0.0,0.0,0.0,0.0,0.0,0.0,0.0,1.01,0.0,0.0,0.0,0.57,0.49,0.0,0.0,0.0,0.0,0.0,3.2199999999999998
2024-01-07,0.65,0.5,0.0,0.0,0.0,0.0,0.0,0.0,0.0,1.01,0.0,0.0,0.0,0.57,0.49,0.0,0.0,0.0,0.0,0.0,3.2199999999999998
2024-01-06,0.65,0.5,0.0,0.0,0.0,0.0,0.0,0.0,0.0,1.01,0.0,0.0,0.0,0.57,0.49,0.5,0.0,0.0,0.0,0.0,3.7199999999999998
2024-01-05,0.65,0.5,0.0,0.0,0.0,0.0,0.0,0.0,0.0,1.01,0.0,0.0,0.0,0.57,0.49,0.5,0.0,0.0,0.0,0.0,3.7199999999999998
2024-01-04,0.65,0.5,0.0,0.0,0.0,0.0,0.0,0.0,0.0,1.01,0.0,0.0,0.0,0.57,0.49,0.5,0.0,0.0,0.0,0.0,3.7199999999999998
2024-01-03,0.74,0.5,0.0,0.0,0.0,0.0,0.0,0.0,0.0,1.01,0.0,0.0,0.0,0.57,0.5,0.5,0.0,0.0,0.0,0.0,3.82
2024-01-02,0.74,0.5,0.0,0.0,0.0,0.0,0.0,0.0,0.0,1.01,0.0,0.0,0.0,0.57,0.5,0.5,0.0,0.0,0.0,0.0,3.82
2024-01-01,0.67,0.0,0.0,0.0,0.0,0.0,0.0,0.0,0.0,1.01,0.0,0.0,0.0,0.57,0.5,0.5,0.0,0.0,0.0,0.0,3.25
2023-12-31,0.67,0.0,0.0,0.0,0.0,0.0,0.0,0.0,0.0,1.01,0.0,0.0,0.0,0.57,0.5,0.5,0.0,0.0,0.0,0.0,3.25
2023-12-30,0.67,0.0,0.0,0.0,0.0,0.0,0.0,0.0,0.0,1.01,0.0,0.0,0.0,0.57,0.5,0.5,0.0,0.0,0.0,0.0,3.25
2023-12-29,0.67,0.0,0.0,0.0,0.0,0.0,0.0,0.0,0.0,1.01,0.0,0.0,0.0,0.57,0.5,0.5,0.0,0.0,0.0,0.0,3.25
2023-12-28,0.67,0.0,0.0,0.0,0.0,0.0,0.0,0.0,0.0,0.91,0.0,0.0,0.0,0.57,0.5,0.5,0.0,0.0,0.0,0.0,3.15
2023-12-27,0.67,0.0,0.0,0.0,0.0,0.0,0.0,0.0,0.0,0.91,0.0,0.0,0.0,0.57,0.5,0.5,0.0,0.0,0.0,0.0,3.15
2023-12-26,0.75,0.0,0.0,0.0,0.0,0.0,0.0,0.0,0.0,0.91,0.0,0.0,0.0,0.57,0.5,0.5,0.0,0.0,0.0,0.0,3.23
2023-12-25,0.75,0.0,0.0,0.0,0.0,0.0,0.0,0.0,0.0,0.91,0.0,0.0,0.0,0.57,0.5,0.5,0.0,0.0,0.0,0.0,3.23
2023-12-24,0.75,0.0,0.0,0.0,0.0,0.0,0.0,0.0,0.0,0.91,0.0,0.0,0.0,0.57,0.5,0.5,0.0,0.0,0.0,0.0,3.23
2023-12-23,0.75,0.0,0.0,0.0,0.0,0.0,0.0,0.0,0.0,0.91,0.0,0.0,0.0,0.57,0.5,0.5,0.0,0.0,0.0,0.0,3.23
2023-12-22,0.75,0.0,0.0,0.0,0.0,0.0,0.0,0.0,0.0,0.91,0.0,0.0,0.0,0.57,0.5,0.5,0.0,0.0,0.0,0.0,3.23
2023-12-21,0.75,0.0,0.0,0.0,0.0,0.0,0.0,0.0,0.0,0.8,0.0,0.0,0.0,0.57,0.5,0.5,0.0,0.0,0.0,0.0,3.12
2023-12-20,0.75,0.0,0.0,0.0,0.0,0.0,0.0,0.0,0.0,0.8,0.0,0.0,0.0,0.57,0.49,0.5,0.0,0.0,0.0,0.0,3.1100000000000003
2023-12-19,0.75,0.0,0.0,0.0,0.0,0.0,0.0,0.0,0.0,0.8,0.0,0.0,0.0,0.57,0.49,0.5,0.0,0.0,0.0,0.0,3.1100000000000003
2023-12-18,0.75,0.0,0.0,0.0,0.0,0.0,0.0,0.0,0.0,0.8,0.0,0.0,0.0,0.57,0.49,0.5,0.0,0.0,0.0,0.0,3.1100000000000003
2023-12-17,0.75,0.0,0.0,0.0,0.0,0.0,0.0,0.0,0.0,0.8,0.0,0.0,0.0,0.57,0.49,0.5,0.0,0.0,0.0,0.0,3.1100000000000003
2023-12-16,0.75,0.0,0.0,0.0,0.0,0.0,0.0,0.0,0.0,0.8,0.0,0.0,0.0,0.57,0.49,0.5,0.0,0.0,0.0,0.0,3.1100000000000003
2023-12-15,0.75,0.0,0.0,0.0,0.0,0.0,0.0,0.0,0.0,0.8,0.0,0.0,0.0,0.57,0.49,0.5,0.0,0.0,0.0,0.0,3.1100000000000003
2023-12-14,0.75,0.0,0.0,0.0,0.0,0.0,0.0,0.0,0.0,0.8,0.0,0.0,0.0,0.57,0.49,0.5,0.0,0.0,0.0,0.0,3.1100000000000003
2023-12-13,0.61,0.0,0.0,0.0,0.0,0.0,0.0,0.0,0.0,0.8,0.0,0.0,0.0,0.57,0.49,0.5,0.0,0.0,0.0,0.0,2.9699999999999998
2023-12-12,0.61,0.0,0.0,0.0,0.0,0.0,0.0,0.0,0.0,0.8,0.0,0.0,0.0,0.57,0.5,0.5,0.0,0.0,0.0,0.0,2.98
2023-12-11,0.61,0.0,0.0,0.0,0.0,0.0,0.0,0.0,0.0,0.71,0.0,0.0,0.0,0.48,0.5,0.5,0.0,0.0,0.0,0.0,2.8
2023-12-10,0.61,0.0,0.0,0.0,0.0,0.0,0.0,0.0,0.0,0.71,0.0,0.0,0.0,0.48,0.5,0.5,0.0,0.0,0.0,0.0,2.8
2023-12-09,0.61,0.0,0.0,0.0,0.0,0.0,0.0,0.0,0.0,0.71,0.0,0.0,0.0,0.48,0.5,0.5,0.0,0.0,0.0,0.0,2.8
2023-12-08,0.61,0.0,0.0,0.0,0.0,0.0,0.0,0.0,0.0,0.71,0.0,0.0,0.0,0.48,0.5,0.5,0.0,0.0,0.0,0.0,2.8
2023-12-07,0.57,0.0,0.0,0.0,0.0,0.0,0.0,0.0,0.0,0.71,0.0,0.0,0.0,0.48,0.5,0.5,0.0,0.0,0.0,0.0,2.76
2023-12-06,0.49,0.0,0.0,0.0,0.0,0.0,0.0,0.0,0.0,0.71,0.0,0.0,0.0,0.48,0.5,0.5,0.0,0.0,0.0,0.0,2.6799999999999997
2023-12-05,0.49,0.0,0.0,0.0,0.0,0.0,0.0,0.0,0.0,0.71,0.0,0.0,0.0,0.48,0.5,0.5,0.0,0.0,0.0,0.0,2.6799999999999997
2023-12-04,0.49,0.0,0.0,0.0,0.0,0.0,0.0,0.0,0.0,0.71,0.0,0.0,0.0,0.48,0.5,0.5,0.0,0.0,0.0,0.0,2.6799999999999997
2023-12-03,0.49,0.0,0.0,0.0,0.0,0.0,0.0,0.0,0.0,0.71,0.0,0.0,0.0,0.57,0.5,0.5,0.0,0.0,0.0,0.0,2.77
2023-12-02,0.49,0.0,0.0,0.0,0.0,0.0,0.0,0.0,0.0,0.71,0.0,0.0,0.0,0.57,0.5,0.5,0.0,0.0,0.0,0.0,2.77
2023-12-01,0.49,0.0,0.0,0.0,0.0,0.0,0.0,0.0,0.0,0.71,0.0,0.0,0.0,0.57,0.5,0.5,0.0,0.0,0.0,0.0,2.77
2023-11-30,0.49,0.0,0.0,0.0,0.0,0.0,0.0,0.0,0.0,0.71,0.0,0.0,0.0,0.57,0.5,0.5,0.0,0.0,0.0,0.0,2.77
2023-11-29,0.62,0.0,0.0,0.0,0.0,0.0,0.0,0.0,0.0,0.71,0.0,0.0,0.0,0.57,0.5,0.5,0.0,0.0,0.0,0.0,2.9
2023-11-28,0.5,0.0,0.0,0.0,0.0,0.0,0.0,0.0,0.0,0.6,0.0,0.0,0.0,0.57,0.5,0.5,0.0,0.0,0.0,0.0,2.67
2023-11-27,0.5,0.0,0.0,0.0,0.0,0.0,0.0,0.0,0.0,0.6,0.0,0.0,0.0,0.57,0.5,0.5,0.0,0.0,0.0,0.0,2.67
2023-11-26,0.5,0.0,0.0,0.0,0.0,0.0,0.0,0.0,0.0,0.6,0.0,0.0,0.0,0.57,0.5,0.5,0.0,0.0,0.0,0.0,2.67
2023-11-25,0.5,0.0,0.0,0.0,0.0,0.0,0.0,0.0,0.0,0.6,0.0,0.0,0.0,0.57,0.5,0.5,0.0,0.0,0.0,0.0,2.67
2023-11-24,0.5,0.0,0.0,0.0,0.0,0.0,0.0,0.0,0.0,0.6,0.0,0.0,0.0,0.57,0.5,0.5,0.0,0.0,0.0,0.0,2.67
2023-11-23,0.0,0.0,0.0,0.0,0.0,0.0,0.0,0.0,0.0,0.6,0.0,0.0,0.0,0.57,0.5,0.5,0.0,0.0,0.0,0.0,2.17
2023-11-22,0.0,0.0,0.0,0.0,0.0,0.0,0.0,0.0,0.0,0.52,0.0,0.0,0.0,0.57,0.48,0.5,0.0,0.0,0.0,0.0,2.07
2023-11-21,0.0,0.0,0.0,0.0,0.0,0.0,0.0,0.0,0.0,0.52,0.0,0.0,0.0,0.57,0.48,0.5,0.0,0.0,0.0,0.0,2.07
2023-11-20,0.0,0.0,0.0,0.0,0.0,0.0,0.0,0.0,0.0,0.52,0.0,0.0,0.0,0.57,0.48,0.5,0.0,0.0,0.0,0.0,2.07
2023-11-19,0.0,0.0,0.0,0.0,0.0,0.0,0.0,0.0,0.0,0.52,0.0,0.0,0.0,0.57,0.48,0.5,0.0,0.0,0.0,0.0,2.07
2023-11-18,0.0,0.0,0.0,0.0,0.0,0.0,0.0,0.0,0.0,0.52,0.0,0.0,0.0,0.57,0.48,0.5,0.0,0.0,0.0,0.0,2.07
2023-11-17,0.0,0.0,0.0,0.0,0.0,0.0,0.0,0.0,0.0,0.52,0.0,0.0,0.0,0.57,0.48,0.5,0.0,0.0,0.0,0.0,2.07
2023-11-16,0.0,0.0,0.0,0.0,0.0,0.0,0.0,0.0,0.0,0.0,0.0,0.0,0.0,0.57,0.48,0.5,0.0,0.0,0.0,0.0,1.5499999999999998
2023-11-15,0.0,0.0,0.0,0.0,0.0,0.0,0.0,0.0,0.0,0.0,0.0,0.0,0.0,0.57,0.48,0.5,0.0,0.0,0.0,0.0,1.5499999999999998
2023-11-14,0.0,0.0,0.0,0.0,0.0,0.0,0.0,0.0,0.0,0.0,0.0,0.0,0.0,0.68,0.5,0.5,0.0,0.0,0.0,0.0,1.6800000000000002
2023-11-13,0.0,0.0,0.0,0.0,0.0,0.0,0.0,0.0,0.0,0.0,0.0,0.0,0.0,0.68,0.5,0.5,0.0,0.0,0.0,0.0,1.6800000000000002
2023-11-12,0.0,0.0,0.0,0.0,0.0,0.0,0.0,0.0,0.0,0.0,0.0,0.0,0.0,0.68,0.48,0.5,0.0,0.0,0.0,0.0,1.6600000000000001
2023-11-11,0.0,0.0,0.0,0.0,0.0,0.0,0.0,0.0,0.0,0.0,0.0,0.0,0.0,0.68,0.48,0.5,0.0,0.0,0.0,0.0,1.6600000000000001
2023-11-10,0.0,0.0,0.0,0.0,0.0,0.0,0.0,0.0,0.0,0.0,0.0,0.0,0.0,0.68,0.48,0.5,0.0,0.0,0.0,0.0,1.6600000000000001
2023-11-09,0.0,0.0,0.0,0.0,0.0,0.0,0.0,0.0,0.0,0.0,0.0,0.0,0.0,0.68,0.48,0.5,0.0,0.0,0.0,0.0,1.6600000000000001
2023-11-08,0.0,0.0,0.0,0.0,0.0,0.0,0.0,0.0,0.0,0.0,0.0,0.0,0.0,0.68,0.48,0.5,0.0,0.0,0.0,0.0,1.6600000000000001
2023-11-07,0.0,0.0,0.0,0.0,0.0,0.0,0.0,0.0,0.0,0.0,0.0,0.0,0.0,0.68,0.5,0.5,0.0,0.0,0.0,0.0,1.6800000000000002
2023-11-06,0.0,0.0,0.0,0.0,0.0,0.0,0.0,0.0,0.0,0.0,0.0,0.0,0.0,0.68,0.49,0.5,0.0,0.0,0.0,0.0,1.67
2023-11-05,0.0,0.0,0.0,0.0,0.0,0.0,0.0,0.0,0.0,0.0,0.0,0.0,0.0,0.68,0.49,0.5,0.0,0.0,0.0,0.0,1.67
2023-11-04,0.0,0.0,0.0,0.0,0.0,0.0,0.0,0.0,0.0,0.0,0.0,0.0,0.0,0.68,0.49,0.5,0.0,0.0,0.0,0.0,1.67
2023-11-03,0.0,0.0,0.0,0.0,0.0,0.0,0.0,0.0,0.49,0.0,0.0,0.0,0.0,0.68,0.49,0.5,0.0,0.0,0.0,0.0,2.16
2023-11-02,0.0,0.0,0.0,0.0,0.0,0.0,0.0,0.48,0.49,0.0,0.0,0.0,0.0,0.76,0.49,0.5,0.0,0.0,0.0,0.0,2.7199999999999998
2023-11-01,0.0,0.0,0.0,0.0,0.0,0.0,0.0,0.48,0.49,0.0,0.0,0.0,0.0,0.83,0.59,0.5,0.0,0.0,0.0,0.0,2.8899999999999997
2023-10-31,0.0,0.0,0.0,0.0,0.0,0.0,0.0,0.48,0.5,0.0,0.0,0.0,0.0,0.83,0.59,0.5,0.0,0.0,0.0,0.0,2.9
2023-10-30,0.0,0.0,0.0,0.0,0.0,0.0,0.0,0.57,0.5,0.0,0.0,0.0,0.0,0.83,0.59,0.5,0.0,0.0,0.0,0.0,2.9899999999999998
2023-10-29,0.56,0.0,0.0,0.0,0.0,0.0,0.0,0.57,0.0,0.0,0.0,0.0,0.0,0.83,0.59,0.5,0.0,0.0,0.0,0.0,3.05
2023-10-28,0.56,0.0,0.0,0.0,0.0,0.0,0.0,0.57,0.0,0.0,0.0,0.0,0.0,0.83,0.59,0.5,0.0,0.0,0.0,0.0,3.05
2023-10-27,0.56,0.0,0.0,0.0,0.0,0.0,0.0,0.57,0.0,0.0,0.0,0.0,0.0,0.83,0.59,0.5,0.0,0.0,0.0,0.0,3.05
2023-10-26,0.56,0.0,0.0,0.0,0.0,0.0,0.0,0.57,0.0,0.0,0.0,0.0,0.0,0.83,0.59,0.5,0.0,0.0,0.0,0.0,3.05
2023-10-25,0.56,0.0,0.0,0.0,0.0,0.0,0.0,0.57,0.0,0.0,0.0,0.0,0.0,0.83,0.59,0.5,0.0,0.0,0.0,0.0,3.05
2023-10-24,0.56,0.0,0.0,0.0,0.0,0.0,0.0,0.57,0.0,0.0,0.0,0.0,0.0,0.83,0.59,0.5,0.0,0.0,0.0,0.0,3.05
2023-10-23,0.56,0.0,0.0,0.0,0.0,0.0,0.0,0.57,0.0,0.0,0.0,0.0,0.0,0.83,0.59,0.5,0.0,0.0,0.0,0.0,3.05
2023-10-22,0.56,0.0,0.0,0.0,0.0,0.0,0.0,0.67,0.0,0.0,0.0,0.0,0.0,0.72,0.59,0.5,0.0,0.0,0.0,0.0,3.04
2023-10-21,0.56,0.0,0.0,0.0,0.0,0.0,0.0,0.67,0.0,0.0,0.0,0.0,0.0,0.72,0.59,0.5,0.0,0.0,0.0,0.0,3.04
2023-10-20,0.56,0.0,0.0,0.0,0.0,0.0,0.0,0.67,0.0,0.0,0.0,0.0,0.0,0.72,0.59,0.5,0.0,0.0,0.0,0.0,3.04
2023-10-19,0.56,0.0,0.0,0.0,0.0,0.0,0.0,0.67,0.0,0.0,0.0,0.0,0.0,0.72,0.59,0.5,0.0,0.0,0.0,0.0,3.04
2023-10-18,0.56,0.0,0.0,0.0,0.0,0.0,0.0,0.75,0.0,0.0,0.0,0.0,0.0,0.72,0.59,0.5,0.0,0.0,0.0,0.0,3.12
2023-10-17,0.56,0.0,0.0,0.0,0.0,0.0,0.0,0.75,0.0,0.0,0.0,0.0,0.0,0.72,0.59,0.5,0.0,0.0,0.0,0.0,3.12
2023-10-16,0.56,0.0,0.0,0.0,0.0,0.0,0.0,0.75,0.0,0.0,0.0,0.0,0.0,0.72,0.59,0.5,0.0,0.0,0.0,0.0,3.12
2023-10-15,0.56,0.0,0.0,0.0,0.0,0.0,0.0,0.75,0.0,0.0,0.0,0.0,0.0,0.72,0.59,0.5,0.0,0.0,0.0,0.0,3.12
2023-10-14,0.56,0.0,0.0,0.0,0.0,0.0,0.0,0.75,0.0,0.0,0.0,0.0,0.0,0.72,0.59,0.5,0.0,0.0,0.0,0.0,3.12
2023-10-13,0.56,0.0,0.0,0.0,0.0,0.0,0.0,0.75,0.0,0.0,0.0,0.0,0.0,0.72,0.59,0.5,0.0,0.0,0.0,0.0,3.12
2023-10-12,0.56,0.0,0.0,0.0,0.0,0.0,0.0,0.75,0.0,0.0,0.0,0.0,0.0,0.72,0.59,0.5,0.0,0.0,0.0,0.0,3.12
2023-10-11,0.56,0.0,0.0,0.0,0.0,0.0,0.0,0.75,0.0,0.0,0.0,0.0,0.0,0.72,0.59,0.5,0.0,0.0,0.0,0.0,3.12
2023-10-10,0.56,0.0,0.0,0.0,0.0,0.0,0.0,0.75,0.0,0.0,0.0,0.0,0.0,0.72,0.59,0.5,0.0,0.0,0.0,0.0,3.12
2023-10-09,0.56,0.0,0.0,0.0,0.0,0.0,0.0,0.75,0.0,0.0,0.0,0.0,0.0,0.72,0.6,0.5,0.0,0.0,0.0,0.0,3.1300000000000003
2023-10-08,0.56,0.0,0.0,0.0,0.0,0.0,0.0,0.75,0.0,0.0,0.0,0.0,0.0,0.72,0.6,0.5,0.0,0.0,0.0,0.0,3.1300000000000003
2023-10-07,0.56,0.0,0.0,0.0,0.0,0.0,0.0,0.75,0.0,0.0,0.0,0.0,0.0,0.72,0.6,0.5,0.0,0.0,0.0,0.0,3.1300000000000003
2023-10-06,0.56,0.0,0.0,0.0,0.0,0.0,0.0,0.75,0.0,0.0,0.0,0.0,0.0,0.72,0.6,0.5,0.0,0.0,0.0,0.0,3.1300000000000003
2023-10-05,0.56,0.0,0.0,0.0,0.0,0.0,0.0,0.75,0.0,0.0,0.0,0.0,0.0,0.72,0.6,0.5,0.0,0.0,0.0,0.0,3.1300000000000003
2023-10-04,0.56,0.0,0.0,0.0,0.0,0.0,0.0,0.66,0.0,0.0,0.0,0.0,0.0,0.72,0.6,0.5,0.0,0.0,0.0,0.0,3.04
2023-10-03,0.56,0.0,0.0,0.0,0.0,0.0,0.0,0.66,0.0,0.0,0.0,0.0,0.0,0.72,0.6,0.5,0.0,0.0,0.0,0.0,3.04
2023-10-02,0.56,0.0,0.0,0.0,0.0,0.0,0.0,0.59,0.0,0.0,0.0,0.0,0.0,0.72,0.6,0.5,0.0,0.0,0.0,0.0,2.9699999999999998
2023-10-01,0.56,0.0,0.0,0.0,0.0,0.0,0.0,0.64,0.0,0.0,0.0,0.0,0.0,0.72,0.6,0.5,0.0,0.0,0.0,0.0,3.02
2023-09-30,0.56,0.0,0.0,0.0,0.0,0.0,0.0,0.64,0.0,0.0,0.0,0.0,0.0,0.72,0.6,0.5,0.0,0.0,0.0,0.0,3.02
2023-09-29,0.56,0.0,0.0,0.0,0.0,0.0,0.0,0.64,0.0,0.0,0.0,0.0,0.0,0.72,0.6,0.5,0.0,0.0,0.0,0.0,3.02
2023-09-28,0.56,0.0,0.0,0.0,0.0,0.0,0.0,0.76,0.0,0.0,0.0,0.0,0.0,0.72,0.6,0.5,0.0,0.0,0.0,0.0,3.14
2023-09-27,0.56,0.0,0.0,0.0,0.0,0.0,0.0,0.76,0.0,0.0,0.0,0.0,0.0,0.72,0.6,0.5,0.0,0.0,0.0,0.0,3.14
2023-09-26,0.56,0.0,0.0,0.0,0.0,0.0,0.0,0.76,0.0,0.0,0.0,0.0,0.0,0.72,0.6,0.5,0.0,0.0,0.0,0.0,3.14
2023-09-25,0.56,0.0,0.0,0.0,0.0,0.0,0.0,0.8,0.0,0.0,0.0,0.0,0.0,0.72,0.6,0.5,0.0,0.0,0.0,0.0,3.18
2023-09-24,0.56,0.0,0.0,0.0,0.0,0.0,0.0,0.8,0.0,0.0,0.0,0.0,0.0,0.69,0.6,0.5,0.0,0.0,0.0,0.0,3.15
2023-09-23,0.56,0.0,0.0,0.0,0.0,0.0,0.0,0.8,0.0,0.0,0.0,0.0,0.0,0.69,0.6,0.5,0.0,0.0,0.0,0.0,3.15
2023-09-22,0.56,0.0,0.0,0.0,0.0,0.0,0.0,0.8,0.0,0.0,0.0,0.0,0.0,0.69,0.6,0.5,0.0,0.0,0.0,0.0,3.15
2023-09-21,0.56,0.0,0.0,0.0,0.0,0.0,0.0,0.8,0.0,0.0,0.0,0.0,0.0,0.69,0.6,0.43,0.0,0.0,0.0,0.0,3.08
2023-09-20,0.56,0.0,0.0,0.0,0.0,0.0,0.0,0.8,0.0,0.0,0.0,0.0,0.0,0.69,0.6,0.43,0.0,0.0,0.0,0.0,3.08
2023-09-19,0.56,0.0,0.0,0.0,0.0,0.0,0.0,0.8,0.0,0.0,0.0,0.0,0.0,0.69,0.57,0.43,0.0,0.0,0.0,0.0,3.05
2023-09-18,0.56,0.0,0.0,0.0,0.0,0.0,0.0,0.8,0.0,0.0,0.0,0.0,0.0,0.7,0.57,0.43,0.0,0.0,0.0,0.0,3.06
2023-09-17,0.56,0.0,0.0,0.0,0.0,0.0,0.0,0.8,0.0,0.0,0.0,0.0,0.0,0.67,0.57,0.43,0.0,0.0,0.0,0.0,3.0300000000000002
2023-09-16,0.56,0.0,0.0,0.0,0.0,0.0,0.0,0.8,0.0,0.0,0.0,0.0,0.0,0.67,0.57,0.43,0.0,0.0,0.0,0.0,3.0300000000000002
2023-09-15,0.56,0.0,0.0,0.0,0.0,0.0,0.0,0.8,0.0,0.0,0.0,0.0,0.0,0.67,0.57,0.43,0.0,0.0,0.0,0.0,3.0300000000000002
2023-09-14,0.56,0.0,0.0,0.0,0.0,0.0,0.0,0.8,0.0,0.0,0.0,0.0,0.0,0.7,0.57,0.43,0.0,0.0,0.0,0.0,3.06
2023-09-13,0.56,0.0,0.0,0.0,0.0,0.0,0.0,0.8,0.0,0.0,0.0,0.0,0.0,0.6,0.57,0.5,0.0,0.0,0.0,0.0,3.03
2023-09-12,0.56,0.0,0.0,0.0,0.0,0.0,0.0,0.8,0.0,0.0,0.0,0.0,0.0,0.6,0.57,0.5,0.0,0.0,0.0,0.0,3.03
2023-09-11,0.56,0.0,0.0,0.0,0.0,0.0,0.0,0.8,0.0,0.0,0.0,0.0,0.0,0.6,0.57,0.5,0.0,0.0,0.0,0.0,3.03
2023-09-10,0.56,0.0,0.0,0.0,0.0,0.0,0.0,0.8,0.0,0.0,0.0,0.0,0.0,0.6,0.57,0.5,0.0,0.0,0.0,0.0,3.03
2023-09-09,0.56,0.0,0.0,0.0,0.0,0.0,0.0,0.8,0.0,0.0,0.0,0.0,0.0,0.6,0.57,0.5,0.0,0.0,0.0,0.0,3.03
2023-09-08,0.56,0.0,0.0,0.0,0.0,0.0,0.0,0.8,0.0,0.0,0.0,0.0,0.0,0.6,0.57,0.5,0.0,0.0,0.0,0.0,3.03
2023-09-07,0.56,0.0,0.0,0.0,0.0,0.0,0.0,0.8,0.0,0.0,0.0,0.0,0.0,0.6,0.57,0.5,0.0,0.0,0.0,0.0,3.03
2023-09-06,0.56,0.0,0.0,0.0,0.0,0.0,0.0,0.8,0.0,0.0,0.0,0.0,0.0,0.6,0.57,0.5,0.0,0.0,0.0,0.0,3.03
2023-09-05,0.56,0.0,0.0,0.0,0.0,0.0,0.0,0.8,0.0,0.0,0.0,0.0,0.0,0.6,0.57,0.49,0.0,0.0,0.0,0.0,3.0199999999999996
2023-09-04,0.56,0.0,0.0,0.0,0.0,0.0,0.0,0.7,0.0,0.0,0.0,0.0,0.0,0.6,0.6,0.49,0.0,0.0,0.0,0.0,2.95
2023-09-03,0.56,0.0,0.0,0.0,0.0,0.0,0.0,0.7,0.0,0.0,0.0,0.0,0.0,0.6,0.6,0.49,0.0,0.0,0.0,0.0,2.95
2023-09-02,0.56,0.0,0.0,0.0,0.0,0.0,0.0,0.7,0.0,0.0,0.0,0.0,0.0,0.6,0.6,0.49,0.0,0.0,0.0,0.0,2.95
2023-09-01,0.56,0.0,0.0,0.0,0.0,0.0,0.0,0.7,0.0,0.0,0.0,0.0,0.0,0.6,0.6,0.49,0.0,0.0,0.0,0.0,2.95
2023-08-31,0.56,0.0,0.0,0.0,0.0,0.0,0.0,0.7,0.0,0.0,0.0,0.0,0.0,0.6,0.6,0.51,0.0,0.0,0.0,0.0,2.9699999999999998
2023-08-30,0.56,0.0,0.0,0.0,0.0,0.0,0.0,0.7,0.0,0.0,0.0,0.0,0.0,0.6,0.58,0.51,0.0,0.0,0.0,0.0,2.95
2023-08-29,0.56,0.0,0.0,0.0,0.0,0.0,0.0,0.67,0.0,0.0,0.0,0.0,0.0,0.6,0.58,0.51,0.0,0.0,0.0,0.0,2.92
2023-08-28,0.56,0.0,0.0,0.0,0.0,0.0,0.0,0.52,0.0,0.0,0.0,0.0,0.0,0.6,0.58,0.51,0.0,0.0,0.0,0.0,2.7700000000000005
2023-08-27,0.56,0.0,0.0,0.0,0.0,0.0,0.0,0.52,0.0,0.0,0.0,0.0,0.0,0.6,0.58,0.51,0.0,0.0,0.0,0.0,2.7700000000000005
2023-08-26,0.56,0.0,0.0,0.0,0.0,0.0,0.0,0.52,0.0,0.0,0.0,0.0,0.0,0.6,0.58,0.51,0.0,0.0,0.0,0.0,2.7700000000000005
2023-08-25,0.56,0.0,0.0,0.0,0.0,0.0,0.0,0.52,0.0,0.0,0.0,0.0,0.0,0.6,0.58,0.51,0.0,0.0,0.0,0.0,2.7700000000000005
2023-08-24,0.56,0.0,0.0,0.0,0.0,0.0,0.0,0.52,0.0,0.0,0.0,0.0,0.0,0.6,0.58,0.51,0.0,0.0,0.0,0.0,2.7700000000000005
2023-08-23,0.56,0.0,0.0,0.0,0.0,0.0,0.0,0.0,0.0,0.0,0.0,0.0,0.0,0.6,0.58,0.51,0.0,0.0,0.0,0.0,2.25
2023-08-22,0.56,0.0,0.0,0.0,0.0,0.0,0.0,0.0,0.0,0.0,0.0,0.0,0.0,0.53,0.6,0.51,0.0,0.0,0.0,0.0,2.2
2023-08-21,0.56,0.0,0.0,0.0,0.0,0.0,0.0,0.0,0.0,0.0,0.0,0.0,0.0,0.53,0.6,0.51,0.0,0.0,0.0,0.0,2.2
2023-08-20,0.56,0.0,0.0,0.0,0.0,0.0,0.0,0.0,0.0,0.0,0.0,0.0,0.0,0.53,0.6,0.51,0.0,0.0,0.0,0.0,2.2
2023-08-19,0.56,0.0,0.0,0.0,0.0,0.0,0.0,0.0,0.0,0.0,0.0,0.0,0.0,0.53,0.6,0.51,0.0,0.0,0.0,0.0,2.2
2023-08-18,0.56,0.0,0.0,0.0,0.0,0.0,0.0,0.0,0.0,0.0,0.0,0.0,0.0,0.53,0.6,0.51,0.0,0.0,0.0,0.0,2.2
2023-08-17,0.56,0.0,0.0,0.0,0.0,0.0,0.0,0.0,0.0,0.0,0.0,0.0,0.0,0.53,0.6,0.51,0.0,0.0,0.0,0.0,2.2
2023-08-16,0.56,0.0,0.0,0.0,0.0,0.0,0.0,0.0,0.0,0.0,0.0,0.0,0.0,0.59,0.6,0.51,0.0,0.0,0.0,0.0,2.26
2023-08-15,0.56,0.0,0.0,0.0,0.0,0.0,0.0,0.0,0.0,0.0,0.0,0.0,0.0,0.59,0.6,0.51,0.0,0.0,0.0,0.0,2.26
2023-08-14,0.56,0.0,0.0,0.0,0.0,0.0,0.0,0.0,0.0,0.0,0.0,0.0,0.0,0.59,0.6,0.51,0.0,0.0,0.0,0.0,2.26
2023-08-13,0.56,0.0,0.0,0.0,0.0,0.0,0.0,0.0,0.0,0.0,0.0,0.0,0.0,0.59,0.6,0.51,0.0,0.0,0.0,0.0,2.26
2023-08-12,0.56,0.0,0.0,0.0,0.0,0.0,0.0,0.0,0.0,0.0,0.0,0.0,0.0,0.59,0.6,0.51,0.0,0.0,0.0,0.0,2.26
2023-08-11,0.56,0.0,0.0,0.0,0.0,0.0,0.0,0.0,0.0,0.0,0.0,0.0,0.0,0.59,0.6,0.51,0.0,0.0,0.0,0.0,2.26
2023-08-10,0.56,0.0,0.0,0.0,0.0,0.0,0.0,0.0,0.0,0.0,0.0,0.0,0.0,0.59,0.6,0.51,0.0,0.0,0.0,0.0,2.26
2023-08-09,0.56,0.0,0.0,0.0,0.0,0.0,0.0,0.0,0.0,0.0,0.0,0.0,0.0,0.59,0.6,0.51,0.0,0.0,0.0,0.0,2.26
2023-08-08,0.56,0.0,0.0,0.0,0.0,0.0,0.0,0.0,0.0,0.0,0.0,0.0,0.0,0.59,0.6,0.51,0.0,0.0,0.0,0.0,2.26
2023-08-07,0.56,0.0,0.0,0.0,0.0,0.0,0.0,0.0,0.0,0.0,0.0,0.0,0.0,0.59,0.6,0.51,0.0,0.0,0.0,0.0,2.26
2023-08-06,0.56,0.0,0.0,0.0,0.0,0.0,0.0,0.0,0.0,0.0,0.0,0.0,0.0,0.59,0.6,0.51,0.0,0.0,0.0,0.0,2.26
2023-08-05,0.56,0.0,0.0,0.0,0.0,0.0,0.0,0.0,0.0,0.0,0.0,0.0,0.0,0.59,0.6,0.51,0.0,0.0,0.0,0.0,2.26
2023-08-04,0.56,0.0,0.0,0.0,0.0,0.0,0.0,0.0,0.0,0.0,0.0,0.0,0.0,0.59,0.6,0.51,0.0,0.0,0.0,0.0,2.26
2023-08-03,0.56,0.0,0.0,0.0,0.0,0.0,0.0,0.0,0.0,0.0,0.0,0.0,0.0,0.59,0.6,0.46,0.0,0.0,0.0,0.0,2.21
2023-08-02,0.56,0.0,0.0,0.0,0.0,0.0,0.0,0.0,0.0,0.0,0.0,0.0,0.0,0.59,0.6,0.46,0.0,0.0,0.0,0.0,2.21
2023-08-01,0.56,0.0,0.0,0.0,0.0,0.0,0.0,0.0,0.0,0.0,0.0,0.0,0.0,0.59,0.6,0.46,0.0,0.0,0.0,0.0,2.21
2023-07-31,0.56,0.0,0.0,0.0,0.0,0.0,0.0,0.0,0.0,0.0,0.0,0.0,0.0,0.59,0.6,0.46,0.0,0.0,0.0,0.0,2.21
2023-07-30,0.56,0.0,0.0,0.0,0.0,0.0,0.0,0.0,0.0,0.0,0.0,0.0,0.0,0.59,0.6,0.46,0.0,0.0,0.0,0.0,2.21
2023-07-29,0.56,0.0,0.0,0.0,0.0,0.0,0.0,0.0,0.0,0.0,0.0,0.0,0.0,0.59,0.6,0.46,0.0,0.0,0.0,0.0,2.21
2023-07-28,0.56,0.0,0.0,0.0,0.0,0.0,0.0,0.0,0.0,0.0,0.0,0.0,0.0,0.59,0.6,0.46,0.0,0.0,0.0,0.0,2.21
2023-07-27,0.56,0.0,0.0,0.0,0.0,0.0,0.0,0.0,0.0,0.0,0.0,0.0,0.0,0.59,0.6,0.46,0.0,0.0,0.0,0.0,2.21
2023-07-26,0.56,0.0,0.0,0.0,0.0,0.0,0.0,0.0,0.0,0.0,0.0,0.0,0.0,0.49,0.6,0.51,0.0,0.0,0.0,0.0,2.16
2023-07-25,0.56,0.0,0.0,0.0,0.0,0.0,0.0,0.0,0.0,0.0,0.0,0.0,0.0,0.49,0.6,0.0,0.0,0.0,0.0,0.0,1.65
2023-07-24,0.56,0.0,0.0,0.0,0.0,0.0,0.0,0.0,0.0,0.0,0.0,0.0,0.0,0.49,0.6,0.0,0.0,0.0,0.0,0.0,1.65
2023-07-23,0.56,0.0,0.0,0.0,0.0,0.0,0.0,0.0,0.0,0.0,0.0,0.0,0.0,0.49,0.6,0.0,0.0,0.0,0.0,0.0,1.65
2023-07-22,0.56,0.0,0.0,0.0,0.0,0.0,0.0,0.0,0.0,0.0,0.0,0.0,0.0,0.49,0.6,0.0,0.0,0.0,0.0,0.0,1.65
2023-07-21,0.56,0.0,0.0,0.0,0.0,0.0,0.0,0.0,0.0,0.0,0.0,0.0,0.0,0.49,0.6,0.0,0.0,0.0,0.0,0.0,1.65
2023-07-20,0.56,0.0,0.0,0.0,0.0,0.0,0.0,0.0,0.0,0.0,0.0,0.0,0.0,0.49,0.6,0.0,0.0,0.0,0.0,0.0,1.65
2023-07-19,0.56,0.0,0.0,0.0,0.0,0.0,0.0,0.0,0.0,0.0,0.0,0.0,0.0,0.49,0.6,0.0,0.0,0.0,0.0,0.0,1.65
2023-07-18,0.56,0.0,0.0,0.0,0.0,0.0,0.0,0.0,0.0,0.0,0.0,0.0,0.0,0.59,0.5,0.0,0.0,0.0,0.0,0.0,1.65
2023-07-17,0.56,0.0,0.0,0.0,0.0,0.0,0.0,0.0,0.0,0.0,0.0,0.0,0.0,0.59,0.5,0.0,0.0,0.0,0.0,0.0,1.65
2023-07-16,0.56,0.0,0.0,0.0,0.0,0.0,0.0,0.0,0.0,0.0,0.0,0.0,0.0,0.59,0.5,0.0,0.0,0.0,0.0,0.0,1.65
2023-07-15,0.56,0.0,0.0,0.0,0.0,0.0,0.0,0.0,0.0,0.0,0.0,0.0,0.0,0.59,0.5,0.0,0.0,0.0,0.0,0.0,1.65
2023-07-14,0.56,0.0,0.0,0.0,0.0,0.0,0.0,0.0,0.0,0.0,0.0,0.0,0.0,0.59,0.5,0.0,0.0,0.0,0.0,0.0,1.65
2023-07-13,0.56,0.0,0.0,0.0,0.0,0.0,0.0,0.0,0.0,0.0,0.0,0.0,0.0,0.59,0.5,0.0,0.0,0.0,0.0,0.0,1.65
2023-07-12,0.56,0.0,0.0,0.0,0.0,0.0,0.0,0.0,0.0,0.0,0.0,0.0,0.0,0.59,0.5,0.0,0.0,0.0,0.0,0.0,1.65
2023-07-11,0.56,0.0,0.0,0.0,0.0,0.0,0.0,0.0,0.0,0.0,0.0,0.0,0.0,0.59,0.5,0.0,0.0,0.0,0.0,0.0,1.65
2023-07-10,0.44,0.0,0.0,0.0,0.0,0.0,0.0,0.0,0.0,0.0,0.0,0.0,0.0,0.59,0.5,0.0,0.0,0.0,0.0,0.0,1.53
2023-07-09,0.44,0.0,0.0,0.0,0.0,0.0,0.0,0.0,0.0,0.0,0.0,0.0,0.0,0.59,0.5,0.0,0.0,0.0,0.0,0.0,1.53
2023-07-08,0.44,0.0,0.0,0.0,0.0,0.0,0.0,0.0,0.0,0.0,0.0,0.0,0.0,0.59,0.5,0.0,0.0,0.0,0.0,0.0,1.53
2023-07-07,0.44,0.0,0.0,0.0,0.0,0.0,0.0,0.0,0.0,0.0,0.0,0.0,0.0,0.59,0.5,0.0,0.0,0.0,0.0,0.0,1.53
2023-07-06,0.44,0.0,0.0,0.0,0.0,0.0,0.0,0.0,0.0,0.0,0.0,0.0,0.0,0.59,0.5,0.0,0.0,0.0,0.0,0.0,1.53
2023-07-05,0.44,0.0,0.0,0.0,0.0,0.0,0.0,0.0,0.0,0.0,0.0,0.0,0.0,0.59,0.5,0.0,0.0,0.0,0.0,0.0,1.53
2023-07-04,0.44,0.0,0.0,0.0,0.0,0.0,0.0,0.0,0.0,0.0,0.0,0.0,0.0,0.59,0.5,0.0,0.0,0.0,0.0,0.0,1.53
2023-07-03,0.44,0.0,0.0,0.0,0.0,0.0,0.47,0.0,0.0,0.0,0.0,0.0,0.0,0.59,0.5,0.0,0.0,0.0,0.0,0.0,2.0
2023-07-02,0.56,0.0,0.0,0.0,0.0,0.0,0.47,0.0,0.0,0.0,0.0,0.0,0.0,0.59,0.5,0.0,0.0,0.0,0.0,0.0,2.12
2023-07-01,0.56,0.0,0.0,0.0,0.0,0.0,0.47,0.0,0.0,0.0,0.0,0.0,0.0,0.59,0.5,0.0,0.0,0.0,0.0,0.0,2.12
2023-06-30,0.56,0.0,0.0,0.0,0.0,0.0,0.47,0.0,0.0,0.0,0.0,0.0,0.0,0.59,0.5,0.0,0.0,0.0,0.0,0.0,2.12
2023-06-29,0.56,0.0,0.0,0.0,0.0,0.0,0.47,0.0,0.0,0.0,0.0,0.0,0.0,0.59,0.5,0.0,0.0,0.0,0.0,0.0,2.12
2023-06-28,0.5,0.0,0.0,0.0,0.0,0.0,0.59,0.0,0.0,0.0,0.0,0.0,0.0,0.59,0.5,0.0,0.0,0.0,0.0,0.0,2.1799999999999997
2023-06-27,0.5,0.0,0.0,0.0,0.0,0.0,0.59,0.0,0.0,0.0,0.0,0.0,0.0,0.6,0.5,0.0,0.0,0.0,0.0,0.0,2.19
2023-06-26,0.5,0.0,0.0,0.0,0.0,0.0,0.59,0.0,0.0,0.0,0.0,0.0,0.0,0.5,0.51,0.0,0.0,0.0,0.0,0.0,2.0999999999999996
2023-06-25,0.5,0.0,0.0,0.0,0.0,0.0,0.59,0.0,0.0,0.0,0.0,0.0,0.0,0.5,0.51,0.0,0.0,0.0,0.0,0.0,2.0999999999999996
2023-06-24,0.5,0.0,0.0,0.0,0.0,0.0,0.59,0.0,0.0,0.0,0.0,0.0,0.0,0.5,0.51,0.0,0.0,0.0,0.0,0.0,2.0999999999999996
2023-06-23,0.5,0.0,0.0,0.0,0.0,0.0,0.59,0.0,0.0,0.0,0.0,0.0,0.0,0.5,0.51,0.0,0.0,0.0,0.0,0.0,2.0999999999999996
2023-06-22,0.5,0.0,0.0,0.0,0.0,0.0,0.59,0.0,0.0,0.0,0.0,0.0,0.0,0.5,0.51,0.0,0.0,0.0,0.0,0.0,2.0999999999999996
2023-06-21,0.5,0.0,0.0,0.0,0.0,0.0,0.59,0.0,0.0,0.0,0.0,0.0,0.0,0.5,0.51,0.0,0.0,0.0,0.0,0.0,2.0999999999999996
2023-06-20,0.5,0.0,0.0,0.0,0.0,0.0,0.59,0.0,0.0,0.0,0.0,0.0,0.0,0.5,0.51,0.0,0.0,0.0,0.0,0.0,2.0999999999999996
2023-06-19,0.5,0.0,0.0,0.0,0.0,0.0,0.59,0.0,0.0,0.0,0.0,0.0,0.0,0.5,0.51,0.0,0.0,0.0,0.0,0.0,2.0999999999999996
2023-06-18,0.5,0.0,0.0,0.0,0.0,0.0,0.59,0.0,0.0,0.0,0.0,0.0,0.0,0.5,0.51,0.0,0.0,0.0,0.0,0.0,2.0999999999999996
2023-06-17,0.5,0.0,0.0,0.0,0.0,0.0,0.59,0.0,0.0,0.0,0.0,0.0,0.0,0.5,0.51,0.0,0.0,0.0,0.0,0.0,2.0999999999999996
2023-06-16,0.5,0.0,0.0,0.0,0.0,0.0,0.59,0.0,0.0,0.0,0.0,0.0,0.0,0.5,0.48,0.0,0.0,0.0,0.0,0.0,2.07
2023-06-15,0.5,0.0,0.0,0.0,0.0,0.0,0.59,0.0,0.0,0.0,0.0,0.0,0.0,0.5,0.48,0.0,0.0,0.0,0.0,0.0,2.07
2023-06-14,0.5,0.0,0.0,0.0,0.0,0.0,0.59,0.0,0.0,0.0,0.0,0.0,0.0,0.45,0.48,0.0,0.0,0.0,0.0,0.0,2.0199999999999996
2023-06-13,0.5,0.0,0.0,0.0,0.0,0.0,0.59,0.0,0.0,0.0,0.0,0.0,0.0,0.45,0.48,0.0,0.0,0.0,0.0,0.0,2.0199999999999996
2023-06-12,0.5,0.0,0.0,0.0,0.0,0.0,0.59,0.0,0.0,0.0,0.0,0.0,0.0,0.45,0.48,0.0,0.0,0.0,0.0,0.0,2.0199999999999996
2023-06-11,0.5,0.0,0.0,0.0,0.0,0.0,0.59,0.0,0.0,0.0,0.0,0.0,0.0,0.5,0.48,0.0,0.0,0.0,0.0,0.0,2.07
2023-06-10,0.5,0.0,0.0,0.0,0.0,0.0,0.59,0.0,0.0,0.0,0.0,0.0,0.0,0.5,0.48,0.0,0.0,0.0,0.0,0.0,2.07
2023-06-09,0.49,0.0,0.0,0.0,0.0,0.0,0.59,0.0,0.0,0.0,0.0,0.0,0.0,0.5,0.48,0.0,0.0,0.0,0.0,0.0,2.06
2023-06-08,0.49,0.0,0.0,0.0,0.0,0.0,0.59,0.0,0.0,0.0,0.0,0.0,0.0,0.5,0.51,0.0,0.0,0.0,0.0,0.0,2.09
2023-06-07,0.49,0.0,0.0,0.0,0.0,0.0,0.59,0.0,0.0,0.0,0.0,0.0,0.0,0.5,0.51,0.0,0.0,0.0,0.0,0.0,2.09
2023-06-06,0.49,0.0,0.0,0.0,0.0,0.0,0.59,0.0,0.0,0.0,0.0,0.0,0.0,0.5,0.51,0.0,0.0,0.0,0.0,0.0,2.09
2023-06-05,0.49,0.0,0.0,0.0,0.0,0.0,0.59,0.0,0.0,0.0,0.0,0.0,0.0,0.5,0.51,0.0,0.0,0.0,0.0,0.0,2.09
2023-06-04,0.49,0.0,0.0,0.0,0.0,0.0,0.61,0.0,0.0,0.0,0.0,0.0,0.0,0.5,0.51,0.0,0.0,0.0,0.0,0.0,2.1100000000000003
2023-06-03,0.49,0.0,0.0,0.0,0.0,0.0,0.61,0.0,0.0,0.0,0.0,0.0,0.0,0.5,0.51,0.0,0.0,0.0,0.0,0.0,2.1100000000000003
2023-06-02,0.49,0.0,0.0,0.0,0.0,0.0,0.61,0.0,0.0,0.0,0.0,0.0,0.0,0.5,0.51,0.0,0.0,0.0,0.0,0.0,2.1100000000000003
2023-06-01,0.5,0.0,0.0,0.0,0.0,0.0,0.61,0.0,0.0,0.0,0.0,0.0,0.0,0.5,0.51,0.0,0.0,0.0,0.0,0.0,2.12
2023-05-31,0.5,0.0,0.0,0.0,0.0,0.0,0.61,0.0,0.0,0.0,0.0,0.0,0.0,0.5,0.51,0.0,0.0,0.0,0.0,0.0,2.12
2023-05-30,0.5,0.0,0.0,0.0,0.0,0.0,0.61,0.0,0.0,0.0,0.0,0.0,0.0,0.5,0.51,0.0,0.0,0.0,0.0,0.0,2.12
2023-05-29,0.5,0.0,0.0,0.0,0.0,0.0,0.59,0.0,0.0,0.0,0.0,0.0,0.0,0.5,0.51,0.0,0.0,0.0,0.0,0.0,2.0999999999999996
2023-05-28,0.5,0.0,0.0,0.0,0.0,0.0,0.59,0.0,0.0,0.0,0.0,0.0,0.0,0.5,0.51,0.0,0.0,0.0,0.0,0.0,2.0999999999999996
2023-05-27,0.5,0.0,0.0,0.0,0.0,0.0,0.59,0.0,0.0,0.0,0.0,0.0,0.0,0.5,0.51,0.0,0.0,0.0,0.0,0.0,2.0999999999999996
2023-05-26,0.5,0.0,0.0,0.0,0.0,0.0,0.59,0.0,0.0,0.0,0.0,0.0,0.0,0.5,0.51,0.0,0.0,0.0,0.0,0.0,2.0999999999999996
2023-05-25,0.5,0.0,0.0,0.0,0.0,0.0,0.59,0.0,0.0,0.0,0.0,0.0,0.0,0.5,0.0,0.0,0.0,0.0,0.0,0.0,1.5899999999999999
2023-05-24,0.5,0.0,0.0,0.0,0.0,0.0,0.59,0.0,0.0,0.0,0.0,0.0,0.0,0.5,0.0,0.0,0.0,0.0,0.0,0.0,1.5899999999999999
2023-05-23,0.55,0.0,0.0,0.0,0.0,0.0,0.59,0.0,0.0,0.0,0.0,0.0,0.0,0.0,0.0,0.0,0.0,0.0,0.0,0.0,1.1400000000000001
2023-05-22,0.55,0.0,0.0,0.0,0.0,0.0,0.59,0.0,0.0,0.0,0.0,0.0,0.0,0.0,0.0,0.0,0.0,0.0,0.0,0.0,1.1400000000000001
2023-05-21,0.55,0.0,0.0,0.0,0.0,0.0,0.59,0.0,0.0,0.0,0.0,0.0,0.0,0.0,0.0,0.0,0.0,0.0,0.0,0.0,1.1400000000000001
2023-05-20,0.55,0.0,0.0,0.0,0.0,0.0,0.59,0.0,0.0,0.0,0.0,0.0,0.0,0.0,0.0,0.0,0.0,0.0,0.0,0.0,1.1400000000000001
2023-05-19,0.55,0.0,0.0,0.0,0.0,0.0,0.59,0.0,0.0,0.0,0.0,0.0,0.0,0.0,0.0,0.0,0.0,0.0,0.0,0.0,1.1400000000000001
2023-05-18,0.55,0.0,0.0,0.0,0.0,0.0,0.59,0.0,0.0,0.0,0.0,0.0,0.0,0.0,0.0,0.0,0.0,0.0,0.0,0.0,1.1400000000000001
2023-05-17,0.55,0.0,0.0,0.0,0.0,0.0,0.59,0.0,0.0,0.0,0.0,0.0,0.0,0.0,0.0,0.0,0.0,0.0,0.0,0.0,1.1400000000000001
2023-05-16,0.55,0.0,0.0,0.0,0.0,0.0,0.59,0.0,0.0,0.0,0.0,0.0,0.0,0.0,0.0,0.0,0.0,0.0,0.0,0.0,1.1400000000000001
2023-05-15,0.49,0.0,0.0,0.0,0.0,0.0,0.59,0.0,0.0,0.0,0.0,0.0,0.0,0.0,0.0,0.0,0.0,0.0,0.0,0.0,1.08
2023-05-14,0.49,0.0,0.0,0.0,0.0,0.0,0.66,0.0,0.0,0.0,0.0,0.0,0.0,0.0,0.0,0.0,0.0,0.0,0.0,0.0,1.15
2023-05-13,0.49,0.0,0.0,0.0,0.0,0.0,0.66,0.0,0.0,0.0,0.0,0.0,0.0,0.0,0.0,0.0,0.0,0.0,0.0,0.0,1.15
2023-05-12,0.49,0.0,0.0,0.0,0.0,0.0,0.66,0.0,0.0,0.0,0.0,0.0,0.0,0.0,0.0,0.0,0.0,0.0,0.0,0.0,1.15
2023-05-11,0.49,0.0,0.0,0.0,0.0,0.0,0.66,0.0,0.0,0.0,0.0,0.0,0.0,0.0,0.0,0.0,0.0,0.0,0.0,0.0,1.15
2023-05-10,0.49,0.0,0.0,0.0,0.0,0.0,0.66,0.0,0.0,0.0,0.0,0.0,0.0,0.0,0.0,0.0,0.0,0.0,0.0,0.0,1.15
