,549300X1IL2SQS14P736,-077-,549300RHSQCH106OWF77,549300DCU7KOL83B3B08,549300SHI4D0QGWI8X45,549300EJ1ZB4YYIOMD56,549300KKLDTNOIW0NU52,TNWE6LERP1CI9IDAZB80,6BS8JLEICI3VGJ264L55,2138006AZELNYKR3A325,549300RYJEP013YME360,IEY25V8W6D7HRX2LB395,549300GHZ48Y72I6HZ24,-074-,549300X6BK8XW1RP4G25,-005-,549300ARVD4LVNCUBN81,-096-,-006-,5493005OCC8XKDFQ8U37,-075-,549300RK1FB0VMTPD087,549300LVXYIVJKE13M84,-066-,Total,Market_capitalization
2025-05-08,0.0,0.0,0.0,0.0,0.0,0.0,0.0,0.0,0.0,0.0,0.0,0.0,0.0,1.2,0.0,0.0,0.0,0.0,0.0,0.0,0.0,0.89,0.79,0.52,3.4,2530000000.0
2025-05-07,0.0,0.0,0.0,0.0,0.0,0.0,0.0,0.0,0.0,0.0,0.0,0.0,0.0,1.2,0.0,0.0,0.0,0.0,0.0,0.0,0.0,0.89,0.79,0.52,3.4,2530000000.0
2025-05-06,0.0,0.0,0.0,0.0,0.0,0.0,0.0,0.0,0.0,0.0,0.0,0.0,0.0,1.2,0.0,0.0,0.0,0.0,0.0,0.0,0.0,0.89,0.79,0.52,3.4,2530000000.0
2025-05-05,0.0,0.0,0.0,0.0,0.0,0.0,0.0,0.0,0.0,0.0,0.0,0.0,0.0,1.2,0.0,0.0,0.0,0.0,0.0,0.0,0.0,0.89,0.79,0.52,3.4,2530000000.0
2025-05-04,0.0,0.0,0.0,0.0,0.0,0.0,0.0,0.0,0.0,0.0,0.0,0.0,0.0,1.2,0.0,0.0,0.0,0.0,0.0,0.0,0.0,0.89,0.79,0.52,3.4,2530000000.0
2025-05-03,0.0,0.0,0.0,0.0,0.0,0.0,0.0,0.0,0.0,0.0,0.0,0.0,0.0,1.2,0.0,0.0,0.0,0.0,0.0,0.0,0.0,0.89,0.79,0.52,3.4,2530000000.0
2025-05-02,0.0,0.0,0.0,0.0,0.0,0.0,0.0,0.0,0.0,0.0,0.0,0.0,0.0,1.2,0.0,0.0,0.0,0.0,0.0,0.0,0.0,0.89,0.79,0.52,3.4,2530000000.0
2025-05-01,0.0,0.0,0.0,0.0,0.0,0.0,0.0,0.0,0.0,0.0,0.0,0.0,0.0,1.2,0.0,0.0,0.0,0.0,0.0,0.0,0.0,0.89,0.79,0.52,3.4,2530000000.0
2025-04-30,0.0,0.0,0.0,0.0,0.0,0.0,0.0,0.0,0.0,0.0,0.0,0.0,0.0,1.2,0.0,0.0,0.0,0.0,0.0,0.0,0.0,0.89,0.79,0.52,3.4,2530000000.0
2025-04-29,0.0,0.0,0.0,0.0,0.0,0.0,0.0,0.0,0.0,0.0,0.0,0.0,0.0,1.2,0.0,0.0,0.0,0.0,0.0,0.0,0.0,0.99,0.79,0.52,3.5,2530000000.0
2025-04-28,0.0,0.0,0.0,0.0,0.0,0.0,0.0,0.0,0.0,0.0,0.0,0.0,0.0,1.2,0.0,0.0,0.0,0.0,0.0,0.0,0.0,0.99,0.81,0.52,3.52,2530000000.0
2025-04-27,0.0,0.0,0.0,0.0,0.0,0.0,0.0,0.0,0.0,0.0,0.0,0.0,0.0,1.2,0.0,0.0,0.0,0.0,0.0,0.0,0.0,0.99,0.81,0.52,3.52,2530000000.0
2025-04-26,0.0,0.0,0.0,0.0,0.0,0.0,0.0,0.0,0.0,0.0,0.0,0.0,0.0,1.2,0.0,0.0,0.0,0.0,0.0,0.0,0.0,0.99,0.81,0.52,3.52,2530000000.0
2025-04-25,0.0,0.0,0.0,0.0,0.0,0.0,0.0,0.0,0.0,0.0,0.0,0.0,0.0,1.2,0.0,0.0,0.0,0.0,0.0,0.0,0.0,0.99,0.81,0.52,3.52,2530000000.0
2025-04-24,0.0,0.0,0.0,0.0,0.0,0.0,0.0,0.0,0.0,0.0,0.0,0.0,0.0,1.18,0.0,0.0,0.0,0.0,0.0,0.0,0.0,0.99,0.81,0.52,3.5,2530000000.0
2025-04-23,0.0,0.0,0.0,0.0,0.0,0.0,0.0,0.0,0.0,0.0,0.0,0.0,0.0,1.18,0.0,0.0,0.0,0.0,0.0,0.0,0.0,0.99,0.81,0.52,3.5,2530000000.0
2025-04-22,0.0,0.0,0.0,0.0,0.0,0.0,0.0,0.0,0.0,0.0,0.0,0.0,0.0,1.18,0.0,0.0,0.0,0.0,0.0,0.0,0.0,0.99,0.81,0.52,3.5,2530000000.0
2025-04-21,0.0,0.0,0.0,0.0,0.0,0.0,0.0,0.0,0.0,0.0,0.0,0.0,0.0,1.18,0.0,0.0,0.0,0.0,0.0,0.0,0.0,1.01,0.81,0.52,3.52,2530000000.0
2025-04-20,0.0,0.0,0.0,0.0,0.0,0.0,0.0,0.0,0.0,0.0,0.0,0.0,0.0,1.18,0.0,0.0,0.0,0.0,0.0,0.0,0.0,1.01,0.81,0.52,3.52,2530000000.0
2025-04-19,0.0,0.0,0.0,0.0,0.0,0.0,0.0,0.0,0.0,0.0,0.0,0.0,0.0,1.18,0.0,0.0,0.0,0.0,0.0,0.0,0.0,1.01,0.81,0.52,3.52,2530000000.0
2025-04-18,0.0,0.0,0.0,0.0,0.0,0.0,0.0,0.0,0.0,0.0,0.0,0.0,0.0,1.18,0.0,0.0,0.0,0.0,0.0,0.0,0.0,1.01,0.81,0.52,3.52,2530000000.0
2025-04-17,0.0,0.0,0.0,0.0,0.0,0.0,0.0,0.0,0.0,0.0,0.0,0.0,0.0,1.18,0.0,0.0,0.0,0.0,0.0,0.0,0.0,1.01,0.81,0.52,3.52,2530000000.0
2025-04-16,0.0,0.0,0.0,0.0,0.0,0.0,0.0,0.0,0.0,0.0,0.0,0.0,0.0,1.18,0.49,0.0,0.0,0.0,0.0,0.0,0.0,1.01,0.81,0.52,4.01,2530000000.0
2025-04-15,0.0,0.0,0.0,0.0,0.0,0.0,0.0,0.0,0.0,0.0,0.0,0.0,0.0,1.18,0.49,0.0,0.0,0.0,0.0,0.0,0.0,1.01,0.81,0.52,4.01,2530000000.0
2025-04-14,0.0,0.0,0.0,0.0,0.0,0.0,0.0,0.0,0.0,0.0,0.0,0.0,0.0,1.18,0.49,0.0,0.0,0.0,0.0,0.0,0.0,1.01,0.81,0.52,4.01,2530000000.0
2025-04-13,0.0,0.0,0.0,0.0,0.0,0.0,0.0,0.0,0.0,0.0,0.0,0.0,0.0,1.24,0.49,0.0,0.0,0.0,0.0,0.0,0.0,1.01,0.81,0.52,4.07,2530000000.0
2025-04-12,0.0,0.0,0.0,0.0,0.0,0.0,0.0,0.0,0.0,0.0,0.0,0.0,0.0,1.24,0.49,0.0,0.0,0.0,0.0,0.0,0.0,1.01,0.81,0.52,4.07,2530000000.0
2025-04-11,0.0,0.0,0.0,0.0,0.0,0.0,0.0,0.0,0.0,0.0,0.0,0.0,0.0,1.24,0.49,0.0,0.0,0.0,0.0,0.0,0.0,1.01,0.81,0.52,4.07,2530000000.0
2025-04-10,0.0,0.0,0.0,0.0,0.0,0.0,0.0,0.0,0.0,0.0,0.0,0.0,0.0,1.24,0.49,0.0,0.0,0.0,0.0,0.0,0.0,1.01,0.81,0.52,4.07,2530000000.0
2025-04-09,0.0,0.0,0.0,0.0,0.0,0.0,0.0,0.0,0.0,0.0,0.0,0.0,0.0,1.24,0.49,0.0,0.0,0.0,0.0,0.0,0.0,1.01,0.81,0.52,4.07,2530000000.0
2025-04-08,0.0,0.0,0.0,0.0,0.0,0.0,0.0,0.0,0.0,0.0,0.0,0.0,0.0,1.24,0.5,0.0,0.0,0.0,0.0,0.0,0.0,1.01,0.81,0.52,4.08,2530000000.0
2025-04-07,0.0,0.0,0.0,0.0,0.0,0.0,0.0,0.0,0.0,0.0,0.0,0.0,0.0,1.24,0.0,0.0,0.0,0.0,0.0,0.0,0.0,1.01,0.81,0.52,3.58,2530000000.0
2025-04-06,0.0,0.0,0.0,0.0,0.0,0.0,0.0,0.0,0.0,0.0,0.0,0.0,0.0,1.24,0.0,0.0,0.0,0.0,0.0,0.0,0.0,1.01,0.81,0.52,3.58,2530000000.0
2025-04-05,0.0,0.0,0.0,0.0,0.0,0.0,0.0,0.0,0.0,0.0,0.0,0.0,0.0,1.24,0.0,0.0,0.0,0.0,0.0,0.0,0.0,1.01,0.81,0.52,3.58,2530000000.0
2025-04-04,0.0,0.0,0.0,0.0,0.0,0.0,0.0,0.0,0.0,0.0,0.0,0.0,0.0,1.24,0.0,0.0,0.0,0.0,0.0,0.0,0.0,1.01,0.81,0.52,3.58,2530000000.0
2025-04-03,0.0,0.0,0.0,0.0,0.0,0.0,0.0,0.0,0.0,0.0,0.0,0.0,0.0,1.24,0.0,0.0,0.0,0.0,0.0,0.0,0.0,1.01,0.81,0.52,3.58,2530000000.0
2025-04-02,0.0,0.0,0.0,0.0,0.0,0.0,0.0,0.0,0.0,0.0,0.0,0.0,0.0,1.24,0.0,0.0,0.0,0.0,0.0,0.0,0.0,1.01,0.81,0.52,3.58,2530000000.0
2025-04-01,0.0,0.0,0.0,0.0,0.0,0.0,0.0,0.0,0.0,0.0,0.0,0.0,0.0,1.24,0.0,0.0,0.0,0.0,0.0,0.0,0.0,1.01,0.81,0.0,3.06,2530000000.0
2025-03-31,0.0,0.0,0.0,0.0,0.0,0.0,0.0,0.0,0.0,0.0,0.0,0.0,0.0,1.24,0.0,0.0,0.0,0.0,0.0,0.0,0.0,1.01,0.81,0.0,3.06,2530000000.0
2025-03-30,0.0,0.0,0.0,0.0,0.0,0.0,0.0,0.0,0.0,0.0,0.0,0.0,0.0,1.24,0.0,0.0,0.0,0.0,0.0,0.0,0.0,1.01,0.81,0.0,3.06,2530000000.0
2025-03-29,0.0,0.0,0.0,0.0,0.0,0.0,0.0,0.0,0.0,0.0,0.0,0.0,0.0,1.24,0.0,0.0,0.0,0.0,0.0,0.0,0.0,1.01,0.81,0.0,3.06,2530000000.0
2025-03-28,0.0,0.0,0.0,0.0,0.0,0.0,0.0,0.0,0.0,0.0,0.0,0.0,0.0,1.24,0.0,0.0,0.0,0.0,0.0,0.0,0.0,1.01,0.81,0.0,3.06,2530000000.0
2025-03-27,0.0,0.0,0.0,0.0,0.0,0.0,0.0,0.0,0.0,0.0,0.0,0.0,0.0,1.16,0.0,0.0,0.0,0.0,0.0,0.0,0.0,0.91,0.81,0.0,2.88,2530000000.0
2025-03-26,0.0,0.0,0.0,0.0,0.0,0.0,0.0,0.0,0.45,0.0,0.0,0.0,0.0,1.01,0.0,0.0,0.0,0.0,0.0,0.0,0.0,0.91,0.7,0.0,3.0700000000000003,2530000000.0
2025-03-25,0.0,0.0,0.0,0.0,0.0,0.0,0.0,0.0,0.45,0.0,0.0,0.0,0.0,1.01,0.0,0.0,0.0,0.0,0.0,0.0,0.0,0.91,0.7,0.0,3.0700000000000003,2530000000.0
2025-03-24,0.0,0.0,0.0,0.0,0.0,0.0,0.0,0.0,0.45,0.0,0.0,0.0,0.0,0.98,0.0,0.0,0.0,0.0,0.0,0.0,0.0,0.91,0.7,0.0,3.04,2530000000.0
2025-03-23,0.0,0.0,0.0,0.0,0.0,0.0,0.0,0.0,0.45,0.0,0.0,0.0,0.0,0.98,0.0,0.0,0.0,0.0,0.0,0.0,0.0,0.91,0.7,0.0,3.04,2530000000.0
2025-03-22,0.0,0.0,0.0,0.0,0.0,0.0,0.0,0.0,0.45,0.0,0.0,0.0,0.0,0.98,0.0,0.0,0.0,0.0,0.0,0.0,0.0,0.91,0.7,0.0,3.04,2530000000.0
2025-03-21,0.0,0.0,0.0,0.0,0.0,0.0,0.0,0.0,0.45,0.0,0.0,0.0,0.0,0.98,0.0,0.0,0.0,0.0,0.0,0.0,0.0,0.91,0.7,0.0,3.04,2530000000.0
2025-03-20,0.0,0.0,0.0,0.0,0.0,0.0,0.0,0.0,0.45,0.0,0.0,0.0,0.0,1.1,0.0,0.0,0.0,0.0,0.0,0.0,0.0,0.8,0.7,0.0,3.05,2530000000.0
2025-03-19,0.0,0.0,0.0,0.0,0.0,0.0,0.0,0.0,0.45,0.0,0.0,0.0,0.0,0.9,0.0,0.0,0.0,0.0,0.0,0.0,0.0,0.8,0.7,0.0,2.8500000000000005,2530000000.0
2025-03-18,0.0,0.0,0.0,0.0,0.0,0.0,0.0,0.0,0.52,0.0,0.0,0.0,0.0,0.83,0.0,0.0,0.0,0.0,0.0,0.0,0.0,0.8,0.7,0.0,2.8500000000000005,2530000000.0
2025-03-17,0.0,0.0,0.0,0.0,0.0,0.0,0.0,0.0,0.52,0.0,0.0,0.0,0.0,0.83,0.34,0.0,0.0,0.0,0.0,0.0,0.0,0.8,0.62,0.0,3.1100000000000003,2530000000.0
2025-03-16,0.0,0.0,0.0,0.0,0.0,0.0,0.0,0.0,0.52,0.0,0.0,0.0,0.0,0.93,0.34,0.0,0.0,0.0,0.0,0.0,0.0,0.7,0.62,0.0,3.1100000000000003,2530000000.0
2025-03-15,0.0,0.0,0.0,0.0,0.0,0.0,0.0,0.0,0.52,0.0,0.0,0.0,0.0,0.93,0.34,0.0,0.0,0.0,0.0,0.0,0.0,0.7,0.62,0.0,3.1100000000000003,2530000000.0
2025-03-14,0.0,0.46,0.0,0.0,0.0,0.0,0.0,0.0,0.52,0.0,0.0,0.0,0.0,0.93,0.34,0.0,0.0,0.0,0.0,0.0,0.43,0.7,0.62,0.0,4.0,2530000000.0
2025-03-13,0.0,0.46,0.0,0.0,0.0,0.0,0.0,0.0,0.52,0.0,0.0,0.0,0.0,0.93,0.34,0.0,0.0,0.0,0.39,0.0,0.43,0.7,0.59,0.0,4.36,2530000000.0
2025-03-12,0.0,0.46,0.0,0.0,0.0,0.0,0.0,0.0,0.52,0.0,0.0,0.0,0.0,0.0,0.34,0.0,0.0,0.0,0.39,0.0,0.43,0.7,0.59,0.0,3.4299999999999997,2530000000.0
2025-03-11,0.0,0.46,0.0,0.0,0.0,0.0,0.0,0.0,0.52,0.0,0.0,0.0,0.0,0.0,0.34,0.0,0.0,0.0,0.39,0.0,0.43,0.7,0.6,0.0,3.44,2530000000.0
2025-03-10,0.0,0.46,0.0,0.0,0.0,0.0,0.0,0.0,0.52,0.0,0.0,0.0,0.0,0.0,0.34,0.0,0.0,0.0,0.39,0.0,0.43,0.7,0.6,0.0,3.44,2530000000.0
2025-03-09,0.0,0.46,0.0,0.0,0.0,0.0,0.0,0.0,0.46,0.0,0.0,0.0,0.0,0.0,0.51,0.0,0.0,0.0,0.39,0.0,0.43,0.7,0.6,0.0,3.5500000000000003,2530000000.0
2025-03-08,0.0,0.46,0.0,0.0,0.0,0.0,0.0,0.0,0.46,0.0,0.0,0.0,0.0,0.0,0.51,0.0,0.0,0.0,0.39,0.0,0.43,0.7,0.6,0.0,3.5500000000000003,2530000000.0
2025-03-07,0.0,0.46,0.0,0.0,0.0,0.0,0.0,0.0,0.46,0.0,0.0,0.0,0.0,0.0,0.51,0.0,0.0,0.0,0.39,0.0,0.43,0.7,0.6,0.0,3.5500000000000003,2530000000.0
2025-03-06,0.0,0.57,0.0,0.0,0.0,0.0,0.0,0.0,0.46,0.0,0.0,0.0,0.0,0.0,0.51,0.0,0.0,0.0,0.39,0.0,0.53,0.7,0.6,0.0,3.7600000000000002,2530000000.0
2025-03-05,0.0,0.57,0.0,0.0,0.0,0.0,0.0,0.0,0.59,0.0,0.0,0.0,0.0,0.0,0.51,0.0,0.0,0.0,0.0,0.0,0.53,0.7,0.6,0.0,3.5000000000000004,2530000000.0
2025-03-04,0.0,0.62,0.0,0.0,0.0,0.0,0.0,0.0,0.59,0.0,0.0,0.0,0.0,0.0,0.51,0.0,0.0,0.0,0.0,0.0,0.49,0.7,0.6,0.0,3.5100000000000002,2530000000.0
2025-03-03,0.0,0.78,0.0,0.0,0.0,0.0,0.0,0.0,0.64,0.0,0.0,0.0,0.0,0.0,0.51,0.0,0.0,0.0,0.0,0.0,0.49,0.7,0.6,0.0,3.72,2530000000.0
2025-03-02,0.0,0.78,0.0,0.0,0.0,0.0,0.0,0.0,0.64,0.0,0.0,0.0,0.0,0.0,0.51,0.0,0.0,0.0,0.0,0.0,0.49,0.7,0.6,0.0,3.72,2530000000.0
2025-03-01,0.0,0.78,0.0,0.0,0.0,0.0,0.0,0.0,0.64,0.0,0.0,0.0,0.0,0.0,0.51,0.0,0.0,0.0,0.0,0.0,0.49,0.7,0.6,0.0,3.72,2530000000.0
2025-02-28,0.0,0.78,0.0,0.0,0.0,0.0,0.0,0.0,0.64,0.0,0.0,0.0,0.0,0.0,0.51,0.0,0.0,0.0,0.0,0.0,0.49,0.7,0.6,0.0,3.72,2530000000.0
2025-02-27,0.0,0.86,0.0,0.0,0.0,0.0,0.0,0.0,0.64,0.0,0.0,0.0,0.0,0.0,0.49,0.0,0.0,0.0,0.0,0.0,0.49,0.6,0.6,0.0,3.68,2530000000.0
2025-02-26,0.0,0.99,0.0,0.0,0.0,0.0,0.0,0.0,0.5,0.0,0.0,0.0,0.0,0.0,0.49,0.0,0.0,0.0,0.0,0.0,0.49,0.6,0.6,0.0,3.67,2530000000.0
2025-02-25,0.0,0.99,0.0,0.0,0.0,0.0,0.0,0.0,0.5,0.0,0.0,0.0,0.0,0.0,0.49,0.0,0.0,0.0,0.0,0.0,0.51,0.6,0.6,0.0,3.6900000000000004,2530000000.0
2025-02-24,0.0,1.11,0.0,0.0,0.0,0.0,0.0,0.0,0.5,0.0,0.0,0.0,0.0,0.0,0.54,0.0,0.0,0.0,0.0,0.0,0.51,0.6,0.5,0.0,3.7600000000000002,2530000000.0
2025-02-23,0.0,1.11,0.0,0.0,0.0,0.0,0.0,0.0,0.0,0.0,0.0,0.0,0.0,0.0,0.54,0.0,0.0,0.0,0.0,0.0,0.0,0.6,0.5,0.0,2.75,2530000000.0
2025-02-22,0.0,1.11,0.0,0.0,0.0,0.0,0.0,0.0,0.0,0.0,0.0,0.0,0.0,0.0,0.54,0.0,0.0,0.0,0.0,0.0,0.0,0.6,0.5,0.0,2.75,2530000000.0
2025-02-21,0.0,1.11,0.0,0.0,0.0,0.0,0.0,0.0,0.0,0.0,0.0,0.0,0.0,0.0,0.54,0.0,0.0,0.0,0.0,0.0,0.0,0.6,0.5,0.0,2.75,2530000000.0
2025-02-20,0.0,1.09,0.0,0.0,0.0,0.0,0.0,0.0,0.0,0.0,0.0,0.0,0.0,0.0,0.67,0.0,0.0,0.0,0.0,0.0,0.0,0.6,0.5,0.0,2.8600000000000003,2530000000.0
2025-02-19,0.0,1.1,0.0,0.0,0.0,0.0,0.0,0.0,0.0,0.0,0.0,0.0,0.0,0.0,0.67,0.0,0.0,0.0,0.0,0.0,0.0,0.6,0.5,0.0,2.87,2530000000.0
2025-02-18,0.0,1.1,0.0,0.0,0.0,0.0,0.0,0.0,0.0,0.0,0.0,0.0,0.0,0.0,0.67,0.0,0.0,0.0,0.0,0.0,0.0,0.6,0.5,0.0,2.87,2530000000.0
2025-02-17,0.0,1.01,0.0,0.0,0.0,0.0,0.0,0.0,0.0,0.0,0.0,0.0,0.0,0.0,0.67,0.0,0.0,0.0,0.0,0.0,0.0,0.5,0.5,0.0,2.68,2530000000.0
2025-02-16,0.0,1.01,0.0,0.0,0.0,0.0,0.0,0.0,0.0,0.0,0.0,0.0,0.0,0.0,0.55,0.0,0.0,0.0,0.0,0.0,0.0,0.5,0.5,0.0,2.56,2530000000.0
2025-02-15,0.0,1.01,0.0,0.0,0.0,0.0,0.0,0.0,0.0,0.0,0.0,0.0,0.0,0.0,0.55,0.0,0.0,0.0,0.0,0.0,0.0,0.5,0.5,0.0,2.56,2530000000.0
2025-02-14,0.0,1.01,0.0,0.0,0.0,0.0,0.0,0.0,0.0,0.0,0.0,0.0,0.0,0.0,0.55,0.0,0.0,0.0,0.0,0.0,0.0,0.5,0.5,0.0,2.56,2530000000.0
2025-02-13,0.0,1.01,0.0,0.0,0.0,0.0,0.0,0.0,0.0,0.0,0.0,0.0,0.0,0.0,0.46,0.0,0.0,0.0,0.0,0.0,0.0,0.5,0.0,0.0,1.97,2530000000.0
2025-02-12,0.0,0.91,0.0,0.0,0.0,0.0,0.0,0.0,0.0,0.0,0.0,0.0,0.0,0.0,0.46,0.0,0.0,0.0,0.0,0.0,0.0,0.5,0.0,0.0,1.87,2530000000.0
2025-02-11,0.0,0.8,0.0,0.0,0.0,0.0,0.0,0.0,0.0,0.0,0.0,0.0,0.0,0.0,0.58,0.0,0.0,0.0,0.0,0.0,0.0,0.5,0.0,0.0,1.88,2530000000.0
2025-02-10,0.0,0.8,0.0,0.0,0.0,0.0,0.0,0.0,0.0,0.0,0.0,0.0,0.0,0.0,0.58,0.0,0.0,0.0,0.0,0.54,0.0,0.0,0.0,0.0,1.92,2530000000.0
2025-02-09,0.0,0.76,0.0,0.0,0.0,0.0,0.0,0.0,0.0,0.0,0.0,0.0,0.0,0.0,0.58,0.0,0.0,0.0,0.0,0.54,0.0,0.0,0.0,0.0,1.88,2530000000.0
2025-02-08,0.0,0.76,0.0,0.0,0.0,0.0,0.0,0.0,0.0,0.0,0.0,0.0,0.0,0.0,0.58,0.0,0.0,0.0,0.0,0.54,0.0,0.0,0.0,0.0,1.88,2530000000.0
2025-02-07,0.0,0.76,0.0,0.0,0.0,0.0,0.0,0.0,0.0,0.0,0.0,0.0,0.0,0.0,0.58,0.0,0.0,0.0,0.0,0.54,0.0,0.0,0.0,0.0,1.88,2530000000.0
2025-02-06,0.0,0.0,0.0,0.0,0.0,0.0,0.0,0.0,0.0,0.44,0.0,0.0,0.0,0.0,0.58,0.0,0.0,0.0,0.0,0.54,0.0,0.0,0.0,0.0,1.56,2530000000.0
2025-02-05,0.0,0.0,0.0,0.0,0.0,0.0,0.0,0.0,0.0,0.44,0.0,0.0,0.0,0.0,0.58,0.0,0.0,0.0,0.0,0.54,0.0,0.0,0.0,0.0,1.56,2530000000.0
2025-02-04,0.0,0.0,0.0,0.0,0.0,0.0,0.0,0.0,0.0,0.44,0.0,0.0,0.0,0.0,0.58,0.0,0.0,0.0,0.0,0.54,0.0,0.0,0.0,0.0,1.56,2530000000.0
2025-02-03,0.0,0.0,0.0,0.0,0.0,0.0,0.0,0.0,0.0,0.44,0.0,0.0,0.0,0.0,0.6,0.0,0.0,0.0,0.0,0.54,0.0,0.0,0.0,0.0,1.58,2530000000.0
2025-02-02,0.0,0.0,0.0,0.0,0.0,0.0,0.0,0.0,0.0,0.44,0.0,0.0,0.0,0.0,0.58,0.0,0.0,0.0,0.0,0.54,0.0,0.0,0.0,0.0,1.56,2530000000.0
2025-02-01,0.0,0.0,0.0,0.0,0.0,0.0,0.0,0.0,0.0,0.44,0.0,0.0,0.0,0.0,0.58,0.0,0.0,0.0,0.0,0.54,0.0,0.0,0.0,0.0,1.56,2530000000.0
2025-01-31,0.0,0.0,0.0,0.0,0.0,0.0,0.0,0.0,0.0,0.44,0.0,0.0,0.0,0.0,0.58,0.0,0.0,0.0,0.0,0.54,0.0,0.0,0.0,0.0,1.56,2530000000.0
2025-01-30,0.0,0.0,0.0,0.0,0.0,0.0,0.0,0.0,0.0,0.44,0.0,0.0,0.0,0.0,0.58,0.0,0.0,0.0,0.0,0.54,0.0,0.0,0.0,0.0,1.56,2530000000.0
2025-01-29,0.0,0.3,0.0,0.0,0.0,0.0,0.0,0.0,0.0,0.71,0.0,0.0,0.0,0.0,0.61,0.0,0.0,0.0,0.0,0.54,0.0,0.0,0.0,0.0,2.16,2530000000.0
2025-01-28,0.0,0.3,0.0,0.0,0.0,0.0,0.0,0.0,0.0,0.71,0.0,0.0,0.0,0.0,0.61,0.0,0.0,0.0,0.0,0.54,0.0,0.0,0.0,0.0,2.16,2530000000.0
2025-01-27,0.0,0.3,0.0,0.0,0.0,0.0,0.0,0.0,0.0,0.71,0.0,0.0,0.0,0.0,0.57,0.0,0.0,0.0,0.0,0.54,0.0,0.0,0.0,0.0,2.12,2530000000.0
2025-01-26,0.0,0.3,0.0,0.0,0.0,0.0,0.0,0.0,0.0,0.71,0.0,0.0,0.0,0.0,0.57,0.0,0.0,0.0,0.0,0.54,0.0,0.0,0.0,0.0,2.12,2530000000.0
2025-01-25,0.0,0.3,0.0,0.0,0.0,0.0,0.0,0.0,0.0,0.71,0.0,0.0,0.0,0.0,0.57,0.0,0.0,0.0,0.0,0.54,0.0,0.0,0.0,0.0,2.12,2530000000.0
2025-01-24,0.0,0.3,0.0,0.0,0.0,0.0,0.0,0.0,0.0,0.71,0.0,0.0,0.0,0.0,0.57,0.0,0.0,0.0,0.0,0.54,0.0,0.0,0.0,0.0,2.12,2530000000.0
2025-01-23,0.0,0.3,0.0,0.0,0.49,0.0,0.0,0.0,0.0,0.71,0.0,0.0,0.0,0.0,0.57,0.0,0.0,0.0,0.0,0.54,0.0,0.0,0.0,0.0,2.61,2530000000.0
2025-01-22,0.0,0.3,0.0,0.0,0.49,0.0,0.0,0.0,0.0,0.71,0.0,0.0,0.0,0.0,0.57,0.0,0.0,0.0,0.0,0.54,0.0,0.0,0.0,0.0,2.61,2530000000.0
2025-01-21,0.0,0.77,0.0,0.0,0.49,0.0,0.0,0.0,0.0,0.71,0.0,0.0,0.0,0.0,0.0,0.0,0.0,0.0,0.0,0.54,0.0,0.0,0.0,0.0,2.51,2530000000.0
2025-01-20,0.0,0.86,0.0,0.0,0.49,0.0,0.0,0.0,0.0,0.71,0.0,0.0,0.0,0.0,0.0,0.0,0.0,0.0,0.0,0.54,0.0,0.0,0.0,0.0,2.6,2530000000.0
2025-01-19,0.0,0.86,0.0,0.0,0.49,0.0,0.0,0.0,0.0,0.71,0.0,0.0,0.0,0.0,0.0,0.0,0.0,0.0,0.0,0.54,0.0,0.0,0.0,0.0,2.6,2530000000.0
2025-01-18,0.0,0.86,0.0,0.0,0.49,0.0,0.0,0.0,0.0,0.71,0.0,0.0,0.0,0.0,0.0,0.0,0.0,0.0,0.0,0.54,0.0,0.0,0.0,0.0,2.6,2530000000.0
2025-01-17,0.0,0.86,0.0,0.0,0.49,0.0,0.0,0.0,0.0,0.71,0.0,0.0,0.0,0.0,0.0,0.0,0.0,0.0,0.44,0.54,0.0,0.0,0.0,0.0,3.04,2530000000.0
2025-01-16,0.0,0.92,0.0,0.0,0.49,0.0,0.0,0.0,0.0,0.71,0.0,0.0,0.0,0.0,0.0,0.0,0.0,0.0,0.44,0.54,0.0,0.0,0.0,0.0,3.1,2530000000.0
2025-01-15,0.0,0.88,0.0,0.0,0.58,0.0,0.0,0.0,0.46,0.71,0.0,0.0,0.0,0.0,0.0,0.0,0.0,0.0,0.44,0.54,0.0,0.0,0.0,0.0,3.61,2530000000.0
2025-01-14,0.0,0.97,0.0,0.0,0.58,0.0,0.0,0.0,0.46,0.71,0.0,0.0,0.0,0.0,0.0,0.0,0.0,0.0,0.44,0.54,0.0,0.0,0.0,0.0,3.6999999999999997,2530000000.0
2025-01-13,0.0,0.97,0.0,0.0,0.58,0.0,0.0,0.0,0.46,0.71,0.0,0.0,0.0,0.0,0.41,0.0,0.0,0.0,0.44,0.54,0.0,0.0,0.0,0.0,4.109999999999999,2530000000.0
2025-01-12,0.0,1.04,0.0,0.0,0.6,0.0,0.0,0.0,0.46,0.71,0.0,0.0,0.0,0.0,0.41,0.0,0.0,0.0,0.44,0.54,0.0,0.0,0.0,0.0,4.2,2530000000.0
2025-01-11,0.0,1.04,0.0,0.0,0.6,0.0,0.0,0.0,0.46,0.71,0.0,0.0,0.0,0.0,0.41,0.0,0.0,0.0,0.44,0.54,0.0,0.0,0.0,0.0,4.2,2530000000.0
2025-01-10,0.0,1.04,0.0,0.0,0.6,0.0,0.0,0.0,0.46,0.71,0.0,0.0,0.0,0.0,0.41,0.0,0.0,0.0,0.44,0.54,0.0,0.0,0.0,0.0,4.2,2530000000.0
2025-01-09,0.0,1.04,0.0,0.0,0.59,0.0,0.0,0.0,0.46,0.71,0.0,0.0,0.0,0.0,0.41,0.0,0.0,0.0,0.54,0.54,0.0,0.0,0.0,0.0,4.29,2530000000.0
2025-01-08,0.0,1.04,0.0,0.0,0.69,0.0,0.0,0.0,0.46,0.71,0.0,0.0,0.0,0.0,0.41,0.0,0.0,0.0,0.54,0.54,0.0,0.0,0.0,0.0,4.390000000000001,2530000000.0
2025-01-07,0.0,0.96,0.0,0.0,0.69,0.0,0.0,0.0,0.5,0.71,0.0,0.0,0.0,0.0,0.41,0.0,0.0,0.0,0.54,0.54,0.0,0.0,0.0,0.0,4.35,2530000000.0
2025-01-06,0.0,0.88,0.0,0.0,0.69,0.0,0.0,0.0,0.0,0.71,0.0,0.0,0.0,0.0,0.41,0.0,0.0,0.0,0.54,0.54,0.0,0.0,0.0,0.0,3.77,2530000000.0
2025-01-05,0.0,0.99,0.0,0.0,0.69,0.0,0.0,0.0,0.0,0.71,0.0,0.0,0.0,0.0,0.51,0.0,0.0,0.0,0.54,0.54,0.0,0.0,0.0,0.0,3.9799999999999995,2530000000.0
2025-01-04,0.0,0.99,0.0,0.0,0.69,0.0,0.0,0.0,0.0,0.71,0.0,0.0,0.0,0.0,0.51,0.0,0.0,0.0,0.54,0.54,0.0,0.0,0.0,0.0,3.9799999999999995,2530000000.0
2025-01-03,0.0,0.99,0.0,0.0,0.69,0.0,0.0,0.0,0.0,0.71,0.0,0.0,0.0,0.0,0.51,0.0,0.0,0.0,0.54,0.54,0.0,0.0,0.0,0.0,3.9799999999999995,2530000000.0
2025-01-02,0.0,0.99,0.0,0.0,0.69,0.0,0.0,0.0,0.0,0.62,0.0,0.0,0.0,0.0,0.51,0.0,0.0,0.0,0.54,0.54,0.0,0.0,0.0,0.0,3.8899999999999997,2530000000.0
2025-01-01,0.0,0.99,0.0,0.0,0.78,0.0,0.0,0.0,0.0,0.62,0.0,0.0,0.0,0.0,0.51,0.0,0.0,0.0,0.54,0.54,0.0,0.0,0.0,0.0,3.9800000000000004,2530000000.0
2024-12-31,0.0,0.99,0.0,0.0,0.78,0.0,0.0,0.0,0.0,0.62,0.0,0.0,0.0,0.0,0.51,0.0,0.0,0.0,0.54,0.54,0.0,0.0,0.0,0.0,3.9800000000000004,1870000000.0
2024-12-30,0.0,0.99,0.0,0.0,0.78,0.0,0.0,0.0,0.48,0.62,0.0,0.0,0.0,0.0,0.51,0.0,0.0,0.0,0.54,0.54,0.0,0.0,0.0,0.0,4.46,1870000000.0
2024-12-29,0.0,0.99,0.0,0.0,0.78,0.0,0.0,0.0,0.48,0.62,0.0,0.0,0.0,0.0,0.51,0.0,0.0,0.0,0.54,0.54,0.0,0.0,0.0,0.0,4.46,1870000000.0
2024-12-28,0.0,0.99,0.0,0.0,0.78,0.0,0.0,0.0,0.48,0.62,0.0,0.0,0.0,0.0,0.51,0.0,0.0,0.0,0.54,0.54,0.0,0.0,0.0,0.0,4.46,1870000000.0
2024-12-27,0.0,0.99,0.0,0.0,0.78,0.0,0.0,0.0,0.48,0.62,0.0,0.0,0.0,0.0,0.51,0.0,0.0,0.0,0.54,0.54,0.0,0.0,0.0,0.0,4.46,1870000000.0
2024-12-26,0.0,1.07,0.0,0.0,0.78,0.0,0.0,0.0,0.48,0.62,0.0,0.0,0.0,0.0,0.51,0.0,0.0,0.0,0.54,0.54,0.0,0.0,0.0,0.0,4.54,1870000000.0
2024-12-25,0.0,1.07,0.0,0.0,0.78,0.0,0.0,0.0,0.48,0.62,0.0,0.0,0.0,0.0,0.51,0.0,0.0,0.0,0.54,0.54,0.0,0.0,0.0,0.0,4.54,1870000000.0
2024-12-24,0.0,1.07,0.0,0.0,0.78,0.0,0.0,0.0,0.48,0.62,0.0,0.0,0.0,0.0,0.51,0.0,0.0,0.0,0.54,0.54,0.0,0.0,0.0,0.0,4.54,1870000000.0
2024-12-23,0.0,1.07,0.0,0.0,0.78,0.0,0.0,0.0,0.48,0.62,0.0,0.0,0.0,0.0,0.51,0.0,0.0,0.0,0.54,0.54,0.0,0.0,0.0,0.0,4.54,1870000000.0
2024-12-22,0.0,1.07,0.0,0.0,0.78,0.0,0.0,0.0,0.51,0.62,0.0,0.0,0.0,0.0,0.51,0.0,0.0,0.0,0.54,0.54,0.0,0.0,0.0,0.0,4.57,1870000000.0
2024-12-21,0.0,1.07,0.0,0.0,0.78,0.0,0.0,0.0,0.51,0.62,0.0,0.0,0.0,0.0,0.51,0.0,0.0,0.0,0.54,0.54,0.0,0.0,0.0,0.0,4.57,1870000000.0
2024-12-20,0.0,1.07,0.0,0.0,0.78,0.0,0.0,0.0,0.51,0.62,0.0,0.0,0.0,0.0,0.51,0.0,0.0,0.0,0.54,0.54,0.0,0.0,0.0,0.0,4.57,1870000000.0
2024-12-19,0.0,1.07,0.0,0.0,0.78,0.0,0.0,0.0,0.51,0.62,0.0,0.0,0.0,0.0,0.51,0.0,0.0,0.0,0.54,0.54,0.0,0.0,0.0,0.0,4.57,1870000000.0
2024-12-18,0.0,1.07,0.0,0.0,0.78,0.0,0.0,0.0,0.0,0.62,0.0,0.0,0.0,0.0,0.51,0.0,0.0,0.0,0.54,0.54,0.0,0.0,0.0,0.0,4.0600000000000005,1870000000.0
2024-12-17,0.0,1.07,0.0,0.0,0.78,0.0,0.0,0.0,0.0,0.62,0.0,0.0,0.0,0.0,0.51,0.0,0.0,0.0,0.54,0.54,0.0,0.0,0.0,0.0,4.0600000000000005,1870000000.0
2024-12-16,0.0,1.07,0.0,0.0,0.8,0.0,0.0,0.0,0.0,0.62,0.0,0.0,0.0,0.0,0.51,0.0,0.0,0.0,0.54,0.54,0.0,0.0,0.0,0.0,4.08,1870000000.0
2024-12-15,0.0,1.07,0.0,0.0,0.8,0.0,0.0,0.0,0.0,0.62,0.0,0.0,0.0,0.0,0.48,0.0,0.0,0.0,0.54,0.54,0.0,0.0,0.0,0.0,4.050000000000001,1870000000.0
2024-12-14,0.0,1.07,0.0,0.0,0.8,0.0,0.0,0.0,0.0,0.62,0.0,0.0,0.0,0.0,0.48,0.0,0.0,0.0,0.54,0.54,0.0,0.0,0.0,0.0,4.050000000000001,1870000000.0
2024-12-13,0.0,1.07,0.0,0.16,0.8,0.0,0.0,0.0,0.0,0.62,0.0,0.0,0.0,0.0,0.48,0.0,0.0,0.0,0.54,0.54,0.0,0.0,0.0,0.0,4.210000000000001,1870000000.0
2024-12-12,0.0,1.07,0.0,0.16,0.7,0.0,0.0,0.0,0.0,0.62,0.0,0.0,0.0,0.0,0.56,0.71,0.0,0.0,0.54,0.54,0.0,0.0,0.0,0.0,4.8999999999999995,1870000000.0
2024-12-11,0.0,1.07,0.0,0.16,0.7,0.0,0.0,0.0,0.0,0.62,0.0,0.0,0.0,0.0,0.56,0.71,0.0,0.0,0.54,0.54,0.0,0.0,0.0,0.0,4.8999999999999995,1870000000.0
2024-12-10,0.0,1.07,0.0,0.16,0.7,0.0,0.0,0.0,0.0,0.62,0.0,0.0,0.0,0.0,0.56,0.71,0.0,0.0,0.54,0.54,0.0,0.0,0.0,0.0,4.8999999999999995,1870000000.0
2024-12-09,0.0,1.07,0.0,0.16,0.7,0.0,0.0,0.0,0.0,0.62,0.0,0.0,0.0,0.0,0.56,0.71,0.0,0.0,0.54,0.54,0.0,0.0,0.0,0.0,4.8999999999999995,1870000000.0
2024-12-08,0.0,1.2,0.0,0.16,0.7,0.0,0.0,0.0,0.0,0.62,0.0,0.0,0.0,0.0,0.56,0.71,0.0,0.0,0.54,0.54,0.0,0.0,0.0,0.0,5.03,1870000000.0
2024-12-07,0.0,1.2,0.0,0.16,0.7,0.0,0.0,0.0,0.0,0.62,0.0,0.0,0.0,0.0,0.56,0.71,0.0,0.0,0.54,0.54,0.0,0.0,0.0,0.0,5.03,1870000000.0
2024-12-06,0.0,1.2,0.0,0.16,0.7,0.0,0.0,0.0,0.0,0.62,0.0,0.0,0.0,0.0,0.56,0.71,0.0,0.0,0.54,0.54,0.0,0.0,0.0,0.0,5.03,1870000000.0
2024-12-05,0.0,1.39,0.0,2.27,0.7,0.0,0.0,0.0,0.0,0.62,0.0,0.0,0.0,0.0,0.56,0.71,0.0,0.0,0.54,0.54,0.0,0.0,0.0,0.0,7.330000000000001,1870000000.0
2024-12-04,0.0,1.39,0.0,2.27,0.7,0.0,0.0,0.0,0.0,0.62,0.0,0.0,0.0,0.0,0.56,0.71,0.0,0.0,0.54,0.54,0.0,0.0,0.0,0.0,7.330000000000001,1870000000.0
2024-12-03,0.0,1.39,0.0,2.27,0.67,0.0,0.0,0.0,0.0,0.62,0.0,0.0,0.0,0.0,0.56,0.71,0.0,0.0,0.54,0.54,0.0,0.0,0.0,0.0,7.3,1870000000.0
2024-12-02,0.0,1.44,0.0,2.32,0.67,0.0,0.0,0.0,0.0,0.62,0.0,0.0,0.0,0.0,0.56,0.71,0.0,0.0,0.54,0.54,0.48,0.0,0.0,0.0,7.879999999999999,1870000000.0
2024-12-01,0.0,1.58,0.0,2.2,0.67,0.0,0.0,0.0,0.0,0.62,0.0,0.0,0.0,0.0,0.6,0.71,0.0,0.0,0.54,0.54,0.48,0.0,0.0,0.0,7.9399999999999995,1870000000.0
2024-11-30,0.0,1.58,0.0,2.2,0.67,0.0,0.0,0.0,0.0,0.62,0.0,0.0,0.0,0.0,0.6,0.71,0.0,0.0,0.54,0.54,0.48,0.0,0.0,0.0,7.9399999999999995,1870000000.0
2024-11-29,0.0,1.58,0.0,2.2,0.67,0.0,0.0,0.0,0.0,0.62,0.0,0.0,0.0,0.0,0.6,0.71,0.0,0.0,0.54,0.54,0.48,0.0,0.0,0.0,7.9399999999999995,1870000000.0
2024-11-28,0.0,1.58,0.0,2.19,0.67,0.0,0.0,0.0,0.0,0.62,0.0,0.0,0.0,0.0,0.6,0.71,0.0,0.0,0.54,0.54,0.48,0.0,0.0,0.0,7.93,1870000000.0
2024-11-27,0.0,1.58,0.0,2.19,0.67,0.0,0.0,0.0,0.0,0.62,0.0,0.0,0.0,0.0,0.54,0.71,0.0,0.0,0.54,0.54,0.48,0.0,0.0,0.0,7.870000000000001,1870000000.0
2024-11-26,0.0,1.58,0.0,2.29,0.67,0.0,0.0,0.0,0.0,0.62,0.0,0.0,0.0,0.0,0.54,0.71,0.0,0.0,0.54,0.54,0.48,0.0,0.0,0.0,7.970000000000001,1870000000.0
2024-11-25,0.0,1.58,0.0,2.29,0.67,0.0,0.0,0.0,0.0,0.62,0.0,0.0,0.0,0.0,0.54,0.71,0.0,0.0,0.54,0.54,0.48,0.0,0.0,0.0,7.970000000000001,1870000000.0
2024-11-24,0.0,1.58,0.0,2.29,0.67,0.0,0.0,0.0,0.0,0.62,0.0,0.0,0.0,0.0,0.54,0.71,0.0,0.0,0.54,0.54,0.51,0.0,0.0,0.0,8.0,1870000000.0
2024-11-23,0.0,1.58,0.0,2.29,0.67,0.0,0.0,0.0,0.0,0.62,0.0,0.0,0.0,0.0,0.54,0.71,0.0,0.0,0.54,0.54,0.51,0.0,0.0,0.0,8.0,1870000000.0
2024-11-22,0.0,1.58,0.0,2.29,0.67,0.0,0.0,0.0,0.44,0.62,0.0,0.0,0.0,0.0,0.54,0.71,0.0,0.0,0.54,0.54,0.51,0.0,0.0,0.0,8.440000000000001,1870000000.0
2024-11-21,0.0,1.58,0.0,2.29,0.67,0.0,0.0,0.0,0.44,0.62,0.0,0.0,0.0,0.0,0.54,0.71,0.0,0.0,0.54,0.54,0.51,0.0,0.0,0.0,8.440000000000001,1870000000.0
2024-11-20,0.0,1.58,0.0,2.29,0.67,0.0,0.0,0.0,0.44,0.62,0.0,0.0,0.0,0.0,0.54,0.71,0.0,0.0,0.54,0.54,0.51,0.0,0.0,0.0,8.440000000000001,1870000000.0
2024-11-19,0.0,1.58,0.24,2.29,0.67,0.0,0.0,0.0,0.44,0.62,0.0,0.0,0.0,0.0,0.54,0.71,0.0,0.0,0.54,0.54,0.51,0.0,0.0,0.0,8.680000000000001,1870000000.0
2024-11-18,0.0,1.58,0.24,2.29,0.67,0.0,0.0,0.0,0.44,0.62,0.0,0.0,0.0,0.0,0.54,0.71,0.0,0.0,0.54,0.54,0.51,0.0,0.0,0.0,8.680000000000001,1870000000.0
2024-11-17,0.0,1.58,0.24,2.29,0.67,0.0,0.0,0.0,0.44,0.62,0.0,0.0,0.0,0.0,0.54,0.71,0.0,0.0,0.54,0.54,0.51,0.0,0.0,0.0,8.680000000000001,1870000000.0
2024-11-16,0.0,1.58,0.24,2.29,0.67,0.0,0.0,0.0,0.44,0.62,0.0,0.0,0.0,0.0,0.54,0.71,0.0,0.0,0.54,0.54,0.51,0.0,0.0,0.0,8.680000000000001,1870000000.0
2024-11-15,0.0,1.58,0.24,2.29,0.67,0.0,0.0,0.0,0.44,0.62,0.0,0.0,0.0,0.0,0.54,0.71,0.0,0.0,0.54,0.54,0.51,0.0,0.0,0.0,8.680000000000001,1870000000.0
2024-11-14,0.0,1.58,0.24,2.29,0.71,0.0,0.0,0.0,0.52,0.62,0.0,0.0,0.0,0.0,0.54,0.71,0.0,0.0,0.54,0.54,0.0,0.0,0.0,0.0,8.29,1870000000.0
2024-11-13,0.0,1.58,0.24,2.3,0.71,0.0,0.0,0.0,0.52,0.62,0.0,0.0,0.0,0.0,0.54,0.71,0.0,0.0,0.54,0.54,0.0,0.0,0.0,0.0,8.3,1870000000.0
2024-11-12,0.0,1.47,0.24,2.25,0.68,0.0,0.0,0.0,0.0,0.62,0.0,0.0,0.0,0.0,0.54,0.71,0.0,0.0,0.54,0.54,0.0,0.0,0.0,0.0,7.59,1870000000.0
2024-11-11,0.0,1.34,0.54,2.25,0.68,0.0,0.0,0.0,0.49,0.62,0.0,0.0,0.0,0.0,0.54,0.71,0.0,0.0,0.54,0.54,0.0,0.0,0.0,0.0,8.25,1870000000.0
2024-11-10,0.0,1.29,0.62,2.25,0.68,0.0,0.0,0.0,0.49,0.62,0.0,0.0,0.0,0.0,0.54,0.71,0.0,0.0,0.54,0.54,0.0,0.0,0.0,0.0,8.280000000000001,1870000000.0
2024-11-09,0.0,1.29,0.62,2.25,0.68,0.0,0.0,0.0,0.49,0.62,0.0,0.0,0.0,0.0,0.54,0.71,0.0,0.0,0.54,0.54,0.0,0.0,0.0,0.0,8.280000000000001,1870000000.0
2024-11-08,0.0,1.29,0.62,2.25,0.68,0.0,0.0,0.0,0.49,0.62,0.0,0.0,0.0,0.0,0.54,0.71,0.0,0.0,0.54,0.54,0.0,0.0,0.0,0.0,8.280000000000001,1870000000.0
2024-11-07,0.0,1.3,0.59,2.19,0.68,0.0,0.0,0.0,0.49,0.62,0.0,0.0,0.0,0.0,0.47,0.71,0.0,0.0,0.54,0.54,0.0,0.0,0.0,0.0,8.129999999999999,1870000000.0
2024-11-06,0.0,1.3,0.59,2.21,0.73,0.0,0.0,0.0,0.49,0.62,0.0,0.0,0.0,0.0,0.47,0.71,0.0,0.0,0.61,0.54,0.0,0.0,0.0,0.0,8.27,1870000000.0
2024-11-05,0.0,1.3,0.59,2.21,0.63,0.0,0.0,0.0,0.49,0.62,0.0,0.0,0.0,0.0,0.47,0.71,0.0,0.0,0.61,0.54,0.0,0.0,0.0,0.0,8.17,1870000000.0
2024-11-04,0.0,1.3,0.59,2.18,0.63,0.0,0.0,0.0,0.49,0.62,0.0,0.0,0.0,0.0,0.47,0.71,0.0,0.0,0.58,0.54,0.0,0.0,0.0,0.0,8.11,1870000000.0
2024-11-03,0.0,1.57,0.59,2.18,0.58,0.0,0.0,0.0,0.59,0.62,0.0,0.0,0.0,0.0,0.61,0.71,0.0,0.0,0.68,0.54,0.0,0.0,0.0,0.0,8.670000000000002,1870000000.0
2024-11-02,0.0,1.57,0.59,2.18,0.58,0.0,0.0,0.0,0.59,0.62,0.0,0.0,0.0,0.0,0.61,0.71,0.0,0.0,0.68,0.54,0.0,0.0,0.0,0.0,8.670000000000002,1870000000.0
2024-11-01,0.0,1.57,0.59,2.18,0.58,0.0,0.0,0.0,0.59,0.62,0.0,0.0,0.0,0.0,0.61,0.71,0.0,0.0,0.68,0.54,0.0,0.0,0.0,0.0,8.670000000000002,1870000000.0
2024-10-31,0.0,1.57,0.59,2.18,0.58,0.0,0.0,0.0,0.59,0.62,0.0,0.0,0.0,0.0,0.61,0.71,0.0,0.0,0.68,0.54,0.0,0.0,0.0,0.0,8.670000000000002,1870000000.0
2024-10-30,0.0,1.57,0.59,2.18,0.58,0.0,0.0,0.0,0.59,0.62,0.0,0.0,0.0,0.0,0.61,0.71,0.0,0.0,0.68,0.54,0.0,0.0,0.0,0.0,8.670000000000002,1870000000.0
2024-10-29,0.0,1.57,0.59,2.18,0.58,0.0,0.0,0.0,0.59,0.62,0.0,0.0,0.0,0.0,0.61,0.71,0.0,0.0,0.68,0.54,0.0,0.0,0.0,0.0,8.670000000000002,1870000000.0
2024-10-28,0.0,1.57,0.59,2.18,0.58,0.0,0.0,0.0,0.68,0.62,0.0,0.0,0.0,0.0,0.61,0.71,0.0,0.0,0.68,0.54,0.0,0.0,0.0,0.0,8.760000000000002,1870000000.0
2024-10-27,0.0,1.57,0.59,2.18,0.6,0.0,0.0,0.0,0.68,0.62,0.0,0.0,0.0,0.0,0.61,0.71,0.0,0.0,0.68,0.54,0.0,0.0,0.0,0.0,8.780000000000001,1870000000.0
2024-10-26,0.0,1.57,0.59,2.18,0.6,0.0,0.0,0.0,0.68,0.62,0.0,0.0,0.0,0.0,0.61,0.71,0.0,0.0,0.68,0.54,0.0,0.0,0.0,0.0,8.780000000000001,1870000000.0
2024-10-25,0.0,1.57,0.59,2.18,0.6,0.0,0.0,0.0,0.68,0.62,0.0,0.0,0.0,0.0,0.61,0.71,0.0,0.0,0.68,0.54,0.0,0.0,0.0,0.0,8.780000000000001,1870000000.0
2024-10-24,0.0,1.57,0.59,2.18,0.57,0.0,0.0,0.0,0.78,0.62,0.0,0.0,0.0,0.0,0.61,0.71,0.0,0.0,0.68,0.54,0.0,0.0,0.0,0.0,8.850000000000001,1870000000.0
2024-10-23,0.0,1.57,0.59,2.18,0.57,0.0,0.0,0.0,0.78,0.62,0.0,0.0,0.0,0.0,0.57,0.71,0.0,0.0,0.68,0.54,0.0,0.0,0.0,0.0,8.810000000000002,1870000000.0
2024-10-22,0.0,1.57,0.59,2.18,0.57,0.0,0.0,0.0,0.78,0.62,0.0,0.0,0.0,0.0,0.57,0.71,0.0,0.0,0.68,0.54,0.0,0.0,0.0,0.0,8.810000000000002,1870000000.0
2024-10-21,0.0,1.61,0.59,2.18,0.57,0.0,0.0,0.0,0.78,0.62,0.0,0.0,0.0,0.0,0.57,0.71,0.0,0.0,0.68,0.54,0.0,0.0,0.0,0.0,8.850000000000001,1870000000.0
2024-10-20,0.0,1.7,0.59,2.18,0.57,0.0,0.0,0.0,0.78,0.62,0.0,0.0,0.0,0.0,0.57,0.71,0.0,0.0,0.68,0.54,0.0,0.0,0.0,0.0,8.940000000000001,1870000000.0
2024-10-19,0.0,1.7,0.59,2.18,0.57,0.0,0.0,0.0,0.78,0.62,0.0,0.0,0.0,0.0,0.57,0.71,0.0,0.0,0.68,0.54,0.0,0.0,0.0,0.0,8.940000000000001,1870000000.0
2024-10-18,0.0,1.7,0.59,2.18,0.57,0.0,0.0,0.0,0.78,0.62,0.0,0.0,0.0,0.0,0.57,0.71,0.0,0.0,0.68,0.54,0.0,0.0,0.0,0.0,8.940000000000001,1870000000.0
2024-10-17,0.0,1.7,0.91,2.18,0.57,0.0,0.0,0.0,0.78,0.62,0.0,0.0,0.0,0.0,0.57,0.71,0.0,0.0,0.68,0.54,0.0,0.0,0.0,0.0,9.260000000000002,1870000000.0
2024-10-16,0.0,1.7,0.91,2.18,0.57,0.0,0.0,0.0,0.89,0.62,0.0,0.0,0.0,0.0,0.57,0.71,0.0,0.0,0.68,0.54,0.0,0.0,0.0,0.0,9.370000000000001,1870000000.0
2024-10-15,0.0,1.7,0.91,2.18,0.57,0.0,0.0,0.0,0.89,0.62,0.0,0.0,0.0,0.0,0.57,0.71,0.0,0.0,0.68,0.54,0.0,0.0,0.0,0.0,9.370000000000001,1870000000.0
2024-10-14,0.0,1.7,0.91,2.18,0.57,0.0,0.0,0.0,0.89,0.62,0.0,0.0,0.0,0.0,0.57,0.71,0.0,0.0,0.72,0.54,0.0,0.0,0.0,0.0,9.41,1870000000.0
2024-10-13,0.0,1.7,0.91,2.18,0.57,0.0,0.0,0.0,0.89,0.62,0.0,0.0,0.0,0.0,0.57,0.71,0.0,0.0,0.72,0.54,0.0,0.0,0.0,0.0,9.41,1870000000.0
2024-10-12,0.0,1.7,0.91,2.18,0.57,0.0,0.0,0.0,0.89,0.62,0.0,0.0,0.0,0.0,0.57,0.71,0.0,0.0,0.72,0.54,0.0,0.0,0.0,0.0,9.41,1870000000.0
2024-10-11,0.0,1.7,0.91,2.18,0.57,0.0,0.0,0.0,0.89,0.62,0.0,0.0,0.0,0.0,0.57,0.71,0.0,0.0,0.72,0.54,0.0,0.0,0.0,0.0,9.41,1870000000.0
2024-10-10,0.0,1.7,0.86,2.18,0.57,0.0,0.0,0.0,0.89,0.62,0.0,0.0,0.0,0.0,0.57,0.71,0.0,0.0,0.72,0.0,0.0,0.0,0.0,0.0,8.820000000000002,1870000000.0
2024-10-09,0.0,1.64,0.72,2.18,0.57,0.0,0.0,0.0,0.89,0.62,0.46,0.0,0.0,0.0,0.57,0.71,0.0,0.0,0.72,0.0,0.0,0.0,0.0,0.0,9.08,1870000000.0
2024-10-08,0.0,1.64,0.72,2.18,0.57,0.0,0.0,0.0,0.89,0.62,0.46,0.0,0.0,0.0,0.57,0.71,0.0,0.0,0.72,0.0,0.0,0.0,0.0,0.0,9.08,1870000000.0
2024-10-07,0.0,1.64,0.72,2.18,0.57,0.0,0.0,0.0,0.99,0.62,0.46,0.0,0.0,0.0,0.57,0.71,0.0,0.0,0.72,0.0,0.0,0.0,0.0,0.0,9.180000000000001,1870000000.0
2024-10-06,0.0,1.64,0.72,2.18,0.57,0.0,0.0,0.0,1.09,0.62,0.46,0.0,0.0,0.0,0.57,0.71,0.0,0.0,0.72,0.0,0.0,0.0,0.0,0.0,9.280000000000001,1870000000.0
2024-10-05,0.0,1.64,0.72,2.18,0.57,0.0,0.0,0.0,1.09,0.62,0.46,0.0,0.0,0.0,0.57,0.71,0.0,0.0,0.72,0.0,0.0,0.0,0.0,0.0,9.280000000000001,1870000000.0
2024-10-04,0.0,1.64,0.72,2.18,0.57,0.0,0.0,0.0,1.09,0.62,0.46,0.0,0.0,0.0,0.57,0.71,0.0,0.0,0.72,0.0,0.0,0.0,0.0,0.0,9.280000000000001,1870000000.0
2024-10-03,0.0,1.52,0.72,2.18,0.57,0.0,0.0,0.0,1.09,0.62,0.46,0.0,0.0,0.0,0.57,0.71,0.0,0.0,0.67,0.0,0.0,0.0,0.0,0.0,9.110000000000001,1870000000.0
2024-10-02,0.0,1.52,0.72,2.18,0.57,0.0,0.0,0.0,1.09,0.62,0.46,0.0,0.0,0.0,0.57,0.71,0.0,0.0,0.67,0.0,0.0,0.0,0.0,0.0,9.110000000000001,1870000000.0
2024-10-01,0.0,1.52,0.72,2.18,0.57,0.0,0.0,0.0,1.09,0.62,0.5,0.0,0.0,0.0,0.57,0.71,0.0,0.0,0.67,0.0,0.0,0.0,0.0,0.0,9.15,1870000000.0
2024-09-30,0.0,1.4,0.66,2.18,0.57,0.0,0.0,0.0,1.09,0.62,0.48,0.0,0.0,0.0,0.57,0.71,0.0,0.0,0.67,0.0,0.0,0.0,0.0,0.0,8.950000000000001,2060000000.0
2024-09-29,0.0,1.12,0.66,2.18,0.57,0.0,0.0,0.0,1.15,0.62,0.48,0.0,0.0,0.0,0.57,0.71,0.0,0.0,0.67,0.0,0.0,0.0,0.0,0.0,8.729999999999999,2060000000.0
2024-09-28,0.0,1.12,0.66,2.18,0.57,0.0,0.0,0.0,1.15,0.62,0.48,0.0,0.0,0.0,0.57,0.71,0.0,0.0,0.67,0.0,0.0,0.0,0.0,0.0,8.729999999999999,2060000000.0
2024-09-27,0.0,1.12,0.66,2.18,0.57,0.0,0.0,0.0,1.15,0.62,0.48,0.0,0.0,0.0,0.57,0.71,0.0,0.0,0.67,0.0,0.0,0.0,0.0,0.0,8.729999999999999,2060000000.0
2024-09-26,0.0,1.12,0.66,2.18,0.57,0.0,0.0,0.0,1.29,0.62,0.48,0.0,0.0,0.0,0.69,0.71,0.0,0.0,0.67,0.0,0.0,0.0,0.0,0.0,8.99,2060000000.0
2024-09-25,0.0,1.0,0.66,2.18,0.57,0.0,0.0,0.0,1.29,0.62,0.7,0.0,0.0,0.0,0.69,0.71,0.0,0.0,0.67,0.0,0.0,0.0,0.0,0.0,9.090000000000002,2060000000.0
2024-09-24,0.0,1.0,0.66,2.18,0.57,0.0,0.0,0.0,1.29,0.62,0.7,0.0,0.0,0.0,0.69,0.71,0.0,0.0,0.67,0.0,0.0,0.0,0.0,0.0,9.090000000000002,2060000000.0
2024-09-23,0.0,1.0,0.66,2.2,0.6,0.0,0.0,0.0,1.29,0.62,0.69,0.0,0.0,0.0,0.69,0.71,0.0,0.0,0.67,0.0,0.0,0.0,0.0,0.0,9.13,2060000000.0
2024-09-22,0.0,0.92,0.66,2.2,0.6,0.0,0.0,0.0,1.29,0.62,0.69,0.0,0.0,0.0,0.69,0.71,0.0,0.0,0.67,0.0,0.0,0.0,0.0,0.0,9.049999999999999,2060000000.0
2024-09-21,0.0,0.92,0.66,2.2,0.6,0.0,0.0,0.0,1.29,0.62,0.69,0.0,0.0,0.0,0.69,0.71,0.0,0.0,0.67,0.0,0.0,0.0,0.0,0.0,9.049999999999999,2060000000.0
2024-09-20,0.0,0.92,0.66,2.2,0.6,0.0,0.0,0.0,1.29,0.62,0.69,0.0,0.0,0.0,0.69,0.71,0.0,0.0,0.67,0.0,0.0,0.0,0.0,0.0,9.049999999999999,2060000000.0
2024-09-19,0.0,0.88,0.66,2.2,0.59,0.0,0.0,0.0,1.29,0.62,0.69,0.0,0.0,0.0,0.69,0.71,0.0,0.0,0.67,0.0,0.0,0.0,0.0,0.0,8.999999999999998,2060000000.0
2024-09-18,0.0,0.96,0.66,2.2,0.59,0.0,0.0,0.0,1.39,0.62,0.69,0.0,0.0,0.0,0.69,0.71,0.0,0.0,0.67,0.0,0.0,0.0,0.0,0.0,9.179999999999998,2060000000.0
2024-09-17,0.0,0.96,0.66,2.2,0.59,0.0,0.0,0.0,1.39,0.62,0.69,0.0,0.0,0.0,0.78,0.71,0.0,0.0,0.67,0.0,0.0,0.0,0.0,0.0,9.27,2060000000.0
2024-09-16,0.0,0.96,0.66,2.1,0.59,0.0,0.0,0.0,1.39,0.62,0.69,0.0,0.0,0.0,0.78,0.71,0.0,0.0,0.67,0.0,0.0,0.0,0.0,0.0,9.17,2060000000.0
2024-09-15,0.0,1.09,0.66,2.1,0.59,0.0,0.0,0.0,1.39,0.62,0.69,0.0,0.0,0.0,0.78,0.71,0.0,0.0,0.0,0.0,0.0,0.0,0.0,0.0,8.63,2060000000.0
2024-09-14,0.0,1.09,0.66,2.1,0.59,0.0,0.0,0.0,1.39,0.62,0.69,0.0,0.0,0.0,0.78,0.71,0.0,0.0,0.0,0.0,0.0,0.0,0.0,0.0,8.63,2060000000.0
2024-09-13,0.0,1.09,0.66,2.1,0.59,0.0,0.0,0.0,1.39,0.62,0.69,0.0,0.0,0.0,0.78,0.71,0.0,0.0,0.0,0.0,0.0,0.0,0.0,0.0,8.63,2060000000.0
2024-09-12,0.0,1.09,0.66,2.1,0.59,0.0,0.0,0.0,1.39,0.62,0.69,0.0,0.0,0.0,0.78,0.71,0.0,0.0,0.0,0.0,0.0,0.0,0.0,0.0,8.63,2060000000.0
2024-09-11,0.0,1.09,0.66,2.1,0.59,0.0,0.0,0.0,1.39,0.62,0.69,0.0,0.0,0.0,0.78,0.71,0.0,0.0,0.0,0.0,0.0,0.0,0.0,0.0,8.63,2060000000.0
2024-09-10,0.0,1.09,0.66,2.1,0.59,0.0,0.0,0.0,1.39,0.62,0.69,0.0,0.0,0.0,0.81,0.71,0.0,0.0,0.0,0.0,0.0,0.0,0.0,0.0,8.66,2060000000.0
2024-09-09,0.0,1.09,0.66,2.1,0.59,0.0,0.0,0.0,1.48,0.62,0.73,0.0,0.0,0.0,0.7,0.71,0.0,0.0,0.0,0.0,0.0,0.0,0.0,0.0,8.68,2060000000.0
2024-09-08,0.0,1.09,0.66,2.1,0.59,0.0,0.0,0.0,1.48,0.62,0.73,0.0,0.0,0.0,0.7,0.71,0.0,0.0,0.0,0.0,0.0,0.0,0.0,0.0,8.68,2060000000.0
2024-09-07,0.0,1.09,0.66,2.1,0.59,0.0,0.0,0.0,1.48,0.62,0.73,0.0,0.0,0.0,0.7,0.71,0.0,0.0,0.0,0.0,0.0,0.0,0.0,0.0,8.68,2060000000.0
2024-09-06,0.0,1.09,0.66,2.1,0.59,0.0,0.0,0.0,1.48,0.62,0.73,0.0,0.0,0.0,0.7,0.71,0.0,0.0,0.0,0.0,0.0,0.0,0.0,0.0,8.68,2060000000.0
2024-09-05,0.0,1.09,0.66,2.1,0.59,0.0,0.0,0.0,1.48,0.62,0.73,0.0,0.0,0.0,0.7,0.71,0.0,0.0,0.0,0.0,0.0,0.0,0.0,0.0,8.68,2060000000.0
2024-09-04,0.0,1.1,0.66,2.1,0.59,0.0,0.0,0.0,1.48,0.62,0.73,0.0,0.0,0.0,0.7,0.71,0.0,0.0,0.0,0.0,0.0,0.0,0.0,0.0,8.69,2060000000.0
2024-09-03,0.0,1.0,0.66,2.1,0.68,0.0,0.0,0.0,1.48,0.57,0.73,0.0,0.0,0.0,0.7,0.71,0.0,0.0,0.0,0.0,0.0,0.0,0.0,0.0,8.63,2060000000.0
2024-09-02,0.0,1.0,0.66,2.1,0.68,0.0,0.0,0.0,1.56,0.57,0.73,0.0,0.0,0.0,0.7,0.71,0.0,0.0,0.0,0.0,0.0,0.0,0.0,0.0,8.71,2060000000.0
2024-09-01,0.0,1.0,0.66,2.1,0.68,0.0,0.0,0.0,1.56,0.57,0.73,0.0,0.0,0.0,0.61,0.71,0.0,0.0,0.0,0.0,0.0,0.0,0.0,0.0,8.620000000000001,2060000000.0
2024-08-31,0.0,1.0,0.66,2.1,0.68,0.0,0.0,0.0,1.56,0.57,0.73,0.0,0.0,0.0,0.61,0.71,0.0,0.0,0.0,0.0,0.0,0.0,0.0,0.0,8.620000000000001,2060000000.0
2024-08-30,0.0,1.0,0.66,2.1,0.68,0.0,0.0,0.0,1.56,0.57,0.73,0.0,0.0,0.0,0.61,0.71,0.0,0.0,0.0,0.0,0.0,0.0,0.0,0.0,8.620000000000001,2060000000.0
2024-08-29,0.0,1.0,0.66,2.1,0.68,0.0,0.0,0.0,1.56,0.57,0.73,0.0,0.0,0.0,0.61,0.71,0.0,0.0,0.0,0.0,0.0,0.0,0.0,0.0,8.620000000000001,2060000000.0
2024-08-28,0.0,1.0,0.66,2.1,0.68,0.0,0.0,0.0,1.56,0.57,0.73,0.0,0.0,0.0,0.61,0.71,0.0,0.44,0.0,0.0,0.0,0.0,0.0,0.0,9.06,2060000000.0
2024-08-27,0.0,1.0,0.66,2.09,0.79,0.0,0.0,0.0,1.56,0.57,0.66,0.0,0.0,0.0,0.61,0.71,0.0,0.44,0.0,0.0,0.0,0.0,0.0,0.0,9.09,2060000000.0
2024-08-26,0.0,0.97,0.66,2.19,0.79,0.0,0.0,0.0,1.56,0.57,0.47,0.0,0.0,0.0,0.61,0.71,0.0,0.44,0.0,0.0,0.0,0.0,0.0,0.0,8.97,2060000000.0
2024-08-25,0.0,0.97,0.66,2.19,0.79,0.0,0.0,0.0,1.56,0.57,0.47,0.0,0.0,0.0,0.61,0.71,0.0,0.44,0.0,0.0,0.0,0.0,0.0,0.0,8.97,2060000000.0
2024-08-24,0.0,0.97,0.66,2.19,0.79,0.0,0.0,0.0,1.56,0.57,0.47,0.0,0.0,0.0,0.61,0.71,0.0,0.44,0.0,0.0,0.0,0.0,0.0,0.0,8.97,2060000000.0
2024-08-23,0.0,0.97,0.66,2.19,0.79,0.0,0.0,0.0,1.56,0.57,0.47,0.0,0.0,0.0,0.61,0.71,0.0,0.44,0.0,0.0,0.0,0.0,0.0,0.0,8.97,2060000000.0
2024-08-22,0.0,0.97,0.66,2.19,0.79,0.0,0.0,0.0,1.56,0.57,0.52,0.0,0.0,0.0,0.61,0.71,0.0,0.44,0.0,0.0,0.0,0.0,0.0,0.0,9.02,2060000000.0
2024-08-21,0.0,0.97,0.66,2.19,0.79,0.0,0.0,0.0,1.56,0.57,0.52,0.0,0.0,0.0,0.61,0.71,0.0,0.44,0.0,0.0,0.0,0.0,0.0,0.0,9.02,2060000000.0
2024-08-20,0.0,1.09,0.66,2.19,0.83,0.0,0.0,0.0,1.56,0.57,0.52,0.0,0.0,0.0,0.61,0.71,0.0,0.55,0.0,0.0,0.0,0.0,0.0,0.0,9.29,2060000000.0
2024-08-19,0.0,1.09,0.66,2.19,0.83,0.0,0.0,0.0,1.56,0.57,0.52,0.0,0.0,0.0,0.61,0.71,0.0,0.0,0.0,0.0,0.0,0.0,0.0,0.0,8.739999999999998,2060000000.0
2024-08-18,0.0,1.09,0.66,2.19,0.83,0.0,0.0,0.0,1.56,0.57,0.0,0.0,0.0,0.0,0.61,0.71,0.0,0.0,0.0,0.0,0.0,0.0,0.0,0.0,8.22,2060000000.0
2024-08-17,0.0,1.09,0.66,2.19,0.83,0.0,0.0,0.0,1.56,0.57,0.0,0.0,0.0,0.0,0.61,0.71,0.0,0.0,0.0,0.0,0.0,0.0,0.0,0.0,8.22,2060000000.0
2024-08-16,0.0,1.09,0.66,2.19,0.83,0.0,0.0,0.0,1.56,0.57,0.0,0.0,0.0,0.0,0.61,0.71,0.0,0.0,0.0,0.0,0.0,0.0,0.0,0.0,8.22,2060000000.0
2024-08-15,0.0,1.17,0.66,2.19,0.83,0.0,0.0,0.0,1.56,0.57,0.0,0.0,0.0,0.0,0.61,0.71,0.0,0.0,0.0,0.0,0.0,0.0,0.0,0.0,8.3,2060000000.0
2024-08-14,0.0,1.17,0.52,2.19,0.83,0.0,0.0,0.0,1.61,0.57,0.0,0.0,0.0,0.0,0.59,0.71,0.0,0.0,0.0,0.0,0.0,0.0,0.0,0.0,8.190000000000001,2060000000.0
2024-08-13,0.0,1.17,0.52,2.19,0.77,0.0,0.0,0.0,1.61,0.57,0.0,0.0,0.0,0.0,0.59,0.71,0.0,0.0,0.0,0.0,0.0,0.0,0.0,0.0,8.13,2060000000.0
2024-08-12,0.0,1.03,0.52,2.19,0.87,0.0,0.0,0.0,1.61,0.57,0.0,0.0,0.0,0.0,0.59,0.71,0.0,0.0,0.0,0.0,0.0,0.0,0.0,0.0,8.09,2060000000.0
2024-08-11,0.0,1.03,0.52,2.19,0.87,0.0,0.0,0.0,1.56,0.57,0.0,0.0,0.0,0.0,0.59,0.67,0.0,0.0,0.0,0.0,0.0,0.0,0.0,0.0,8.0,2060000000.0
2024-08-10,0.0,1.03,0.52,2.19,0.87,0.0,0.0,0.0,1.56,0.57,0.0,0.0,0.0,0.0,0.59,0.67,0.0,0.0,0.0,0.0,0.0,0.0,0.0,0.0,8.0,2060000000.0
2024-08-09,0.0,1.03,0.52,2.19,0.87,0.0,0.0,0.0,1.56,0.57,0.0,0.0,0.0,0.0,0.59,0.67,0.0,0.0,0.0,0.0,0.0,0.0,0.0,0.0,8.0,2060000000.0
2024-08-08,0.0,1.03,0.0,2.19,0.87,0.0,0.0,0.0,1.56,0.57,0.0,0.0,0.0,0.0,0.59,0.67,0.0,0.0,0.0,0.0,0.0,0.0,0.0,0.0,7.48,2060000000.0
2024-08-07,0.0,0.99,0.0,2.19,0.99,0.0,0.0,0.0,1.56,0.57,0.0,0.0,0.0,0.0,0.59,0.67,0.0,0.0,0.0,0.0,0.0,0.0,0.0,0.0,7.5600000000000005,2060000000.0
2024-08-06,0.0,0.99,0.0,2.19,0.99,0.0,0.0,0.0,1.56,0.57,0.0,0.0,0.0,0.0,0.59,0.67,0.0,0.0,0.0,0.0,0.0,0.0,0.0,0.0,7.5600000000000005,2060000000.0
2024-08-05,0.0,1.0,0.0,2.19,0.99,0.0,0.0,0.0,1.56,0.57,0.0,0.0,0.0,0.0,0.59,0.67,0.0,0.0,0.0,0.0,0.0,0.0,0.0,0.0,7.57,2060000000.0
2024-08-04,0.0,1.0,0.0,2.19,0.99,0.0,0.0,0.0,1.56,0.57,0.0,0.0,0.0,0.0,0.59,0.67,0.0,0.0,0.0,0.0,0.0,0.0,0.0,0.0,7.57,2060000000.0
2024-08-03,0.0,1.0,0.0,2.19,0.99,0.0,0.0,0.0,1.56,0.57,0.0,0.0,0.0,0.0,0.59,0.67,0.0,0.0,0.0,0.0,0.0,0.0,0.0,0.0,7.57,2060000000.0
2024-08-02,0.0,1.0,0.0,2.19,0.99,0.0,0.0,0.0,1.56,0.57,0.0,0.0,0.0,0.0,0.59,0.67,0.49,0.0,0.0,0.0,0.0,0.0,0.0,0.0,8.06,2060000000.0
2024-08-01,0.0,1.0,0.0,2.19,0.99,0.0,0.0,0.0,1.56,0.57,0.0,0.0,0.0,0.0,0.68,0.67,0.49,0.0,0.0,0.0,0.0,0.0,0.0,0.0,8.15,2060000000.0
2024-07-31,0.0,0.93,0.0,2.19,0.99,0.0,0.0,0.0,1.56,0.57,0.0,0.0,0.0,0.0,0.68,0.67,0.49,0.0,0.0,0.0,0.0,0.0,0.0,0.0,8.08,2060000000.0
2024-07-30,0.0,0.93,0.0,2.19,0.99,0.0,0.0,0.0,1.56,0.57,0.0,0.0,0.0,0.0,0.68,0.67,0.49,0.0,0.0,0.0,0.0,0.0,0.0,0.0,8.08,2060000000.0
2024-07-29,0.0,0.93,0.0,2.19,0.99,0.0,0.0,0.0,1.68,0.57,0.0,0.0,0.0,0.0,0.68,0.67,0.49,0.0,0.0,0.0,0.0,0.0,0.0,0.0,8.2,2060000000.0
2024-07-28,0.0,0.88,0.0,2.19,0.99,0.0,0.0,0.0,1.68,0.57,0.0,0.0,0.0,0.0,0.68,0.67,0.49,0.0,0.0,0.0,0.0,0.0,0.0,0.0,8.149999999999999,2060000000.0
2024-07-27,0.0,0.88,0.0,2.19,0.99,0.0,0.0,0.0,1.68,0.57,0.0,0.0,0.0,0.0,0.68,0.67,0.49,0.0,0.0,0.0,0.0,0.0,0.0,0.0,8.149999999999999,2060000000.0
2024-07-26,0.0,0.88,0.41,2.19,0.99,0.0,0.0,0.0,1.68,0.57,0.0,0.0,0.0,0.0,0.68,0.67,0.49,0.0,0.0,0.0,0.0,0.0,0.0,0.0,8.56,2060000000.0
2024-07-25,0.0,0.88,0.41,2.19,0.99,0.0,0.0,0.0,1.68,0.57,0.0,0.0,0.0,0.0,0.71,0.67,0.59,0.0,0.0,0.0,0.0,0.0,0.0,0.0,8.69,2060000000.0
2024-07-24,0.0,0.88,0.41,2.19,0.99,0.0,0.0,0.0,1.78,0.57,0.0,0.0,0.0,0.0,0.71,0.67,0.59,0.0,0.0,0.0,0.0,0.0,0.0,0.0,8.790000000000001,2060000000.0
2024-07-23,0.0,0.99,0.41,2.19,0.99,0.0,0.0,0.0,1.78,0.57,0.0,0.0,0.0,0.0,0.71,0.67,0.59,0.0,0.0,0.0,0.0,0.0,0.0,0.0,8.9,2060000000.0
2024-07-22,0.0,0.99,0.41,2.19,0.99,0.0,0.0,0.0,1.8,0.57,0.0,0.0,0.0,0.0,0.71,0.67,0.59,0.0,0.0,0.0,0.0,0.0,0.0,0.0,8.92,2060000000.0
2024-07-21,0.0,0.99,0.41,2.19,0.99,0.0,0.0,0.0,1.8,0.57,0.0,0.0,0.0,0.0,0.71,0.67,0.62,0.0,0.0,0.0,0.0,0.0,0.0,0.0,8.95,2060000000.0
2024-07-20,0.0,0.99,0.41,2.19,0.99,0.0,0.0,0.0,1.8,0.57,0.0,0.0,0.0,0.0,0.71,0.67,0.62,0.0,0.0,0.0,0.0,0.0,0.0,0.0,8.95,2060000000.0
2024-07-19,0.0,0.99,0.41,2.19,0.99,0.0,0.0,0.0,1.8,0.57,0.0,0.0,0.0,0.0,0.71,0.67,0.62,0.0,0.0,0.0,0.0,0.0,0.0,0.0,8.95,2060000000.0
2024-07-18,0.0,0.99,0.57,2.19,0.99,0.0,0.0,0.0,1.8,0.57,0.0,0.0,0.0,0.0,0.69,0.67,0.62,0.0,0.0,0.0,0.0,0.0,0.0,0.0,9.09,2060000000.0
2024-07-17,0.0,0.99,0.57,2.19,0.99,0.0,0.0,0.0,1.8,0.57,0.0,0.0,0.0,0.0,0.69,0.67,0.62,0.0,0.0,0.0,0.0,0.0,0.0,0.0,9.09,2060000000.0
2024-07-16,0.0,0.99,0.57,2.19,0.99,0.0,0.0,0.0,1.8,0.69,0.0,0.0,0.0,0.0,0.76,0.79,0.62,0.0,0.0,0.0,0.0,0.0,0.0,0.0,9.4,2060000000.0
2024-07-15,0.0,0.99,0.61,2.19,0.99,0.0,0.0,0.0,1.8,0.72,0.0,0.0,0.46,0.0,0.76,0.79,0.62,0.0,0.0,0.0,0.0,0.0,0.0,0.0,9.929999999999998,2060000000.0
2024-07-14,0.0,1.07,0.61,2.19,0.99,0.0,0.0,0.0,1.8,0.72,0.0,0.0,0.46,0.0,0.76,0.79,0.53,0.0,0.0,0.0,0.0,0.0,0.0,0.0,9.92,2060000000.0
2024-07-13,0.0,1.07,0.61,2.19,0.99,0.0,0.0,0.0,1.8,0.72,0.0,0.0,0.46,0.0,0.76,0.79,0.53,0.0,0.0,0.0,0.0,0.0,0.0,0.0,9.92,2060000000.0
2024-07-12,0.0,1.07,0.61,2.19,0.99,0.0,0.0,0.0,1.8,0.72,0.0,0.0,0.46,0.0,0.76,0.79,0.53,0.0,0.0,0.0,0.0,0.0,0.0,0.0,9.92,2060000000.0
2024-07-11,0.0,1.07,0.61,2.19,1.09,0.0,0.0,0.0,1.8,0.72,0.0,0.0,0.46,0.0,0.76,0.79,0.53,0.0,0.0,0.0,0.0,0.0,0.0,0.0,10.019999999999998,2060000000.0
2024-07-10,0.0,1.14,0.61,2.19,1.09,0.0,0.0,0.0,1.8,0.72,0.0,0.0,0.46,0.0,0.76,0.79,0.0,0.0,0.0,0.0,0.0,0.0,0.0,0.0,9.559999999999999,2060000000.0
2024-07-09,0.0,1.2,0.61,2.19,1.09,0.0,0.0,0.0,1.8,0.72,0.0,0.0,0.46,0.0,0.76,0.79,0.0,0.0,0.0,0.0,0.0,0.0,0.0,0.0,9.620000000000001,2060000000.0
2024-07-08,0.0,1.34,0.61,2.19,1.11,0.0,0.0,0.0,1.8,0.72,0.0,0.0,0.46,0.0,0.76,0.79,0.0,0.0,0.0,0.0,0.0,0.0,0.0,0.0,9.780000000000001,2060000000.0
2024-07-07,0.0,1.69,0.7,2.09,0.9,0.0,0.0,0.0,1.8,0.72,0.0,0.0,0.58,0.0,0.64,0.8,0.0,0.0,0.0,0.0,0.0,0.0,0.0,0.0,9.92,2060000000.0
2024-07-06,0.0,1.69,0.7,2.09,0.9,0.0,0.0,0.0,1.8,0.72,0.0,0.0,0.58,0.0,0.64,0.8,0.0,0.0,0.0,0.0,0.0,0.0,0.0,0.0,9.92,2060000000.0
2024-07-05,0.0,1.69,0.7,2.09,0.9,0.0,0.0,0.0,1.8,0.72,0.0,0.0,0.58,0.0,0.64,0.8,0.0,0.0,0.0,0.0,0.0,0.0,0.0,0.0,9.92,2060000000.0
2024-07-04,0.0,1.69,0.7,2.09,0.9,0.0,0.0,0.0,1.8,0.72,0.0,0.0,0.58,0.0,0.64,0.8,0.0,0.0,0.0,0.0,0.0,0.0,0.0,0.0,9.92,2060000000.0
2024-07-03,0.0,1.69,0.7,2.09,0.9,0.0,0.0,0.0,1.8,0.72,0.0,0.0,0.58,0.0,0.64,0.8,0.0,0.0,0.0,0.0,0.0,0.0,0.0,0.0,9.92,2060000000.0
2024-07-02,0.0,1.74,0.7,2.09,0.87,0.0,0.0,0.0,1.8,0.72,0.0,0.0,0.58,0.0,0.64,0.8,0.0,0.0,0.0,0.0,0.0,0.0,0.0,0.0,9.94,2060000000.0
2024-07-01,0.0,1.74,0.7,2.09,0.87,0.0,0.0,0.0,1.8,0.72,0.0,0.0,0.58,0.0,0.64,0.8,0.0,0.0,0.0,0.0,0.0,0.0,0.0,0.0,9.94,2060000000.0
2024-06-30,0.0,1.74,0.7,2.09,0.87,0.0,0.0,0.0,1.8,0.72,0.0,0.0,0.58,0.0,0.7,0.8,0.0,0.0,0.0,0.0,0.0,0.0,0.0,0.0,9.999999999999998,2250000000.0
2024-06-29,0.0,1.74,0.7,2.09,0.87,0.0,0.0,0.0,1.8,0.72,0.0,0.0,0.58,0.0,0.7,0.8,0.0,0.0,0.0,0.0,0.0,0.0,0.0,0.0,9.999999999999998,2250000000.0
2024-06-28,0.0,1.74,0.7,2.09,0.87,0.0,0.0,0.0,1.8,0.72,0.0,0.0,0.58,0.0,0.7,0.8,0.0,0.0,0.0,0.0,0.0,0.0,0.0,0.0,9.999999999999998,2250000000.0
2024-06-27,0.0,1.74,0.7,2.09,0.87,0.0,0.0,0.0,1.8,0.72,0.0,0.0,0.6,0.0,0.69,0.8,0.0,0.0,0.0,0.0,0.0,0.0,0.0,0.0,10.01,2250000000.0
2024-06-26,0.0,1.74,0.7,2.09,0.9,0.0,0.0,0.0,1.8,0.72,0.0,0.0,0.6,0.0,0.69,0.8,0.0,0.0,0.0,0.0,0.0,0.0,0.0,0.0,10.04,2250000000.0
2024-06-25,0.0,1.74,0.7,2.09,0.87,0.0,0.0,0.0,1.78,0.72,0.0,0.0,0.6,0.0,0.69,0.8,0.0,0.0,0.0,0.0,0.0,0.0,0.0,0.0,9.99,2250000000.0
2024-06-24,0.0,1.74,0.7,2.09,0.87,0.0,0.0,0.0,1.78,0.72,0.0,0.0,0.6,0.0,0.69,0.8,0.0,0.0,0.0,0.0,0.0,0.0,0.0,0.0,9.99,2250000000.0
2024-06-23,0.0,1.74,0.7,2.09,0.87,0.0,0.0,0.0,1.78,0.72,0.0,0.0,0.6,0.0,0.69,0.8,0.0,0.0,0.0,0.0,0.0,0.0,0.0,0.0,9.99,2250000000.0
2024-06-22,0.0,1.74,0.7,2.09,0.87,0.0,0.0,0.0,1.78,0.72,0.0,0.0,0.6,0.0,0.69,0.8,0.0,0.0,0.0,0.0,0.0,0.0,0.0,0.0,9.99,2250000000.0
2024-06-21,0.0,1.74,0.7,2.09,0.87,0.0,0.0,0.0,1.78,0.72,0.0,0.0,0.6,0.0,0.69,0.8,0.0,0.0,0.0,0.0,0.0,0.0,0.0,0.0,9.99,2250000000.0
2024-06-20,0.0,1.8,0.7,2.09,0.97,0.0,0.0,0.0,1.78,0.72,0.0,0.0,0.6,0.0,0.69,0.8,0.0,0.0,0.0,0.0,0.0,0.0,0.0,0.0,10.15,2250000000.0
2024-06-19,0.0,1.8,0.7,2.09,0.97,0.0,0.0,0.0,1.88,0.72,0.0,0.0,0.6,0.0,0.72,0.8,0.0,0.0,0.0,0.0,0.0,0.0,0.0,0.0,10.280000000000001,2250000000.0
2024-06-18,0.0,1.8,0.7,2.14,0.97,0.0,0.0,0.0,1.88,0.72,0.0,0.0,0.6,0.0,0.72,0.8,0.0,0.0,0.0,0.0,0.0,0.0,0.0,0.0,10.330000000000002,2250000000.0
2024-06-17,0.0,1.8,0.7,2.14,1.06,0.0,0.0,0.0,1.88,0.72,0.0,0.0,0.6,0.0,0.72,0.8,0.0,0.0,0.0,0.0,0.0,0.0,0.0,0.0,10.420000000000002,2250000000.0
2024-06-16,0.0,1.8,0.7,2.14,1.06,0.0,0.0,0.0,1.88,0.72,0.0,0.0,0.6,0.0,0.72,0.8,0.0,0.0,0.0,0.0,0.0,0.0,0.0,0.0,10.420000000000002,2250000000.0
2024-06-15,0.0,1.8,0.7,2.14,1.06,0.0,0.0,0.0,1.88,0.72,0.0,0.0,0.6,0.0,0.72,0.8,0.0,0.0,0.0,0.0,0.0,0.0,0.0,0.0,10.420000000000002,2250000000.0
2024-06-14,0.0,1.8,0.7,2.14,1.06,0.0,0.0,0.0,1.88,0.72,0.0,0.0,0.6,0.0,0.72,0.8,0.0,0.0,0.0,0.0,0.0,0.0,0.0,0.0,10.420000000000002,2250000000.0
2024-06-13,0.0,1.71,0.54,2.14,1.06,0.0,0.0,0.0,1.88,0.72,0.0,0.0,0.6,0.0,0.72,0.8,0.0,0.0,0.0,0.0,0.0,0.0,0.0,0.0,10.170000000000002,2250000000.0
2024-06-12,0.0,1.62,0.54,2.03,1.06,0.0,0.0,0.0,1.98,0.72,0.0,0.0,0.6,0.0,0.72,0.8,0.0,0.0,0.0,0.0,0.0,0.0,0.0,0.0,10.070000000000002,2250000000.0
2024-06-11,0.0,1.62,0.54,2.03,1.06,0.0,0.0,0.0,1.98,0.72,0.0,0.0,0.59,0.0,0.72,0.8,0.0,0.0,0.0,0.0,0.0,0.0,0.0,0.0,10.060000000000002,2250000000.0
2024-06-10,0.0,1.51,0.54,2.03,1.06,0.0,0.0,0.0,1.98,0.72,0.0,0.0,0.6,0.0,0.72,0.7,0.0,0.0,0.0,0.0,0.0,0.0,0.0,0.0,9.860000000000001,2250000000.0
2024-06-09,0.0,1.51,0.54,2.03,1.06,0.0,0.0,0.0,1.98,0.72,0.0,0.0,0.6,0.0,0.72,0.7,0.0,0.0,0.0,0.0,0.0,0.0,0.0,0.0,9.860000000000001,2250000000.0
2024-06-08,0.0,1.51,0.54,2.03,1.06,0.0,0.0,0.0,1.98,0.72,0.0,0.0,0.6,0.0,0.72,0.7,0.0,0.0,0.0,0.0,0.0,0.0,0.0,0.0,9.860000000000001,2250000000.0
2024-06-07,0.0,1.51,0.54,2.03,1.06,0.0,0.0,0.0,1.98,0.72,0.0,0.0,0.6,0.0,0.72,0.7,0.0,0.0,0.0,0.0,0.0,0.0,0.0,0.0,9.860000000000001,2250000000.0
2024-06-06,0.0,1.51,0.54,1.93,1.06,0.0,0.0,0.0,2.09,0.72,0.0,0.0,0.6,0.0,0.72,0.7,0.0,0.0,0.0,0.0,0.0,0.0,0.0,0.0,9.87,2250000000.0
2024-06-05,0.0,1.51,0.0,1.93,1.16,0.0,0.0,0.0,2.09,0.72,0.0,0.0,0.6,0.0,0.72,0.7,0.0,0.0,0.0,0.0,0.0,0.0,0.0,0.0,9.43,2250000000.0
2024-06-04,0.0,1.42,0.0,1.8,1.16,0.0,0.0,0.0,2.09,0.72,0.0,0.0,0.6,0.0,0.72,0.7,0.0,0.0,0.0,0.0,0.0,0.0,0.0,0.0,9.209999999999999,2250000000.0
2024-06-03,0.0,1.42,0.0,1.8,1.16,0.0,0.0,0.0,2.09,0.72,0.0,0.0,0.6,0.0,0.72,0.7,0.0,0.0,0.0,0.0,0.0,0.0,0.0,0.0,9.209999999999999,2250000000.0
2024-06-02,0.0,1.3,0.0,1.8,1.2,0.0,0.0,0.0,2.09,0.72,0.0,0.0,0.6,0.0,0.72,0.7,0.0,0.0,0.0,0.0,0.0,0.0,0.0,0.0,9.129999999999999,2250000000.0
2024-06-01,0.0,1.3,0.0,1.8,1.2,0.0,0.0,0.0,2.09,0.72,0.0,0.0,0.6,0.0,0.72,0.7,0.0,0.0,0.0,0.0,0.0,0.0,0.0,0.0,9.129999999999999,2250000000.0
2024-05-31,0.0,1.3,0.0,1.8,1.2,0.0,0.0,0.0,2.09,0.72,0.0,0.0,0.6,0.0,0.72,0.7,0.0,0.0,0.0,0.0,0.0,0.0,0.0,0.0,9.129999999999999,2250000000.0
2024-05-30,0.0,1.3,0.0,1.8,1.1,0.0,0.0,0.0,2.09,0.72,0.0,0.0,0.6,0.0,0.61,0.7,0.0,0.0,0.0,0.0,0.0,0.0,0.0,0.0,8.919999999999998,2250000000.0
2024-05-29,0.0,1.3,0.0,1.8,1.1,0.0,0.0,0.0,2.19,0.72,0.0,0.0,0.6,0.0,0.61,0.7,0.0,0.0,0.0,0.0,0.0,0.0,0.0,0.0,9.02,2250000000.0
2024-05-28,0.0,1.24,0.0,1.8,1.1,0.0,0.0,0.0,2.19,0.72,0.0,0.0,0.6,0.0,0.61,0.7,0.0,0.0,0.0,0.0,0.0,0.0,0.0,0.0,8.959999999999999,2250000000.0
2024-05-27,0.0,1.24,0.0,1.78,1.1,0.0,0.0,0.0,2.19,0.72,0.0,0.0,0.6,0.0,0.61,0.7,0.0,0.0,0.0,0.0,0.0,0.0,0.0,0.0,8.94,2250000000.0
2024-05-26,0.0,1.24,0.0,1.81,1.1,0.0,0.0,0.0,2.19,0.72,0.0,0.0,0.6,0.0,0.51,0.7,0.0,0.0,0.0,0.0,0.0,0.0,0.0,0.0,8.87,2250000000.0
2024-05-25,0.0,1.24,0.0,1.81,1.1,0.0,0.0,0.0,2.19,0.72,0.0,0.0,0.6,0.0,0.51,0.7,0.0,0.0,0.0,0.0,0.0,0.0,0.0,0.0,8.87,2250000000.0
2024-05-24,0.0,1.24,0.0,1.81,1.1,0.0,0.0,0.0,2.19,0.72,0.0,0.0,0.6,0.0,0.51,0.7,0.0,0.0,0.0,0.0,0.0,0.0,0.0,0.0,8.87,2250000000.0
2024-05-23,0.0,1.11,0.0,1.81,1.1,0.0,0.0,0.0,2.19,0.72,0.0,0.0,0.51,0.0,0.51,0.7,0.0,0.0,0.0,0.0,0.0,0.0,0.0,0.0,8.649999999999999,2250000000.0
2024-05-22,0.0,1.11,0.0,1.81,1.1,0.0,0.0,0.0,2.19,0.72,0.0,0.0,0.51,0.0,0.51,0.7,0.0,0.0,0.0,0.0,0.0,0.0,0.0,0.0,8.649999999999999,2250000000.0
2024-05-21,0.0,1.05,0.0,1.79,1.1,0.0,0.0,0.0,2.24,0.72,0.0,0.0,0.51,0.0,0.51,0.7,0.0,0.0,0.0,0.0,0.0,0.0,0.0,0.0,8.62,2250000000.0
2024-05-20,0.0,1.05,0.0,1.82,1.1,0.0,0.0,0.0,2.24,0.72,0.0,0.0,0.51,0.0,0.51,0.7,0.0,0.0,0.0,0.0,0.0,0.0,0.0,0.0,8.65,2250000000.0
2024-05-19,0.0,1.05,0.0,1.92,1.1,0.0,0.0,0.0,2.24,0.72,0.0,0.0,0.51,0.0,0.51,0.7,0.0,0.0,0.0,0.0,0.0,0.0,0.0,0.0,8.75,2250000000.0
2024-05-18,0.0,1.05,0.0,1.92,1.1,0.0,0.0,0.0,2.24,0.72,0.0,0.0,0.51,0.0,0.51,0.7,0.0,0.0,0.0,0.0,0.0,0.0,0.0,0.0,8.75,2250000000.0
2024-05-17,0.0,1.05,0.0,1.92,1.1,0.0,0.0,0.0,2.24,0.72,0.0,0.0,0.51,0.0,0.51,0.7,0.0,0.0,0.0,0.0,0.0,0.0,0.0,0.0,8.75,2250000000.0
2024-05-16,0.0,0.92,0.0,1.92,1.1,0.0,0.0,0.0,2.24,0.72,0.0,0.0,0.0,0.0,0.51,0.7,0.0,0.0,0.0,0.0,0.0,0.0,0.0,0.0,8.11,2250000000.0
2024-05-15,0.0,0.92,0.0,1.92,1.1,0.0,0.0,0.0,2.24,0.72,0.0,0.0,0.0,0.0,0.51,0.7,0.0,0.0,0.0,0.0,0.0,0.0,0.0,0.0,8.11,2250000000.0
2024-05-14,0.0,0.92,0.0,1.89,1.01,0.0,0.0,0.0,2.32,0.72,0.0,0.0,0.0,0.0,0.51,0.7,0.0,0.0,0.0,0.0,0.0,0.0,0.0,0.0,8.07,2250000000.0
2024-05-13,0.0,0.92,0.0,1.89,1.01,0.0,0.0,0.0,2.32,0.72,0.0,0.0,0.0,0.0,0.63,0.7,0.0,0.0,0.0,0.0,0.0,0.0,0.0,0.0,8.19,2250000000.0
2024-05-12,0.0,0.92,0.0,1.89,0.97,0.0,0.0,0.0,2.49,0.72,0.0,0.0,0.0,0.0,0.5,0.7,0.0,0.0,0.0,0.0,0.0,0.0,0.0,0.0,8.19,2250000000.0
2024-05-11,0.0,0.92,0.0,1.89,0.97,0.0,0.0,0.0,2.49,0.72,0.0,0.0,0.0,0.0,0.5,0.7,0.0,0.0,0.0,0.0,0.0,0.0,0.0,0.0,8.19,2250000000.0
2024-05-10,0.0,0.92,0.0,1.89,0.97,0.0,0.0,0.0,2.49,0.72,0.0,0.0,0.0,0.0,0.5,0.7,0.0,0.0,0.0,0.0,0.0,0.0,0.0,0.0,8.19,2250000000.0
2024-05-09,0.0,0.92,0.0,1.89,0.97,0.0,0.0,0.0,2.49,0.72,0.0,0.0,0.0,0.0,0.5,0.7,0.0,0.0,0.0,0.0,0.0,0.0,0.0,0.0,8.19,2250000000.0
2024-05-08,0.0,0.92,0.0,1.92,0.97,0.0,0.0,0.0,2.49,0.72,0.0,0.0,0.0,0.0,0.5,0.7,0.0,0.0,0.0,0.0,0.0,0.0,0.0,0.0,8.219999999999999,2250000000.0
2024-05-07,0.0,0.88,0.0,1.87,0.97,0.0,0.0,0.0,2.49,0.72,0.0,0.0,0.0,0.0,0.48,0.7,0.0,0.0,0.0,0.0,0.0,0.0,0.0,0.0,8.11,2250000000.0
2024-05-06,0.0,0.9,0.0,1.99,0.97,0.0,0.0,0.0,2.49,0.72,0.0,0.0,0.0,0.0,0.5,0.7,0.0,0.0,0.0,0.0,0.0,0.0,0.0,0.0,8.27,2250000000.0
2024-05-05,0.0,0.9,0.0,1.99,0.97,0.0,0.0,0.0,2.49,0.72,0.0,0.0,0.0,0.0,0.5,0.7,0.0,0.0,0.0,0.0,0.0,0.0,0.0,0.0,8.27,2250000000.0
2024-05-04,0.0,0.9,0.0,1.99,0.97,0.0,0.0,0.0,2.49,0.72,0.0,0.0,0.0,0.0,0.5,0.7,0.0,0.0,0.0,0.0,0.0,0.0,0.0,0.0,8.27,2250000000.0
2024-05-03,0.0,0.9,0.0,1.99,0.97,0.0,0.0,0.0,2.49,0.72,0.0,0.0,0.0,0.0,0.5,0.7,0.0,0.0,0.0,0.0,0.0,0.0,0.0,0.0,8.27,2250000000.0
2024-05-02,0.0,0.9,0.0,2.0,1.02,0.0,0.0,0.0,2.49,0.72,0.0,0.0,0.0,0.0,0.5,0.7,0.0,0.0,0.0,0.0,0.0,0.0,0.0,0.0,8.33,2250000000.0
2024-05-01,0.0,0.9,0.0,2.0,0.99,0.0,0.0,0.0,2.49,0.72,0.0,0.0,0.0,0.0,0.5,0.7,0.0,0.0,0.0,0.0,0.0,0.0,0.0,0.0,8.299999999999999,2250000000.0
2024-04-30,0.0,0.9,0.0,2.0,0.99,0.0,0.0,0.0,2.49,0.72,0.0,0.0,0.0,0.0,0.5,0.7,0.0,0.0,0.0,0.0,0.0,0.0,0.0,0.0,8.299999999999999,2250000000.0
2024-04-29,0.0,0.9,0.0,2.18,1.0,0.0,0.0,0.0,2.57,0.72,0.0,0.0,0.0,0.0,0.5,0.7,0.0,0.0,0.0,0.0,0.0,0.0,0.0,0.0,8.57,2250000000.0
2024-04-28,0.0,0.81,0.0,2.18,1.0,0.0,0.0,0.0,2.57,0.72,0.0,0.0,0.0,0.0,0.49,0.7,0.0,0.0,0.0,0.0,0.0,0.0,0.0,0.0,8.47,2250000000.0
2024-04-27,0.0,0.81,0.0,2.18,1.0,0.0,0.0,0.0,2.57,0.72,0.0,0.0,0.0,0.0,0.49,0.7,0.0,0.0,0.0,0.0,0.0,0.0,0.0,0.0,8.47,2250000000.0
2024-04-26,0.0,0.81,0.0,2.18,1.0,0.0,0.0,0.0,2.57,0.72,0.0,0.0,0.0,0.0,0.49,0.7,0.0,0.0,0.0,0.0,0.0,0.0,0.0,0.0,8.47,2250000000.0
2024-04-25,0.0,0.6,0.0,2.18,1.0,0.0,0.0,0.0,2.57,0.72,0.0,0.0,0.0,0.0,0.49,0.62,0.0,0.0,0.0,0.0,0.0,0.0,0.0,0.0,8.18,2250000000.0
2024-04-24,0.0,0.6,0.0,2.21,1.0,0.0,0.0,0.0,2.69,0.72,0.0,0.0,0.0,0.0,0.51,0.62,0.0,0.0,0.0,0.0,0.0,0.0,0.0,0.0,8.35,2250000000.0
2024-04-23,0.0,0.6,0.0,2.21,1.0,0.0,0.0,0.0,2.69,0.72,0.0,0.0,0.0,0.0,0.51,0.62,0.0,0.0,0.0,0.0,0.0,0.0,0.0,0.0,8.35,2250000000.0
2024-04-22,0.0,0.6,0.0,2.17,1.0,0.0,0.0,0.0,2.69,0.72,0.0,0.0,0.0,0.0,0.51,0.62,0.0,0.0,0.0,0.0,0.0,0.0,0.0,0.0,8.309999999999999,2250000000.0
2024-04-21,0.0,0.51,0.0,2.17,0.91,0.0,0.0,0.0,2.69,0.72,0.0,0.0,0.0,0.0,0.51,0.53,0.0,0.0,0.0,0.0,0.0,0.0,0.0,0.0,8.04,2250000000.0
2024-04-20,0.0,0.51,0.0,2.17,0.91,0.0,0.0,0.0,2.69,0.72,0.0,0.0,0.0,0.0,0.51,0.53,0.0,0.0,0.0,0.0,0.0,0.0,0.0,0.0,8.04,2250000000.0
2024-04-19,0.0,0.51,0.0,2.17,0.91,0.0,0.0,0.0,2.69,0.72,0.0,0.0,0.0,0.0,0.51,0.53,0.0,0.0,0.0,0.0,0.0,0.0,0.0,0.0,8.04,2250000000.0
2024-04-18,0.0,0.51,0.0,2.17,0.91,0.0,0.0,0.0,2.69,0.72,0.0,0.0,0.0,0.0,0.51,0.53,0.0,0.0,0.0,0.0,0.0,0.0,0.0,0.0,8.04,2250000000.0
2024-04-17,0.0,0.51,0.0,2.21,0.91,0.49,0.0,0.0,2.69,0.72,0.0,0.0,0.0,0.0,0.51,0.53,0.0,0.0,0.0,0.0,0.0,0.0,0.0,0.0,8.57,2250000000.0
2024-04-16,0.0,0.51,0.0,2.21,0.91,0.49,0.0,0.0,2.72,0.61,0.0,0.0,0.0,0.0,0.51,0.53,0.0,0.0,0.0,0.0,0.0,0.0,0.0,0.0,8.49,2250000000.0
2024-04-15,0.0,0.0,0.0,2.13,0.91,0.49,0.0,0.0,2.72,0.61,0.0,0.0,0.0,0.0,0.51,0.53,0.0,0.0,0.0,0.0,0.0,0.0,0.0,0.0,7.9,2250000000.0
2024-04-14,0.0,0.0,0.0,2.05,0.91,0.49,0.0,0.0,2.72,0.61,0.0,0.0,0.0,0.0,0.51,0.53,0.0,0.0,0.0,0.0,0.0,0.0,0.0,0.0,7.82,2250000000.0
2024-04-13,0.0,0.0,0.0,2.05,0.91,0.49,0.0,0.0,2.72,0.61,0.0,0.0,0.0,0.0,0.51,0.53,0.0,0.0,0.0,0.0,0.0,0.0,0.0,0.0,7.82,2250000000.0
2024-04-12,0.0,0.0,0.0,2.05,0.91,0.49,0.0,0.0,2.72,0.61,0.0,0.0,0.0,0.0,0.51,0.53,0.0,0.0,0.0,0.0,0.0,0.0,0.0,0.0,7.82,2250000000.0
2024-04-11,0.0,0.0,0.0,2.1,0.88,0.49,0.0,0.0,2.72,0.61,0.0,0.0,0.0,0.0,0.51,0.53,0.0,0.0,0.0,0.0,0.0,0.0,0.0,0.0,7.84,2250000000.0
2024-04-10,0.0,0.0,0.0,2.08,0.88,0.49,0.0,0.0,2.61,0.61,0.0,0.0,0.0,0.0,0.51,0.53,0.0,0.0,0.0,0.0,0.0,0.0,0.0,0.0,7.710000000000001,2250000000.0
2024-04-09,0.0,0.0,0.0,2.08,0.88,0.5,0.0,0.0,2.61,0.61,0.0,0.0,0.49,0.0,0.51,0.53,0.0,0.0,0.0,0.0,0.0,0.0,0.0,0.0,8.21,2250000000.0
2024-04-08,0.0,0.0,0.0,2.14,0.88,0.5,0.0,0.0,2.61,0.61,0.0,0.0,0.49,0.0,0.51,0.0,0.0,0.0,0.0,0.0,0.0,0.0,0.0,0.0,7.74,2250000000.0
2024-04-07,0.0,0.0,0.0,2.14,0.93,0.5,0.0,0.0,2.54,0.61,0.0,0.0,0.49,0.0,0.49,0.0,0.0,0.0,0.0,0.0,0.0,0.0,0.0,0.0,7.700000000000001,2250000000.0
2024-04-06,0.0,0.0,0.0,2.14,0.93,0.5,0.0,0.0,2.54,0.61,0.0,0.0,0.49,0.0,0.49,0.0,0.0,0.0,0.0,0.0,0.0,0.0,0.0,0.0,7.700000000000001,2250000000.0
2024-04-05,0.0,0.0,0.0,2.14,0.93,0.5,0.0,0.0,2.54,0.61,0.0,0.0,0.49,0.0,0.49,0.0,0.0,0.0,0.0,0.0,0.0,0.0,0.0,0.0,7.700000000000001,2250000000.0
2024-04-04,0.0,0.0,0.0,2.14,0.83,0.5,0.0,0.0,2.54,0.61,0.0,0.0,0.49,0.0,0.49,0.0,0.0,0.0,0.0,0.0,0.0,0.0,0.0,0.0,7.6000000000000005,2250000000.0
2024-04-03,0.0,0.0,0.0,2.14,0.83,0.5,0.0,0.0,2.54,0.61,0.0,0.0,0.49,0.0,0.59,0.0,0.0,0.0,0.0,0.0,0.0,0.0,0.0,0.0,7.7,2250000000.0
2024-04-02,0.0,0.0,0.0,2.14,0.83,0.5,0.0,0.0,2.54,0.61,0.37,0.0,0.49,0.0,0.59,0.0,0.0,0.0,0.0,0.0,0.0,0.0,0.0,0.0,8.07,2250000000.0
2024-04-01,0.0,0.0,0.0,2.07,0.83,0.5,0.0,0.0,2.42,0.61,0.37,0.0,0.52,0.0,0.59,0.0,0.0,0.0,0.0,0.0,0.0,0.0,0.0,0.0,7.91,2250000000.0
2024-03-31,0.0,0.0,0.0,2.07,0.83,0.5,0.0,0.0,2.42,0.61,0.37,0.0,0.52,0.0,0.59,0.0,0.0,0.0,0.0,0.0,0.0,0.0,0.0,0.0,7.91,2590000000.0
2024-03-30,0.0,0.0,0.0,2.07,0.83,0.5,0.0,0.0,2.42,0.61,0.37,0.0,0.52,0.0,0.59,0.0,0.0,0.0,0.0,0.0,0.0,0.0,0.0,0.0,7.91,2590000000.0
2024-03-29,0.0,0.0,0.0,2.07,0.83,0.5,0.0,0.0,2.42,0.61,0.37,0.0,0.52,0.0,0.59,0.0,0.0,0.0,0.0,0.0,0.0,0.0,0.0,0.0,7.91,2590000000.0
2024-03-28,0.0,0.0,0.0,2.07,0.83,0.5,0.0,0.0,2.42,0.61,0.37,0.0,0.52,0.0,0.59,0.0,0.0,0.0,0.0,0.0,0.0,0.0,0.0,0.0,7.91,2590000000.0
2024-03-27,0.0,0.0,0.0,1.99,0.83,0.5,0.0,0.0,2.42,0.61,0.37,0.0,0.52,0.0,0.67,0.0,0.0,0.0,0.0,0.0,0.0,0.0,0.0,0.0,7.91,2590000000.0
2024-03-26,0.0,0.0,0.0,1.77,0.72,0.5,0.0,0.0,2.42,0.61,0.37,0.0,0.52,0.35,0.67,0.0,0.0,0.0,0.0,0.0,0.0,0.0,0.0,0.0,7.93,2590000000.0
2024-03-25,0.0,0.0,0.0,1.6,0.72,0.5,0.0,0.0,2.42,0.61,0.53,0.49,0.52,0.35,0.67,0.0,0.0,0.0,0.0,0.0,0.0,0.0,0.0,0.0,8.41,2590000000.0
2024-03-24,0.0,0.0,0.0,1.42,0.72,0.5,0.0,0.0,2.42,0.61,0.83,0.49,0.52,0.35,0.67,0.0,0.0,0.0,0.0,0.0,0.0,0.0,0.0,0.0,8.53,2590000000.0
2024-03-23,0.0,0.0,0.0,1.42,0.72,0.5,0.0,0.0,2.42,0.61,0.83,0.49,0.52,0.35,0.67,0.0,0.0,0.0,0.0,0.0,0.0,0.0,0.0,0.0,8.53,2590000000.0
2024-03-22,0.0,0.0,0.0,1.42,0.72,0.5,0.0,0.0,2.42,0.61,0.83,0.49,0.52,0.35,0.67,0.0,0.0,0.0,0.0,0.0,0.0,0.0,0.0,0.0,8.53,2590000000.0
2024-03-21,0.0,0.0,0.0,1.42,0.69,0.5,0.0,0.0,2.31,0.61,0.91,0.49,0.52,0.35,0.67,0.0,0.0,0.0,0.0,0.0,0.0,0.0,0.0,0.0,8.47,2590000000.0
2024-03-20,0.0,0.0,0.0,1.3,0.69,0.5,0.0,0.0,2.31,0.61,0.91,0.49,0.52,0.35,0.67,0.0,0.0,0.0,0.0,0.0,0.0,0.0,0.0,0.0,8.350000000000001,2590000000.0
2024-03-19,0.0,0.0,0.0,1.3,0.56,0.5,0.0,0.0,2.31,0.61,0.91,0.49,0.52,0.35,0.67,0.0,0.0,0.0,0.0,0.0,0.0,0.0,0.0,0.0,8.22,2590000000.0
2024-03-18,0.0,0.0,0.0,1.19,0.35,0.5,0.0,0.0,2.21,0.61,0.91,0.49,0.52,0.54,0.67,0.0,0.0,0.0,0.0,0.0,0.0,0.0,0.0,0.0,7.990000000000001,2590000000.0
2024-03-17,0.0,0.0,0.0,1.09,0.35,0.5,0.0,0.0,2.21,0.61,0.91,0.55,0.52,0.61,0.58,0.0,0.0,0.0,0.0,0.0,0.0,0.0,0.0,0.0,7.930000000000001,2590000000.0
2024-03-16,0.0,0.0,0.0,1.09,0.35,0.5,0.0,0.0,2.21,0.61,0.91,0.55,0.52,0.61,0.58,0.0,0.0,0.0,0.0,0.0,0.0,0.0,0.0,0.0,7.930000000000001,2590000000.0
2024-03-15,0.0,0.18,0.45,1.09,0.35,0.5,0.0,0.0,2.21,0.61,0.91,0.55,0.52,0.61,0.58,0.0,0.0,0.0,0.0,0.0,0.0,0.0,0.0,0.0,8.56,2590000000.0
2024-03-14,0.0,0.18,0.45,0.0,0.35,0.5,0.0,0.0,2.19,0.61,0.91,0.55,0.52,0.0,0.0,0.0,0.0,0.0,0.0,0.0,0.0,0.0,0.0,0.0,6.26,2590000000.0
2024-03-13,0.0,0.18,0.45,0.0,0.57,0.5,0.0,0.0,2.21,0.61,0.91,0.62,0.0,0.0,0.0,0.0,0.0,0.0,0.0,0.0,0.0,0.0,0.0,0.0,6.050000000000001,2590000000.0
2024-03-12,0.0,0.18,0.45,0.0,0.57,0.5,0.0,0.0,2.21,0.61,0.91,0.62,0.0,0.0,0.0,0.0,0.0,0.0,0.0,0.0,0.0,0.0,0.0,0.0,6.050000000000001,2590000000.0
2024-03-11,0.0,0.18,0.45,0.0,0.57,0.0,0.0,0.0,2.13,0.61,0.91,0.62,0.0,0.0,0.0,0.0,0.0,0.0,0.0,0.0,0.0,0.0,0.0,0.0,5.47,2590000000.0
2024-03-10,0.0,0.18,0.45,0.0,0.6,0.0,0.0,0.0,2.13,0.61,0.91,0.62,0.0,0.0,0.0,0.0,0.0,0.0,0.0,0.0,0.0,0.0,0.0,0.0,5.5,2590000000.0
2024-03-09,0.0,0.18,0.45,0.0,0.6,0.0,0.0,0.0,2.13,0.61,0.91,0.62,0.0,0.0,0.0,0.0,0.0,0.0,0.0,0.0,0.0,0.0,0.0,0.0,5.5,2590000000.0
2024-03-08,0.0,0.18,0.45,0.0,0.6,0.0,0.0,0.0,2.13,0.61,0.91,0.62,0.0,0.0,0.0,0.0,0.0,0.0,0.0,0.0,0.0,0.0,0.0,0.0,5.5,2590000000.0
2024-03-07,0.0,0.62,0.59,0.0,0.71,0.0,0.0,0.0,2.13,0.61,0.91,0.62,0.0,0.0,0.0,0.0,0.0,0.0,0.0,0.0,0.0,0.0,0.0,0.0,6.19,2590000000.0
2024-03-06,0.0,0.73,0.6,0.0,0.71,0.0,0.0,0.0,2.13,0.61,0.91,0.62,0.0,0.0,0.0,0.0,0.0,0.0,0.0,0.0,0.0,0.0,0.0,0.0,6.3100000000000005,2590000000.0
2024-03-05,0.0,0.88,0.6,0.0,0.71,0.0,0.0,0.0,2.13,0.61,0.91,0.62,0.0,0.0,0.0,0.0,0.0,0.0,0.0,0.0,0.0,0.0,0.0,0.0,6.460000000000001,2590000000.0
2024-03-04,0.0,0.97,0.59,0.0,0.71,0.0,0.0,0.0,2.09,0.61,0.91,0.53,0.0,0.0,0.0,0.0,0.0,0.0,0.0,0.0,0.0,0.0,0.0,0.0,6.41,2590000000.0
2024-03-03,0.0,0.97,0.59,0.0,0.71,0.0,0.0,0.0,2.1,0.61,0.91,0.53,0.0,0.0,0.0,0.0,0.0,0.0,0.0,0.0,0.0,0.0,0.0,0.0,6.420000000000001,2590000000.0
2024-03-02,0.0,0.97,0.59,0.0,0.71,0.0,0.0,0.0,2.1,0.61,0.91,0.53,0.0,0.0,0.0,0.0,0.0,0.0,0.0,0.0,0.0,0.0,0.0,0.0,6.420000000000001,2590000000.0
2024-03-01,0.0,0.97,0.59,0.0,0.71,0.0,0.0,0.0,2.1,0.61,0.91,0.53,0.0,0.0,0.0,0.0,0.0,0.0,0.0,0.0,0.0,0.0,0.0,0.0,6.420000000000001,2590000000.0
2024-02-29,0.0,0.88,0.59,0.0,0.71,0.0,0.0,0.0,2.1,0.61,0.91,0.0,0.0,0.0,0.0,0.0,0.0,0.0,0.0,0.0,0.0,0.0,0.0,0.0,5.8,2590000000.0
2024-02-28,0.0,0.98,0.59,0.0,0.71,0.0,0.0,0.0,2.1,0.61,0.91,0.0,0.0,0.0,0.0,0.0,0.0,0.0,0.0,0.0,0.0,0.0,0.0,0.0,5.9,2590000000.0
2024-02-27,0.0,0.98,0.59,0.0,0.71,0.0,0.0,0.0,2.1,0.61,0.91,0.0,0.0,0.0,0.0,0.0,0.0,0.0,0.0,0.0,0.0,0.0,0.0,0.0,5.9,2590000000.0
2024-02-26,0.0,0.98,0.59,0.0,0.71,0.0,0.0,0.0,2.1,0.61,0.91,0.0,0.0,0.0,0.0,0.0,0.0,0.0,0.0,0.0,0.0,0.0,0.0,0.0,5.9,2590000000.0
2024-02-25,0.0,0.98,0.59,0.0,0.71,0.0,0.0,0.0,2.1,0.61,0.91,0.0,0.0,0.0,0.0,0.0,0.0,0.0,0.0,0.0,0.0,0.0,0.0,0.0,5.9,2590000000.0
2024-02-24,0.0,0.98,0.59,0.0,0.71,0.0,0.0,0.0,2.1,0.61,0.91,0.0,0.0,0.0,0.0,0.0,0.0,0.0,0.0,0.0,0.0,0.0,0.0,0.0,5.9,2590000000.0
2024-02-23,0.0,0.98,0.59,0.0,0.71,0.0,0.0,0.0,2.1,0.61,0.91,0.0,0.0,0.0,0.0,0.0,0.0,0.0,0.0,0.0,0.0,0.0,0.0,0.0,5.9,2590000000.0
2024-02-22,0.0,1.19,0.59,0.0,0.68,0.0,0.48,0.0,2.1,0.61,0.91,0.0,0.0,0.0,0.0,0.0,0.0,0.0,0.0,0.0,0.0,0.0,0.0,0.0,6.5600000000000005,2590000000.0
2024-02-21,0.0,1.2,0.59,0.0,0.68,0.0,0.48,0.0,2.1,0.61,0.8,0.0,0.0,0.0,0.0,0.0,0.0,0.0,0.0,0.0,0.0,0.0,0.0,0.0,6.460000000000001,2590000000.0
2024-02-20,0.0,1.2,0.59,0.0,0.74,0.0,0.48,0.0,2.1,0.61,0.73,0.0,0.0,0.0,0.0,0.0,0.0,0.0,0.0,0.0,0.0,0.0,0.0,0.0,6.450000000000001,2590000000.0
2024-02-19,0.0,1.12,0.67,0.0,0.74,0.0,0.48,0.0,2.1,0.61,0.73,0.0,0.0,0.0,0.0,0.0,0.0,0.0,0.0,0.0,0.0,0.0,0.0,0.0,6.450000000000001,2590000000.0
2024-02-18,0.0,1.12,0.67,0.0,0.74,0.0,0.48,0.0,2.1,0.61,0.73,0.0,0.0,0.0,0.0,0.0,0.0,0.0,0.0,0.0,0.0,0.0,0.0,0.0,6.450000000000001,2590000000.0
2024-02-17,0.0,1.12,0.67,0.0,0.74,0.0,0.48,0.0,2.1,0.61,0.73,0.0,0.0,0.0,0.0,0.0,0.0,0.0,0.0,0.0,0.0,0.0,0.0,0.0,6.450000000000001,2590000000.0
2024-02-16,0.0,1.12,0.67,0.0,0.74,0.0,0.48,0.0,2.1,0.61,0.73,0.0,0.0,0.0,0.0,0.0,0.0,0.0,0.0,0.0,0.0,0.0,0.0,0.0,6.450000000000001,2590000000.0
2024-02-15,0.0,1.12,0.67,0.0,0.74,0.0,0.48,0.0,2.1,0.61,0.63,0.0,0.0,0.0,0.0,0.0,0.0,0.0,0.0,0.0,0.0,0.0,0.0,0.0,6.3500000000000005,2590000000.0
2024-02-14,0.0,1.12,0.67,0.0,0.74,0.0,0.5,0.0,2.1,0.61,0.5,0.0,0.0,0.0,0.0,0.0,0.0,0.0,0.0,0.0,0.0,0.0,0.0,0.0,6.240000000000001,2590000000.0
2024-02-13,0.0,1.12,0.67,0.0,0.74,0.0,0.49,0.0,2.1,0.61,0.5,0.0,0.0,0.0,0.0,0.0,0.0,0.0,0.0,0.0,0.0,0.0,0.0,0.0,6.230000000000001,2590000000.0
2024-02-12,0.0,1.12,0.55,0.0,0.74,0.0,0.49,0.39,2.03,0.61,0.5,0.0,0.0,0.0,0.0,0.0,0.0,0.0,0.0,0.0,0.0,0.0,0.0,0.0,6.430000000000001,2590000000.0
2024-02-11,0.0,1.06,0.55,0.0,0.6,0.0,0.5,0.39,2.03,0.61,0.5,0.0,0.0,0.0,0.0,0.0,0.0,0.0,0.0,0.0,0.0,0.0,0.0,0.0,6.24,2590000000.0
2024-02-10,0.0,1.06,0.55,0.0,0.6,0.0,0.5,0.39,2.03,0.61,0.5,0.0,0.0,0.0,0.0,0.0,0.0,0.0,0.0,0.0,0.0,0.0,0.0,0.0,6.24,2590000000.0
2024-02-09,0.0,1.06,0.55,0.0,0.6,0.0,0.5,0.39,2.03,0.61,0.5,0.0,0.0,0.0,0.0,0.0,0.0,0.0,0.0,0.0,0.0,0.0,0.0,0.0,6.24,2590000000.0
2024-02-08,0.0,1.06,0.0,0.0,0.6,0.49,0.5,0.39,2.03,0.61,0.5,0.0,0.0,0.0,0.0,0.0,0.0,0.0,0.0,0.0,0.0,0.0,0.0,0.0,6.180000000000001,2590000000.0
2024-02-07,0.0,1.06,0.0,0.0,0.57,0.49,0.5,0.39,1.94,0.61,0.0,0.0,0.0,0.0,0.0,0.0,0.0,0.0,0.0,0.0,0.0,0.0,0.0,0.0,5.5600000000000005,2590000000.0
2024-02-06,0.0,1.06,0.0,0.0,0.57,0.49,0.5,0.39,1.94,0.61,0.0,0.0,0.0,0.0,0.0,0.0,0.0,0.0,0.0,0.0,0.0,0.0,0.0,0.0,5.5600000000000005,2590000000.0
2024-02-05,0.0,1.06,0.0,0.0,0.57,0.49,0.5,0.39,1.87,0.61,0.0,0.0,0.0,0.0,0.0,0.0,0.0,0.0,0.0,0.0,0.0,0.0,0.0,0.0,5.490000000000001,2590000000.0
2024-02-04,0.0,1.06,0.0,0.0,0.57,0.49,0.5,0.5,1.75,0.0,0.0,0.0,0.0,0.0,0.0,0.0,0.0,0.0,0.0,0.0,0.0,0.0,0.0,0.0,4.87,2590000000.0
2024-02-03,0.0,1.06,0.0,0.0,0.57,0.49,0.5,0.5,1.75,0.0,0.0,0.0,0.0,0.0,0.0,0.0,0.0,0.0,0.0,0.0,0.0,0.0,0.0,0.0,4.87,2590000000.0
2024-02-02,0.0,1.06,0.0,0.0,0.57,0.49,0.5,0.5,1.75,0.0,0.0,0.0,0.0,0.0,0.0,0.0,0.0,0.0,0.0,0.0,0.0,0.0,0.0,0.0,4.87,2590000000.0
2024-02-01,0.0,0.95,0.0,0.0,0.57,0.49,0.5,0.0,1.75,0.0,0.0,0.0,0.0,0.0,0.0,0.0,0.0,0.0,0.0,0.0,0.0,0.0,0.0,0.0,4.26,2590000000.0
2024-01-31,0.0,0.95,0.0,0.0,0.62,0.5,0.5,0.0,1.64,0.0,0.0,0.0,0.0,0.0,0.0,0.0,0.0,0.0,0.0,0.0,0.0,0.0,0.0,0.0,4.21,2590000000.0
2024-01-30,0.0,0.95,0.0,0.0,0.59,0.5,0.5,0.0,1.64,0.0,0.0,0.0,0.0,0.0,0.0,0.0,0.0,0.0,0.0,0.0,0.0,0.0,0.0,0.0,4.18,2590000000.0
2024-01-29,0.0,0.95,0.0,0.0,0.65,0.5,0.5,0.0,1.5,0.0,0.0,0.0,0.0,0.0,0.0,0.0,0.0,0.0,0.0,0.0,0.0,0.0,0.0,0.0,4.1,2590000000.0
2024-01-28,0.0,0.82,0.0,0.0,0.65,0.5,0.5,0.0,1.5,0.0,0.0,0.0,0.0,0.0,0.0,0.0,0.0,0.0,0.0,0.0,0.0,0.0,0.0,0.0,3.9699999999999998,2590000000.0
2024-01-27,0.0,0.82,0.0,0.0,0.65,0.5,0.5,0.0,1.5,0.0,0.0,0.0,0.0,0.0,0.0,0.0,0.0,0.0,0.0,0.0,0.0,0.0,0.0,0.0,3.9699999999999998,2590000000.0
2024-01-26,0.44,0.82,0.0,0.0,0.65,0.5,0.5,0.0,1.5,0.0,0.0,0.0,0.0,0.0,0.0,0.0,0.0,0.0,0.0,0.0,0.0,0.0,0.0,0.0,4.41,2590000000.0
2024-01-25,0.44,0.82,0.0,0.0,0.65,0.5,0.5,0.0,1.5,0.0,0.0,0.0,0.0,0.0,0.0,0.0,0.0,0.0,0.0,0.0,0.0,0.0,0.0,0.0,4.41,2590000000.0
2024-01-24,0.44,0.7,0.0,0.0,0.65,0.5,0.5,0.0,1.4,0.0,0.0,0.0,0.0,0.0,0.0,0.0,0.0,0.0,0.0,0.0,0.0,0.0,0.0,0.0,4.1899999999999995,2590000000.0
2024-01-23,0.44,0.7,0.0,0.0,0.65,0.5,0.5,0.0,1.4,0.0,0.0,0.0,0.0,0.0,0.0,0.0,0.0,0.0,0.0,0.0,0.0,0.0,0.0,0.0,4.1899999999999995,2590000000.0
2024-01-22,0.44,0.7,0.0,0.0,0.65,0.5,0.5,0.0,1.4,0.0,0.0,0.0,0.0,0.0,0.0,0.0,0.0,0.0,0.0,0.0,0.0,0.0,0.0,0.0,4.1899999999999995,2590000000.0
2024-01-21,0.44,0.69,0.0,0.0,0.53,0.5,0.5,0.0,1.32,0.0,0.0,0.0,0.0,0.0,0.0,0.0,0.0,0.0,0.0,0.0,0.0,0.0,0.0,0.0,3.9800000000000004,2590000000.0
2024-01-20,0.44,0.69,0.0,0.0,0.53,0.5,0.5,0.0,1.32,0.0,0.0,0.0,0.0,0.0,0.0,0.0,0.0,0.0,0.0,0.0,0.0,0.0,0.0,0.0,3.9800000000000004,2590000000.0
2024-01-19,0.44,0.69,0.0,0.0,0.53,0.5,0.5,0.0,1.32,0.0,0.0,0.0,0.0,0.0,0.0,0.0,0.0,0.0,0.0,0.0,0.0,0.0,0.0,0.0,3.9800000000000004,2590000000.0
2024-01-18,0.56,0.69,0.0,0.0,0.53,0.5,0.5,0.0,1.32,0.0,0.0,0.0,0.0,0.0,0.0,0.0,0.0,0.0,0.0,0.0,0.0,0.0,0.0,0.0,4.1000000000000005,2590000000.0
2024-01-17,0.56,0.69,0.0,0.0,0.0,0.5,0.5,0.0,1.2,0.0,0.0,0.0,0.0,0.0,0.0,0.0,0.0,0.0,0.0,0.0,0.0,0.0,0.0,0.0,3.45,2590000000.0
2024-01-16,0.56,0.69,0.0,0.0,0.47,0.5,0.5,0.0,1.2,0.0,0.0,0.0,0.0,0.0,0.0,0.0,0.0,0.0,0.0,0.0,0.0,0.0,0.0,0.0,3.92,2590000000.0
2024-01-15,0.56,0.69,0.0,0.0,0.47,0.5,0.5,0.0,1.2,0.0,0.0,0.0,0.0,0.0,0.0,0.0,0.0,0.0,0.0,0.0,0.0,0.0,0.0,0.0,3.92,2590000000.0
2024-01-14,0.56,0.79,0.0,0.0,0.47,0.5,0.5,0.0,1.2,0.0,0.0,0.0,0.0,0.0,0.0,0.0,0.0,0.0,0.0,0.0,0.0,0.0,0.0,0.0,4.0200000000000005,2590000000.0
2024-01-13,0.56,0.79,0.0,0.0,0.47,0.5,0.5,0.0,1.2,0.0,0.0,0.0,0.0,0.0,0.0,0.0,0.0,0.0,0.0,0.0,0.0,0.0,0.0,0.0,4.0200000000000005,2590000000.0
2024-01-12,0.56,0.79,0.0,0.0,0.47,0.5,0.5,0.0,1.2,0.0,0.0,0.0,0.0,0.0,0.0,0.0,0.0,0.0,0.0,0.0,0.0,0.0,0.0,0.0,4.0200000000000005,2590000000.0
2024-01-11,0.56,0.79,0.0,0.0,0.47,0.49,0.5,0.0,1.2,0.0,0.0,0.0,0.0,0.0,0.0,0.0,0.0,0.0,0.0,0.0,0.0,0.0,0.0,0.0,4.01,2590000000.0
2024-01-10,0.56,0.79,0.0,0.0,0.47,0.49,0.5,0.0,1.18,0.0,0.0,0.0,0.0,0.0,0.0,0.0,0.0,0.0,0.0,0.0,0.0,0.0,0.0,0.0,3.99,2590000000.0
2024-01-09,0.56,0.79,0.0,0.0,0.47,0.49,0.0,0.0,1.18,0.0,0.0,0.0,0.0,0.0,0.0,0.0,0.0,0.0,0.0,0.0,0.0,0.0,0.0,0.0,3.49,2590000000.0
2024-01-08,0.69,0.88,0.0,0.0,0.5,0.49,0.0,0.0,1.18,0.0,0.0,0.0,0.0,0.0,0.0,0.0,0.0,0.0,0.0,0.0,0.0,0.0,0.0,0.0,3.7399999999999993,2590000000.0
2024-01-07,0.69,0.88,0.0,0.0,0.0,0.49,0.0,0.0,1.18,0.0,0.0,0.0,0.0,0.0,0.0,0.0,0.0,0.0,0.0,0.0,0.0,0.0,0.0,0.0,3.2399999999999993,2590000000.0
2024-01-06,0.69,0.88,0.0,0.0,0.0,0.49,0.0,0.0,1.18,0.0,0.0,0.0,0.0,0.0,0.0,0.0,0.0,0.0,0.0,0.0,0.0,0.0,0.0,0.0,3.2399999999999993,2590000000.0
2024-01-05,0.69,0.88,0.0,0.0,0.0,0.49,0.0,0.0,1.18,0.0,0.0,0.0,0.0,0.0,0.0,0.0,0.0,0.0,0.0,0.0,0.0,0.0,0.0,0.0,3.2399999999999993,2590000000.0
2024-01-04,0.79,0.88,0.0,0.0,0.0,0.49,0.0,0.0,1.18,0.0,0.0,0.0,0.0,0.0,0.0,0.0,0.0,0.0,0.0,0.0,0.0,0.0,0.0,0.0,3.34,2590000000.0
2024-01-03,0.79,0.9,0.0,0.0,0.0,0.5,0.0,0.0,1.18,0.0,0.0,0.0,0.0,0.0,0.0,0.0,0.0,0.0,0.0,0.0,0.0,0.0,0.0,0.0,3.37,2590000000.0
2024-01-02,0.91,1.07,0.0,0.0,0.0,0.5,0.0,0.0,1.18,0.0,0.0,0.0,0.0,0.0,0.0,0.0,0.0,0.0,0.0,0.0,0.0,0.0,0.0,0.0,3.66,2590000000.0
2024-01-01,1.03,1.07,0.0,0.0,0.0,0.0,0.0,0.0,1.18,0.0,0.0,0.0,0.0,0.0,0.0,0.0,0.0,0.0,0.0,0.0,0.0,0.0,0.0,0.0,3.2800000000000002,2590000000.0
2023-12-31,1.03,1.07,0.0,0.0,0.0,0.0,0.0,0.0,1.18,0.0,0.0,0.0,0.0,0.0,0.0,0.0,0.0,0.0,0.0,0.0,0.0,0.0,0.0,0.0,3.2800000000000002,2640000000.0
2023-12-30,1.03,1.07,0.0,0.0,0.0,0.0,0.0,0.0,1.18,0.0,0.0,0.0,0.0,0.0,0.0,0.0,0.0,0.0,0.0,0.0,0.0,0.0,0.0,0.0,3.2800000000000002,2640000000.0
2023-12-29,1.03,1.07,0.0,0.0,0.0,0.0,0.0,0.0,1.18,0.0,0.0,0.0,0.0,0.0,0.0,0.0,0.0,0.0,0.0,0.0,0.0,0.0,0.0,0.0,3.2800000000000002,2640000000.0
2023-12-28,1.03,1.07,0.0,0.0,0.0,0.0,0.0,0.0,1.18,0.0,0.0,0.0,0.0,0.0,0.0,0.0,0.0,0.0,0.0,0.0,0.0,0.0,0.0,0.0,3.2800000000000002,2640000000.0
2023-12-27,1.03,1.07,0.0,0.0,0.0,0.0,0.0,0.0,1.18,0.0,0.0,0.0,0.0,0.0,0.0,0.0,0.0,0.0,0.0,0.0,0.0,0.0,0.0,0.0,3.2800000000000002,2640000000.0
2023-12-26,1.03,1.07,0.0,0.0,0.0,0.0,0.0,0.0,1.18,0.0,0.0,0.0,0.0,0.0,0.0,0.0,0.0,0.0,0.0,0.0,0.0,0.0,0.0,0.0,3.2800000000000002,2640000000.0
2023-12-25,1.03,1.07,0.0,0.0,0.0,0.0,0.0,0.0,1.18,0.0,0.0,0.0,0.0,0.0,0.0,0.0,0.0,0.0,0.0,0.0,0.0,0.0,0.0,0.0,3.2800000000000002,2640000000.0
2023-12-24,1.03,1.07,0.0,0.0,0.0,0.0,0.0,0.0,1.18,0.0,0.0,0.0,0.0,0.0,0.0,0.0,0.0,0.0,0.0,0.0,0.0,0.0,0.0,0.0,3.2800000000000002,2640000000.0
2023-12-23,1.03,1.07,0.0,0.0,0.0,0.0,0.0,0.0,1.18,0.0,0.0,0.0,0.0,0.0,0.0,0.0,0.0,0.0,0.0,0.0,0.0,0.0,0.0,0.0,3.2800000000000002,2640000000.0
2023-12-22,1.03,1.07,0.0,0.0,0.0,0.0,0.0,0.0,1.18,0.0,0.0,0.0,0.0,0.0,0.0,0.0,0.0,0.0,0.0,0.0,0.0,0.0,0.0,0.0,3.2800000000000002,2640000000.0
2023-12-21,1.03,1.07,0.0,0.0,0.0,0.0,0.0,0.0,1.18,0.0,0.0,0.0,0.0,0.0,0.0,0.0,0.0,0.0,0.0,0.0,0.0,0.0,0.0,0.0,3.2800000000000002,2640000000.0
2023-12-20,1.03,1.07,0.0,0.0,0.0,0.49,0.0,0.0,1.18,0.0,0.0,0.0,0.0,0.0,0.0,0.0,0.0,0.0,0.0,0.0,0.0,0.0,0.0,0.0,3.7699999999999996,2640000000.0
2023-12-19,0.95,1.07,0.0,0.0,0.0,0.49,0.0,0.0,1.18,0.0,0.0,0.0,0.0,0.0,0.0,0.0,0.0,0.0,0.0,0.0,0.0,0.0,0.0,0.0,3.6899999999999995,2640000000.0
2023-12-18,0.95,1.07,0.0,0.0,0.0,0.49,0.0,0.0,1.18,0.0,0.0,0.0,0.0,0.0,0.0,0.0,0.0,0.0,0.0,0.0,0.0,0.0,0.0,0.0,3.6899999999999995,2640000000.0
2023-12-17,0.95,1.07,0.0,0.0,0.0,0.49,0.0,0.0,1.26,0.0,0.0,0.0,0.0,0.0,0.0,0.0,0.0,0.0,0.0,0.0,0.0,0.0,0.0,0.0,3.7699999999999996,2640000000.0
2023-12-16,0.95,1.07,0.0,0.0,0.0,0.49,0.0,0.0,1.26,0.0,0.0,0.0,0.0,0.0,0.0,0.0,0.0,0.0,0.0,0.0,0.0,0.0,0.0,0.0,3.7699999999999996,2640000000.0
2023-12-15,0.95,1.07,0.0,0.0,0.0,0.49,0.0,0.0,1.26,0.0,0.0,0.0,0.0,0.0,0.0,0.0,0.0,0.0,0.0,0.0,0.0,0.0,0.0,0.0,3.7699999999999996,2640000000.0
2023-12-14,0.95,1.12,0.0,0.0,0.0,0.49,0.0,0.0,1.26,0.0,0.0,0.0,0.0,0.0,0.0,0.0,0.0,0.0,0.0,0.0,0.0,0.0,0.0,0.0,3.8200000000000003,2640000000.0
2023-12-13,1.09,1.23,0.0,0.0,0.0,0.49,0.0,0.0,1.26,0.0,0.0,0.0,0.0,0.0,0.0,0.0,0.0,0.0,0.0,0.0,0.0,0.0,0.0,0.0,4.07,2640000000.0
2023-12-12,1.09,1.19,0.0,0.0,0.0,0.5,0.0,0.0,1.26,0.0,0.0,0.0,0.0,0.0,0.0,0.0,0.0,0.0,0.0,0.0,0.0,0.0,0.0,0.0,4.04,2640000000.0
2023-12-11,1.18,1.19,0.0,0.0,0.0,0.0,0.0,0.0,1.26,0.0,0.0,0.0,0.0,0.0,0.0,0.0,0.0,0.0,0.0,0.0,0.0,0.0,0.0,0.0,3.63,2640000000.0
2023-12-10,1.18,1.2,0.0,0.0,0.0,0.0,0.0,0.0,1.26,0.0,0.0,0.0,0.0,0.0,0.0,0.0,0.0,0.0,0.0,0.0,0.0,0.0,0.0,0.0,3.6399999999999997,2640000000.0
2023-12-09,1.18,1.2,0.0,0.0,0.0,0.0,0.0,0.0,1.26,0.0,0.0,0.0,0.0,0.0,0.0,0.0,0.0,0.0,0.0,0.0,0.0,0.0,0.0,0.0,3.6399999999999997,2640000000.0
2023-12-08,1.18,1.2,0.0,0.0,0.0,0.0,0.0,0.0,1.26,0.0,0.0,0.0,0.0,0.0,0.0,0.0,0.0,0.0,0.0,0.0,0.0,0.0,0.0,0.0,3.6399999999999997,2640000000.0
2023-12-07,1.18,1.19,0.0,0.0,0.0,0.0,0.0,0.0,1.26,0.0,0.0,0.0,0.0,0.0,0.0,0.0,0.0,0.0,0.0,0.0,0.0,0.0,0.0,0.0,3.63,2640000000.0
2023-12-06,1.18,1.2,0.0,0.0,0.0,0.0,0.0,0.0,1.14,0.0,0.0,0.0,0.0,0.0,0.0,0.0,0.0,0.0,0.0,0.0,0.0,0.0,0.0,0.0,3.5199999999999996,2640000000.0
2023-12-05,1.18,1.2,0.0,0.0,0.0,0.0,0.0,0.0,1.14,0.0,0.0,0.0,0.0,0.0,0.0,0.0,0.0,0.0,0.0,0.0,0.0,0.0,0.0,0.0,3.5199999999999996,2640000000.0
2023-12-04,1.18,1.2,0.0,0.0,0.0,0.0,0.0,0.0,1.14,0.0,0.0,0.0,0.0,0.0,0.0,0.0,0.0,0.0,0.0,0.0,0.0,0.0,0.0,0.0,3.5199999999999996,2640000000.0
2023-12-03,1.2,1.2,0.0,0.0,0.0,0.0,0.0,0.0,1.14,0.0,0.0,0.0,0.0,0.0,0.0,0.0,0.0,0.0,0.0,0.0,0.0,0.0,0.0,0.0,3.54,2640000000.0
2023-12-02,1.2,1.2,0.0,0.0,0.0,0.0,0.0,0.0,1.14,0.0,0.0,0.0,0.0,0.0,0.0,0.0,0.0,0.0,0.0,0.0,0.0,0.0,0.0,0.0,3.54,2640000000.0
2023-12-01,1.2,1.2,0.0,0.0,0.0,0.0,0.0,0.0,1.14,0.0,0.0,0.0,0.0,0.0,0.0,0.0,0.0,0.0,0.0,0.0,0.0,0.0,0.0,0.0,3.54,2640000000.0
2023-11-30,1.17,1.2,0.0,0.0,0.0,0.0,0.0,0.0,1.14,0.0,0.0,0.0,0.0,0.0,0.0,0.0,0.0,0.0,0.0,0.0,0.0,0.0,0.0,0.0,3.51,2640000000.0
2023-11-29,1.17,1.2,0.0,0.0,0.0,0.0,0.0,0.0,1.14,0.0,0.0,0.0,0.0,0.0,0.0,0.0,0.0,0.0,0.0,0.0,0.0,0.0,0.0,0.0,3.51,2640000000.0
2023-11-28,1.17,1.2,0.0,0.0,0.0,0.0,0.0,0.0,1.14,0.0,0.0,0.0,0.0,0.0,0.0,0.0,0.0,0.0,0.0,0.0,0.0,0.0,0.0,0.0,3.51,2640000000.0
2023-11-27,1.17,1.2,0.0,0.0,0.0,0.0,0.0,0.0,1.14,0.0,0.0,0.0,0.0,0.0,0.0,0.0,0.0,0.0,0.0,0.0,0.0,0.0,0.0,0.0,3.51,2640000000.0
2023-11-26,1.17,1.18,0.0,0.0,0.0,0.0,0.0,0.0,1.14,0.0,0.0,0.0,0.0,0.0,0.0,0.0,0.0,0.0,0.0,0.0,0.0,0.0,0.0,0.0,3.4899999999999993,2640000000.0
2023-11-25,1.17,1.18,0.0,0.0,0.0,0.0,0.0,0.0,1.14,0.0,0.0,0.0,0.0,0.0,0.0,0.0,0.0,0.0,0.0,0.0,0.0,0.0,0.0,0.0,3.4899999999999993,2640000000.0
2023-11-24,1.17,1.18,0.0,0.0,0.0,0.0,0.0,0.0,1.14,0.0,0.0,0.0,0.0,0.0,0.0,0.0,0.0,0.0,0.0,0.0,0.0,0.0,0.0,0.0,3.4899999999999993,2640000000.0
2023-11-23,1.17,1.27,0.0,0.0,0.0,0.0,0.0,0.0,1.14,0.0,0.0,0.0,0.0,0.0,0.0,0.0,0.0,0.0,0.0,0.0,0.0,0.0,0.0,0.0,3.58,2640000000.0
2023-11-22,1.29,1.27,0.0,0.0,0.0,0.48,0.0,0.0,1.14,0.0,0.0,0.0,0.0,0.0,0.0,0.0,0.0,0.0,0.0,0.0,0.0,0.0,0.0,0.0,4.18,2640000000.0
2023-11-21,1.29,1.27,0.0,0.0,0.0,0.48,0.0,0.0,1.14,0.0,0.0,0.0,0.0,0.0,0.0,0.0,0.0,0.0,0.0,0.0,0.0,0.0,0.0,0.0,4.18,2640000000.0
2023-11-20,1.29,1.37,0.0,0.0,0.0,0.48,0.0,0.0,1.14,0.0,0.0,0.0,0.0,0.0,0.0,0.0,0.0,0.0,0.0,0.0,0.0,0.0,0.0,0.0,4.28,2640000000.0
2023-11-19,1.33,1.37,0.0,0.0,0.0,0.48,0.0,0.0,1.14,0.0,0.0,0.0,0.0,0.0,0.0,0.0,0.0,0.0,0.0,0.0,0.0,0.0,0.0,0.0,4.32,2640000000.0
2023-11-18,1.33,1.37,0.0,0.0,0.0,0.48,0.0,0.0,1.14,0.0,0.0,0.0,0.0,0.0,0.0,0.0,0.0,0.0,0.0,0.0,0.0,0.0,0.0,0.0,4.32,2640000000.0
2023-11-17,1.33,1.37,0.0,0.0,0.0,0.48,0.0,0.0,1.14,0.0,0.0,0.0,0.0,0.0,0.0,0.0,0.0,0.0,0.0,0.0,0.0,0.0,0.0,0.0,4.32,2640000000.0
2023-11-16,1.33,1.37,0.0,0.46,0.0,0.48,0.0,0.0,1.14,0.0,0.0,0.0,0.0,0.0,0.0,0.0,0.0,0.0,0.0,0.0,0.0,0.0,0.0,0.0,4.78,2640000000.0
2023-11-15,1.21,1.37,0.0,0.46,0.0,0.48,0.0,0.0,1.05,0.0,0.0,0.0,0.0,0.0,0.0,0.0,0.0,0.0,0.0,0.0,0.0,0.0,0.0,0.0,4.57,2640000000.0
2023-11-14,1.21,1.37,0.0,0.46,0.0,0.5,0.0,0.0,1.05,0.0,0.0,0.0,0.0,0.0,0.0,0.0,0.0,0.0,0.0,0.0,0.0,0.0,0.0,0.0,4.59,2640000000.0
2023-11-13,1.21,1.43,0.0,0.46,0.0,0.5,0.0,0.0,1.05,0.0,0.0,0.0,0.0,0.0,0.0,0.0,0.0,0.0,0.0,0.0,0.0,0.0,0.0,0.0,4.6499999999999995,2640000000.0
2023-11-12,1.33,1.36,0.0,0.46,0.0,0.48,0.0,0.0,0.95,0.0,0.0,0.0,0.0,0.0,0.0,0.0,0.0,0.0,0.0,0.0,0.0,0.0,0.0,0.0,4.58,2640000000.0
2023-11-11,1.33,1.36,0.0,0.46,0.0,0.48,0.0,0.0,0.95,0.0,0.0,0.0,0.0,0.0,0.0,0.0,0.0,0.0,0.0,0.0,0.0,0.0,0.0,0.0,4.58,2640000000.0
2023-11-10,1.33,1.36,0.0,0.46,0.0,0.48,0.0,0.0,0.95,0.0,0.0,0.0,0.0,0.0,0.0,0.0,0.0,0.0,0.0,0.0,0.0,0.0,0.0,0.0,4.58,2640000000.0
2023-11-09,1.33,1.36,0.0,0.46,0.0,0.48,0.0,0.0,0.95,0.0,0.0,0.0,0.0,0.0,0.0,0.0,0.0,0.0,0.0,0.0,0.0,0.0,0.0,0.0,4.58,2640000000.0
2023-11-08,1.33,1.36,0.0,0.61,0.0,0.48,0.0,0.0,0.8,0.0,0.0,0.0,0.0,0.0,0.0,0.0,0.0,0.0,0.0,0.0,0.0,0.0,0.0,0.0,4.58,2640000000.0
2023-11-07,1.43,1.23,0.0,0.58,0.0,0.5,0.0,0.0,0.8,0.0,0.0,0.0,0.0,0.0,0.0,0.0,0.0,0.0,0.0,0.0,0.0,0.0,0.0,0.0,4.54,2640000000.0
2023-11-06,1.43,1.23,0.0,0.0,0.0,0.49,0.0,0.0,0.7,0.0,0.0,0.0,0.0,0.0,0.0,0.0,0.0,0.0,0.0,0.0,0.0,0.0,0.0,0.0,3.8500000000000005,2640000000.0
2023-11-05,1.71,1.23,0.0,0.0,0.0,0.49,0.0,0.0,0.5,0.0,0.0,0.0,0.0,0.0,0.0,0.0,0.0,0.0,0.0,0.0,0.0,0.0,0.0,0.0,3.9299999999999997,2640000000.0
2023-11-04,1.71,1.23,0.0,0.0,0.0,0.49,0.0,0.0,0.5,0.0,0.0,0.0,0.0,0.0,0.0,0.0,0.0,0.0,0.0,0.0,0.0,0.0,0.0,0.0,3.9299999999999997,2640000000.0
2023-11-03,1.71,1.23,0.0,0.42,0.0,0.49,0.0,0.0,0.5,0.0,0.0,0.0,0.0,0.0,0.0,0.0,0.0,0.0,0.0,0.0,0.0,0.0,0.0,0.0,4.35,2640000000.0
2023-11-02,1.71,1.12,0.0,0.42,0.0,0.49,0.0,0.0,0.5,0.0,0.0,0.0,0.0,0.0,0.0,0.0,0.0,0.0,0.0,0.0,0.0,0.0,0.0,0.0,4.24,2640000000.0
2023-11-01,1.71,1.12,0.0,0.42,0.0,0.59,0.0,0.0,0.5,0.0,0.0,0.0,0.0,0.0,0.0,0.0,0.0,0.0,0.0,0.0,0.0,0.0,0.0,0.0,4.34,2640000000.0
2023-10-31,1.64,1.12,0.0,0.42,0.0,0.59,0.0,0.0,0.0,0.0,0.0,0.0,0.0,0.0,0.0,0.0,0.0,0.0,0.0,0.0,0.0,0.0,0.0,0.0,3.7699999999999996,2640000000.0
2023-10-30,1.64,1.12,0.0,0.42,0.0,0.59,0.0,0.0,0.0,0.0,0.0,0.0,0.0,0.0,0.0,0.0,0.0,0.0,0.0,0.0,0.0,0.0,0.0,0.0,3.7699999999999996,2640000000.0
2023-10-29,1.75,1.12,0.0,0.42,0.0,0.59,0.0,0.0,0.0,0.0,0.0,0.0,0.0,0.0,0.0,0.0,0.0,0.0,0.0,0.0,0.0,0.0,0.0,0.0,3.88,2640000000.0
2023-10-28,1.75,1.12,0.0,0.42,0.0,0.59,0.0,0.0,0.0,0.0,0.0,0.0,0.0,0.0,0.0,0.0,0.0,0.0,0.0,0.0,0.0,0.0,0.0,0.0,3.88,2640000000.0
2023-10-27,1.75,1.12,0.0,0.42,0.0,0.59,0.0,0.0,0.0,0.0,0.0,0.0,0.0,0.0,0.0,0.0,0.0,0.0,0.0,0.0,0.0,0.0,0.0,0.0,3.88,2640000000.0
2023-10-26,1.62,1.05,0.0,0.57,0.0,0.59,0.0,0.0,0.0,0.0,0.0,0.0,0.0,0.0,0.0,0.0,0.0,0.0,0.0,0.0,0.0,0.0,0.0,0.0,3.8299999999999996,2640000000.0
2023-10-25,1.62,1.05,0.0,0.57,0.0,0.59,0.0,0.0,0.0,0.0,0.0,0.0,0.0,0.0,0.0,0.0,0.0,0.0,0.0,0.0,0.0,0.0,0.0,0.0,3.8299999999999996,2640000000.0
2023-10-24,1.55,0.9,0.0,0.64,0.0,0.59,0.0,0.0,0.0,0.0,0.0,0.0,0.0,0.0,0.0,0.0,0.0,0.0,0.0,0.0,0.0,0.0,0.0,0.0,3.68,2640000000.0
2023-10-23,1.55,0.9,0.0,0.64,0.0,0.59,0.0,0.0,0.0,0.0,0.0,0.0,0.0,0.0,0.0,0.0,0.0,0.0,0.0,0.0,0.0,0.0,0.0,0.0,3.68,2640000000.0
2023-10-22,1.55,0.82,0.0,0.51,0.0,0.59,0.0,0.0,0.0,0.0,0.0,0.0,0.0,0.0,0.0,0.0,0.0,0.0,0.0,0.0,0.0,0.0,0.0,0.0,3.4699999999999998,2640000000.0
2023-10-21,1.55,0.82,0.0,0.51,0.0,0.59,0.0,0.0,0.0,0.0,0.0,0.0,0.0,0.0,0.0,0.0,0.0,0.0,0.0,0.0,0.0,0.0,0.0,0.0,3.4699999999999998,2640000000.0
2023-10-20,1.55,0.82,0.0,0.51,0.0,0.59,0.0,0.0,0.0,0.0,0.0,0.0,0.0,0.0,0.0,0.0,0.0,0.0,0.0,0.0,0.0,0.0,0.0,0.0,3.4699999999999998,2640000000.0
2023-10-19,1.49,0.82,0.0,0.51,0.0,0.59,0.0,0.0,0.0,0.0,0.0,0.0,0.0,0.0,0.0,0.0,0.0,0.0,0.0,0.0,0.0,0.0,0.0,0.0,3.41,2640000000.0
2023-10-18,1.52,0.82,0.0,0.46,0.0,0.59,0.0,0.0,0.0,0.0,0.0,0.0,0.0,0.0,0.0,0.0,0.0,0.0,0.0,0.0,0.0,0.0,0.0,0.0,3.3899999999999997,2640000000.0
2023-10-17,1.52,0.91,0.0,0.46,0.0,0.59,0.0,0.0,0.0,0.0,0.0,0.0,0.0,0.0,0.0,0.0,0.0,0.0,0.0,0.0,0.0,0.0,0.0,0.0,3.48,2640000000.0
2023-10-16,1.52,0.89,0.0,0.46,0.0,0.59,0.0,0.0,0.0,0.0,0.0,0.0,0.0,0.0,0.0,0.0,0.0,0.0,0.0,0.0,0.0,0.0,0.0,0.0,3.46,2640000000.0
2023-10-15,1.52,0.91,0.0,0.46,0.0,0.59,0.0,0.0,0.0,0.0,0.0,0.0,0.0,0.0,0.0,0.0,0.0,0.0,0.0,0.0,0.0,0.0,0.0,0.0,3.48,2640000000.0
2023-10-14,1.52,0.91,0.0,0.46,0.0,0.59,0.0,0.0,0.0,0.0,0.0,0.0,0.0,0.0,0.0,0.0,0.0,0.0,0.0,0.0,0.0,0.0,0.0,0.0,3.48,2640000000.0
2023-10-13,1.52,0.91,0.0,0.46,0.0,0.59,0.0,0.0,0.0,0.0,0.0,0.0,0.0,0.0,0.0,0.0,0.0,0.0,0.0,0.0,0.0,0.0,0.0,0.0,3.48,2640000000.0
2023-10-12,1.52,0.85,0.0,0.46,0.0,0.59,0.0,0.0,0.0,0.0,0.0,0.0,0.0,0.0,0.0,0.0,0.0,0.0,0.0,0.0,0.0,0.0,0.0,0.0,3.42,2640000000.0
2023-10-11,1.49,0.85,0.0,0.46,0.0,0.59,0.0,0.0,0.0,0.0,0.0,0.0,0.0,0.0,0.0,0.0,0.0,0.0,0.0,0.0,0.0,0.0,0.0,0.0,3.3899999999999997,2640000000.0
2023-10-10,1.5,0.93,0.0,0.5,0.0,0.59,0.0,0.0,0.0,0.0,0.0,0.0,0.0,0.0,0.0,0.0,0.0,0.0,0.0,0.0,0.0,0.0,0.0,0.0,3.52,2640000000.0
2023-10-09,1.45,0.93,0.0,0.62,0.0,0.6,0.0,0.0,0.0,0.0,0.0,0.0,0.0,0.0,0.0,0.0,0.0,0.0,0.0,0.0,0.0,0.0,0.0,0.0,3.6,2640000000.0
2023-10-08,1.45,0.93,0.0,0.62,0.0,0.6,0.0,0.0,0.0,0.0,0.0,0.0,0.0,0.0,0.0,0.0,0.0,0.0,0.0,0.0,0.0,0.0,0.0,0.0,3.6,2640000000.0
2023-10-07,1.45,0.93,0.0,0.62,0.0,0.6,0.0,0.0,0.0,0.0,0.0,0.0,0.0,0.0,0.0,0.0,0.0,0.0,0.0,0.0,0.0,0.0,0.0,0.0,3.6,2640000000.0
2023-10-06,1.45,0.93,0.0,0.62,0.0,0.6,0.0,0.0,0.0,0.0,0.0,0.0,0.0,0.0,0.0,0.0,0.0,0.0,0.0,0.0,0.0,0.0,0.0,0.0,3.6,2640000000.0
2023-10-05,1.35,0.8,0.0,0.62,0.0,0.6,0.0,0.0,0.0,0.0,0.0,0.0,0.0,0.0,0.0,0.0,0.0,0.0,0.0,0.0,0.0,0.0,0.0,0.0,3.3700000000000006,2640000000.0
2023-10-04,1.35,0.8,0.0,0.62,0.0,0.6,0.0,0.0,0.0,0.0,0.0,0.0,0.0,0.0,0.0,0.0,0.0,0.0,0.0,0.0,0.0,0.0,0.0,0.0,3.3700000000000006,2640000000.0
2023-10-03,1.35,0.8,0.0,0.51,0.0,0.6,0.0,0.0,0.0,0.0,0.0,0.0,0.0,0.0,0.0,0.0,0.0,0.0,0.0,0.0,0.0,0.0,0.0,0.0,3.2600000000000002,2640000000.0
2023-10-02,1.2,0.7,0.0,0.51,0.0,0.6,0.0,0.0,0.0,0.0,0.0,0.0,0.0,0.0,0.0,0.0,0.0,0.0,0.0,0.0,0.0,0.0,0.0,0.0,3.0100000000000002,2640000000.0
2023-10-01,1.2,0.7,0.0,0.51,0.0,0.6,0.0,0.0,0.0,0.0,0.0,0.0,0.0,0.0,0.0,0.0,0.0,0.0,0.0,0.0,0.0,0.0,0.0,0.0,3.0100000000000002,2640000000.0
2023-09-30,1.2,0.7,0.0,0.51,0.0,0.6,0.0,0.0,0.0,0.0,0.0,0.0,0.0,0.0,0.0,0.0,0.0,0.0,0.0,0.0,0.0,0.0,0.0,0.0,3.0100000000000002,2640000000.0
2023-09-29,1.2,0.7,0.0,0.51,0.0,0.6,0.0,0.0,0.0,0.0,0.0,0.0,0.0,0.0,0.0,0.0,0.0,0.0,0.0,0.0,0.0,0.0,0.0,0.0,3.0100000000000002,2640000000.0
2023-09-28,1.2,0.62,0.0,0.68,0.0,0.6,0.0,0.0,0.0,0.0,0.0,0.0,0.0,0.0,0.0,0.0,0.0,0.0,0.0,0.0,0.0,0.0,0.0,0.0,3.1,2640000000.0
2023-09-27,1.16,0.51,0.0,0.68,0.0,0.6,0.0,0.0,0.0,0.0,0.0,0.0,0.0,0.0,0.0,0.0,0.0,0.0,0.0,0.0,0.0,0.0,0.0,0.0,2.95,2640000000.0
2023-09-26,1.16,0.51,0.0,0.68,0.0,0.6,0.0,0.0,0.0,0.0,0.0,0.0,0.0,0.0,0.0,0.0,0.0,0.0,0.0,0.0,0.0,0.0,0.0,0.0,2.95,2640000000.0
2023-09-25,1.16,0.51,0.0,0.75,0.0,0.6,0.0,0.0,0.0,0.0,0.0,0.0,0.0,0.0,0.0,0.0,0.0,0.0,0.0,0.0,0.0,0.0,0.0,0.0,3.02,2640000000.0
2023-09-24,1.16,0.51,0.0,0.66,0.0,0.6,0.0,0.0,0.0,0.0,0.0,0.0,0.0,0.0,0.0,0.0,0.0,0.0,0.0,0.0,0.0,0.0,0.0,0.0,2.93,2640000000.0
2023-09-23,1.16,0.51,0.0,0.66,0.0,0.6,0.0,0.0,0.0,0.0,0.0,0.0,0.0,0.0,0.0,0.0,0.0,0.0,0.0,0.0,0.0,0.0,0.0,0.0,2.93,2640000000.0
2023-09-22,1.16,0.51,0.0,0.66,0.0,0.6,0.0,0.0,0.0,0.0,0.0,0.0,0.0,0.0,0.0,0.0,0.0,0.0,0.0,0.0,0.0,0.0,0.0,0.0,2.93,2640000000.0
2023-09-21,1.16,0.51,0.0,0.66,0.0,0.6,0.0,0.0,0.0,0.0,0.0,0.0,0.0,0.0,0.0,0.0,0.0,0.0,0.0,0.0,0.0,0.0,0.0,0.0,2.93,2640000000.0
2023-09-20,1.16,0.51,0.0,0.57,0.0,0.6,0.0,0.0,0.0,0.0,0.0,0.0,0.0,0.0,0.0,0.0,0.0,0.0,0.0,0.0,0.0,0.0,0.0,0.0,2.84,2640000000.0
2023-09-19,1.16,0.0,0.0,0.57,0.0,0.57,0.0,0.0,0.0,0.0,0.0,0.0,0.0,0.0,0.0,0.0,0.0,0.0,0.0,0.0,0.0,0.0,0.0,0.0,2.3,2640000000.0
2023-09-18,1.02,0.0,0.0,0.57,0.0,0.57,0.0,0.0,0.0,0.0,0.0,0.0,0.0,0.0,0.0,0.0,0.0,0.0,0.0,0.0,0.0,0.0,0.0,0.0,2.1599999999999997,2640000000.0
2023-09-17,1.02,0.0,0.0,0.57,0.0,0.57,0.0,0.0,0.0,0.0,0.0,0.0,0.0,0.0,0.0,0.0,0.0,0.0,0.0,0.0,0.0,0.0,0.0,0.0,2.1599999999999997,2640000000.0
2023-09-16,1.02,0.0,0.0,0.57,0.0,0.57,0.0,0.0,0.0,0.0,0.0,0.0,0.0,0.0,0.0,0.0,0.0,0.0,0.0,0.0,0.0,0.0,0.0,0.0,2.1599999999999997,2640000000.0
2023-09-15,1.02,0.0,0.0,0.57,0.0,0.57,0.0,0.0,0.0,0.0,0.0,0.0,0.0,0.0,0.0,0.0,0.0,0.0,0.0,0.0,0.0,0.0,0.0,0.0,2.1599999999999997,2640000000.0
2023-09-14,1.02,0.0,0.0,0.62,0.0,0.57,0.0,0.0,0.0,0.0,0.0,0.0,0.0,0.0,0.0,0.0,0.0,0.0,0.0,0.0,0.0,0.0,0.0,0.0,2.21,2640000000.0
2023-09-13,1.02,0.0,0.0,0.79,0.0,0.57,0.0,0.0,0.0,0.0,0.0,0.0,0.0,0.0,0.0,0.0,0.0,0.0,0.0,0.0,0.0,0.0,0.0,0.0,2.38,2640000000.0
2023-09-12,1.02,0.0,0.0,0.79,0.0,0.57,0.0,0.0,0.0,0.0,0.0,0.0,0.0,0.0,0.0,0.0,0.0,0.0,0.0,0.0,0.0,0.0,0.0,0.0,2.38,2640000000.0
2023-09-11,1.02,0.0,0.0,0.79,0.0,0.57,0.0,0.0,0.0,0.0,0.0,0.0,0.0,0.0,0.0,0.0,0.0,0.0,0.0,0.0,0.0,0.0,0.0,0.0,2.38,2640000000.0
2023-09-10,0.9,0.0,0.0,0.79,0.0,0.57,0.0,0.0,0.0,0.0,0.0,0.0,0.0,0.0,0.0,0.0,0.0,0.0,0.0,0.0,0.0,0.0,0.0,0.0,2.26,2640000000.0
2023-09-09,0.9,0.0,0.0,0.79,0.0,0.57,0.0,0.0,0.0,0.0,0.0,0.0,0.0,0.0,0.0,0.0,0.0,0.0,0.0,0.0,0.0,0.0,0.0,0.0,2.26,2640000000.0
2023-09-08,0.9,0.0,0.0,0.79,0.0,0.57,0.0,0.0,0.0,0.0,0.0,0.0,0.0,0.0,0.0,0.0,0.0,0.0,0.0,0.0,0.0,0.0,0.0,0.0,2.26,2640000000.0
2023-09-07,0.9,0.0,0.0,0.79,0.0,0.57,0.0,0.0,0.0,0.0,0.0,0.0,0.0,0.0,0.0,0.0,0.0,0.0,0.0,0.0,0.0,0.0,0.0,0.0,2.26,2640000000.0
2023-09-06,0.9,0.0,0.0,0.89,0.0,0.57,0.0,0.0,0.0,0.0,0.0,0.0,0.0,0.0,0.0,0.0,0.0,0.0,0.0,0.0,0.0,0.0,0.0,0.0,2.36,2640000000.0
2023-09-05,0.9,0.0,0.0,0.89,0.0,0.57,0.0,0.0,0.0,0.0,0.0,0.0,0.0,0.0,0.0,0.0,0.0,0.0,0.0,0.0,0.0,0.0,0.0,0.0,2.36,2640000000.0
2023-09-04,0.9,0.0,0.0,0.89,0.0,0.6,0.0,0.0,0.0,0.0,0.0,0.0,0.0,0.0,0.0,0.0,0.0,0.0,0.0,0.0,0.0,0.0,0.0,0.0,2.39,2640000000.0
2023-09-03,0.9,0.0,0.0,0.89,0.0,0.6,0.0,0.0,0.0,0.0,0.0,0.0,0.0,0.0,0.0,0.0,0.0,0.0,0.0,0.0,0.0,0.0,0.0,0.0,2.39,2640000000.0
2023-09-02,0.9,0.0,0.0,0.89,0.0,0.6,0.0,0.0,0.0,0.0,0.0,0.0,0.0,0.0,0.0,0.0,0.0,0.0,0.0,0.0,0.0,0.0,0.0,0.0,2.39,2640000000.0
2023-09-01,0.9,0.0,0.0,0.89,0.0,0.6,0.0,0.0,0.0,0.0,0.0,0.0,0.0,0.0,0.0,0.0,0.0,0.0,0.0,0.0,0.0,0.0,0.0,0.0,2.39,2640000000.0
2023-08-31,0.9,0.0,0.0,0.89,0.0,0.6,0.0,0.0,0.0,0.0,0.0,0.0,0.0,0.0,0.0,0.0,0.0,0.0,0.0,0.0,0.0,0.0,0.0,0.0,2.39,2640000000.0
2023-08-30,0.83,0.0,0.0,0.89,0.0,0.58,0.0,0.0,0.0,0.0,0.0,0.0,0.0,0.0,0.0,0.0,0.0,0.0,0.0,0.0,0.0,0.0,0.0,0.0,2.3,2640000000.0
2023-08-29,0.83,0.0,0.0,0.98,0.0,0.58,0.0,0.0,0.0,0.0,0.0,0.0,0.0,0.0,0.0,0.0,0.0,0.0,0.0,0.0,0.0,0.0,0.0,0.0,2.39,2640000000.0
2023-08-28,0.83,0.0,0.0,0.98,0.0,0.58,0.0,0.0,0.0,0.0,0.0,0.0,0.0,0.0,0.0,0.0,0.0,0.0,0.0,0.0,0.0,0.0,0.0,0.0,2.39,2640000000.0
2023-08-27,0.83,0.0,0.0,1.02,0.0,0.58,0.0,0.0,0.0,0.0,0.0,0.0,0.0,0.0,0.0,0.0,0.0,0.0,0.0,0.0,0.0,0.0,0.0,0.0,2.43,2640000000.0
2023-08-26,0.83,0.0,0.0,1.02,0.0,0.58,0.0,0.0,0.0,0.0,0.0,0.0,0.0,0.0,0.0,0.0,0.0,0.0,0.0,0.0,0.0,0.0,0.0,0.0,2.43,2640000000.0
2023-08-25,0.83,0.0,0.0,1.02,0.0,0.58,0.0,0.0,0.0,0.0,0.0,0.0,0.0,0.0,0.0,0.0,0.0,0.0,0.0,0.0,0.0,0.0,0.0,0.0,2.43,2640000000.0
2023-08-24,0.83,0.0,0.0,1.02,0.0,0.58,0.0,0.0,0.0,0.0,0.0,0.0,0.0,0.0,0.0,0.0,0.0,0.0,0.0,0.0,0.0,0.0,0.0,0.0,2.43,2640000000.0
2023-08-23,0.83,0.0,0.0,1.02,0.0,0.58,0.0,0.0,0.0,0.0,0.0,0.0,0.0,0.0,0.0,0.0,0.0,0.0,0.0,0.0,0.0,0.0,0.0,0.0,2.43,2640000000.0
2023-08-22,0.74,0.0,0.0,1.02,0.0,0.6,0.0,0.0,0.0,0.0,0.0,0.0,0.0,0.0,0.0,0.0,0.0,0.0,0.0,0.0,0.0,0.0,0.0,0.0,2.36,2640000000.0
2023-08-21,0.74,0.0,0.0,1.02,0.0,0.6,0.0,0.0,0.0,0.0,0.0,0.0,0.0,0.0,0.0,0.0,0.0,0.0,0.0,0.0,0.0,0.0,0.0,0.0,2.36,2640000000.0
2023-08-20,0.74,0.0,0.0,1.02,0.0,0.6,0.0,0.0,0.0,0.0,0.0,0.0,0.0,0.0,0.0,0.0,0.0,0.0,0.0,0.0,0.0,0.0,0.0,0.0,2.36,2640000000.0
2023-08-19,0.74,0.0,0.0,1.02,0.0,0.6,0.0,0.0,0.0,0.0,0.0,0.0,0.0,0.0,0.0,0.0,0.0,0.0,0.0,0.0,0.0,0.0,0.0,0.0,2.36,2640000000.0
2023-08-18,0.74,0.0,0.0,1.02,0.0,0.6,0.0,0.0,0.0,0.0,0.0,0.0,0.0,0.0,0.0,0.0,0.0,0.0,0.0,0.0,0.0,0.0,0.0,0.0,2.36,2640000000.0
2023-08-17,0.74,0.0,0.0,1.02,0.0,0.6,0.0,0.0,0.0,0.0,0.0,0.0,0.0,0.0,0.0,0.0,0.0,0.0,0.0,0.0,0.0,0.0,0.0,0.0,2.36,2640000000.0
2023-08-16,0.74,0.0,0.0,1.02,0.0,0.6,0.0,0.0,0.0,0.0,0.0,0.0,0.0,0.0,0.0,0.0,0.0,0.0,0.0,0.0,0.0,0.0,0.0,0.0,2.36,2640000000.0
2023-08-15,0.74,0.0,0.0,1.02,0.0,0.6,0.0,0.0,0.0,0.0,0.0,0.0,0.0,0.0,0.0,0.0,0.0,0.0,0.0,0.0,0.0,0.0,0.0,0.0,2.36,2640000000.0
2023-08-14,0.74,0.0,0.0,1.02,0.0,0.6,0.0,0.0,0.0,0.0,0.0,0.0,0.0,0.0,0.0,0.0,0.0,0.0,0.0,0.0,0.0,0.0,0.0,0.0,2.36,2640000000.0
2023-08-13,0.67,0.0,0.0,0.95,0.0,0.6,0.0,0.0,0.0,0.0,0.0,0.0,0.0,0.0,0.0,0.0,0.0,0.0,0.0,0.0,0.0,0.0,0.0,0.0,2.22,2640000000.0
2023-08-12,0.67,0.0,0.0,0.95,0.0,0.6,0.0,0.0,0.0,0.0,0.0,0.0,0.0,0.0,0.0,0.0,0.0,0.0,0.0,0.0,0.0,0.0,0.0,0.0,2.22,2640000000.0
2023-08-11,0.67,0.0,0.0,0.95,0.0,0.6,0.0,0.0,0.0,0.0,0.0,0.0,0.0,0.0,0.0,0.0,0.0,0.0,0.0,0.0,0.0,0.0,0.0,0.0,2.22,2640000000.0
2023-08-10,0.67,0.0,0.0,0.95,0.0,0.6,0.0,0.0,0.0,0.0,0.0,0.0,0.0,0.0,0.0,0.0,0.0,0.0,0.0,0.0,0.0,0.0,0.0,0.0,2.22,2640000000.0
2023-08-09,0.67,0.0,0.0,0.8,0.0,0.6,0.0,0.0,0.0,0.0,0.0,0.0,0.0,0.0,0.0,0.0,0.0,0.0,0.0,0.0,0.0,0.0,0.0,0.0,2.0700000000000003,2640000000.0
2023-08-08,0.7,0.0,0.0,0.8,0.0,0.6,0.0,0.0,0.0,0.0,0.0,0.0,0.0,0.0,0.0,0.0,0.0,0.0,0.0,0.0,0.0,0.0,0.0,0.0,2.1,2640000000.0
2023-08-07,0.7,0.0,0.0,0.8,0.0,0.6,0.0,0.0,0.0,0.0,0.0,0.0,0.0,0.0,0.0,0.0,0.0,0.0,0.0,0.0,0.0,0.0,0.0,0.0,2.1,2640000000.0
2023-08-06,0.7,0.0,0.0,0.71,0.0,0.6,0.0,0.0,0.0,0.0,0.0,0.0,0.0,0.0,0.0,0.0,0.0,0.0,0.0,0.0,0.0,0.0,0.0,0.0,2.01,2640000000.0
2023-08-05,0.7,0.0,0.0,0.71,0.0,0.6,0.0,0.0,0.0,0.0,0.0,0.0,0.0,0.0,0.0,0.0,0.0,0.0,0.0,0.0,0.0,0.0,0.0,0.0,2.01,2640000000.0
2023-08-04,0.7,0.0,0.0,0.71,0.0,0.6,0.0,0.0,0.0,0.0,0.0,0.0,0.0,0.0,0.0,0.0,0.0,0.0,0.0,0.0,0.0,0.0,0.0,0.0,2.01,2640000000.0
2023-08-03,0.7,0.0,0.0,0.68,0.0,0.6,0.0,0.0,0.0,0.0,0.0,0.0,0.0,0.0,0.0,0.0,0.0,0.0,0.0,0.0,0.0,0.0,0.0,0.0,1.98,2640000000.0
2023-08-02,0.84,0.0,0.0,0.68,0.0,0.6,0.0,0.0,0.0,0.0,0.0,0.0,0.0,0.0,0.0,0.0,0.0,0.0,0.0,0.0,0.0,0.0,0.0,0.0,2.12,2640000000.0
2023-08-01,0.84,0.0,0.0,0.68,0.0,0.6,0.0,0.0,0.0,0.0,0.0,0.0,0.0,0.0,0.0,0.0,0.0,0.0,0.0,0.0,0.0,0.0,0.0,0.0,2.12,2640000000.0
2023-07-31,0.84,0.0,0.0,0.68,0.0,0.6,0.0,0.0,0.0,0.0,0.0,0.0,0.0,0.0,0.0,0.0,0.0,0.0,0.0,0.0,0.0,0.0,0.0,0.0,2.12,2640000000.0
2023-07-30,0.84,0.0,0.0,0.68,0.0,0.6,0.0,0.0,0.0,0.0,0.0,0.0,0.0,0.0,0.0,0.0,0.0,0.0,0.0,0.0,0.0,0.0,0.0,0.0,2.12,2640000000.0
2023-07-29,0.84,0.0,0.63,0.68,0.0,0.6,0.0,0.0,0.0,0.0,0.0,0.0,0.0,0.0,0.0,0.0,0.0,0.0,0.0,0.0,0.0,0.0,0.0,0.0,2.75,2640000000.0
2023-07-28,0.84,0.0,0.63,0.68,0.0,0.6,0.0,0.0,0.0,0.0,0.0,0.0,0.0,0.0,0.0,0.0,0.0,0.0,0.0,0.0,0.0,0.0,0.0,0.0,2.75,2640000000.0
2023-07-27,0.84,0.0,0.63,0.68,0.0,0.6,0.0,0.0,0.0,0.0,0.0,0.0,0.0,0.0,0.0,0.0,0.0,0.0,0.0,0.0,0.0,0.0,0.0,0.0,2.75,2640000000.0
2023-07-26,0.96,0.0,0.63,0.74,0.0,0.6,0.0,0.0,0.0,0.0,0.0,0.0,0.0,0.0,0.0,0.0,0.0,0.0,0.0,0.0,0.0,0.0,0.0,0.0,2.93,2640000000.0
2023-07-25,1.06,0.0,0.63,0.8,0.0,0.6,0.0,0.0,0.0,0.0,0.0,0.0,0.0,0.0,0.0,0.0,0.0,0.0,0.0,0.0,0.0,0.0,0.0,0.0,3.0900000000000003,2640000000.0
2023-07-24,1.06,0.0,0.63,0.7,0.0,0.6,0.49,0.0,0.0,0.0,0.0,0.0,0.0,0.0,0.0,0.0,0.0,0.0,0.0,0.0,0.0,0.0,0.0,0.0,3.4799999999999995,2640000000.0
2023-07-23,1.06,0.0,0.63,0.7,0.0,0.6,0.49,0.0,0.0,0.0,0.0,0.0,0.0,0.0,0.0,0.0,0.0,0.0,0.0,0.0,0.0,0.0,0.0,0.0,3.4799999999999995,2640000000.0
2023-07-22,1.06,0.0,0.63,0.7,0.0,0.6,0.49,0.0,0.0,0.0,0.0,0.0,0.0,0.0,0.0,0.0,0.0,0.0,0.0,0.0,0.0,0.0,0.0,0.0,3.4799999999999995,2640000000.0
2023-07-21,1.06,0.0,0.63,0.7,0.0,0.6,0.49,0.0,0.0,0.0,0.0,0.0,0.0,0.0,0.0,0.0,0.0,0.0,0.0,0.0,0.0,0.0,0.0,0.0,3.4799999999999995,2640000000.0
2023-07-20,1.06,0.0,0.63,0.7,0.0,0.6,0.49,0.0,0.0,0.0,0.0,0.0,0.0,0.0,0.0,0.0,0.0,0.0,0.0,0.0,0.0,0.0,0.0,0.0,3.4799999999999995,2640000000.0
2023-07-19,1.14,0.0,0.63,0.66,0.0,0.6,0.49,0.0,0.0,0.0,0.0,0.0,0.0,0.0,0.0,0.0,0.0,0.0,0.0,0.0,0.0,0.0,0.0,0.0,3.5200000000000005,2640000000.0
2023-07-18,1.14,0.0,0.63,0.66,0.48,0.5,0.49,0.0,0.0,0.0,0.0,0.0,0.0,0.0,0.0,0.0,0.0,0.0,0.0,0.0,0.0,0.0,0.0,0.0,3.9000000000000004,2640000000.0
2023-07-17,1.14,0.0,0.63,0.66,0.48,0.5,0.49,0.0,0.0,0.0,0.0,0.0,0.0,0.0,0.0,0.0,0.0,0.0,0.0,0.0,0.0,0.0,0.0,0.0,3.9000000000000004,2640000000.0
2023-07-16,1.14,0.0,0.63,0.66,0.48,0.5,0.52,0.0,0.0,0.0,0.0,0.0,0.0,0.0,0.0,0.0,0.0,0.0,0.0,0.0,0.0,0.0,0.0,0.0,3.93,2640000000.0
2023-07-15,1.14,0.0,0.63,0.66,0.48,0.5,0.52,0.0,0.0,0.0,0.0,0.0,0.0,0.0,0.0,0.0,0.0,0.0,0.0,0.0,0.0,0.0,0.0,0.0,3.93,2640000000.0
2023-07-14,1.14,0.0,0.63,0.66,0.48,0.5,0.52,0.0,0.0,0.0,0.0,0.0,0.0,0.0,0.0,0.0,0.0,0.0,0.0,0.0,0.0,0.0,0.0,0.0,3.93,2640000000.0
2023-07-13,1.14,0.0,0.63,0.66,0.48,0.5,0.52,0.0,0.0,0.0,0.0,0.0,0.0,0.0,0.0,0.0,0.0,0.0,0.0,0.0,0.0,0.0,0.0,0.0,3.93,2640000000.0
2023-07-12,1.14,0.0,0.63,0.73,0.48,0.5,0.52,0.0,0.0,0.0,0.0,0.0,0.0,0.0,0.0,0.0,0.0,0.0,0.0,0.0,0.0,0.0,0.0,0.0,4.0,2640000000.0
2023-07-11,1.09,0.0,0.63,0.82,0.48,0.5,0.52,0.0,0.0,0.0,0.0,0.0,0.0,0.0,0.0,0.0,0.0,0.0,0.0,0.0,0.0,0.0,0.0,0.0,4.04,2640000000.0
2023-07-10,1.15,0.0,0.63,0.82,0.5,0.5,0.52,0.0,0.0,0.0,0.0,0.0,0.0,0.0,0.0,0.0,0.0,0.0,0.0,0.0,0.0,0.0,0.0,0.0,4.119999999999999,2640000000.0
2023-07-09,1.0,0.0,0.63,0.73,0.49,0.5,0.52,0.0,0.0,0.0,0.0,0.0,0.0,0.0,0.0,0.0,0.0,0.0,0.0,0.0,0.0,0.0,0.0,0.0,3.8699999999999997,2640000000.0
2023-07-08,1.0,0.0,0.63,0.73,0.49,0.5,0.52,0.0,0.0,0.0,0.0,0.0,0.0,0.0,0.0,0.0,0.0,0.0,0.0,0.0,0.0,0.0,0.0,0.0,3.8699999999999997,2640000000.0
2023-07-07,1.0,0.0,0.63,0.73,0.49,0.5,0.52,0.0,0.0,0.0,0.0,0.0,0.0,0.0,0.0,0.0,0.0,0.0,0.0,0.0,0.0,0.0,0.0,0.0,3.8699999999999997,2640000000.0
2023-07-06,1.0,0.0,0.63,0.73,0.52,0.5,0.52,0.0,0.0,0.0,0.0,0.0,0.0,0.0,0.0,0.0,0.0,0.0,0.0,0.0,0.0,0.0,0.0,0.0,3.9,2640000000.0
2023-07-05,1.0,0.0,0.63,0.73,0.52,0.5,0.52,0.0,0.0,0.0,0.0,0.0,0.0,0.0,0.0,0.0,0.0,0.0,0.0,0.0,0.0,0.0,0.0,0.0,3.9,2640000000.0
2023-07-04,0.93,0.0,0.63,0.73,0.52,0.5,0.52,0.0,0.0,0.0,0.0,0.0,0.0,0.0,0.0,0.0,0.0,0.0,0.0,0.0,0.0,0.0,0.0,0.0,3.83,2640000000.0
2023-07-03,0.93,0.0,0.63,0.73,0.52,0.5,0.52,0.0,0.0,0.0,0.0,0.0,0.0,0.0,0.0,0.0,0.0,0.0,0.0,0.0,0.0,0.0,0.0,0.0,3.83,2640000000.0
2023-07-02,0.82,0.0,0.63,0.73,0.52,0.5,0.52,0.0,0.0,0.0,0.0,0.0,0.0,0.0,0.0,0.0,0.0,0.0,0.0,0.0,0.0,0.0,0.0,0.0,3.7199999999999998,2640000000.0
2023-07-01,0.82,0.0,0.63,0.73,0.52,0.5,0.52,0.0,0.0,0.0,0.0,0.0,0.0,0.0,0.0,0.0,0.0,0.0,0.0,0.0,0.0,0.0,0.0,0.0,3.7199999999999998,2640000000.0
2023-06-30,0.82,0.0,0.63,0.73,0.52,0.5,0.52,0.0,0.0,0.0,0.0,0.0,0.0,0.0,0.0,0.0,0.0,0.0,0.0,0.0,0.0,0.0,0.0,0.0,3.7199999999999998,2640000000.0
2023-06-29,0.82,0.0,0.63,0.69,0.0,0.5,0.52,0.0,0.0,0.0,0.0,0.0,0.0,0.0,0.0,0.0,0.0,0.0,0.0,0.0,0.0,0.0,0.0,0.0,3.1599999999999997,2640000000.0
2023-06-28,0.82,0.0,0.63,0.7,0.45,0.5,0.52,0.0,0.0,0.0,0.0,0.0,0.0,0.0,0.0,0.0,0.0,0.0,0.0,0.0,0.0,0.0,0.0,0.0,3.62,2640000000.0
2023-06-27,0.72,0.0,0.63,0.7,0.45,0.5,0.52,0.0,0.0,0.0,0.0,0.0,0.0,0.0,0.0,0.0,0.0,0.0,0.0,0.0,0.0,0.0,0.0,0.0,3.52,2640000000.0
2023-06-26,0.6,0.0,0.63,0.7,0.45,0.0,0.52,0.0,0.0,0.0,0.0,0.0,0.0,0.0,0.0,0.0,0.0,0.0,0.0,0.0,0.0,0.0,0.0,0.0,2.9,2640000000.0
2023-06-25,0.6,0.0,0.63,0.7,0.45,0.0,0.52,0.0,0.0,0.0,0.0,0.0,0.0,0.0,0.0,0.0,0.0,0.0,0.0,0.0,0.0,0.0,0.0,0.0,2.9,2640000000.0
2023-06-24,0.6,0.0,0.63,0.7,0.45,0.0,0.52,0.0,0.0,0.0,0.0,0.0,0.0,0.0,0.0,0.0,0.0,0.0,0.0,0.0,0.0,0.0,0.0,0.0,2.9,2640000000.0
2023-06-23,0.6,0.0,0.63,0.7,0.45,0.0,0.52,0.0,0.0,0.0,0.0,0.0,0.0,0.0,0.0,0.0,0.0,0.0,0.0,0.0,0.0,0.0,0.0,0.0,2.9,2640000000.0
2023-06-22,0.6,0.0,0.63,0.64,0.45,0.0,0.52,0.0,0.0,0.0,0.0,0.0,0.0,0.0,0.0,0.0,0.0,0.0,0.0,0.0,0.0,0.0,0.0,0.0,2.8400000000000003,2640000000.0
2023-06-21,0.6,0.0,0.63,0.64,0.45,0.0,0.52,0.0,0.0,0.0,0.0,0.0,0.0,0.0,0.0,0.0,0.0,0.0,0.0,0.0,0.0,0.0,0.0,0.0,2.8400000000000003,2640000000.0
2023-06-20,0.52,0.0,0.63,0.53,0.52,0.0,0.52,0.0,0.0,0.0,0.0,0.0,0.0,0.0,0.0,0.0,0.0,0.0,0.0,0.0,0.0,0.0,0.0,0.0,2.72,2640000000.0
2023-06-19,0.52,0.0,0.63,0.53,0.52,0.0,0.52,0.0,0.0,0.0,0.0,0.0,0.0,0.0,0.0,0.0,0.0,0.0,0.0,0.0,0.0,0.0,0.0,0.0,2.72,2640000000.0
2023-06-18,0.52,0.0,0.63,0.53,0.52,0.0,0.52,0.0,0.0,0.0,0.0,0.0,0.0,0.0,0.0,0.0,0.0,0.0,0.0,0.0,0.0,0.0,0.0,0.0,2.72,2640000000.0
2023-06-17,0.52,0.0,0.63,0.53,0.52,0.0,0.52,0.0,0.0,0.0,0.0,0.0,0.0,0.0,0.0,0.0,0.0,0.0,0.0,0.0,0.0,0.0,0.0,0.0,2.72,2640000000.0
2023-06-16,0.52,0.0,0.63,0.53,0.52,0.48,0.52,0.0,0.0,0.0,0.0,0.0,0.0,0.0,0.0,0.0,0.0,0.0,0.0,0.0,0.0,0.0,0.0,0.0,3.2,2640000000.0
2023-06-15,0.52,0.0,0.63,0.0,0.52,0.48,0.52,0.0,0.0,0.0,0.0,0.0,0.0,0.0,0.0,0.0,0.0,0.0,0.0,0.0,0.0,0.0,0.0,0.0,2.67,2640000000.0
2023-06-14,0.49,0.0,0.63,0.0,0.0,0.48,0.52,0.46,0.0,0.0,0.0,0.0,0.0,0.0,0.0,0.0,0.0,0.0,0.0,0.0,0.0,0.0,0.0,0.0,2.58,2640000000.0
2023-06-13,0.65,0.0,0.63,0.0,0.0,0.48,0.49,0.46,0.0,0.0,0.0,0.0,0.0,0.0,0.0,0.0,0.0,0.0,0.0,0.0,0.0,0.0,0.0,0.0,2.71,2640000000.0
2023-06-12,0.65,0.0,0.63,0.0,0.0,0.48,0.5,0.46,0.0,0.0,0.0,0.0,0.0,0.0,0.0,0.0,0.0,0.0,0.0,0.0,0.0,0.0,0.0,0.0,2.7199999999999998,2640000000.0
2023-06-11,0.65,0.0,0.63,0.0,0.0,0.48,0.5,0.46,0.0,0.0,0.0,0.0,0.0,0.0,0.0,0.0,0.0,0.0,0.0,0.0,0.0,0.0,0.0,0.0,2.7199999999999998,2640000000.0
2023-06-10,0.65,0.0,0.63,0.0,0.0,0.48,0.5,0.46,0.0,0.0,0.0,0.0,0.0,0.0,0.0,0.0,0.0,0.0,0.0,0.0,0.0,0.0,0.0,0.0,2.7199999999999998,2640000000.0
2023-06-09,0.65,0.0,0.63,0.0,0.45,0.48,0.5,0.46,0.0,0.0,0.0,0.0,0.0,0.0,0.0,0.0,0.0,0.0,0.0,0.0,0.0,0.0,0.0,0.0,3.17,2640000000.0
2023-06-08,0.87,0.0,0.63,0.48,0.45,0.51,0.5,0.46,0.0,0.0,0.0,0.0,0.0,0.0,0.0,0.0,0.0,0.0,0.0,0.0,0.0,0.0,0.0,0.0,3.9000000000000004,2640000000.0
2023-06-07,0.94,0.0,0.63,0.48,0.45,0.51,0.5,0.46,0.0,0.0,0.0,0.0,0.0,0.0,0.0,0.0,0.0,0.0,0.0,0.0,0.0,0.0,0.0,0.0,3.9699999999999998,2640000000.0
2023-06-06,0.94,0.0,0.63,0.48,0.45,0.51,0.5,0.5,0.0,0.0,0.0,0.0,0.0,0.0,0.0,0.0,0.0,0.0,0.0,0.0,0.0,0.0,0.0,0.0,4.01,2640000000.0
2023-06-05,0.86,0.0,0.63,0.48,0.45,0.51,0.5,0.49,0.0,0.0,0.0,0.0,0.0,0.0,0.0,0.0,0.0,0.0,0.0,0.0,0.0,0.0,0.0,0.0,3.92,2640000000.0
2023-06-04,0.86,0.0,0.63,0.48,0.45,0.51,0.5,0.49,0.0,0.0,0.0,0.0,0.0,0.0,0.0,0.0,0.0,0.0,0.0,0.0,0.0,0.0,0.0,0.0,3.92,2640000000.0
2023-06-03,0.86,0.0,0.63,0.48,0.45,0.51,0.5,0.49,0.0,0.0,0.0,0.0,0.0,0.0,0.0,0.0,0.0,0.0,0.0,0.0,0.0,0.0,0.0,0.0,3.92,2640000000.0
2023-06-02,0.86,0.0,0.63,0.48,0.45,0.51,0.5,0.49,0.0,0.0,0.0,0.0,0.0,0.0,0.0,0.0,0.0,0.0,0.0,0.0,0.0,0.0,0.0,0.0,3.92,2640000000.0
2023-06-01,0.86,0.0,0.63,0.48,0.51,0.51,0.5,0.5,0.0,0.0,0.0,0.0,0.0,0.0,0.0,0.0,0.0,0.0,0.0,0.0,0.0,0.0,0.0,0.0,3.99,2640000000.0
2023-05-31,0.86,0.0,0.63,0.51,0.51,0.51,0.5,0.0,0.0,0.0,0.0,0.0,0.0,0.0,0.0,0.0,0.0,0.0,0.0,0.0,0.0,0.0,0.0,0.0,3.5199999999999996,2640000000.0
2023-05-30,0.86,0.0,0.63,0.48,0.51,0.51,0.5,0.0,0.0,0.0,0.0,0.0,0.0,0.0,0.0,0.0,0.0,0.0,0.0,0.0,0.0,0.0,0.0,0.0,3.49,2640000000.0
2023-05-29,0.86,0.0,0.63,0.48,0.51,0.51,0.0,0.0,0.0,0.0,0.0,0.0,0.0,0.0,0.0,0.0,0.0,0.0,0.0,0.0,0.0,0.0,0.0,0.0,2.99,2640000000.0
2023-05-28,0.86,0.0,0.63,0.48,0.51,0.51,0.0,0.0,0.0,0.0,0.0,0.0,0.0,0.0,0.0,0.0,0.0,0.0,0.0,0.0,0.0,0.0,0.0,0.0,2.99,2640000000.0
2023-05-27,0.86,0.0,0.63,0.48,0.51,0.51,0.0,0.0,0.0,0.0,0.0,0.0,0.0,0.0,0.0,0.0,0.0,0.0,0.0,0.0,0.0,0.0,0.0,0.0,2.99,2640000000.0
2023-05-26,0.86,0.0,0.63,0.48,0.51,0.51,0.0,0.0,0.0,0.0,0.0,0.0,0.0,0.0,0.0,0.0,0.0,0.0,0.0,0.0,0.0,0.0,0.0,0.0,2.99,2640000000.0
2023-05-25,0.7,0.0,0.63,0.48,0.0,0.0,0.0,0.0,0.0,0.0,0.0,0.0,0.0,0.0,0.0,0.0,0.0,0.0,0.0,0.0,0.0,0.0,0.0,0.0,1.81,2640000000.0
2023-05-24,0.7,0.0,0.63,0.51,0.0,0.0,0.0,0.0,0.0,0.0,0.0,0.0,0.0,0.0,0.0,0.0,0.0,0.0,0.0,0.0,0.0,0.0,0.0,0.0,1.84,2640000000.0
2023-05-23,0.7,0.0,0.63,0.69,0.0,0.0,0.0,0.0,0.0,0.0,0.0,0.0,0.0,0.0,0.0,0.0,0.0,0.0,0.0,0.0,0.0,0.0,0.0,0.0,2.02,2640000000.0
2023-05-22,0.64,0.0,0.63,0.69,0.0,0.0,0.0,0.0,0.0,0.0,0.0,0.0,0.0,0.0,0.0,0.0,0.0,0.0,0.0,0.0,0.0,0.0,0.0,0.0,1.96,2640000000.0
2023-05-21,0.64,0.0,0.63,0.69,0.0,0.0,0.0,0.0,0.0,0.0,0.0,0.0,0.0,0.0,0.0,0.0,0.0,0.0,0.0,0.0,0.0,0.0,0.0,0.0,1.96,2640000000.0
2023-05-20,0.64,0.0,0.63,0.69,0.0,0.0,0.0,0.0,0.0,0.0,0.0,0.0,0.0,0.0,0.0,0.0,0.0,0.0,0.0,0.0,0.0,0.0,0.0,0.0,1.96,2640000000.0
2023-05-19,0.64,0.5,0.63,0.69,0.0,0.0,0.0,0.0,0.0,0.0,0.0,0.0,0.0,0.0,0.0,0.0,0.0,0.0,0.0,0.0,0.0,0.0,0.0,0.0,2.46,2640000000.0
2023-05-18,0.59,0.5,0.63,0.74,0.0,0.0,0.0,0.0,0.0,0.0,0.0,0.0,0.0,0.0,0.0,0.0,0.0,0.0,0.0,0.0,0.0,0.0,0.0,0.0,2.46,2640000000.0
2023-05-17,0.58,0.5,0.63,0.74,0.0,0.0,0.0,0.0,0.0,0.0,0.0,0.0,0.0,0.0,0.0,0.0,0.0,0.0,0.0,0.0,0.0,0.0,0.0,0.0,2.45,2640000000.0
2023-05-16,0.58,0.5,0.63,0.74,0.0,0.0,0.0,0.0,0.0,0.0,0.0,0.0,0.0,0.0,0.0,0.0,0.0,0.0,0.0,0.0,0.0,0.0,0.0,0.0,2.45,2640000000.0
2023-05-15,0.58,0.5,0.63,0.74,0.0,0.0,0.0,0.0,0.0,0.0,0.0,0.0,0.0,0.0,0.0,0.0,0.0,0.0,0.0,0.0,0.0,0.0,0.0,0.0,2.45,2640000000.0
2023-05-14,0.58,0.5,0.63,0.74,0.0,0.0,0.0,0.0,0.0,0.0,0.0,0.0,0.0,0.0,0.0,0.0,0.0,0.0,0.0,0.0,0.0,0.0,0.0,0.0,2.45,2640000000.0
2023-05-13,0.58,0.5,0.63,0.74,0.0,0.0,0.0,0.0,0.0,0.0,0.0,0.0,0.0,0.0,0.0,0.0,0.0,0.0,0.0,0.0,0.0,0.0,0.0,0.0,2.45,2640000000.0
2023-05-12,0.58,0.5,0.63,0.74,0.0,0.0,0.0,0.0,0.0,0.0,0.0,0.0,0.0,0.0,0.0,0.0,0.0,0.0,0.0,0.0,0.0,0.0,0.0,0.0,2.45,2640000000.0
2023-05-11,0.58,0.5,0.63,0.74,0.0,0.0,0.0,0.0,0.0,0.0,0.0,0.0,0.0,0.0,0.0,0.0,0.0,0.0,0.0,0.0,0.0,0.0,0.0,0.0,2.45,2640000000.0
2023-05-10,0.58,0.5,0.63,0.62,0.0,0.0,0.0,0.0,0.0,0.0,0.0,0.0,0.0,0.0,0.0,0.0,0.0,0.0,0.0,0.0,0.0,0.0,0.0,0.0,2.33,2640000000.0
