,549300SHI4D0QGWI8X45,549300RHSQCH106OWF77,549300DCU7KOL83B3B08,213800RUT3C1PCHUQP60,-077-,5493007QZ05MKPON5O03,213800YQHG6V3VDDRN10,549300GHZ48Y72I6HZ24,549300EJ1ZB4YYIOMD56,54930030NRYV5EVS2N02,549300ARVD4LVNCUBN81,549300X1IL2SQS14P736,549300XXZKX7UGH6E231,MQILSVGGL6RJH5NDWP11,70DNWEAINTGFO4DMV441,TNWE6LERP1CI9IDAZB80,-066-,549300LPS48DJ96NXT15,Total,Market_capitalization
2025-05-05,0.0,0.0,0.0,0.0,0.46,0.0,0.0,0.48,0.0,0.0,0.49,0.0,0.59,0.48,0.46,0.49,0.71,0.5,4.66,1250000000.0
2025-05-04,0.0,0.0,0.0,0.0,0.46,0.0,0.0,0.48,0.0,0.0,0.49,0.0,0.59,0.48,0.46,0.49,0.71,0.5,4.66,1250000000.0
2025-05-03,0.0,0.0,0.0,0.0,0.46,0.0,0.0,0.48,0.0,0.0,0.49,0.0,0.59,0.48,0.46,0.49,0.71,0.5,4.66,1250000000.0
2025-05-02,0.0,0.0,0.0,0.0,0.46,0.0,0.0,0.48,0.0,0.0,0.49,0.0,0.59,0.48,0.46,0.49,0.71,0.5,4.66,1250000000.0
2025-05-01,0.0,0.0,0.0,0.0,0.46,0.0,0.0,0.48,0.0,0.0,0.49,0.0,0.59,0.48,0.46,0.49,0.71,0.5,4.66,1250000000.0
2025-04-30,0.0,0.0,0.0,0.0,0.46,0.0,0.0,0.48,0.0,0.0,0.49,0.0,0.59,0.48,0.46,0.49,0.71,0.5,4.66,1250000000.0
2025-04-29,0.0,0.0,0.0,0.0,0.46,0.0,0.0,0.48,0.0,0.0,0.49,0.0,0.59,0.48,0.46,0.49,0.71,0.5,4.66,1250000000.0
2025-04-28,0.0,0.0,0.0,0.0,0.46,0.0,0.0,0.48,0.0,0.0,0.49,0.0,0.59,0.48,0.46,0.49,0.71,0.5,4.66,1250000000.0
2025-04-27,0.0,0.0,0.0,0.0,0.46,0.0,0.0,0.48,0.0,0.0,0.49,0.0,0.59,0.48,0.46,0.49,0.71,0.5,4.66,1250000000.0
2025-04-26,0.0,0.0,0.0,0.0,0.46,0.0,0.0,0.48,0.0,0.0,0.49,0.0,0.59,0.48,0.46,0.49,0.71,0.5,4.66,1250000000.0
2025-04-25,0.0,0.0,0.0,0.0,0.46,0.0,0.0,0.48,0.0,0.0,0.49,0.0,0.59,0.48,0.46,0.49,0.71,0.5,4.66,1250000000.0
2025-04-24,0.0,0.0,0.0,0.0,0.46,0.0,0.0,0.48,0.0,0.0,0.49,0.0,0.59,0.48,0.46,0.49,0.71,0.5,4.66,1250000000.0
2025-04-23,0.0,0.0,0.0,0.0,0.46,0.0,0.0,0.48,0.0,0.0,0.49,0.0,0.59,0.48,0.46,0.49,0.71,0.5,4.66,1250000000.0
2025-04-22,0.0,0.0,0.0,0.0,0.46,0.0,0.0,0.48,0.0,0.0,0.55,0.0,0.59,0.48,0.46,0.49,0.71,0.5,4.72,1250000000.0
2025-04-21,0.0,0.0,0.0,0.0,0.46,0.0,0.0,0.48,0.0,0.0,0.55,0.0,0.59,0.48,0.46,0.49,0.71,0.5,4.72,1250000000.0
2025-04-20,0.0,0.0,0.0,0.0,0.46,0.0,0.0,0.48,0.0,0.0,0.55,0.0,0.59,0.48,0.46,0.49,0.71,0.5,4.72,1250000000.0
2025-04-19,0.0,0.0,0.0,0.0,0.46,0.0,0.0,0.48,0.0,0.0,0.55,0.0,0.59,0.48,0.46,0.49,0.71,0.5,4.72,1250000000.0
2025-04-18,0.0,0.0,0.0,0.0,0.46,0.0,0.0,0.48,0.0,0.0,0.55,0.0,0.59,0.48,0.46,0.49,0.71,0.5,4.72,1250000000.0
2025-04-17,0.0,0.0,0.0,0.0,0.46,0.0,0.0,0.48,0.0,0.0,0.55,0.0,0.59,0.48,0.46,0.49,0.71,0.5,4.72,1250000000.0
2025-04-16,0.0,0.0,0.0,0.0,0.46,0.0,0.0,0.48,0.0,0.0,0.55,0.0,0.59,0.48,0.46,0.5,0.71,0.5,4.73,1250000000.0
2025-04-15,0.0,0.0,0.0,0.0,0.46,0.0,0.0,0.48,0.0,0.0,0.55,0.0,0.59,0.48,0.46,0.5,0.71,0.5,4.73,1250000000.0
2025-04-14,0.0,0.0,0.0,0.0,0.46,0.0,0.0,0.48,0.0,0.0,0.55,0.0,0.59,0.48,0.46,0.5,0.71,0.5,4.73,1250000000.0
2025-04-13,0.0,0.0,0.0,0.0,0.46,0.0,0.0,0.48,0.0,0.0,0.55,0.0,0.59,0.48,0.46,0.5,0.71,0.5,4.73,1250000000.0
2025-04-12,0.0,0.0,0.0,0.0,0.46,0.0,0.0,0.48,0.0,0.0,0.55,0.0,0.59,0.48,0.46,0.5,0.71,0.5,4.73,1250000000.0
2025-04-11,0.0,0.0,0.0,0.0,0.46,0.0,0.0,0.48,0.0,0.0,0.55,0.0,0.59,0.48,0.46,0.5,0.71,0.5,4.73,1250000000.0
2025-04-10,0.0,0.0,0.0,0.0,0.46,0.0,0.0,0.48,0.0,0.0,0.49,0.0,0.59,0.48,0.46,0.5,0.71,0.5,4.67,1250000000.0
2025-04-09,0.0,0.0,0.0,0.0,0.46,0.0,0.0,0.48,0.0,0.0,0.51,0.0,0.61,0.48,0.46,0.5,0.71,0.5,4.71,1250000000.0
2025-04-08,0.0,0.0,0.0,0.0,0.46,0.0,0.0,0.48,0.0,0.0,0.47,0.0,0.61,0.48,0.46,0.5,0.71,0.5,4.67,1250000000.0
2025-04-07,0.0,0.0,0.03,0.0,0.46,0.0,0.0,0.48,0.0,0.0,0.47,0.0,0.61,0.48,0.46,0.5,0.71,0.5,4.699999999999999,1250000000.0
2025-04-06,0.0,0.0,0.03,0.0,0.46,0.0,0.0,0.48,0.0,0.0,0.47,0.0,0.5,0.48,0.46,0.5,0.71,0.0,4.09,1250000000.0
2025-04-05,0.0,0.0,0.03,0.0,0.46,0.0,0.0,0.48,0.0,0.0,0.47,0.0,0.5,0.48,0.46,0.5,0.71,0.0,4.09,1250000000.0
2025-04-04,0.0,0.0,0.03,0.0,0.46,0.0,0.0,0.48,0.0,0.0,0.47,0.0,0.5,0.48,0.46,0.5,0.71,0.0,4.09,1250000000.0
2025-04-03,0.0,0.0,0.03,0.0,0.46,0.0,0.0,0.48,0.0,0.0,0.47,0.0,0.5,0.48,0.46,0.49,0.71,0.0,4.08,1250000000.0
2025-04-02,0.0,0.0,0.03,0.0,0.46,0.0,0.0,0.48,0.0,0.0,0.47,0.0,0.5,0.48,0.46,0.49,0.71,0.0,4.08,1250000000.0
2025-04-01,0.0,0.0,0.03,0.0,0.46,0.0,0.0,0.48,0.0,0.0,0.5,0.0,0.5,0.48,0.46,0.58,0.71,0.0,4.2,1250000000.0
2025-03-31,0.0,0.0,0.03,0.0,0.46,0.0,0.0,0.48,0.0,0.0,0.49,0.0,0.5,0.48,0.46,0.58,0.71,0.0,4.1899999999999995,1250000000.0
2025-03-30,0.0,0.0,0.03,0.0,0.46,0.0,0.0,0.48,0.0,0.0,0.54,0.0,0.5,0.48,0.46,0.58,0.71,0.0,4.24,1250000000.0
2025-03-29,0.0,0.0,0.03,0.0,0.46,0.0,0.0,0.48,0.0,0.0,0.54,0.0,0.5,0.48,0.46,0.58,0.71,0.0,4.24,1250000000.0
2025-03-28,0.0,0.0,0.03,0.0,0.46,0.0,0.0,0.48,0.0,0.0,0.54,0.0,0.5,0.48,0.46,0.58,0.71,0.0,4.24,1250000000.0
2025-03-27,0.0,0.0,0.03,0.0,0.46,0.0,0.0,0.48,0.0,0.0,0.54,0.0,0.5,0.48,0.46,0.58,0.71,0.0,4.24,1250000000.0
2025-03-26,0.0,0.0,0.03,0.0,0.46,0.0,0.0,0.48,0.0,0.0,0.54,0.0,0.49,0.48,0.46,0.58,0.71,0.0,4.23,1250000000.0
2025-03-25,0.0,0.0,0.03,0.0,0.46,0.0,0.0,0.48,0.0,0.0,0.54,0.0,0.49,0.48,0.46,0.58,0.71,0.0,4.23,1250000000.0
2025-03-24,0.0,0.0,0.03,0.0,0.46,0.0,0.0,0.48,0.0,0.0,0.54,0.0,0.49,0.48,0.46,0.68,0.71,0.0,4.33,1250000000.0
2025-03-23,0.0,0.0,0.03,0.0,0.46,0.0,0.0,0.48,0.0,0.0,0.54,0.0,0.49,0.48,0.46,0.68,0.71,0.0,4.33,1250000000.0
2025-03-22,0.0,0.0,0.03,0.0,0.46,0.0,0.0,0.48,0.0,0.0,0.54,0.0,0.49,0.48,0.46,0.68,0.71,0.0,4.33,1250000000.0
2025-03-21,0.0,0.0,0.03,0.0,0.46,0.0,0.0,0.48,0.0,0.0,0.54,0.0,0.49,0.48,0.46,0.68,0.71,0.0,4.33,1250000000.0
2025-03-20,0.0,0.0,0.03,0.0,0.46,0.0,0.0,0.48,0.0,0.0,0.54,0.0,0.49,0.48,0.46,0.68,0.71,0.0,4.33,1250000000.0
2025-03-19,0.0,0.0,0.03,0.0,0.46,0.0,0.0,0.48,0.0,0.0,0.54,0.0,0.49,0.48,0.46,0.68,0.71,0.0,4.33,1250000000.0
2025-03-18,0.0,0.0,0.03,0.0,0.46,0.0,0.0,0.48,0.0,0.0,0.54,0.0,0.49,0.48,0.46,0.68,0.71,0.0,4.33,1250000000.0
2025-03-17,0.0,0.0,0.03,0.0,0.46,0.0,0.0,0.48,0.0,0.0,0.54,0.0,0.49,0.48,0.46,0.68,0.71,0.0,4.33,1250000000.0
2025-03-16,0.0,0.0,0.03,0.0,0.46,0.0,0.0,0.48,0.0,0.0,0.54,0.0,0.5,0.48,0.46,0.68,0.71,0.0,4.34,1250000000.0
2025-03-15,0.0,0.0,0.03,0.0,0.46,0.0,0.0,0.48,0.0,0.0,0.54,0.0,0.5,0.48,0.46,0.68,0.71,0.0,4.34,1250000000.0
2025-03-14,0.0,0.0,0.03,0.0,0.46,0.0,0.0,0.48,0.0,0.0,0.54,0.0,0.5,0.48,0.46,0.68,0.71,0.0,4.34,1250000000.0
2025-03-13,0.0,0.0,0.03,0.0,0.46,0.0,0.0,0.48,0.0,0.0,0.54,0.0,0.48,0.48,0.46,0.7,0.71,0.0,4.34,1250000000.0
2025-03-12,0.0,0.0,0.03,0.0,0.46,0.0,0.0,0.48,0.0,0.0,0.54,0.0,0.48,0.48,0.46,0.7,0.71,0.0,4.34,1250000000.0
2025-03-11,0.0,0.0,0.03,0.0,0.46,0.0,0.0,0.48,0.0,0.0,0.54,0.0,0.48,0.48,0.46,0.7,0.71,0.0,4.34,1250000000.0
2025-03-10,0.0,0.0,0.03,0.0,0.46,0.0,0.0,0.48,0.0,0.0,0.61,0.0,0.48,0.48,0.46,0.7,0.71,0.0,4.41,1250000000.0
2025-03-09,0.0,0.0,0.03,0.0,0.46,0.0,0.0,0.48,0.0,0.0,0.53,0.0,0.48,0.48,0.46,0.7,0.71,0.0,4.33,1250000000.0
2025-03-08,0.0,0.0,0.03,0.0,0.46,0.0,0.0,0.48,0.0,0.0,0.53,0.0,0.48,0.48,0.46,0.7,0.71,0.0,4.33,1250000000.0
2025-03-07,0.0,0.0,0.03,0.0,0.46,0.0,0.0,0.48,0.0,0.0,0.53,0.0,0.48,0.48,0.46,0.7,0.71,0.0,4.33,1250000000.0
2025-03-06,0.0,0.0,0.03,0.0,0.46,0.0,0.0,0.48,0.0,0.0,0.53,0.0,0.48,0.48,0.46,0.7,0.71,0.0,4.33,1250000000.0
2025-03-05,0.0,0.0,0.03,0.0,0.46,0.0,0.0,0.48,0.0,0.0,0.47,0.0,0.5,0.48,0.46,0.7,0.71,0.0,4.29,1250000000.0
2025-03-04,0.0,0.0,0.03,0.0,0.46,0.0,0.0,0.48,0.0,0.0,0.47,0.0,0.5,0.48,0.46,0.64,0.71,0.0,4.23,1250000000.0
2025-03-03,0.0,0.0,0.03,0.0,0.46,0.0,0.0,0.48,0.0,0.0,0.47,0.0,0.49,0.48,0.46,0.64,0.71,0.0,4.220000000000001,1250000000.0
2025-03-02,0.0,0.0,0.03,0.0,0.46,0.0,0.0,0.48,0.0,0.0,0.47,0.0,0.5,0.48,0.46,0.64,0.71,0.0,4.23,1250000000.0
2025-03-01,0.0,0.0,0.03,0.0,0.46,0.0,0.0,0.48,0.0,0.0,0.47,0.0,0.5,0.48,0.46,0.64,0.71,0.0,4.23,1250000000.0
2025-02-28,0.0,0.0,0.03,0.0,0.46,0.0,0.0,0.48,0.0,0.0,0.47,0.0,0.5,0.48,0.46,0.64,0.71,0.0,4.23,1250000000.0
2025-02-27,0.0,0.0,0.03,0.0,0.46,0.0,0.0,0.48,0.0,0.0,0.47,0.0,0.49,0.48,0.46,0.54,0.71,0.0,4.12,1250000000.0
2025-02-26,0.0,0.0,0.03,0.0,0.46,0.0,0.0,0.48,0.0,0.0,0.47,0.0,0.49,0.48,0.46,0.0,0.0,0.0,2.87,1250000000.0
2025-02-25,0.0,0.0,0.03,0.0,0.46,0.0,0.0,0.48,0.0,0.0,0.47,0.0,0.49,0.48,0.46,0.0,0.0,0.0,2.87,1250000000.0
2025-02-24,0.0,0.0,0.03,0.0,0.46,0.0,0.0,0.48,0.0,0.0,0.47,0.0,0.49,0.48,0.46,0.0,0.0,0.0,2.87,1250000000.0
2025-02-23,0.0,0.0,0.03,0.0,0.46,0.0,0.0,0.48,0.0,0.0,0.47,0.0,0.58,0.48,0.46,0.0,0.0,0.0,2.96,1250000000.0
2025-02-22,0.0,0.0,0.03,0.0,0.46,0.0,0.0,0.48,0.0,0.0,0.47,0.0,0.58,0.48,0.46,0.0,0.0,0.0,2.96,1250000000.0
2025-02-21,0.0,0.0,0.03,0.0,0.46,0.0,0.0,0.48,0.0,0.0,0.47,0.0,0.58,0.48,0.46,0.0,0.0,0.0,2.96,1250000000.0
2025-02-20,0.0,0.0,0.03,0.0,0.46,0.0,0.0,0.48,0.0,0.0,0.47,0.0,0.58,0.48,0.46,0.0,0.0,0.0,2.96,1250000000.0
2025-02-19,0.0,0.0,0.03,0.0,0.46,0.0,0.0,0.48,0.0,0.0,0.47,0.0,0.58,0.48,0.46,0.0,0.0,0.0,2.96,1250000000.0
2025-02-18,0.0,0.0,0.03,0.0,0.46,0.0,0.0,0.48,0.0,0.0,0.47,0.0,0.58,0.48,0.46,0.0,0.0,0.0,2.96,1250000000.0
2025-02-17,0.0,0.0,0.03,0.0,0.46,0.0,0.0,0.48,0.0,0.0,0.47,0.0,0.6,0.48,0.46,0.0,0.0,0.0,2.98,1250000000.0
2025-02-16,0.0,0.0,0.03,0.0,0.46,0.0,0.0,0.48,0.0,0.0,0.47,0.0,0.6,0.48,0.46,0.0,0.0,0.0,2.98,1250000000.0
2025-02-15,0.0,0.0,0.03,0.0,0.46,0.0,0.0,0.48,0.0,0.0,0.47,0.0,0.6,0.48,0.46,0.0,0.0,0.0,2.98,1250000000.0
2025-02-14,0.0,0.0,0.03,0.0,0.46,0.0,0.0,0.48,0.0,0.0,0.47,0.0,0.6,0.48,0.46,0.0,0.0,0.0,2.98,1250000000.0
2025-02-13,0.0,0.0,0.03,0.0,0.46,0.0,0.0,0.48,0.0,0.0,0.47,0.0,0.6,0.48,0.46,0.0,0.0,0.0,2.98,1250000000.0
2025-02-12,0.0,0.0,0.03,0.0,0.46,0.0,0.0,0.48,0.0,0.0,0.47,0.0,0.6,0.48,0.46,0.0,0.0,0.0,2.98,1250000000.0
2025-02-11,0.0,0.0,0.03,0.0,0.46,0.0,0.0,0.48,0.0,0.0,0.47,0.0,0.6,0.48,0.46,0.0,0.0,0.0,2.98,1250000000.0
2025-02-10,0.0,0.0,0.03,0.0,0.46,0.0,0.0,0.48,0.0,0.0,0.47,0.0,0.6,0.48,0.46,0.0,0.0,0.0,2.98,1250000000.0
2025-02-09,0.0,0.0,0.03,0.0,0.46,0.0,0.0,0.48,0.0,0.0,0.47,0.0,0.6,0.48,0.46,0.0,0.0,0.0,2.98,1250000000.0
2025-02-08,0.0,0.0,0.03,0.0,0.46,0.0,0.0,0.48,0.0,0.0,0.47,0.0,0.6,0.48,0.46,0.0,0.0,0.0,2.98,1250000000.0
2025-02-07,0.0,0.0,0.03,0.0,0.46,0.0,0.0,0.48,0.0,0.0,0.47,0.0,0.6,0.48,0.46,0.0,0.0,0.0,2.98,1250000000.0
2025-02-06,0.0,0.0,0.03,0.0,0.46,0.0,0.0,0.48,0.0,0.0,0.47,0.47,0.51,0.48,0.46,0.0,0.0,0.0,3.36,1250000000.0
2025-02-05,0.0,0.0,0.03,0.0,0.46,0.0,0.0,0.48,0.0,0.0,0.47,0.47,0.51,0.48,0.46,0.0,0.0,0.0,3.36,1250000000.0
2025-02-04,0.0,0.0,0.03,0.0,0.46,0.0,0.0,0.48,0.0,0.0,0.47,0.47,0.51,0.48,0.46,0.0,0.0,0.0,3.36,1250000000.0
2025-02-03,0.0,0.0,0.03,0.0,0.46,0.0,0.0,0.48,0.0,0.0,0.47,0.47,0.51,0.48,0.54,0.0,0.0,0.0,3.44,1250000000.0
2025-02-02,0.0,0.0,0.03,0.0,0.46,0.0,0.0,0.48,0.0,0.0,0.47,0.47,0.51,0.48,0.54,0.0,0.0,0.0,3.44,1250000000.0
2025-02-01,0.0,0.0,0.03,0.0,0.46,0.0,0.0,0.48,0.0,0.0,0.47,0.47,0.51,0.48,0.54,0.0,0.0,0.0,3.44,1250000000.0
2025-01-31,0.0,0.0,0.03,0.0,0.46,0.0,0.0,0.48,0.0,0.0,0.47,0.47,0.51,0.48,0.54,0.0,0.0,0.0,3.44,1250000000.0
2025-01-30,0.0,0.0,0.03,0.0,0.46,0.0,0.0,0.48,0.0,0.0,0.47,0.47,0.51,0.48,0.54,0.0,0.0,0.0,3.44,1250000000.0
2025-01-29,0.0,0.0,0.03,0.0,0.46,0.0,0.0,0.48,0.0,0.0,0.47,0.47,0.49,0.48,0.54,0.0,0.0,0.0,3.42,1250000000.0
2025-01-28,0.0,0.0,0.03,0.0,0.46,0.0,0.0,0.48,0.0,0.0,0.47,0.47,0.49,0.48,0.54,0.0,0.0,0.0,3.42,1250000000.0
2025-01-27,0.0,0.0,0.03,0.0,0.46,0.0,0.0,0.48,0.0,0.0,0.47,0.47,0.49,0.48,0.54,0.0,0.0,0.0,3.42,1250000000.0
2025-01-26,0.0,0.0,0.03,0.0,0.46,0.0,0.0,0.48,0.0,0.0,0.47,0.47,0.49,0.48,0.54,0.0,0.0,0.0,3.42,1250000000.0
2025-01-25,0.0,0.0,0.03,0.0,0.46,0.0,0.0,0.48,0.0,0.0,0.47,0.47,0.49,0.48,0.54,0.0,0.0,0.0,3.42,1250000000.0
2025-01-24,0.0,0.0,0.03,0.0,0.46,0.0,0.0,0.48,0.0,0.0,0.47,0.47,0.49,0.48,0.54,0.0,0.0,0.0,3.42,1250000000.0
2025-01-23,0.0,0.0,0.03,0.0,0.46,0.0,0.0,0.48,0.0,0.0,0.47,0.47,0.49,0.48,0.54,0.0,0.0,0.0,3.42,1250000000.0
2025-01-22,0.0,0.0,0.03,0.0,0.46,0.0,0.0,0.48,0.0,0.0,0.47,0.47,0.49,0.48,0.54,0.0,0.0,0.0,3.42,1250000000.0
2025-01-21,0.0,0.0,0.03,0.0,0.46,0.0,0.0,0.48,0.0,0.0,0.47,0.47,0.59,0.5,0.54,0.0,0.0,0.0,3.54,1250000000.0
2025-01-20,0.0,0.0,0.03,0.0,0.56,0.0,0.0,0.48,0.0,0.0,0.47,0.47,0.59,0.5,0.0,0.0,0.0,0.0,3.0999999999999996,1250000000.0
2025-01-19,0.0,0.0,0.03,0.0,0.56,0.0,0.0,0.48,0.0,0.0,0.47,0.47,0.59,0.5,0.0,0.0,0.0,0.0,3.0999999999999996,1250000000.0
2025-01-18,0.0,0.0,0.03,0.0,0.56,0.0,0.0,0.48,0.0,0.0,0.47,0.47,0.59,0.5,0.0,0.0,0.0,0.0,3.0999999999999996,1250000000.0
2025-01-17,0.0,0.0,0.03,0.0,0.56,0.0,0.0,0.48,0.0,0.0,0.47,0.47,0.59,0.5,0.0,0.0,0.0,0.0,3.0999999999999996,1250000000.0
2025-01-16,0.0,0.0,0.03,0.0,0.62,0.0,0.0,0.48,0.0,0.0,0.47,0.47,0.59,0.5,0.0,0.0,0.0,0.0,3.1599999999999997,1250000000.0
2025-01-15,0.0,0.0,0.03,0.0,0.7,0.0,0.0,0.48,0.0,0.0,0.47,0.47,0.59,0.5,0.0,0.0,0.0,0.0,3.2399999999999998,1250000000.0
2025-01-14,0.0,0.0,0.03,0.0,0.61,0.0,0.0,0.48,0.0,0.0,0.47,0.47,0.59,0.5,0.0,0.0,0.0,0.0,3.15,1250000000.0
2025-01-13,0.0,0.0,0.03,0.0,0.61,0.0,0.0,0.48,0.0,0.0,0.47,0.47,0.59,0.5,0.0,0.0,0.0,0.0,3.15,1250000000.0
2025-01-12,0.0,0.0,0.03,0.0,0.61,0.0,0.0,0.5,0.0,0.0,0.47,0.47,0.59,0.5,0.0,0.0,0.0,0.0,3.17,1250000000.0
2025-01-11,0.0,0.0,0.03,0.0,0.61,0.0,0.0,0.5,0.0,0.0,0.47,0.47,0.59,0.5,0.0,0.0,0.0,0.0,3.17,1250000000.0
2025-01-10,0.0,0.0,0.03,0.0,0.61,0.0,0.0,0.5,0.0,0.0,0.47,0.47,0.59,0.5,0.0,0.0,0.0,0.0,3.17,1250000000.0
2025-01-09,0.0,0.0,0.03,0.0,0.61,0.0,0.0,0.5,0.0,0.0,0.47,0.47,0.59,0.5,0.0,0.0,0.0,0.0,3.17,1250000000.0
2025-01-08,0.0,0.0,0.03,0.0,0.56,0.0,0.0,0.49,0.0,0.0,0.47,0.47,0.59,0.5,0.0,0.0,0.0,0.0,3.11,1250000000.0
2025-01-07,0.0,0.0,0.03,0.0,0.56,0.0,0.0,0.49,0.0,0.0,0.47,0.47,0.59,0.5,0.0,0.0,0.0,0.0,3.11,1250000000.0
2025-01-06,0.0,0.0,0.03,0.0,0.56,0.0,0.0,0.49,0.0,0.0,0.47,0.47,0.59,0.5,0.0,0.0,0.0,0.0,3.11,1250000000.0
2025-01-05,0.0,0.0,0.03,0.0,0.49,0.0,0.0,0.49,0.0,0.0,0.47,0.47,0.59,0.5,0.0,0.0,0.0,0.0,3.04,1250000000.0
2025-01-04,0.0,0.0,0.03,0.0,0.49,0.0,0.0,0.49,0.0,0.0,0.47,0.47,0.59,0.5,0.0,0.0,0.0,0.0,3.04,1250000000.0
2025-01-03,0.0,0.0,0.03,0.0,0.49,0.0,0.0,0.49,0.0,0.0,0.47,0.47,0.59,0.5,0.0,0.0,0.0,0.0,3.04,1250000000.0
2025-01-02,0.0,0.0,0.03,0.0,0.5,0.0,0.0,0.49,0.0,0.0,0.47,0.47,0.59,0.5,0.0,0.0,0.0,0.0,3.05,1250000000.0
2025-01-01,0.0,0.0,0.03,0.0,0.44,0.0,0.0,0.49,0.0,0.0,0.47,0.47,0.59,0.5,0.0,0.0,0.0,0.0,2.9899999999999998,1250000000.0
2024-12-31,0.0,0.0,0.03,0.0,0.44,0.0,0.0,0.49,0.0,0.0,0.47,0.47,0.59,0.5,0.0,0.0,0.0,0.0,2.9899999999999998,1720000000.0
2024-12-30,0.0,0.0,0.03,0.0,0.44,0.0,0.0,0.49,0.0,0.0,0.47,0.47,0.59,0.5,0.0,0.0,0.0,0.0,2.9899999999999998,1720000000.0
2024-12-29,0.0,0.0,0.03,0.0,0.44,0.0,0.0,0.49,0.0,0.0,0.47,0.47,0.59,0.5,0.0,0.0,0.0,0.0,2.9899999999999998,1720000000.0
2024-12-28,0.0,0.0,0.03,0.0,0.44,0.0,0.0,0.49,0.0,0.0,0.47,0.47,0.59,0.5,0.0,0.0,0.0,0.0,2.9899999999999998,1720000000.0
2024-12-27,0.0,0.0,0.03,0.0,0.44,0.0,0.0,0.49,0.0,0.0,0.47,0.47,0.59,0.5,0.0,0.0,0.0,0.0,2.9899999999999998,1720000000.0
2024-12-26,0.0,0.0,0.03,0.0,0.44,0.0,0.0,0.49,0.0,0.0,0.47,0.47,0.59,0.5,0.0,0.0,0.0,0.0,2.9899999999999998,1720000000.0
2024-12-25,0.0,0.0,0.03,0.0,0.44,0.0,0.0,0.49,0.0,0.0,0.47,0.47,0.59,0.5,0.0,0.0,0.0,0.0,2.9899999999999998,1720000000.0
2024-12-24,0.0,0.0,0.03,0.0,0.44,0.0,0.0,0.49,0.0,0.0,0.47,0.47,0.59,0.5,0.0,0.0,0.0,0.0,2.9899999999999998,1720000000.0
2024-12-23,0.0,0.0,0.03,0.0,0.44,0.0,0.0,0.49,0.49,0.0,0.47,0.47,0.59,0.5,0.0,0.0,0.0,0.0,3.4799999999999995,1720000000.0
2024-12-22,0.0,0.0,0.03,0.0,0.44,0.0,0.0,0.49,0.49,0.0,0.47,0.47,0.59,0.5,0.0,0.0,0.0,0.0,3.4799999999999995,1720000000.0
2024-12-21,0.0,0.0,0.03,0.0,0.44,0.0,0.0,0.49,0.49,0.0,0.47,0.47,0.59,0.5,0.0,0.0,0.0,0.0,3.4799999999999995,1720000000.0
2024-12-20,0.0,0.0,0.03,0.0,0.44,0.0,0.0,0.49,0.49,0.0,0.47,0.47,0.59,0.5,0.0,0.0,0.0,0.0,3.4799999999999995,1720000000.0
2024-12-19,0.0,0.0,0.03,0.0,0.6,0.0,0.0,0.49,0.49,0.47,0.47,0.47,0.59,0.5,0.0,0.0,0.0,0.0,4.109999999999999,1720000000.0
2024-12-18,0.0,0.0,0.03,0.0,0.59,0.0,0.0,0.49,0.49,0.47,0.47,0.47,0.6,0.5,0.0,0.0,0.0,0.0,4.109999999999999,1720000000.0
2024-12-17,0.0,0.0,0.03,0.0,0.6,0.0,0.0,0.49,0.49,0.47,0.47,0.47,0.5,0.5,0.0,0.0,0.0,0.0,4.02,1720000000.0
2024-12-16,0.0,0.0,0.03,0.0,0.6,0.0,0.0,0.49,0.49,0.47,0.47,0.47,0.5,0.5,0.0,0.0,0.0,0.0,4.02,1720000000.0
2024-12-15,0.0,0.0,0.03,0.24,0.5,0.0,0.0,0.49,0.49,0.47,0.47,0.47,0.5,0.5,0.0,0.0,0.0,0.0,4.159999999999999,1720000000.0
2024-12-14,0.0,0.0,0.03,0.24,0.5,0.0,0.0,0.49,0.49,0.47,0.47,0.47,0.5,0.5,0.0,0.0,0.0,0.0,4.159999999999999,1720000000.0
2024-12-13,0.0,0.0,0.03,0.24,0.5,0.0,0.0,0.49,0.49,0.47,0.47,0.47,0.5,0.5,0.0,0.0,0.0,0.0,4.159999999999999,1720000000.0
2024-12-12,0.0,0.0,0.03,0.24,0.5,0.0,0.0,0.49,0.49,0.47,0.47,0.47,0.5,0.5,0.0,0.0,0.0,0.0,4.159999999999999,1720000000.0
2024-12-11,0.0,0.0,0.03,0.24,0.5,0.0,0.0,0.49,0.49,0.47,0.47,0.47,0.5,0.5,0.0,0.0,0.0,0.0,4.159999999999999,1720000000.0
2024-12-10,0.0,0.0,0.03,0.24,0.5,0.0,0.0,0.49,0.49,0.47,0.47,0.47,0.5,0.5,0.0,0.0,0.0,0.0,4.159999999999999,1720000000.0
2024-12-09,0.0,0.0,0.03,0.24,0.5,0.0,0.0,0.49,0.49,0.47,0.47,0.47,0.5,0.5,0.0,0.0,0.0,0.0,4.159999999999999,1720000000.0
2024-12-08,0.0,0.0,0.03,0.24,0.5,0.0,0.0,0.49,0.49,0.47,0.47,0.47,0.5,0.5,0.0,0.0,0.0,0.0,4.159999999999999,1720000000.0
2024-12-07,0.0,0.0,0.03,0.24,0.5,0.0,0.0,0.49,0.49,0.47,0.47,0.47,0.5,0.5,0.0,0.0,0.0,0.0,4.159999999999999,1720000000.0
2024-12-06,0.0,0.0,0.03,0.24,0.5,0.0,0.0,0.49,0.49,0.47,0.47,0.47,0.5,0.5,0.0,0.0,0.0,0.0,4.159999999999999,1720000000.0
2024-12-05,0.0,0.0,1.98,0.24,0.5,0.0,0.0,0.49,0.49,0.47,0.47,0.47,0.5,0.5,0.0,0.0,0.0,0.0,6.109999999999999,1720000000.0
2024-12-04,0.0,0.0,2.08,0.24,0.49,0.0,0.0,0.49,0.49,0.47,0.47,0.47,0.5,0.5,0.0,0.0,0.0,0.0,6.2,1720000000.0
2024-12-03,0.0,0.0,2.08,0.24,0.56,0.0,0.0,0.49,0.49,0.47,0.47,0.47,0.5,0.5,0.0,0.0,0.0,0.0,6.27,1720000000.0
2024-12-02,0.0,0.0,2.08,0.24,0.56,0.0,0.0,0.49,0.49,0.47,0.47,0.47,0.5,0.5,0.0,0.0,0.0,0.0,6.27,1720000000.0
2024-12-01,0.0,0.0,2.08,0.24,0.68,0.0,0.0,0.49,0.49,0.47,0.47,0.47,0.5,0.5,0.0,0.0,0.0,0.0,6.39,1720000000.0
2024-11-30,0.0,0.0,2.08,0.24,0.68,0.0,0.0,0.49,0.49,0.47,0.47,0.47,0.5,0.5,0.0,0.0,0.0,0.0,6.39,1720000000.0
2024-11-29,0.0,0.0,2.08,0.24,0.68,0.0,0.0,0.49,0.49,0.47,0.47,0.47,0.5,0.5,0.0,0.0,0.0,0.0,6.39,1720000000.0
2024-11-28,0.0,0.0,2.08,0.24,0.68,0.0,0.0,0.49,0.49,0.47,0.47,0.47,0.5,0.5,0.0,0.0,0.0,0.0,6.39,1720000000.0
2024-11-27,0.0,0.0,2.08,0.24,0.68,0.0,0.0,0.49,0.49,0.47,0.47,0.47,0.5,0.5,0.0,0.0,0.0,0.0,6.39,1720000000.0
2024-11-26,0.0,0.0,2.08,0.24,0.68,0.0,0.0,0.49,0.49,0.47,0.47,0.47,0.5,0.5,0.0,0.0,0.0,0.0,6.39,1720000000.0
2024-11-25,0.0,0.0,2.13,0.24,0.68,0.0,0.0,0.49,0.49,0.47,0.47,0.47,0.5,0.5,0.0,0.0,0.0,0.0,6.4399999999999995,1720000000.0
2024-11-24,0.0,0.45,2.29,0.24,0.68,0.0,0.0,0.49,0.49,0.47,0.47,0.47,0.5,0.5,0.0,0.0,0.0,0.0,7.05,1720000000.0
2024-11-23,0.0,0.45,2.29,0.24,0.68,0.0,0.0,0.49,0.49,0.47,0.47,0.47,0.5,0.5,0.0,0.0,0.0,0.0,7.05,1720000000.0
2024-11-22,0.0,0.45,2.29,0.24,0.68,0.0,0.0,0.49,0.49,0.47,0.47,0.47,0.5,0.5,0.0,0.0,0.0,0.0,7.05,1720000000.0
2024-11-21,0.0,0.45,2.29,0.24,0.68,0.0,0.0,0.49,0.49,0.47,0.47,0.47,0.5,0.5,0.0,0.0,0.0,0.0,7.05,1720000000.0
2024-11-20,0.0,0.45,2.32,0.24,0.68,0.0,0.0,0.49,0.49,0.47,0.47,0.47,0.5,0.5,0.0,0.0,0.0,0.0,7.079999999999999,1720000000.0
2024-11-19,0.0,0.45,2.32,0.24,0.71,0.0,0.0,0.49,0.49,0.47,0.47,0.47,0.5,0.5,0.0,0.0,0.0,0.0,7.109999999999999,1720000000.0
2024-11-18,0.0,0.45,2.22,0.24,0.69,0.0,0.0,0.49,0.49,0.47,0.47,0.47,0.5,0.5,0.0,0.0,0.0,0.0,6.989999999999999,1720000000.0
2024-11-17,0.0,0.45,2.22,0.24,0.69,0.0,0.0,0.49,0.49,0.47,0.47,0.47,0.5,0.0,0.0,0.0,0.0,0.0,6.489999999999999,1720000000.0
2024-11-16,0.0,0.45,2.22,0.24,0.69,0.0,0.0,0.49,0.49,0.47,0.47,0.47,0.5,0.0,0.0,0.0,0.0,0.0,6.489999999999999,1720000000.0
2024-11-15,0.0,0.45,2.22,0.24,0.69,0.0,0.0,0.49,0.49,0.47,0.47,0.47,0.5,0.0,0.0,0.0,0.0,0.0,6.489999999999999,1720000000.0
2024-11-14,0.0,0.45,2.22,0.24,0.69,0.0,0.0,0.49,0.49,0.47,0.47,0.47,0.5,0.0,0.0,0.0,0.0,0.0,6.489999999999999,1720000000.0
2024-11-13,0.0,0.45,2.22,0.24,0.7,0.0,0.0,0.49,0.49,0.47,0.47,0.47,0.5,0.0,0.0,0.0,0.0,0.0,6.5,1720000000.0
2024-11-12,0.0,0.45,2.22,0.24,0.7,0.0,0.0,0.49,0.49,0.47,0.47,0.47,0.0,0.0,0.0,0.0,0.0,0.0,6.0,1720000000.0
2024-11-11,0.0,0.45,2.22,0.24,0.68,0.0,0.0,0.49,0.49,0.47,0.47,0.47,0.0,0.0,0.0,0.0,0.0,0.0,5.9799999999999995,1720000000.0
2024-11-10,0.0,0.45,2.22,0.24,0.68,0.0,0.0,0.49,0.49,0.47,0.54,0.47,0.0,0.0,0.0,0.0,0.0,0.0,6.05,1720000000.0
2024-11-09,0.0,0.45,2.22,0.24,0.68,0.0,0.0,0.49,0.49,0.47,0.54,0.47,0.0,0.0,0.0,0.0,0.0,0.0,6.05,1720000000.0
2024-11-08,0.0,0.45,2.22,0.24,0.68,0.0,0.0,0.49,0.49,0.47,0.54,0.47,0.0,0.0,0.0,0.0,0.0,0.0,6.05,1720000000.0
2024-11-07,0.0,0.45,2.22,0.24,0.76,0.0,0.0,0.49,0.49,0.47,0.54,0.47,0.0,0.0,0.0,0.0,0.0,0.0,6.13,1720000000.0
2024-11-06,0.0,0.45,2.31,0.24,0.76,0.0,0.0,0.49,0.49,0.47,0.54,0.47,0.0,0.0,0.0,0.0,0.0,0.0,6.22,1720000000.0
2024-11-05,0.0,0.45,2.19,0.24,0.76,0.0,0.0,0.49,0.49,0.47,0.6,0.47,0.0,0.0,0.0,0.0,0.0,0.0,6.159999999999999,1720000000.0
2024-11-04,0.0,0.45,2.29,0.24,0.76,0.0,0.0,0.49,0.49,0.47,0.6,0.47,0.0,0.0,0.0,0.0,0.0,0.0,6.26,1720000000.0
2024-11-03,0.0,0.45,2.29,0.24,0.8,0.0,0.0,0.49,0.49,0.47,0.6,0.47,0.0,0.0,0.0,0.0,0.0,0.0,6.3,1720000000.0
2024-11-02,0.0,0.45,2.29,0.24,0.8,0.18,0.0,0.49,0.49,0.47,0.6,0.47,0.0,0.0,0.0,0.0,0.0,0.0,6.4799999999999995,1720000000.0
2024-11-01,0.0,0.45,2.29,0.24,0.8,0.18,0.0,0.49,0.49,0.47,0.6,0.47,0.0,0.0,0.0,0.0,0.0,0.0,6.4799999999999995,1720000000.0
2024-10-31,0.0,0.45,2.36,0.24,0.8,0.18,0.0,0.49,0.49,0.47,0.6,0.47,0.0,0.0,0.0,0.0,0.0,0.0,6.549999999999999,1720000000.0
2024-10-30,0.0,0.45,2.16,0.24,0.8,0.18,0.0,0.49,0.49,0.47,0.6,0.47,0.0,0.0,0.0,0.0,0.0,0.0,6.35,1720000000.0
2024-10-29,0.0,0.45,2.16,0.24,0.69,0.18,0.0,0.49,0.49,0.47,0.6,0.47,0.0,0.0,0.0,0.0,0.0,0.0,6.24,1720000000.0
2024-10-28,0.0,0.45,2.21,0.24,0.56,0.18,0.0,0.49,0.49,0.47,0.6,0.47,0.0,0.0,0.0,0.0,0.0,0.0,6.16,1720000000.0
2024-10-27,0.0,0.45,2.19,0.24,0.0,0.18,0.0,0.49,0.49,0.47,0.6,0.47,0.0,0.0,0.0,0.0,0.0,0.0,5.579999999999999,1720000000.0
2024-10-26,0.0,0.45,2.19,0.24,0.0,0.18,0.0,0.49,0.49,0.47,0.6,0.47,0.0,0.0,0.0,0.0,0.0,0.0,5.579999999999999,1720000000.0
2024-10-25,0.0,0.45,2.19,0.24,0.0,0.18,0.0,0.49,0.49,0.47,0.6,0.47,0.0,0.0,0.0,0.0,0.0,0.0,5.579999999999999,1720000000.0
2024-10-24,0.0,0.45,2.19,0.24,0.0,0.18,0.0,0.49,0.49,0.47,0.5,0.47,0.0,0.0,0.0,0.0,0.0,0.0,5.4799999999999995,1720000000.0
2024-10-23,0.0,0.45,2.19,0.24,0.0,0.18,0.0,0.49,0.49,0.47,0.5,0.47,0.0,0.0,0.0,0.0,0.0,0.0,5.4799999999999995,1720000000.0
2024-10-22,0.0,0.45,2.19,0.24,0.0,0.18,0.0,0.49,0.49,0.47,0.5,0.47,0.0,0.0,0.0,0.0,0.0,0.0,5.4799999999999995,1720000000.0
2024-10-21,0.0,0.45,2.19,0.24,0.0,0.18,0.0,0.49,0.49,0.47,0.5,0.47,0.0,0.0,0.0,0.0,0.0,0.0,5.4799999999999995,1720000000.0
2024-10-20,0.0,0.45,2.19,0.24,0.0,0.18,0.0,0.49,0.49,0.47,0.5,0.47,0.0,0.0,0.0,0.0,0.0,0.0,5.4799999999999995,1720000000.0
2024-10-19,0.0,0.45,2.19,0.24,0.0,0.18,0.0,0.49,0.49,0.47,0.5,0.47,0.0,0.0,0.0,0.0,0.0,0.0,5.4799999999999995,1720000000.0
2024-10-18,0.0,0.45,2.19,0.24,0.0,0.18,0.0,0.49,0.49,0.47,0.5,0.47,0.0,0.0,0.0,0.0,0.0,0.0,5.4799999999999995,1720000000.0
2024-10-17,0.0,0.45,2.19,0.24,0.0,0.18,0.0,0.49,0.49,0.47,0.5,0.47,0.0,0.0,0.0,0.0,0.0,0.0,5.4799999999999995,1720000000.0
2024-10-16,0.0,0.45,2.27,0.24,0.0,0.18,0.0,0.49,0.49,0.47,0.5,0.47,0.0,0.0,0.0,0.0,0.0,0.0,5.56,1720000000.0
2024-10-15,0.0,0.45,2.27,0.24,0.0,0.18,0.0,0.49,0.49,0.47,0.5,0.47,0.0,0.0,0.0,0.0,0.0,0.0,5.56,1720000000.0
2024-10-14,0.0,0.45,2.27,0.24,0.0,0.18,0.0,0.49,0.49,0.47,0.5,0.47,0.0,0.0,0.0,0.0,0.0,0.0,5.56,1720000000.0
2024-10-13,0.0,0.45,2.3,0.24,0.0,0.18,0.0,0.49,0.49,0.47,0.5,0.47,0.0,0.0,0.0,0.0,0.0,0.0,5.59,1720000000.0
2024-10-12,0.0,0.45,2.3,0.24,0.0,0.18,0.0,0.49,0.49,0.47,0.5,0.47,0.0,0.0,0.0,0.0,0.0,0.0,5.59,1720000000.0
2024-10-11,0.0,0.45,2.3,0.24,0.0,0.18,0.0,0.49,0.49,0.47,0.5,0.47,0.0,0.0,0.0,0.0,0.0,0.0,5.59,1720000000.0
2024-10-10,0.0,0.45,2.21,0.24,0.0,0.18,0.0,0.49,0.49,0.47,0.5,0.47,0.0,0.0,0.0,0.0,0.0,0.0,5.5,1720000000.0
2024-10-09,0.0,0.45,2.21,0.24,0.0,0.18,0.0,0.49,0.49,0.47,0.5,0.47,0.0,0.0,0.0,0.0,0.0,0.0,5.5,1720000000.0
2024-10-08,0.0,0.45,2.21,0.24,0.0,0.18,0.0,0.49,0.49,0.47,0.47,0.47,0.0,0.0,0.0,0.0,0.0,0.0,5.47,1720000000.0
2024-10-07,0.0,0.45,2.21,0.24,0.0,0.18,0.0,0.7,0.49,0.47,0.47,0.47,0.0,0.0,0.0,0.0,0.0,0.0,5.68,1720000000.0
2024-10-06,0.0,0.45,2.08,0.24,0.0,0.18,0.0,0.59,0.49,0.47,0.47,0.51,0.0,0.0,0.0,0.0,0.0,0.0,5.4799999999999995,1720000000.0
2024-10-05,0.0,0.45,2.08,0.24,0.0,0.18,0.0,0.59,0.49,0.47,0.47,0.51,0.0,0.0,0.0,0.0,0.0,0.0,5.4799999999999995,1720000000.0
2024-10-04,0.0,0.45,2.08,0.24,0.0,0.18,0.0,0.59,0.49,0.47,0.47,0.51,0.0,0.0,0.0,0.0,0.0,0.0,5.4799999999999995,1720000000.0
2024-10-03,0.0,0.45,2.12,0.24,0.0,0.18,0.0,0.59,0.49,0.47,0.47,0.43,0.0,0.0,0.0,0.0,0.0,0.0,5.4399999999999995,1720000000.0
2024-10-02,0.0,0.45,2.03,0.24,0.0,0.18,0.0,0.59,0.49,0.47,0.47,0.43,0.0,0.0,0.0,0.0,0.0,0.0,5.349999999999999,1720000000.0
2024-10-01,0.0,0.45,2.03,0.24,0.0,0.18,0.0,0.59,0.49,0.47,0.47,0.43,0.0,0.0,0.0,0.0,0.0,0.0,5.349999999999999,1720000000.0
2024-09-30,0.0,0.45,1.97,0.24,0.0,0.18,0.0,0.59,0.49,0.47,0.47,0.43,0.0,0.0,0.0,0.0,0.0,0.0,5.289999999999999,1800000000.0
2024-09-29,0.0,0.45,1.97,0.24,0.0,0.18,0.0,0.59,0.49,0.47,0.47,0.5,0.0,0.0,0.0,0.0,0.0,0.0,5.359999999999999,1800000000.0
2024-09-28,0.0,0.45,1.97,0.24,0.0,0.18,0.0,0.59,0.49,0.47,0.47,0.5,0.0,0.0,0.0,0.0,0.0,0.0,5.359999999999999,1800000000.0
2024-09-27,0.0,0.45,1.97,0.24,0.0,0.18,0.0,0.59,0.49,0.47,0.47,0.5,0.0,0.0,0.0,0.0,0.0,0.0,5.359999999999999,1800000000.0
2024-09-26,0.0,0.45,2.03,0.24,0.0,0.18,0.0,0.59,0.49,0.47,0.52,0.0,0.0,0.0,0.0,0.0,0.0,0.0,4.969999999999999,1800000000.0
2024-09-25,0.0,0.45,2.17,0.24,0.0,0.18,0.0,0.59,0.49,0.47,0.52,0.0,0.0,0.0,0.0,0.0,0.0,0.0,5.109999999999999,1800000000.0
2024-09-24,0.0,0.45,2.17,0.24,0.0,0.18,0.0,0.59,0.49,0.47,0.52,0.0,0.0,0.0,0.0,0.0,0.0,0.0,5.109999999999999,1800000000.0
2024-09-23,0.0,0.45,2.26,0.24,0.0,0.18,0.0,0.61,0.49,0.47,0.52,0.0,0.0,0.0,0.0,0.0,0.0,0.0,5.220000000000001,1800000000.0
2024-09-22,0.0,0.45,2.26,0.24,0.0,0.18,0.0,0.61,0.49,0.47,0.52,0.0,0.0,0.0,0.0,0.0,0.0,0.0,5.220000000000001,1800000000.0
2024-09-21,0.0,0.45,2.26,0.24,0.0,0.18,0.0,0.61,0.49,0.47,0.52,0.0,0.0,0.0,0.0,0.0,0.0,0.0,5.220000000000001,1800000000.0
2024-09-20,0.0,0.45,2.26,0.24,0.0,0.18,0.0,0.61,0.49,0.47,0.52,0.0,0.0,0.0,0.0,0.0,0.0,0.0,5.220000000000001,1800000000.0
2024-09-19,0.0,0.45,2.11,0.24,0.0,0.18,0.0,0.61,0.49,0.47,0.52,0.0,0.0,0.0,0.0,0.0,0.0,0.0,5.07,1800000000.0
2024-09-18,0.0,0.45,2.11,0.24,0.0,0.18,0.0,0.61,0.49,0.47,0.52,0.0,0.0,0.0,0.0,0.0,0.0,0.0,5.07,1800000000.0
2024-09-17,0.0,0.45,2.11,0.24,0.0,0.18,0.0,0.61,0.49,0.47,0.52,0.0,0.0,0.0,0.0,0.0,0.0,0.0,5.07,1800000000.0
2024-09-16,0.0,0.45,2.11,0.24,0.0,0.18,0.0,0.61,0.49,0.47,0.52,0.0,0.0,0.0,0.0,0.0,0.0,0.0,5.07,1800000000.0
2024-09-15,0.0,0.45,2.11,0.24,0.0,0.18,0.0,0.61,0.49,0.47,0.0,0.0,0.0,0.0,0.0,0.0,0.0,0.0,4.55,1800000000.0
2024-09-14,0.0,0.45,2.11,0.24,0.0,0.18,0.0,0.61,0.49,0.47,0.0,0.0,0.0,0.0,0.0,0.0,0.0,0.0,4.55,1800000000.0
2024-09-13,0.0,0.45,2.11,0.24,0.0,0.18,0.0,0.61,0.49,0.47,0.0,0.0,0.0,0.0,0.0,0.0,0.0,0.0,4.55,1800000000.0
2024-09-12,0.0,0.45,2.06,0.24,0.0,0.18,0.0,0.61,0.49,0.47,0.0,0.0,0.0,0.0,0.0,0.0,0.0,0.0,4.5,1800000000.0
2024-09-11,0.0,0.45,2.1,0.24,0.0,0.18,0.0,0.61,0.49,0.47,0.0,0.0,0.0,0.0,0.0,0.0,0.0,0.0,4.54,1800000000.0
2024-09-10,0.0,0.45,1.81,0.24,0.0,0.18,0.0,0.61,0.49,0.47,0.0,0.0,0.0,0.0,0.0,0.0,0.0,0.0,4.25,1800000000.0
2024-09-09,0.0,0.45,1.81,0.24,0.0,0.18,0.0,0.61,0.49,0.47,0.0,0.0,0.0,0.0,0.0,0.0,0.0,0.0,4.25,1800000000.0
2024-09-08,0.0,0.45,1.81,0.24,0.0,0.18,0.0,0.61,0.49,0.47,0.0,0.0,0.0,0.0,0.0,0.0,0.0,0.0,4.25,1800000000.0
2024-09-07,0.0,0.45,1.81,0.24,0.0,0.18,0.44,0.61,0.49,0.47,0.0,0.0,0.0,0.0,0.0,0.0,0.0,0.0,4.6899999999999995,1800000000.0
2024-09-06,0.0,0.45,1.81,0.24,0.0,0.18,0.44,0.61,0.49,0.47,0.0,0.0,0.0,0.0,0.0,0.0,0.0,0.0,4.6899999999999995,1800000000.0
2024-09-05,0.0,0.45,1.78,0.24,0.0,0.18,0.44,0.61,0.49,0.47,0.0,0.0,0.0,0.0,0.0,0.0,0.0,0.0,4.659999999999999,1800000000.0
2024-09-04,0.0,0.45,1.78,0.24,0.0,0.18,0.44,0.61,0.49,0.47,0.0,0.0,0.0,0.0,0.0,0.0,0.0,0.0,4.659999999999999,1800000000.0
2024-09-03,0.0,0.45,1.86,0.24,0.0,0.18,0.44,0.61,0.49,0.47,0.0,0.0,0.0,0.0,0.0,0.0,0.0,0.0,4.739999999999999,1800000000.0
2024-09-02,0.0,0.45,1.96,0.24,0.0,0.18,0.44,0.61,0.49,0.47,0.0,0.0,0.0,0.0,0.0,0.0,0.0,0.0,4.84,1800000000.0
2024-09-01,0.0,0.45,1.96,0.24,0.0,0.18,0.44,0.61,0.49,0.47,0.0,0.0,0.0,0.0,0.0,0.0,0.0,0.0,4.84,1800000000.0
2024-08-31,0.0,0.45,1.96,0.24,0.0,0.18,0.44,0.61,0.49,0.47,0.0,0.0,0.0,0.0,0.0,0.0,0.0,0.0,4.84,1800000000.0
2024-08-30,0.0,0.45,1.96,0.24,0.0,0.18,0.44,0.61,0.49,0.47,0.0,0.0,0.0,0.0,0.0,0.0,0.0,0.0,4.84,1800000000.0
2024-08-29,0.0,0.45,2.04,0.24,0.0,0.18,0.44,0.61,0.49,0.47,0.0,0.0,0.0,0.0,0.0,0.0,0.0,0.0,4.92,1800000000.0
2024-08-28,0.0,0.45,2.16,0.24,0.0,0.18,0.44,0.61,0.49,0.47,0.0,0.0,0.0,0.0,0.0,0.0,0.0,0.0,5.040000000000001,1800000000.0
2024-08-27,0.0,0.45,2.16,0.24,0.0,0.18,0.44,0.61,0.49,0.47,0.0,0.0,0.0,0.0,0.0,0.0,0.0,0.0,5.040000000000001,1800000000.0
2024-08-26,0.0,0.45,2.16,0.24,0.0,0.18,0.44,0.61,0.49,0.47,0.0,0.0,0.0,0.0,0.0,0.0,0.0,0.0,5.040000000000001,1800000000.0
2024-08-25,0.0,0.45,2.16,0.24,0.0,0.18,0.44,0.61,0.49,0.47,0.0,0.0,0.0,0.0,0.0,0.0,0.0,0.0,5.040000000000001,1800000000.0
2024-08-24,0.0,0.45,2.16,0.24,0.0,0.18,0.44,0.61,0.49,0.47,0.0,0.0,0.0,0.0,0.0,0.0,0.0,0.0,5.040000000000001,1800000000.0
2024-08-23,0.0,0.45,2.16,0.24,0.0,0.18,0.44,0.61,0.49,0.47,0.0,0.0,0.0,0.0,0.0,0.0,0.0,0.0,5.040000000000001,1800000000.0
2024-08-22,0.0,0.45,2.16,0.24,0.0,0.18,0.44,0.61,0.57,0.47,0.0,0.0,0.0,0.0,0.0,0.0,0.0,0.0,5.120000000000001,1800000000.0
2024-08-21,0.0,0.45,2.16,0.24,0.0,0.18,0.44,0.61,0.57,0.47,0.0,0.0,0.0,0.0,0.0,0.0,0.0,0.0,5.120000000000001,1800000000.0
2024-08-20,0.0,0.45,2.16,0.24,0.0,0.18,0.44,0.61,0.57,0.47,0.0,0.0,0.0,0.0,0.0,0.0,0.0,0.0,5.120000000000001,1800000000.0
2024-08-19,0.0,0.45,2.16,0.24,0.0,0.18,0.44,0.5,0.57,0.47,0.0,0.0,0.0,0.0,0.0,0.0,0.0,0.0,5.010000000000001,1800000000.0
2024-08-18,0.0,0.45,2.16,0.24,0.0,0.18,0.44,0.5,0.57,0.56,0.0,0.0,0.0,0.0,0.0,0.0,0.0,0.0,5.100000000000001,1800000000.0
2024-08-17,0.0,0.45,2.16,0.24,0.0,0.18,0.44,0.5,0.57,0.56,0.0,0.0,0.0,0.0,0.0,0.0,0.0,0.0,5.100000000000001,1800000000.0
2024-08-16,0.0,0.45,2.16,0.24,0.0,0.18,0.44,0.5,0.57,0.56,0.0,0.0,0.0,0.0,0.0,0.0,0.0,0.0,5.100000000000001,1800000000.0
2024-08-15,0.0,0.45,2.16,0.24,0.0,0.18,0.44,0.5,0.57,0.68,0.0,0.0,0.0,0.0,0.0,0.0,0.0,0.0,5.220000000000001,1800000000.0
2024-08-14,0.0,0.45,2.27,0.55,0.0,0.18,0.44,0.5,0.57,0.68,0.0,0.0,0.0,0.0,0.0,0.0,0.0,0.0,5.640000000000001,1800000000.0
2024-08-13,0.0,0.45,2.27,0.63,0.0,0.18,0.44,0.5,0.57,0.68,0.0,0.0,0.0,0.0,0.0,0.0,0.0,0.0,5.720000000000001,1800000000.0
2024-08-12,0.0,0.45,2.27,0.63,0.0,0.18,0.44,0.48,0.57,0.68,0.0,0.0,0.0,0.0,0.0,0.0,0.0,0.0,5.7,1800000000.0
2024-08-11,0.0,0.45,2.27,0.63,0.0,0.18,0.44,0.48,0.57,0.68,0.0,0.0,0.0,0.0,0.0,0.0,0.0,0.0,5.7,1800000000.0
2024-08-10,0.0,0.45,2.27,0.63,0.0,0.18,0.44,0.48,0.57,0.68,0.0,0.0,0.0,0.0,0.0,0.0,0.0,0.0,5.7,1800000000.0
2024-08-09,0.0,0.45,2.27,0.63,0.0,0.18,0.44,0.48,0.57,0.68,0.0,0.0,0.0,0.0,0.0,0.0,0.0,0.0,5.7,1800000000.0
2024-08-08,0.0,0.45,2.27,0.63,0.0,0.18,0.44,0.48,0.57,0.68,0.0,0.0,0.0,0.0,0.0,0.0,0.0,0.0,5.7,1800000000.0
2024-08-07,0.0,0.45,2.27,0.63,0.0,0.18,0.44,0.48,0.57,0.68,0.0,0.0,0.0,0.0,0.0,0.0,0.0,0.0,5.7,1800000000.0
2024-08-06,0.0,0.45,2.27,0.63,0.0,0.18,0.44,0.48,0.57,0.68,0.0,0.0,0.0,0.0,0.0,0.0,0.0,0.0,5.7,1800000000.0
2024-08-05,0.0,0.45,2.3,0.63,0.0,0.18,0.44,0.48,0.57,0.68,0.0,0.0,0.0,0.0,0.0,0.0,0.0,0.0,5.73,1800000000.0
2024-08-04,0.0,0.45,2.22,0.63,0.0,0.18,0.44,0.48,0.57,0.7,0.0,0.0,0.0,0.0,0.0,0.0,0.0,0.0,5.670000000000001,1800000000.0
2024-08-03,0.0,0.45,2.22,0.63,0.0,0.18,0.44,0.48,0.57,0.7,0.0,0.0,0.0,0.0,0.0,0.0,0.0,0.0,5.670000000000001,1800000000.0
2024-08-02,0.0,0.45,2.22,0.63,0.0,0.18,0.44,0.48,0.57,0.7,0.0,0.0,0.0,0.0,0.0,0.0,0.0,0.0,5.670000000000001,1800000000.0
2024-08-01,0.0,0.45,2.22,0.63,0.0,0.18,0.44,0.5,0.57,0.7,0.0,0.0,0.0,0.0,0.0,0.0,0.0,0.0,5.69,1800000000.0
2024-07-31,0.0,0.45,2.22,0.72,0.0,0.18,0.44,0.5,0.57,0.7,0.0,0.0,0.0,0.0,0.0,0.0,0.0,0.0,5.780000000000001,1800000000.0
2024-07-30,0.0,0.45,2.22,0.86,0.0,0.18,0.44,0.5,0.57,0.7,0.0,0.0,0.0,0.0,0.0,0.0,0.0,0.0,5.920000000000001,1800000000.0
2024-07-29,0.0,0.45,2.22,1.08,0.0,0.18,0.44,0.5,0.57,0.7,0.0,0.0,0.0,0.0,0.0,0.0,0.0,0.0,6.1400000000000015,1800000000.0
2024-07-28,0.0,0.45,2.22,1.15,0.0,0.18,0.44,0.49,0.57,0.7,0.0,0.0,0.0,0.0,0.0,0.0,0.0,0.0,6.200000000000001,1800000000.0
2024-07-27,0.0,0.45,2.22,1.15,0.0,0.18,0.44,0.49,0.57,0.7,0.0,0.0,0.0,0.0,0.0,0.0,0.0,0.0,6.200000000000001,1800000000.0
2024-07-26,0.0,0.45,2.22,1.15,0.39,0.18,0.44,0.49,0.57,0.7,0.0,0.0,0.0,0.0,0.0,0.0,0.0,0.0,6.590000000000001,1800000000.0
2024-07-25,0.0,0.45,2.22,1.15,0.39,0.18,0.44,0.5,0.6,0.7,0.0,0.0,0.0,0.0,0.0,0.0,0.0,0.0,6.63,1800000000.0
2024-07-24,0.0,0.53,2.13,1.15,0.39,0.18,0.44,0.5,0.6,0.62,0.0,0.0,0.0,0.0,0.0,0.0,0.0,0.0,6.54,1800000000.0
2024-07-23,0.0,0.53,2.13,1.15,0.39,0.18,0.44,0.5,0.6,0.62,0.0,0.0,0.0,0.0,0.0,0.0,0.0,0.0,6.54,1800000000.0
2024-07-22,0.0,0.53,2.13,1.15,0.39,0.18,0.44,0.49,0.6,0.62,0.0,0.0,0.0,0.0,0.0,0.0,0.0,0.0,6.53,1800000000.0
2024-07-21,0.0,0.53,2.13,1.15,0.39,0.18,0.44,0.49,0.6,0.62,0.0,0.0,0.0,0.0,0.0,0.0,0.0,0.0,6.53,1800000000.0
2024-07-20,0.0,0.53,2.13,1.15,0.39,0.18,0.44,0.49,0.6,0.62,0.0,0.0,0.0,0.0,0.0,0.0,0.0,0.0,6.53,1800000000.0
2024-07-19,0.0,0.53,2.13,1.15,0.39,0.18,0.44,0.49,0.6,0.62,0.0,0.0,0.0,0.0,0.0,0.0,0.0,0.0,6.53,1800000000.0
2024-07-18,0.0,0.53,2.05,1.15,0.39,0.18,0.44,0.59,0.6,0.62,0.0,0.0,0.0,0.0,0.0,0.0,0.0,0.0,6.55,1800000000.0
2024-07-17,0.0,0.53,2.05,1.15,0.39,0.18,0.44,0.59,0.6,0.62,0.0,0.0,0.0,0.0,0.0,0.0,0.0,0.0,6.55,1800000000.0
2024-07-16,0.0,0.53,1.95,1.15,0.39,0.18,0.44,0.59,0.6,0.62,0.0,0.0,0.0,0.0,0.0,0.0,0.0,0.0,6.449999999999999,1800000000.0
2024-07-15,0.0,0.53,1.8,1.15,0.39,0.18,0.44,0.59,0.6,0.62,0.0,0.0,0.0,0.0,0.0,0.0,0.0,0.0,6.3,1800000000.0
2024-07-14,0.0,0.53,1.8,1.15,0.39,0.18,0.44,0.59,0.56,0.62,0.0,0.0,0.0,0.0,0.0,0.0,0.0,0.0,6.260000000000001,1800000000.0
2024-07-13,0.0,0.53,1.8,1.15,0.39,0.18,0.44,0.59,0.56,0.62,0.0,0.0,0.0,0.0,0.0,0.0,0.0,0.0,6.260000000000001,1800000000.0
2024-07-12,0.0,0.53,1.8,1.15,0.39,0.18,0.44,0.59,0.56,0.62,0.0,0.0,0.0,0.0,0.0,0.0,0.0,0.0,6.260000000000001,1800000000.0
2024-07-11,0.0,0.53,1.8,1.15,0.39,0.18,0.44,0.59,0.56,0.5,0.0,0.0,0.0,0.0,0.0,0.0,0.0,0.0,6.140000000000001,1800000000.0
2024-07-10,0.0,0.53,1.71,1.15,0.39,0.18,0.44,0.59,0.56,0.5,0.0,0.0,0.0,0.0,0.0,0.0,0.0,0.0,6.050000000000001,1800000000.0
2024-07-09,0.0,0.53,1.54,1.15,0.39,0.18,0.44,0.59,0.56,0.5,0.0,0.0,0.0,0.0,0.0,0.0,0.0,0.0,5.880000000000001,1800000000.0
2024-07-08,0.0,0.53,1.41,1.15,0.39,0.18,0.44,0.59,0.56,0.5,0.0,0.0,0.0,0.0,0.0,0.0,0.0,0.0,5.75,1800000000.0
2024-07-07,0.0,0.0,1.28,1.15,0.39,0.18,0.44,0.69,0.56,0.5,0.0,0.0,0.0,0.0,0.0,0.0,0.0,0.0,5.1899999999999995,1800000000.0
2024-07-06,0.0,0.0,1.28,1.15,0.39,0.18,0.44,0.69,0.56,0.5,0.0,0.0,0.0,0.0,0.0,0.0,0.0,0.0,5.1899999999999995,1800000000.0
2024-07-05,0.0,0.0,1.28,1.15,0.39,0.18,0.44,0.69,0.56,0.5,0.0,0.0,0.0,0.0,0.0,0.0,0.0,0.0,5.1899999999999995,1800000000.0
2024-07-04,0.0,0.0,1.18,1.15,0.39,0.18,0.44,0.69,0.49,0.5,0.0,0.0,0.0,0.0,0.0,0.0,0.0,0.0,5.0200000000000005,1800000000.0
2024-07-03,0.0,0.0,1.18,1.15,0.39,0.18,0.44,0.7,0.49,0.5,0.0,0.0,0.0,0.0,0.0,0.0,0.0,0.0,5.03,1800000000.0
2024-07-02,0.0,0.0,1.18,1.15,0.39,0.57,0.44,0.88,0.49,0.5,0.0,0.0,0.0,0.0,0.0,0.0,0.0,0.0,5.6000000000000005,1800000000.0
2024-07-01,0.0,0.0,1.18,1.15,0.39,0.6,0.44,0.88,0.49,0.0,0.0,0.0,0.0,0.0,0.0,0.0,0.0,0.0,5.130000000000001,1800000000.0
2024-06-30,0.0,0.0,1.18,1.15,0.39,0.6,0.44,0.88,0.49,0.0,0.0,0.0,0.0,0.0,0.0,0.0,0.0,0.0,5.130000000000001,2060000000.0
2024-06-29,0.0,0.0,1.18,1.15,0.39,0.6,0.44,0.88,0.49,0.0,0.0,0.0,0.0,0.0,0.0,0.0,0.0,0.0,5.130000000000001,2060000000.0
2024-06-28,0.0,0.0,1.18,1.15,0.39,0.6,0.44,0.88,0.49,0.0,0.0,0.0,0.0,0.0,0.0,0.0,0.0,0.0,5.130000000000001,2060000000.0
2024-06-27,0.0,0.0,1.18,1.15,0.39,0.6,0.44,0.99,0.49,0.0,0.0,0.0,0.0,0.0,0.0,0.0,0.0,0.0,5.24,2060000000.0
2024-06-26,0.0,0.0,1.26,1.15,0.39,0.6,0.44,0.99,0.49,0.0,0.0,0.0,0.0,0.0,0.0,0.0,0.0,0.0,5.32,2060000000.0
2024-06-25,0.0,0.0,1.26,1.15,0.39,0.6,0.44,0.99,0.49,0.0,0.0,0.0,0.0,0.0,0.0,0.0,0.0,0.0,5.32,2060000000.0
2024-06-24,0.0,0.0,1.3,1.15,0.39,0.6,0.44,0.99,0.49,0.0,0.0,0.0,0.0,0.0,0.0,0.0,0.0,0.0,5.36,2060000000.0
2024-06-23,0.0,0.0,1.29,1.15,0.39,0.6,0.44,1.06,0.49,0.0,0.0,0.0,0.0,0.0,0.0,0.0,0.0,0.0,5.42,2060000000.0
2024-06-22,0.0,0.0,1.29,1.15,0.39,0.6,0.44,1.06,0.49,0.0,0.0,0.0,0.0,0.0,0.0,0.0,0.0,0.0,5.42,2060000000.0
2024-06-21,0.0,0.0,1.29,1.15,0.39,0.6,0.44,1.06,0.49,0.0,0.0,0.0,0.0,0.0,0.0,0.0,0.0,0.0,5.42,2060000000.0
2024-06-20,0.0,0.0,1.46,1.15,0.39,0.6,0.44,1.06,0.49,0.0,0.0,0.0,0.0,0.0,0.0,0.0,0.0,0.0,5.59,2060000000.0
2024-06-19,0.0,0.0,1.51,1.15,0.39,0.6,0.44,1.06,0.49,0.0,0.0,0.0,0.0,0.0,0.0,0.0,0.0,0.0,5.640000000000001,2060000000.0
2024-06-18,0.0,0.0,1.48,1.15,0.39,0.6,0.44,1.06,0.5,0.0,0.0,0.0,0.0,0.0,0.0,0.0,0.0,0.0,5.620000000000001,2060000000.0
2024-06-17,0.0,0.0,1.5,1.15,0.39,0.6,0.44,1.06,0.0,0.0,0.0,0.0,0.0,0.0,0.0,0.0,0.0,0.0,5.140000000000001,2060000000.0
2024-06-16,0.0,0.0,1.49,1.15,0.39,0.6,0.44,1.06,0.0,0.0,0.0,0.0,0.0,0.0,0.0,0.0,0.0,0.0,5.130000000000001,2060000000.0
2024-06-15,0.0,0.0,1.49,1.15,0.39,0.6,0.44,1.06,0.0,0.0,0.0,0.0,0.0,0.0,0.0,0.0,0.0,0.0,5.130000000000001,2060000000.0
2024-06-14,0.0,0.0,1.49,1.15,0.39,0.6,0.44,1.06,0.0,0.0,0.0,0.0,0.0,0.0,0.0,0.0,0.0,0.0,5.130000000000001,2060000000.0
2024-06-13,0.0,0.0,1.37,1.15,0.39,0.6,0.44,0.99,0.0,0.0,0.0,0.0,0.0,0.0,0.0,0.0,0.0,0.0,4.94,2060000000.0
2024-06-12,0.0,0.0,1.37,1.15,0.39,0.6,0.44,1.0,0.0,0.0,0.0,0.0,0.0,0.0,0.0,0.0,0.0,0.0,4.95,2060000000.0
2024-06-11,0.0,0.0,1.37,1.15,0.39,0.6,0.44,1.0,0.0,0.0,0.0,0.0,0.0,0.0,0.0,0.0,0.0,0.0,4.95,2060000000.0
2024-06-10,0.0,0.0,1.37,1.15,0.39,0.6,0.44,1.0,0.0,0.0,0.0,0.0,0.0,0.0,0.0,0.0,0.0,0.0,4.95,2060000000.0
2024-06-09,0.0,0.0,1.37,1.15,0.39,0.6,0.44,1.0,0.0,0.0,0.0,0.0,0.0,0.0,0.0,0.0,0.0,0.0,4.95,2060000000.0
2024-06-08,0.0,0.0,1.37,1.15,0.39,0.6,0.44,1.0,0.0,0.0,0.0,0.0,0.0,0.0,0.0,0.0,0.0,0.0,4.95,2060000000.0
2024-06-07,0.0,0.0,1.37,1.15,0.39,0.6,0.44,1.0,0.0,0.0,0.0,0.0,0.0,0.0,0.0,0.0,0.0,0.0,4.95,2060000000.0
2024-06-06,0.0,0.0,1.4,1.15,0.39,0.6,0.44,1.0,0.0,0.0,0.0,0.0,0.0,0.0,0.0,0.0,0.0,0.0,4.98,2060000000.0
2024-06-05,0.0,0.0,1.4,1.15,0.39,0.6,0.44,1.0,0.0,0.0,0.0,0.0,0.0,0.0,0.0,0.0,0.0,0.0,4.98,2060000000.0
2024-06-04,0.0,0.0,1.4,1.15,0.39,0.6,0.44,0.9,0.0,0.0,0.0,0.0,0.0,0.0,0.0,0.0,0.0,0.0,4.88,2060000000.0
2024-06-03,0.0,0.0,1.4,1.15,0.39,0.6,0.44,0.9,0.0,0.0,0.0,0.0,0.0,0.0,0.0,0.0,0.0,0.0,4.88,2060000000.0
2024-06-02,0.0,0.0,1.4,1.15,0.39,0.6,0.44,0.9,0.0,0.0,0.0,0.0,0.0,0.0,0.0,0.0,0.0,0.0,4.88,2060000000.0
2024-06-01,0.0,0.0,1.4,1.15,0.39,0.6,0.44,0.9,0.0,0.0,0.0,0.0,0.0,0.0,0.0,0.0,0.0,0.0,4.88,2060000000.0
2024-05-31,0.0,0.0,1.4,1.15,0.39,0.6,0.44,0.9,0.0,0.0,0.0,0.0,0.0,0.0,0.0,0.0,0.0,0.0,4.88,2060000000.0
2024-05-30,0.0,0.0,1.4,1.15,0.39,0.6,0.44,0.9,0.0,0.0,0.0,0.0,0.0,0.0,0.0,0.0,0.0,0.0,4.88,2060000000.0
2024-05-29,0.0,0.0,1.4,1.15,0.39,0.6,0.44,0.9,0.0,0.0,0.0,0.0,0.0,0.0,0.0,0.0,0.0,0.0,4.88,2060000000.0
2024-05-28,0.0,0.0,1.4,1.15,0.39,0.6,0.44,0.9,0.0,0.0,0.0,0.0,0.0,0.0,0.0,0.0,0.0,0.0,4.88,2060000000.0
2024-05-27,0.0,0.0,1.52,1.15,0.39,0.6,0.44,0.9,0.0,0.0,0.0,0.0,0.0,0.0,0.0,0.0,0.0,0.0,5.000000000000001,2060000000.0
2024-05-26,0.0,0.0,1.4,1.15,0.39,0.6,0.44,0.9,0.0,0.0,0.0,0.0,0.0,0.0,0.0,0.0,0.0,0.0,4.88,2060000000.0
2024-05-25,0.0,0.0,1.4,1.15,0.39,0.6,0.44,0.9,0.0,0.0,0.0,0.0,0.0,0.0,0.0,0.0,0.0,0.0,4.88,2060000000.0
2024-05-24,0.0,0.0,1.4,1.15,0.39,0.6,0.44,0.9,0.0,0.0,0.0,0.0,0.0,0.0,0.0,0.0,0.0,0.0,4.88,2060000000.0
2024-05-23,0.0,0.0,1.4,1.15,0.39,0.6,0.44,0.9,0.0,0.0,0.0,0.0,0.0,0.0,0.0,0.0,0.0,0.0,4.88,2060000000.0
2024-05-22,0.0,0.0,1.36,1.15,0.39,0.6,0.44,0.9,0.0,0.0,0.0,0.0,0.0,0.0,0.0,0.0,0.0,0.0,4.84,2060000000.0
2024-05-21,0.0,0.0,1.4,1.15,0.39,0.6,0.44,0.9,0.0,0.0,0.0,0.0,0.0,0.0,0.0,0.0,0.0,0.0,4.88,2060000000.0
2024-05-20,0.0,0.0,1.31,0.91,0.39,0.6,0.44,0.9,0.0,0.0,0.0,0.0,0.0,0.0,0.0,0.0,0.0,0.0,4.550000000000001,2060000000.0
2024-05-19,0.0,0.0,1.22,0.91,0.39,0.6,0.44,0.9,0.0,0.0,0.0,0.0,0.0,0.0,0.0,0.0,0.0,0.0,4.46,2060000000.0
2024-05-18,0.0,0.0,1.22,0.91,0.39,0.6,0.44,0.9,0.0,0.0,0.0,0.0,0.0,0.0,0.0,0.0,0.0,0.0,4.46,2060000000.0
2024-05-17,0.0,0.0,1.22,0.91,0.39,0.6,0.44,0.9,0.0,0.0,0.0,0.0,0.0,0.0,0.0,0.0,0.0,0.0,4.46,2060000000.0
2024-05-16,0.0,0.0,1.22,0.91,0.39,0.6,0.44,0.9,0.0,0.0,0.0,0.0,0.0,0.0,0.0,0.0,0.0,0.0,4.46,2060000000.0
2024-05-15,0.0,0.0,1.22,0.91,0.39,0.6,0.44,0.9,0.0,0.0,0.0,0.0,0.0,0.0,0.0,0.0,0.0,0.0,4.46,2060000000.0
2024-05-14,0.0,0.0,1.16,0.91,0.39,0.6,0.44,0.9,0.0,0.0,0.0,0.0,0.0,0.0,0.0,0.0,0.0,0.0,4.4,2060000000.0
2024-05-13,0.0,0.0,1.27,0.91,0.39,0.6,0.44,0.9,0.0,0.0,0.0,0.0,0.0,0.0,0.0,0.0,0.0,0.0,4.510000000000001,2060000000.0
2024-05-12,0.0,0.0,1.27,0.91,0.39,0.6,0.44,0.85,0.0,0.0,0.0,0.0,0.0,0.0,0.0,0.0,0.0,0.0,4.46,2060000000.0
2024-05-11,0.0,0.0,1.27,0.91,0.39,0.6,0.44,0.85,0.0,0.0,0.0,0.0,0.0,0.0,0.0,0.0,0.0,0.0,4.46,2060000000.0
2024-05-10,0.0,0.0,1.27,0.91,0.39,0.6,0.44,0.85,0.0,0.0,0.0,0.0,0.0,0.0,0.0,0.0,0.0,0.0,4.46,2060000000.0
2024-05-09,0.0,0.0,1.27,0.91,0.39,0.6,0.44,0.73,0.0,0.0,0.0,0.0,0.0,0.0,0.0,0.0,0.0,0.0,4.34,2060000000.0
2024-05-08,0.0,0.0,1.27,0.91,0.39,0.6,0.44,0.73,0.0,0.0,0.0,0.0,0.0,0.0,0.0,0.0,0.0,0.0,4.34,2060000000.0
2024-05-07,0.0,0.0,1.27,0.91,0.39,0.6,0.52,0.62,0.0,0.0,0.0,0.0,0.0,0.0,0.0,0.0,0.0,0.0,4.3100000000000005,2060000000.0
2024-05-06,0.0,0.0,1.31,0.91,0.39,0.6,0.52,0.62,0.0,0.0,0.0,0.0,0.0,0.0,0.0,0.0,0.0,0.0,4.3500000000000005,2060000000.0
2024-05-05,0.0,0.0,1.26,0.91,0.39,0.6,0.52,0.62,0.0,0.0,0.0,0.0,0.0,0.0,0.0,0.0,0.0,0.0,4.3,2060000000.0
2024-05-04,0.0,0.0,1.26,0.91,0.39,0.6,0.52,0.62,0.0,0.0,0.0,0.0,0.0,0.0,0.0,0.0,0.0,0.0,4.3,2060000000.0
2024-05-03,0.0,0.0,1.26,0.91,0.39,0.6,0.52,0.62,0.0,0.0,0.0,0.0,0.0,0.0,0.0,0.0,0.0,0.0,4.3,2060000000.0
2024-05-02,0.0,0.0,1.3,0.91,0.39,0.6,0.52,0.52,0.0,0.0,0.0,0.0,0.0,0.0,0.0,0.0,0.0,0.0,4.24,2060000000.0
2024-05-01,0.0,0.0,1.3,0.87,0.39,0.6,0.52,0.52,0.0,0.0,0.0,0.0,0.0,0.0,0.0,0.0,0.0,0.0,4.2,2060000000.0
2024-04-30,0.0,0.0,1.3,0.87,0.39,0.6,0.52,0.52,0.0,0.0,0.0,0.0,0.0,0.0,0.0,0.0,0.0,0.0,4.2,2060000000.0
2024-04-29,0.0,0.0,1.28,0.87,0.39,0.6,0.52,0.0,0.0,0.0,0.0,0.0,0.0,0.0,0.0,0.0,0.0,0.0,3.66,2060000000.0
2024-04-28,0.0,0.0,1.13,0.87,0.39,0.6,0.52,0.0,0.0,0.0,0.0,0.0,0.0,0.0,0.0,0.0,0.0,0.0,3.5100000000000002,2060000000.0
2024-04-27,0.0,0.0,1.13,0.87,0.39,0.6,0.52,0.0,0.0,0.0,0.0,0.0,0.0,0.0,0.0,0.0,0.0,0.0,3.5100000000000002,2060000000.0
2024-04-26,0.0,0.0,1.13,0.87,0.39,0.6,0.52,0.0,0.0,0.0,0.0,0.0,0.0,0.0,0.0,0.0,0.0,0.0,3.5100000000000002,2060000000.0
2024-04-25,0.0,0.0,1.13,0.87,0.39,0.6,0.52,0.0,0.0,0.0,0.0,0.0,0.0,0.0,0.0,0.0,0.0,0.0,3.5100000000000002,2060000000.0
2024-04-24,0.0,0.0,1.13,0.87,0.39,0.6,0.52,0.0,0.0,0.0,0.0,0.0,0.0,0.0,0.0,0.0,0.0,0.0,3.5100000000000002,2060000000.0
2024-04-23,0.0,0.0,1.03,0.87,0.39,0.6,0.52,0.0,0.0,0.0,0.0,0.0,0.0,0.0,0.0,0.0,0.0,0.0,3.41,2060000000.0
2024-04-22,0.0,0.0,0.83,0.87,0.39,0.6,0.0,0.0,0.0,0.0,0.0,0.0,0.0,0.0,0.0,0.0,0.0,0.0,2.69,2060000000.0
2024-04-21,0.0,0.0,0.83,0.87,0.39,0.6,0.0,0.0,0.0,0.0,0.0,0.0,0.0,0.0,0.0,0.0,0.0,0.0,2.69,2060000000.0
2024-04-20,0.0,0.0,0.83,0.87,0.39,0.6,0.0,0.0,0.0,0.0,0.0,0.0,0.0,0.0,0.0,0.0,0.0,0.0,2.69,2060000000.0
2024-04-19,0.0,0.0,0.83,0.87,0.39,0.6,0.0,0.0,0.0,0.0,0.0,0.0,0.0,0.0,0.0,0.0,0.0,0.0,2.69,2060000000.0
2024-04-18,0.0,0.0,0.75,0.87,0.39,0.6,0.0,0.0,0.0,0.0,0.0,0.0,0.0,0.0,0.0,0.0,0.0,0.0,2.6100000000000003,2060000000.0
2024-04-17,0.0,0.0,0.54,0.87,0.39,0.6,0.0,0.0,0.0,0.0,0.0,0.0,0.0,0.0,0.0,0.0,0.0,0.0,2.4000000000000004,2060000000.0
2024-04-16,0.0,0.0,0.54,0.87,0.39,0.6,0.0,0.0,0.0,0.0,0.0,0.0,0.0,0.0,0.0,0.0,0.0,0.0,2.4000000000000004,2060000000.0
2024-04-15,0.0,0.0,0.41,0.87,0.39,0.6,0.0,0.0,0.0,0.0,0.0,0.0,0.0,0.0,0.0,0.0,0.0,0.0,2.27,2060000000.0
2024-04-14,0.0,0.0,0.41,0.87,0.39,0.6,0.0,0.0,0.0,0.0,0.0,0.0,0.0,0.0,0.0,0.0,0.0,0.0,2.27,2060000000.0
2024-04-13,0.0,0.0,0.41,0.87,0.39,0.6,0.0,0.0,0.0,0.0,0.0,0.0,0.0,0.0,0.0,0.0,0.0,0.0,2.27,2060000000.0
2024-04-12,0.0,0.0,0.41,0.87,0.39,0.6,0.0,0.0,0.0,0.0,0.0,0.0,0.0,0.0,0.0,0.0,0.0,0.0,2.27,2060000000.0
2024-04-11,0.0,0.0,0.41,0.87,0.39,0.6,0.0,0.0,0.0,0.0,0.0,0.0,0.0,0.0,0.0,0.0,0.0,0.0,2.27,2060000000.0
2024-04-10,0.0,0.0,0.41,0.87,0.39,0.6,0.0,0.0,0.0,0.0,0.0,0.0,0.0,0.0,0.0,0.0,0.0,0.0,2.27,2060000000.0
2024-04-09,0.0,0.0,0.41,0.87,0.39,0.6,0.0,0.0,0.0,0.0,0.0,0.0,0.0,0.0,0.0,0.0,0.0,0.0,2.27,2060000000.0
2024-04-08,0.0,0.0,0.41,0.87,0.39,0.6,0.0,0.0,0.0,0.0,0.0,0.0,0.0,0.0,0.0,0.0,0.0,0.0,2.27,2060000000.0
2024-04-07,0.0,0.0,0.41,0.87,0.39,0.6,0.0,0.0,0.0,0.0,0.0,0.0,0.0,0.0,0.0,0.0,0.0,0.0,2.27,2060000000.0
2024-04-06,0.0,0.0,0.41,0.87,0.39,0.6,0.0,0.0,0.0,0.0,0.0,0.0,0.0,0.0,0.0,0.0,0.0,0.0,2.27,2060000000.0
2024-04-05,0.0,0.0,0.41,0.87,0.39,0.6,0.0,0.0,0.0,0.0,0.0,0.0,0.0,0.0,0.0,0.0,0.0,0.0,2.27,2060000000.0
2024-04-04,0.0,0.0,0.41,0.87,0.39,0.0,0.0,0.0,0.0,0.0,0.0,0.0,0.0,0.0,0.0,0.0,0.0,0.0,1.67,2060000000.0
2024-04-03,0.0,0.0,0.41,0.87,0.39,0.0,0.0,0.0,0.0,0.0,0.0,0.0,0.0,0.0,0.0,0.0,0.0,0.0,1.67,2060000000.0
2024-04-02,0.0,0.0,0.54,0.87,0.39,0.0,0.0,0.0,0.0,0.0,0.0,0.0,0.0,0.0,0.0,0.0,0.0,0.0,1.8000000000000003,2060000000.0
2024-04-01,0.0,0.0,0.54,0.87,0.39,0.0,0.0,0.0,0.0,0.0,0.0,0.0,0.0,0.0,0.0,0.0,0.0,0.0,1.8000000000000003,2060000000.0
2024-03-31,0.0,0.0,0.54,0.87,0.39,0.0,0.0,0.0,0.0,0.0,0.0,0.0,0.0,0.0,0.0,0.0,0.0,0.0,1.8000000000000003,2750000000.0
2024-03-30,0.0,0.0,0.54,0.87,0.39,0.0,0.0,0.0,0.0,0.0,0.0,0.0,0.0,0.0,0.0,0.0,0.0,0.0,1.8000000000000003,2750000000.0
2024-03-29,0.0,0.0,0.54,0.87,0.39,0.0,0.0,0.0,0.0,0.0,0.0,0.0,0.0,0.0,0.0,0.0,0.0,0.0,1.8000000000000003,2750000000.0
2024-03-28,0.0,0.0,0.54,0.87,0.39,0.0,0.0,0.0,0.0,0.0,0.0,0.0,0.0,0.0,0.0,0.0,0.0,0.0,1.8000000000000003,2750000000.0
2024-03-27,0.0,0.0,0.54,0.87,0.39,0.0,0.0,0.0,0.0,0.0,0.0,0.0,0.0,0.0,0.0,0.0,0.0,0.0,1.8000000000000003,2750000000.0
2024-03-26,0.0,0.0,0.6,0.59,0.39,0.0,0.0,0.0,0.0,0.0,0.0,0.0,0.0,0.0,0.0,0.0,0.0,0.0,1.58,2750000000.0
2024-03-25,0.0,0.0,0.6,0.59,0.52,0.0,0.0,0.0,0.0,0.0,0.0,0.0,0.0,0.0,0.0,0.0,0.0,0.0,1.71,2750000000.0
2024-03-24,0.0,0.0,0.6,0.59,0.52,0.0,0.0,0.0,0.0,0.0,0.0,0.0,0.0,0.0,0.0,0.0,0.0,0.0,1.71,2750000000.0
2024-03-23,0.0,0.0,0.6,0.59,0.52,0.0,0.0,0.0,0.0,0.0,0.0,0.0,0.0,0.0,0.0,0.0,0.0,0.0,1.71,2750000000.0
2024-03-22,0.0,0.0,0.6,0.59,0.52,0.0,0.0,0.0,0.0,0.0,0.0,0.0,0.0,0.0,0.0,0.0,0.0,0.0,1.71,2750000000.0
2024-03-21,0.0,0.0,0.5,0.59,0.52,0.0,0.0,0.0,0.0,0.0,0.0,0.0,0.0,0.0,0.0,0.0,0.0,0.0,1.6099999999999999,2750000000.0
2024-03-20,0.0,0.0,0.5,0.59,0.52,0.0,0.0,0.0,0.0,0.0,0.0,0.0,0.0,0.0,0.0,0.0,0.0,0.0,1.6099999999999999,2750000000.0
2024-03-19,0.0,0.0,0.44,0.62,0.52,0.0,0.0,0.0,0.0,0.0,0.0,0.0,0.0,0.0,0.0,0.0,0.0,0.0,1.58,2750000000.0
2024-03-18,0.0,0.0,0.44,0.62,0.52,0.0,0.0,0.0,0.0,0.0,0.0,0.0,0.0,0.0,0.0,0.0,0.0,0.0,1.58,2750000000.0
2024-03-17,0.0,0.0,0.44,0.62,0.52,0.0,0.0,0.0,0.0,0.0,0.0,0.0,0.0,0.0,0.0,0.0,0.0,0.0,1.58,2750000000.0
2024-03-16,0.0,0.0,0.44,0.62,0.52,0.0,0.0,0.0,0.0,0.0,0.0,0.0,0.0,0.0,0.0,0.0,0.0,0.0,1.58,2750000000.0
2024-03-15,0.0,0.0,0.44,0.62,0.52,0.0,0.0,0.0,0.0,0.0,0.0,0.0,0.0,0.0,0.0,0.0,0.0,0.0,1.58,2750000000.0
2024-03-14,0.0,0.0,0.44,0.62,0.52,0.0,0.0,0.0,0.0,0.0,0.0,0.0,0.0,0.0,0.0,0.0,0.0,0.0,1.58,2750000000.0
2024-03-13,0.0,0.0,0.44,0.62,0.52,0.0,0.0,0.0,0.0,0.0,0.0,0.0,0.0,0.0,0.0,0.0,0.0,0.0,1.58,2750000000.0
2024-03-12,0.0,0.0,0.44,0.62,0.0,0.0,0.0,0.0,0.0,0.0,0.0,0.0,0.0,0.0,0.0,0.0,0.0,0.0,1.06,2750000000.0
2024-03-11,0.0,0.0,0.44,0.62,0.0,0.0,0.0,0.0,0.0,0.0,0.0,0.0,0.0,0.0,0.0,0.0,0.0,0.0,1.06,2750000000.0
2024-03-10,0.0,0.0,0.44,0.62,0.0,0.0,0.0,0.0,0.0,0.0,0.0,0.0,0.0,0.0,0.0,0.0,0.0,0.0,1.06,2750000000.0
2024-03-09,0.0,0.0,0.44,0.62,0.0,0.0,0.0,0.0,0.0,0.0,0.0,0.0,0.0,0.0,0.0,0.0,0.0,0.0,1.06,2750000000.0
2024-03-08,0.0,0.0,0.44,0.62,0.0,0.0,0.0,0.0,0.0,0.0,0.0,0.0,0.0,0.0,0.0,0.0,0.0,0.0,1.06,2750000000.0
2024-03-07,0.0,0.0,0.44,0.62,0.0,0.0,0.0,0.0,0.0,0.0,0.0,0.0,0.0,0.0,0.0,0.0,0.0,0.0,1.06,2750000000.0
2024-03-06,0.0,0.0,0.58,0.62,0.0,0.0,0.0,0.0,0.0,0.0,0.0,0.0,0.0,0.0,0.0,0.0,0.0,0.0,1.2,2750000000.0
2024-03-05,0.0,0.0,0.6,0.62,0.0,0.0,0.0,0.0,0.0,0.0,0.0,0.0,0.0,0.0,0.0,0.0,0.0,0.0,1.22,2750000000.0
2024-03-04,0.0,0.0,0.53,0.62,0.0,0.0,0.0,0.0,0.0,0.0,0.0,0.0,0.0,0.0,0.0,0.0,0.0,0.0,1.15,2750000000.0
2024-03-03,0.0,0.0,0.72,0.62,0.0,0.0,0.0,0.0,0.0,0.0,0.0,0.0,0.0,0.0,0.0,0.0,0.0,0.0,1.3399999999999999,2750000000.0
2024-03-02,0.0,0.0,0.72,0.62,0.0,0.0,0.0,0.0,0.0,0.0,0.0,0.0,0.0,0.0,0.0,0.0,0.0,0.0,1.3399999999999999,2750000000.0
2024-03-01,0.0,0.0,0.72,0.62,0.0,0.0,0.0,0.0,0.0,0.0,0.0,0.0,0.0,0.0,0.0,0.0,0.0,0.0,1.3399999999999999,2750000000.0
2024-02-29,0.0,0.0,0.67,0.53,0.0,0.0,0.0,0.0,0.0,0.0,0.0,0.0,0.0,0.0,0.0,0.0,0.0,0.0,1.2000000000000002,2750000000.0
2024-02-28,0.0,0.0,0.32,0.53,0.0,0.0,0.0,0.0,0.0,0.0,0.0,0.0,0.0,0.0,0.0,0.0,0.0,0.0,0.8500000000000001,2750000000.0
2024-02-27,0.0,0.0,0.32,0.53,0.0,0.0,0.0,0.0,0.0,0.0,0.0,0.0,0.0,0.0,0.0,0.0,0.0,0.0,0.8500000000000001,2750000000.0
2024-02-26,0.0,0.0,0.32,0.53,0.0,0.0,0.0,0.0,0.0,0.0,0.0,0.0,0.0,0.0,0.0,0.0,0.0,0.0,0.8500000000000001,2750000000.0
2024-02-25,0.0,0.0,0.32,0.53,0.0,0.0,0.0,0.0,0.0,0.0,0.0,0.0,0.0,0.0,0.0,0.0,0.0,0.0,0.8500000000000001,2750000000.0
2024-02-24,0.0,0.0,0.32,0.53,0.0,0.0,0.0,0.0,0.0,0.0,0.0,0.0,0.0,0.0,0.0,0.0,0.0,0.0,0.8500000000000001,2750000000.0
2024-02-23,0.0,0.0,0.32,0.53,0.0,0.0,0.0,0.0,0.0,0.0,0.0,0.0,0.0,0.0,0.0,0.0,0.0,0.0,0.8500000000000001,2750000000.0
2024-02-22,0.0,0.0,0.32,0.53,0.0,0.0,0.0,0.0,0.0,0.0,0.0,0.0,0.0,0.0,0.0,0.0,0.0,0.0,0.8500000000000001,2750000000.0
2024-02-21,0.0,0.0,0.32,0.53,0.0,0.0,0.0,0.0,0.0,0.0,0.0,0.0,0.0,0.0,0.0,0.0,0.0,0.0,0.8500000000000001,2750000000.0
2024-02-20,0.0,0.0,0.32,0.53,0.0,0.0,0.0,0.0,0.0,0.0,0.0,0.0,0.0,0.0,0.0,0.0,0.0,0.0,0.8500000000000001,2750000000.0
2024-02-19,0.0,0.0,0.32,0.53,0.0,0.0,0.0,0.0,0.0,0.0,0.0,0.0,0.0,0.0,0.0,0.0,0.0,0.0,0.8500000000000001,2750000000.0
2024-02-18,0.0,0.0,0.32,0.53,0.0,0.0,0.0,0.0,0.0,0.0,0.0,0.0,0.0,0.0,0.0,0.0,0.0,0.0,0.8500000000000001,2750000000.0
2024-02-17,0.0,0.0,0.32,0.53,0.0,0.0,0.0,0.0,0.0,0.0,0.0,0.0,0.0,0.0,0.0,0.0,0.0,0.0,0.8500000000000001,2750000000.0
2024-02-16,0.0,0.0,0.32,0.53,0.0,0.0,0.0,0.0,0.0,0.0,0.0,0.0,0.0,0.0,0.0,0.0,0.0,0.0,0.8500000000000001,2750000000.0
2024-02-15,0.0,0.0,0.32,0.53,0.0,0.0,0.0,0.0,0.0,0.0,0.0,0.0,0.0,0.0,0.0,0.0,0.0,0.0,0.8500000000000001,2750000000.0
2024-02-14,0.0,0.0,0.32,0.53,0.0,0.0,0.0,0.0,0.0,0.0,0.0,0.0,0.0,0.0,0.0,0.0,0.0,0.0,0.8500000000000001,2750000000.0
2024-02-13,0.0,0.0,0.32,0.53,0.0,0.0,0.0,0.0,0.0,0.0,0.0,0.0,0.0,0.0,0.0,0.0,0.0,0.0,0.8500000000000001,2750000000.0
2024-02-12,0.0,0.0,0.32,0.53,0.0,0.0,0.0,0.0,0.0,0.0,0.0,0.0,0.0,0.0,0.0,0.0,0.0,0.0,0.8500000000000001,2750000000.0
2024-02-11,0.0,0.0,0.32,0.53,0.0,0.0,0.0,0.0,0.0,0.0,0.0,0.0,0.0,0.0,0.0,0.0,0.0,0.0,0.8500000000000001,2750000000.0
2024-02-10,0.0,0.0,0.32,0.53,0.0,0.0,0.0,0.0,0.0,0.0,0.0,0.0,0.0,0.0,0.0,0.0,0.0,0.0,0.8500000000000001,2750000000.0
2024-02-09,0.0,0.0,0.32,0.53,0.0,0.0,0.0,0.0,0.0,0.0,0.0,0.0,0.0,0.0,0.0,0.0,0.0,0.0,0.8500000000000001,2750000000.0
2024-02-08,0.0,0.0,0.32,0.53,0.0,0.0,0.0,0.0,0.0,0.0,0.0,0.0,0.0,0.0,0.0,0.0,0.0,0.0,0.8500000000000001,2750000000.0
2024-02-07,0.0,0.0,0.32,0.53,0.0,0.0,0.0,0.0,0.0,0.0,0.0,0.0,0.0,0.0,0.0,0.0,0.0,0.0,0.8500000000000001,2750000000.0
2024-02-06,0.0,0.0,0.32,0.53,0.0,0.0,0.0,0.0,0.0,0.0,0.0,0.0,0.0,0.0,0.0,0.0,0.0,0.0,0.8500000000000001,2750000000.0
2024-02-05,0.0,0.0,0.32,0.0,0.0,0.0,0.0,0.0,0.0,0.0,0.0,0.0,0.0,0.0,0.0,0.0,0.0,0.0,0.32,2750000000.0
2024-02-04,0.0,0.0,0.32,0.0,0.0,0.0,0.0,0.0,0.0,0.0,0.0,0.0,0.0,0.0,0.0,0.0,0.0,0.0,0.32,2750000000.0
2024-02-03,0.0,0.0,0.32,0.0,0.0,0.0,0.0,0.0,0.0,0.0,0.0,0.0,0.0,0.0,0.0,0.0,0.0,0.0,0.32,2750000000.0
2024-02-02,0.0,0.0,0.32,0.0,0.0,0.0,0.0,0.0,0.0,0.0,0.0,0.0,0.0,0.0,0.0,0.0,0.0,0.0,0.32,2750000000.0
2024-02-01,0.0,0.0,0.32,0.0,0.0,0.0,0.0,0.0,0.0,0.0,0.0,0.0,0.0,0.0,0.0,0.0,0.0,0.0,0.32,2750000000.0
2024-01-31,0.0,0.0,0.32,0.0,0.0,0.0,0.0,0.0,0.0,0.0,0.0,0.0,0.0,0.0,0.0,0.0,0.0,0.0,0.32,2750000000.0
2024-01-30,0.0,0.0,0.32,0.0,0.0,0.0,0.0,0.0,0.0,0.0,0.0,0.0,0.0,0.0,0.0,0.0,0.0,0.0,0.32,2750000000.0
2024-01-29,0.0,0.0,0.32,0.0,0.0,0.0,0.0,0.0,0.0,0.0,0.0,0.0,0.0,0.0,0.0,0.0,0.0,0.0,0.32,2750000000.0
2024-01-28,0.0,0.0,0.32,0.0,0.0,0.0,0.0,0.0,0.0,0.0,0.0,0.0,0.0,0.0,0.0,0.0,0.0,0.0,0.32,2750000000.0
2024-01-27,0.0,0.0,0.32,0.0,0.0,0.0,0.0,0.0,0.0,0.0,0.0,0.0,0.0,0.0,0.0,0.0,0.0,0.0,0.32,2750000000.0
2024-01-26,0.0,0.0,0.32,0.0,0.0,0.0,0.0,0.0,0.0,0.0,0.0,0.0,0.0,0.0,0.0,0.0,0.0,0.0,0.32,2750000000.0
2024-01-25,0.0,0.0,0.32,0.0,0.0,0.0,0.0,0.0,0.0,0.0,0.0,0.0,0.0,0.0,0.0,0.0,0.0,0.0,0.32,2750000000.0
2024-01-24,0.0,0.0,0.32,0.0,0.0,0.0,0.0,0.0,0.0,0.0,0.0,0.0,0.0,0.0,0.0,0.0,0.0,0.0,0.32,2750000000.0
2024-01-23,0.0,0.0,0.32,0.0,0.0,0.0,0.0,0.0,0.0,0.0,0.0,0.0,0.0,0.0,0.0,0.0,0.0,0.0,0.32,2750000000.0
2024-01-22,0.0,0.0,0.32,0.0,0.0,0.0,0.0,0.0,0.0,0.0,0.0,0.0,0.0,0.0,0.0,0.0,0.0,0.0,0.32,2750000000.0
2024-01-21,0.0,0.0,0.32,0.0,0.0,0.0,0.0,0.0,0.0,0.0,0.0,0.0,0.0,0.0,0.0,0.0,0.0,0.0,0.32,2750000000.0
2024-01-20,0.0,0.0,0.32,0.0,0.0,0.0,0.0,0.0,0.0,0.0,0.0,0.0,0.0,0.0,0.0,0.0,0.0,0.0,0.32,2750000000.0
2024-01-19,0.0,0.0,0.32,0.0,0.0,0.0,0.0,0.0,0.0,0.0,0.0,0.0,0.0,0.0,0.0,0.0,0.0,0.0,0.32,2750000000.0
2024-01-18,0.0,0.0,0.32,0.0,0.0,0.0,0.0,0.0,0.0,0.0,0.0,0.0,0.0,0.0,0.0,0.0,0.0,0.0,0.32,2750000000.0
2024-01-17,0.0,0.0,0.32,0.0,0.0,0.0,0.0,0.0,0.0,0.0,0.0,0.0,0.0,0.0,0.0,0.0,0.0,0.0,0.32,2750000000.0
2024-01-16,0.0,0.0,0.32,0.0,0.0,0.0,0.0,0.0,0.0,0.0,0.0,0.0,0.0,0.0,0.0,0.0,0.0,0.0,0.32,2750000000.0
2024-01-15,0.0,0.0,0.32,0.0,0.0,0.0,0.0,0.0,0.0,0.0,0.0,0.0,0.0,0.0,0.0,0.0,0.0,0.0,0.32,2750000000.0
2024-01-14,0.0,0.0,0.32,0.0,0.0,0.0,0.0,0.0,0.0,0.0,0.0,0.0,0.0,0.0,0.0,0.0,0.0,0.0,0.32,2750000000.0
2024-01-13,0.0,0.0,0.32,0.0,0.0,0.0,0.0,0.0,0.0,0.0,0.0,0.0,0.0,0.0,0.0,0.0,0.0,0.0,0.32,2750000000.0
2024-01-12,0.0,0.0,0.32,0.0,0.0,0.0,0.0,0.0,0.0,0.0,0.0,0.0,0.0,0.0,0.0,0.0,0.0,0.0,0.32,2750000000.0
2024-01-11,0.0,0.0,0.32,0.0,0.0,0.0,0.0,0.0,0.0,0.0,0.0,0.0,0.0,0.0,0.0,0.0,0.0,0.0,0.32,2750000000.0
2024-01-10,0.0,0.0,0.32,0.0,0.0,0.0,0.0,0.0,0.0,0.0,0.0,0.0,0.0,0.0,0.0,0.0,0.0,0.0,0.32,2750000000.0
2024-01-09,0.0,0.0,0.32,0.0,0.0,0.0,0.0,0.0,0.0,0.0,0.0,0.0,0.0,0.0,0.0,0.0,0.0,0.0,0.32,2750000000.0
2024-01-08,0.0,0.0,0.32,0.0,0.0,0.0,0.0,0.0,0.0,0.0,0.0,0.0,0.0,0.0,0.0,0.0,0.0,0.0,0.32,2750000000.0
2024-01-07,0.0,0.0,0.32,0.0,0.0,0.0,0.0,0.0,0.0,0.0,0.0,0.0,0.0,0.0,0.0,0.0,0.0,0.0,0.32,2750000000.0
2024-01-06,0.0,0.0,0.32,0.0,0.0,0.0,0.0,0.0,0.0,0.0,0.0,0.0,0.0,0.0,0.0,0.0,0.0,0.0,0.32,2750000000.0
2024-01-05,0.0,0.0,0.32,0.0,0.0,0.0,0.0,0.0,0.0,0.0,0.0,0.0,0.0,0.0,0.0,0.0,0.0,0.0,0.32,2750000000.0
2024-01-04,0.0,0.0,0.32,0.0,0.0,0.0,0.0,0.0,0.0,0.0,0.0,0.0,0.0,0.0,0.0,0.0,0.0,0.0,0.32,2750000000.0
2024-01-03,0.0,0.0,0.32,0.0,0.0,0.0,0.0,0.0,0.0,0.0,0.0,0.0,0.0,0.0,0.0,0.0,0.0,0.0,0.32,2750000000.0
2024-01-02,0.0,0.0,0.57,0.0,0.0,0.0,0.0,0.0,0.0,0.0,0.0,0.0,0.0,0.0,0.0,0.0,0.0,0.0,0.57,2750000000.0
2024-01-01,0.0,0.0,0.57,0.0,0.0,0.0,0.0,0.0,0.0,0.0,0.0,0.0,0.0,0.0,0.0,0.0,0.0,0.0,0.57,2750000000.0
2023-12-31,0.0,0.0,0.57,0.0,0.0,0.0,0.0,0.0,0.0,0.0,0.0,0.0,0.0,0.0,0.0,0.0,0.0,0.0,0.57,4350000000.0
2023-12-30,0.0,0.0,0.57,0.0,0.0,0.0,0.0,0.0,0.0,0.0,0.0,0.0,0.0,0.0,0.0,0.0,0.0,0.0,0.57,4350000000.0
2023-12-29,0.0,0.0,0.57,0.0,0.0,0.0,0.0,0.0,0.0,0.0,0.0,0.0,0.0,0.0,0.0,0.0,0.0,0.0,0.57,4350000000.0
2023-12-28,0.0,0.0,0.57,0.0,0.0,0.0,0.0,0.0,0.0,0.0,0.0,0.0,0.0,0.0,0.0,0.0,0.0,0.0,0.57,4350000000.0
2023-12-27,0.0,0.0,0.57,0.0,0.0,0.0,0.0,0.0,0.0,0.0,0.0,0.0,0.0,0.0,0.0,0.0,0.0,0.0,0.57,4350000000.0
2023-12-26,0.0,0.0,0.57,0.0,0.0,0.0,0.0,0.0,0.0,0.0,0.0,0.0,0.0,0.0,0.0,0.0,0.0,0.0,0.57,4350000000.0
2023-12-25,0.0,0.0,0.57,0.0,0.0,0.0,0.0,0.0,0.0,0.0,0.0,0.0,0.0,0.0,0.0,0.0,0.0,0.0,0.57,4350000000.0
2023-12-24,0.0,0.0,0.57,0.0,0.0,0.0,0.0,0.0,0.0,0.0,0.0,0.0,0.0,0.0,0.0,0.0,0.0,0.0,0.57,4350000000.0
2023-12-23,0.0,0.0,0.57,0.0,0.0,0.0,0.0,0.0,0.0,0.0,0.0,0.0,0.0,0.0,0.0,0.0,0.0,0.0,0.57,4350000000.0
2023-12-22,0.0,0.0,0.57,0.0,0.0,0.0,0.0,0.0,0.0,0.0,0.0,0.0,0.0,0.0,0.0,0.0,0.0,0.0,0.57,4350000000.0
2023-12-21,0.0,0.0,0.57,0.0,0.0,0.0,0.0,0.0,0.0,0.0,0.0,0.0,0.0,0.0,0.0,0.0,0.0,0.0,0.57,4350000000.0
2023-12-20,0.0,0.0,0.57,0.0,0.0,0.0,0.0,0.0,0.0,0.0,0.0,0.0,0.0,0.0,0.0,0.0,0.0,0.0,0.57,4350000000.0
2023-12-19,0.0,0.0,0.57,0.0,0.0,0.0,0.0,0.0,0.0,0.0,0.0,0.0,0.0,0.0,0.0,0.0,0.0,0.0,0.57,4350000000.0
2023-12-18,0.0,0.0,0.57,0.0,0.0,0.0,0.0,0.0,0.0,0.0,0.0,0.0,0.0,0.0,0.0,0.0,0.0,0.0,0.57,4350000000.0
2023-12-17,0.0,0.0,0.57,0.0,0.0,0.0,0.0,0.0,0.0,0.0,0.0,0.0,0.0,0.0,0.0,0.0,0.0,0.0,0.57,4350000000.0
2023-12-16,0.0,0.0,0.57,0.0,0.0,0.0,0.0,0.0,0.0,0.0,0.0,0.0,0.0,0.0,0.0,0.0,0.0,0.0,0.57,4350000000.0
2023-12-15,0.0,0.0,0.57,0.0,0.0,0.0,0.0,0.0,0.0,0.0,0.0,0.0,0.0,0.0,0.0,0.0,0.0,0.0,0.57,4350000000.0
2023-12-14,0.0,0.0,0.62,0.0,0.0,0.0,0.0,0.0,0.0,0.0,0.0,0.0,0.0,0.0,0.0,0.0,0.0,0.0,0.62,4350000000.0
2023-12-13,0.0,0.0,0.63,0.0,0.0,0.0,0.0,0.0,0.0,0.0,0.0,0.0,0.0,0.0,0.0,0.0,0.0,0.0,0.63,4350000000.0
2023-12-12,0.0,0.0,0.63,0.0,0.0,0.0,0.0,0.0,0.0,0.0,0.0,0.0,0.0,0.0,0.0,0.0,0.0,0.0,0.63,4350000000.0
2023-12-11,0.0,0.0,0.63,0.0,0.0,0.0,0.0,0.0,0.0,0.0,0.0,0.0,0.0,0.0,0.0,0.0,0.0,0.0,0.63,4350000000.0
2023-12-10,0.0,0.0,0.63,0.0,0.0,0.0,0.0,0.0,0.0,0.0,0.0,0.0,0.0,0.0,0.0,0.0,0.0,0.0,0.63,4350000000.0
2023-12-09,0.0,0.0,0.63,0.0,0.0,0.0,0.0,0.0,0.0,0.0,0.0,0.0,0.0,0.0,0.0,0.0,0.0,0.0,0.63,4350000000.0
2023-12-08,0.0,0.0,0.63,0.0,0.0,0.0,0.0,0.0,0.0,0.0,0.0,0.0,0.0,0.0,0.0,0.0,0.0,0.0,0.63,4350000000.0
2023-12-07,0.0,0.0,0.63,0.0,0.0,0.0,0.0,0.0,0.0,0.0,0.0,0.0,0.0,0.0,0.0,0.0,0.0,0.0,0.63,4350000000.0
2023-12-06,0.0,0.0,0.63,0.0,0.0,0.0,0.0,0.0,0.0,0.0,0.0,0.0,0.0,0.0,0.0,0.0,0.0,0.0,0.63,4350000000.0
2023-12-05,0.0,0.0,0.7,0.0,0.0,0.0,0.0,0.0,0.0,0.0,0.0,0.0,0.0,0.0,0.0,0.0,0.0,0.0,0.7,4350000000.0
2023-12-04,0.0,0.0,0.7,0.0,0.0,0.0,0.0,0.0,0.0,0.0,0.0,0.0,0.0,0.0,0.0,0.0,0.0,0.0,0.7,4350000000.0
2023-12-03,0.0,0.0,0.7,0.0,0.0,0.0,0.0,0.0,0.0,0.0,0.0,0.0,0.0,0.0,0.0,0.0,0.0,0.0,0.7,4350000000.0
2023-12-02,0.0,0.0,0.7,0.0,0.0,0.0,0.0,0.0,0.0,0.0,0.0,0.0,0.0,0.0,0.0,0.0,0.0,0.0,0.7,4350000000.0
2023-12-01,0.0,0.0,0.7,0.0,0.0,0.0,0.0,0.0,0.0,0.0,0.0,0.0,0.0,0.0,0.0,0.0,0.0,0.0,0.7,4350000000.0
2023-11-30,0.0,0.0,0.7,0.0,0.0,0.0,0.0,0.0,0.0,0.0,0.0,0.0,0.0,0.0,0.0,0.0,0.0,0.0,0.7,4350000000.0
2023-11-29,0.0,0.0,0.7,0.0,0.0,0.0,0.0,0.0,0.0,0.0,0.0,0.0,0.0,0.0,0.0,0.0,0.0,0.0,0.7,4350000000.0
2023-11-28,0.0,0.0,0.7,0.0,0.0,0.0,0.0,0.0,0.0,0.0,0.0,0.0,0.0,0.0,0.0,0.0,0.0,0.0,0.7,4350000000.0
2023-11-27,0.0,0.0,0.7,0.0,0.0,0.0,0.0,0.0,0.0,0.0,0.0,0.0,0.0,0.0,0.0,0.0,0.0,0.0,0.7,4350000000.0
2023-11-26,0.0,0.0,0.7,0.0,0.0,0.0,0.0,0.0,0.0,0.0,0.0,0.0,0.0,0.0,0.0,0.0,0.0,0.0,0.7,4350000000.0
2023-11-25,0.0,0.0,0.7,0.0,0.0,0.0,0.0,0.0,0.0,0.0,0.0,0.0,0.0,0.0,0.0,0.0,0.0,0.0,0.7,4350000000.0
2023-11-24,0.0,0.0,0.7,0.0,0.0,0.0,0.0,0.0,0.0,0.0,0.0,0.0,0.0,0.0,0.0,0.0,0.0,0.0,0.7,4350000000.0
2023-11-23,0.0,0.0,0.7,0.0,0.0,0.0,0.0,0.0,0.0,0.0,0.0,0.0,0.0,0.0,0.0,0.0,0.0,0.0,0.7,4350000000.0
2023-11-22,0.0,0.0,0.7,0.0,0.0,0.0,0.0,0.0,0.0,0.0,0.0,0.0,0.0,0.0,0.0,0.0,0.0,0.0,0.7,4350000000.0
2023-11-21,0.0,0.0,0.7,0.0,0.0,0.0,0.0,0.0,0.0,0.0,0.0,0.0,0.0,0.0,0.0,0.0,0.0,0.0,0.7,4350000000.0
2023-11-20,0.0,0.0,0.7,0.0,0.0,0.0,0.0,0.0,0.0,0.0,0.0,0.0,0.0,0.0,0.0,0.0,0.0,0.0,0.7,4350000000.0
2023-11-19,0.0,0.0,0.7,0.0,0.0,0.0,0.0,0.0,0.0,0.0,0.0,0.0,0.0,0.0,0.0,0.0,0.0,0.0,0.7,4350000000.0
2023-11-18,0.0,0.0,0.7,0.0,0.0,0.0,0.0,0.0,0.0,0.0,0.0,0.0,0.0,0.0,0.0,0.0,0.0,0.0,0.7,4350000000.0
2023-11-17,0.0,0.0,0.7,0.0,0.0,0.0,0.0,0.0,0.0,0.0,0.0,0.0,0.0,0.0,0.0,0.0,0.0,0.0,0.7,4350000000.0
2023-11-16,0.0,0.0,0.7,0.0,0.0,0.0,0.0,0.0,0.0,0.0,0.0,0.0,0.0,0.0,0.0,0.0,0.0,0.0,0.7,4350000000.0
2023-11-15,0.0,0.0,0.7,0.0,0.0,0.0,0.0,0.0,0.0,0.0,0.0,0.0,0.0,0.0,0.0,0.0,0.0,0.0,0.7,4350000000.0
2023-11-14,0.0,0.0,0.7,0.0,0.0,0.0,0.0,0.0,0.0,0.0,0.0,0.0,0.0,0.0,0.0,0.0,0.0,0.0,0.7,4350000000.0
2023-11-13,0.0,0.0,0.7,0.0,0.0,0.0,0.0,0.0,0.0,0.0,0.0,0.0,0.0,0.0,0.0,0.0,0.0,0.0,0.7,4350000000.0
2023-11-12,0.0,0.0,0.0,0.0,0.0,0.0,0.0,0.0,0.0,0.0,0.0,0.0,0.0,0.0,0.0,0.0,0.0,0.0,0.0,4350000000.0
2023-11-11,0.0,0.0,0.0,0.0,0.0,0.0,0.0,0.0,0.0,0.0,0.0,0.0,0.0,0.0,0.0,0.0,0.0,0.0,0.0,4350000000.0
2023-11-10,0.0,0.0,0.0,0.0,0.0,0.0,0.0,0.0,0.0,0.0,0.0,0.0,0.0,0.0,0.0,0.0,0.0,0.0,0.0,4350000000.0
2023-11-09,0.0,0.0,0.0,0.0,0.0,0.0,0.0,0.0,0.0,0.0,0.0,0.0,0.0,0.0,0.0,0.0,0.0,0.0,0.0,4350000000.0
2023-11-08,0.0,0.0,0.0,0.0,0.0,0.0,0.0,0.0,0.0,0.0,0.0,0.0,0.0,0.0,0.0,0.0,0.0,0.0,0.0,4350000000.0
2023-11-07,0.0,0.0,0.0,0.0,0.0,0.0,0.0,0.0,0.0,0.0,0.0,0.0,0.0,0.0,0.0,0.0,0.0,0.0,0.0,4350000000.0
2023-11-06,0.0,0.0,0.0,0.0,0.0,0.0,0.0,0.0,0.0,0.0,0.0,0.0,0.0,0.0,0.0,0.0,0.0,0.0,0.0,4350000000.0
2023-11-05,0.0,0.0,0.0,0.0,0.0,0.0,0.0,0.0,0.0,0.0,0.0,0.0,0.0,0.0,0.0,0.0,0.0,0.0,0.0,4350000000.0
2023-11-04,0.0,0.0,0.0,0.0,0.0,0.0,0.0,0.0,0.0,0.0,0.0,0.0,0.0,0.0,0.0,0.0,0.0,0.0,0.0,4350000000.0
2023-11-03,0.0,0.0,0.0,0.0,0.0,0.0,0.0,0.0,0.0,0.0,0.0,0.0,0.0,0.0,0.0,0.0,0.0,0.0,0.0,4350000000.0
2023-11-02,0.0,0.0,0.0,0.0,0.0,0.0,0.0,0.0,0.0,0.0,0.0,0.0,0.0,0.0,0.0,0.0,0.0,0.0,0.0,4350000000.0
2023-11-01,0.0,0.0,0.0,0.0,0.0,0.0,0.0,0.0,0.0,0.0,0.0,0.0,0.0,0.0,0.0,0.0,0.0,0.0,0.0,4350000000.0
2023-10-31,0.0,0.0,0.0,0.0,0.0,0.0,0.0,0.0,0.0,0.0,0.0,0.0,0.0,0.0,0.0,0.0,0.0,0.0,0.0,4350000000.0
2023-10-30,0.0,0.0,0.0,0.0,0.0,0.0,0.0,0.0,0.0,0.0,0.0,0.0,0.0,0.0,0.0,0.0,0.0,0.0,0.0,4350000000.0
2023-10-29,0.0,0.0,0.0,0.0,0.0,0.0,0.0,0.0,0.0,0.0,0.0,0.0,0.0,0.0,0.0,0.0,0.0,0.0,0.0,4350000000.0
2023-10-28,0.0,0.0,0.0,0.0,0.0,0.0,0.0,0.0,0.0,0.0,0.0,0.0,0.0,0.0,0.0,0.0,0.0,0.0,0.0,4350000000.0
2023-10-27,0.0,0.0,0.0,0.0,0.0,0.0,0.0,0.0,0.0,0.0,0.0,0.0,0.0,0.0,0.0,0.0,0.0,0.0,0.0,4350000000.0
2023-10-26,0.0,0.0,0.0,0.0,0.0,0.0,0.0,0.0,0.0,0.0,0.0,0.0,0.0,0.0,0.0,0.0,0.0,0.0,0.0,4350000000.0
2023-10-25,0.0,0.0,0.0,0.0,0.0,0.0,0.0,0.0,0.0,0.0,0.0,0.0,0.0,0.0,0.0,0.0,0.0,0.0,0.0,4350000000.0
2023-10-24,0.0,0.0,0.0,0.0,0.0,0.0,0.0,0.0,0.0,0.0,0.0,0.0,0.0,0.0,0.0,0.0,0.0,0.0,0.0,4350000000.0
2023-10-23,0.0,0.0,0.0,0.0,0.0,0.0,0.0,0.0,0.0,0.0,0.0,0.0,0.0,0.0,0.0,0.0,0.0,0.0,0.0,4350000000.0
2023-10-22,0.0,0.0,0.0,0.0,0.0,0.0,0.0,0.0,0.0,0.0,0.0,0.0,0.0,0.0,0.0,0.0,0.0,0.0,0.0,4350000000.0
2023-10-21,0.0,0.0,0.0,0.0,0.0,0.0,0.0,0.0,0.0,0.0,0.0,0.0,0.0,0.0,0.0,0.0,0.0,0.0,0.0,4350000000.0
2023-10-20,0.0,0.0,0.0,0.0,0.0,0.0,0.0,0.0,0.0,0.0,0.0,0.0,0.0,0.0,0.0,0.0,0.0,0.0,0.0,4350000000.0
2023-10-19,0.0,0.0,0.0,0.0,0.0,0.0,0.0,0.0,0.0,0.0,0.0,0.0,0.0,0.0,0.0,0.0,0.0,0.0,0.0,4350000000.0
2023-10-18,0.0,0.0,0.0,0.0,0.0,0.0,0.0,0.0,0.0,0.0,0.0,0.0,0.0,0.0,0.0,0.0,0.0,0.0,0.0,4350000000.0
2023-10-17,0.0,0.0,0.0,0.0,0.0,0.0,0.0,0.0,0.0,0.0,0.0,0.0,0.0,0.0,0.0,0.0,0.0,0.0,0.0,4350000000.0
2023-10-16,0.0,0.0,0.0,0.0,0.0,0.0,0.0,0.0,0.0,0.0,0.0,0.0,0.0,0.0,0.0,0.0,0.0,0.0,0.0,4350000000.0
2023-10-15,0.0,0.0,0.0,0.0,0.0,0.0,0.0,0.0,0.0,0.0,0.0,0.0,0.0,0.0,0.0,0.0,0.0,0.0,0.0,4350000000.0
2023-10-14,0.0,0.0,0.0,0.0,0.0,0.0,0.0,0.0,0.0,0.0,0.0,0.0,0.0,0.0,0.0,0.0,0.0,0.0,0.0,4350000000.0
2023-10-13,0.0,0.0,0.0,0.0,0.0,0.0,0.0,0.0,0.0,0.0,0.0,0.0,0.0,0.0,0.0,0.0,0.0,0.0,0.0,4350000000.0
2023-10-12,0.0,0.0,0.0,0.0,0.0,0.0,0.0,0.0,0.0,0.0,0.0,0.0,0.0,0.0,0.0,0.0,0.0,0.0,0.0,4350000000.0
2023-10-11,0.0,0.0,0.0,0.0,0.0,0.0,0.0,0.0,0.0,0.0,0.0,0.0,0.0,0.0,0.0,0.0,0.0,0.0,0.0,4350000000.0
2023-10-10,0.0,0.0,0.0,0.0,0.0,0.0,0.0,0.0,0.0,0.0,0.0,0.0,0.0,0.0,0.0,0.0,0.0,0.0,0.0,4350000000.0
2023-10-09,0.0,0.0,0.0,0.0,0.0,0.0,0.0,0.0,0.0,0.0,0.0,0.0,0.0,0.0,0.0,0.0,0.0,0.0,0.0,4350000000.0
2023-10-08,0.0,0.0,0.0,0.0,0.0,0.0,0.0,0.0,0.0,0.0,0.0,0.0,0.0,0.0,0.0,0.0,0.0,0.0,0.0,4350000000.0
2023-10-07,0.0,0.0,0.0,0.0,0.0,0.0,0.0,0.0,0.0,0.0,0.0,0.0,0.0,0.0,0.0,0.0,0.0,0.0,0.0,4350000000.0
2023-10-06,0.0,0.0,0.0,0.0,0.0,0.0,0.0,0.0,0.0,0.0,0.0,0.0,0.0,0.0,0.0,0.0,0.0,0.0,0.0,4350000000.0
2023-10-05,0.0,0.0,0.0,0.0,0.0,0.0,0.0,0.0,0.0,0.0,0.0,0.0,0.0,0.0,0.0,0.0,0.0,0.0,0.0,4350000000.0
2023-10-04,0.0,0.0,0.0,0.0,0.0,0.0,0.0,0.0,0.0,0.0,0.0,0.0,0.0,0.0,0.0,0.0,0.0,0.0,0.0,4350000000.0
2023-10-03,0.0,0.0,0.0,0.0,0.0,0.0,0.0,0.0,0.0,0.0,0.0,0.0,0.0,0.0,0.0,0.0,0.0,0.0,0.0,4350000000.0
2023-10-02,0.0,0.0,0.0,0.0,0.0,0.0,0.0,0.0,0.0,0.0,0.0,0.0,0.0,0.0,0.0,0.0,0.0,0.0,0.0,4350000000.0
2023-10-01,0.0,0.0,0.0,0.0,0.0,0.0,0.0,0.0,0.0,0.0,0.0,0.0,0.0,0.0,0.0,0.0,0.0,0.0,0.0,4350000000.0
2023-09-30,0.0,0.0,0.0,0.0,0.0,0.0,0.0,0.0,0.0,0.0,0.0,0.0,0.0,0.0,0.0,0.0,0.0,0.0,0.0,4350000000.0
2023-09-29,0.0,0.0,0.0,0.0,0.0,0.0,0.0,0.0,0.0,0.0,0.0,0.0,0.0,0.0,0.0,0.0,0.0,0.0,0.0,4350000000.0
2023-09-28,0.0,0.0,0.0,0.0,0.0,0.0,0.0,0.0,0.0,0.0,0.0,0.0,0.0,0.0,0.0,0.0,0.0,0.0,0.0,4350000000.0
2023-09-27,0.0,0.0,0.0,0.0,0.0,0.0,0.0,0.0,0.0,0.0,0.0,0.0,0.0,0.0,0.0,0.0,0.0,0.0,0.0,4350000000.0
2023-09-26,0.0,0.0,0.0,0.0,0.0,0.0,0.0,0.0,0.0,0.0,0.0,0.0,0.0,0.0,0.0,0.0,0.0,0.0,0.0,4350000000.0
2023-09-25,0.0,0.0,0.0,0.0,0.0,0.0,0.0,0.0,0.0,0.0,0.0,0.0,0.0,0.0,0.0,0.0,0.0,0.0,0.0,4350000000.0
2023-09-24,0.0,0.0,0.0,0.0,0.0,0.0,0.0,0.0,0.0,0.0,0.0,0.0,0.0,0.0,0.0,0.0,0.0,0.0,0.0,4350000000.0
2023-09-23,0.0,0.0,0.0,0.0,0.0,0.0,0.0,0.0,0.0,0.0,0.0,0.0,0.0,0.0,0.0,0.0,0.0,0.0,0.0,4350000000.0
2023-09-22,0.0,0.0,1.4,0.0,0.0,0.0,0.0,0.0,0.0,0.0,0.0,0.0,0.0,0.0,0.0,0.0,0.0,0.0,1.4,4350000000.0
2023-09-21,0.0,0.0,1.4,0.0,0.0,0.0,0.0,0.0,0.0,0.0,0.0,0.0,0.0,0.0,0.0,0.0,0.0,0.0,1.4,4350000000.0
2023-09-20,0.0,0.0,1.4,0.0,0.0,0.0,0.0,0.0,0.0,0.0,0.0,0.0,0.0,0.0,0.0,0.0,0.0,0.0,1.4,4350000000.0
2023-09-19,0.0,0.0,1.4,0.0,0.0,0.0,0.0,0.0,0.0,0.0,0.0,0.0,0.0,0.0,0.0,0.0,0.0,0.0,1.4,4350000000.0
2023-09-18,0.0,0.0,1.4,0.0,0.0,0.0,0.0,0.0,0.0,0.0,0.0,0.0,0.0,0.0,0.0,0.0,0.0,0.0,1.4,4350000000.0
2023-09-17,0.0,0.0,1.4,0.0,0.0,0.0,0.0,0.0,0.0,0.0,0.0,0.0,0.0,0.0,0.0,0.0,0.0,0.0,1.4,4350000000.0
2023-09-16,0.0,0.0,1.4,0.0,0.0,0.0,0.0,0.0,0.0,0.0,0.0,0.0,0.0,0.0,0.0,0.0,0.0,0.0,1.4,4350000000.0
2023-09-15,0.0,0.0,1.4,0.0,0.0,0.0,0.0,0.0,0.0,0.0,0.0,0.0,0.0,0.0,0.0,0.0,0.0,0.0,1.4,4350000000.0
2023-09-14,0.0,0.0,1.4,0.0,0.0,0.0,0.0,0.0,0.0,0.0,0.0,0.0,0.0,0.0,0.0,0.0,0.0,0.0,1.4,4350000000.0
2023-09-13,0.0,0.0,1.4,0.0,0.0,0.0,0.0,0.0,0.0,0.0,0.0,0.0,0.0,0.0,0.0,0.0,0.0,0.0,1.4,4350000000.0
2023-09-12,0.0,0.0,1.4,0.0,0.0,0.0,0.0,0.0,0.0,0.0,0.0,0.0,0.0,0.0,0.0,0.0,0.0,0.0,1.4,4350000000.0
2023-09-11,0.0,0.0,1.4,0.0,0.0,0.0,0.0,0.0,0.0,0.0,0.0,0.0,0.0,0.0,0.0,0.0,0.0,0.0,1.4,4350000000.0
2023-09-10,0.0,0.0,1.4,0.0,0.0,0.0,0.0,0.0,0.0,0.0,0.0,0.0,0.0,0.0,0.0,0.0,0.0,0.0,1.4,4350000000.0
2023-09-09,0.0,0.0,1.4,0.0,0.0,0.0,0.0,0.0,0.0,0.0,0.0,0.0,0.0,0.0,0.0,0.0,0.0,0.0,1.4,4350000000.0
2023-09-08,0.0,0.0,1.4,0.0,0.0,0.0,0.0,0.0,0.0,0.0,0.0,0.0,0.0,0.0,0.0,0.0,0.0,0.0,1.4,4350000000.0
2023-09-07,0.0,0.0,1.4,0.0,0.0,0.0,0.0,0.0,0.0,0.0,0.0,0.0,0.0,0.0,0.0,0.0,0.0,0.0,1.4,4350000000.0
2023-09-06,0.0,0.0,1.4,0.0,0.0,0.0,0.0,0.0,0.0,0.0,0.0,0.0,0.0,0.0,0.0,0.0,0.0,0.0,1.4,4350000000.0
2023-09-05,0.0,0.0,1.4,0.0,0.0,0.0,0.0,0.0,0.0,0.0,0.0,0.0,0.0,0.0,0.0,0.0,0.0,0.0,1.4,4350000000.0
2023-09-04,0.0,0.0,1.4,0.0,0.0,0.0,0.0,0.0,0.0,0.0,0.0,0.0,0.0,0.0,0.0,0.0,0.0,0.0,1.4,4350000000.0
2023-09-03,0.0,0.0,1.4,0.0,0.0,0.0,0.0,0.0,0.0,0.0,0.0,0.0,0.0,0.0,0.0,0.0,0.0,0.0,1.4,4350000000.0
2023-09-02,0.0,0.0,1.4,0.0,0.0,0.0,0.0,0.0,0.0,0.0,0.0,0.0,0.0,0.0,0.0,0.0,0.0,0.0,1.4,4350000000.0
2023-09-01,0.0,0.0,1.4,0.0,0.0,0.0,0.0,0.0,0.0,0.0,0.0,0.0,0.0,0.0,0.0,0.0,0.0,0.0,1.4,4350000000.0
2023-08-31,0.0,0.0,1.4,0.0,0.0,0.0,0.0,0.0,0.0,0.0,0.0,0.0,0.0,0.0,0.0,0.0,0.0,0.0,1.4,4350000000.0
2023-08-30,0.0,0.0,1.4,0.0,0.0,0.0,0.0,0.0,0.0,0.0,0.0,0.0,0.0,0.0,0.0,0.0,0.0,0.0,1.4,4350000000.0
2023-08-29,0.0,0.0,1.4,0.0,0.0,0.0,0.0,0.0,0.0,0.0,0.0,0.0,0.0,0.0,0.0,0.0,0.0,0.0,1.4,4350000000.0
2023-08-28,0.0,0.0,1.4,0.0,0.0,0.0,0.0,0.0,0.0,0.0,0.0,0.0,0.0,0.0,0.0,0.0,0.0,0.0,1.4,4350000000.0
2023-08-27,0.0,0.0,1.4,0.0,0.0,0.0,0.0,0.0,0.0,0.0,0.0,0.0,0.0,0.0,0.0,0.0,0.0,0.0,1.4,4350000000.0
2023-08-26,0.0,0.0,1.4,0.0,0.0,0.0,0.0,0.0,0.0,0.0,0.0,0.0,0.0,0.0,0.0,0.0,0.0,0.0,1.4,4350000000.0
2023-08-25,0.0,0.0,1.4,0.0,0.0,0.0,0.0,0.0,0.0,0.0,0.0,0.0,0.0,0.0,0.0,0.0,0.0,0.0,1.4,4350000000.0
2023-08-24,0.0,0.0,1.4,0.0,0.0,0.0,0.0,0.0,0.0,0.0,0.0,0.0,0.0,0.0,0.0,0.0,0.0,0.0,1.4,4350000000.0
2023-08-23,0.0,0.0,1.4,0.0,0.0,0.0,0.0,0.0,0.0,0.0,0.0,0.0,0.0,0.0,0.0,0.0,0.0,0.0,1.4,4350000000.0
2023-08-22,0.0,0.0,1.4,0.0,0.0,0.0,0.0,0.0,0.0,0.0,0.0,0.0,0.0,0.0,0.0,0.0,0.0,0.0,1.4,4350000000.0
2023-08-21,0.0,0.0,1.4,0.0,0.0,0.0,0.0,0.0,0.0,0.0,0.0,0.0,0.0,0.0,0.0,0.0,0.0,0.0,1.4,4350000000.0
2023-08-20,0.0,0.0,1.4,0.0,0.0,0.0,0.0,0.0,0.0,0.0,0.0,0.0,0.0,0.0,0.0,0.0,0.0,0.0,1.4,4350000000.0
2023-08-19,0.0,0.0,1.4,0.0,0.0,0.0,0.0,0.0,0.0,0.0,0.0,0.0,0.0,0.0,0.0,0.0,0.0,0.0,1.4,4350000000.0
2023-08-18,0.0,0.0,1.4,0.0,0.0,0.0,0.0,0.0,0.0,0.0,0.0,0.0,0.0,0.0,0.0,0.0,0.0,0.0,1.4,4350000000.0
2023-08-17,0.0,0.0,1.4,0.0,0.0,0.0,0.0,0.0,0.0,0.0,0.0,0.0,0.0,0.0,0.0,0.0,0.0,0.0,1.4,4350000000.0
2023-08-16,0.0,0.0,1.4,0.0,0.0,0.0,0.0,0.0,0.0,0.0,0.0,0.0,0.0,0.0,0.0,0.0,0.0,0.0,1.4,4350000000.0
2023-08-15,0.0,0.0,1.4,0.0,0.0,0.0,0.0,0.0,0.0,0.0,0.0,0.0,0.0,0.0,0.0,0.0,0.0,0.0,1.4,4350000000.0
2023-08-14,0.0,0.0,1.4,0.0,0.0,0.0,0.0,0.0,0.0,0.0,0.0,0.0,0.0,0.0,0.0,0.0,0.0,0.0,1.4,4350000000.0
2023-08-13,0.0,0.0,1.4,0.0,0.0,0.0,0.0,0.0,0.0,0.0,0.0,0.0,0.0,0.0,0.0,0.0,0.0,0.0,1.4,4350000000.0
2023-08-12,0.0,0.0,1.4,0.0,0.0,0.0,0.0,0.0,0.0,0.0,0.0,0.0,0.0,0.0,0.0,0.0,0.0,0.0,1.4,4350000000.0
2023-08-11,0.0,0.0,1.4,0.0,0.0,0.0,0.0,0.0,0.0,0.0,0.0,0.0,0.0,0.0,0.0,0.0,0.0,0.0,1.4,4350000000.0
2023-08-10,0.0,0.0,1.4,0.0,0.0,0.0,0.0,0.0,0.0,0.0,0.0,0.0,0.0,0.0,0.0,0.0,0.0,0.0,1.4,4350000000.0
2023-08-09,0.0,0.0,1.4,0.0,0.0,0.0,0.0,0.0,0.0,0.0,0.0,0.0,0.0,0.0,0.0,0.0,0.0,0.0,1.4,4350000000.0
2023-08-08,0.0,0.0,1.4,0.0,0.0,0.0,0.0,0.0,0.0,0.0,0.0,0.0,0.0,0.0,0.0,0.0,0.0,0.0,1.4,4350000000.0
2023-08-07,0.0,0.0,1.4,0.0,0.0,0.0,0.0,0.0,0.0,0.0,0.0,0.0,0.0,0.0,0.0,0.0,0.0,0.0,1.4,4350000000.0
2023-08-06,0.0,0.0,1.4,0.0,0.0,0.0,0.0,0.0,0.0,0.0,0.0,0.0,0.0,0.0,0.0,0.0,0.0,0.0,1.4,4350000000.0
2023-08-05,0.0,0.0,1.4,0.0,0.0,0.0,0.0,0.0,0.0,0.0,0.0,0.0,0.0,0.0,0.0,0.0,0.0,0.0,1.4,4350000000.0
2023-08-04,0.0,0.0,1.4,0.0,0.0,0.0,0.0,0.0,0.0,0.0,0.0,0.0,0.0,0.0,0.0,0.0,0.0,0.0,1.4,4350000000.0
2023-08-03,0.0,0.0,1.4,0.0,0.0,0.0,0.0,0.0,0.0,0.0,0.0,0.0,0.0,0.0,0.0,0.0,0.0,0.0,1.4,4350000000.0
2023-08-02,0.0,0.0,1.4,0.0,0.0,0.0,0.0,0.0,0.0,0.0,0.0,0.0,0.0,0.0,0.0,0.0,0.0,0.0,1.4,4350000000.0
2023-08-01,0.0,0.0,1.4,0.0,0.0,0.0,0.0,0.0,0.0,0.0,0.0,0.0,0.0,0.0,0.0,0.0,0.0,0.0,1.4,4350000000.0
2023-07-31,0.0,0.0,1.4,0.0,0.0,0.0,0.0,0.0,0.0,0.0,0.0,0.0,0.0,0.0,0.0,0.0,0.0,0.0,1.4,4350000000.0
2023-07-30,0.0,0.0,1.4,0.0,0.0,0.0,0.0,0.0,0.0,0.0,0.0,0.0,0.0,0.0,0.0,0.0,0.0,0.0,1.4,4350000000.0
2023-07-29,0.0,0.0,1.4,0.0,0.0,0.0,0.0,0.0,0.0,0.0,0.0,0.0,0.0,0.0,0.0,0.0,0.0,0.0,1.4,4350000000.0
2023-07-28,0.0,0.0,1.4,0.0,0.0,0.0,0.0,0.0,0.0,0.0,0.0,0.0,0.0,0.0,0.0,0.0,0.0,0.0,1.4,4350000000.0
2023-07-27,0.0,0.0,1.4,0.0,0.0,0.0,0.0,0.0,0.0,0.0,0.0,0.0,0.0,0.0,0.0,0.0,0.0,0.0,1.4,4350000000.0
2023-07-26,0.0,0.0,1.4,0.0,0.0,0.0,0.0,0.0,0.0,0.0,0.0,0.0,0.0,0.0,0.0,0.0,0.0,0.0,1.4,4350000000.0
2023-07-25,0.0,0.0,1.4,0.0,0.0,0.0,0.0,0.0,0.0,0.0,0.0,0.0,0.0,0.0,0.0,0.0,0.0,0.0,1.4,4350000000.0
2023-07-24,0.0,0.39,1.4,0.0,0.0,0.0,0.0,0.0,0.0,0.0,0.0,0.0,0.0,0.0,0.0,0.0,0.0,0.0,1.79,4350000000.0
2023-07-23,0.0,0.39,1.4,0.0,0.0,0.0,0.0,0.0,0.0,0.0,0.0,0.0,0.0,0.0,0.0,0.0,0.0,0.0,1.79,4350000000.0
2023-07-22,0.0,0.39,1.4,0.0,0.0,0.0,0.0,0.0,0.0,0.0,0.0,0.0,0.0,0.0,0.0,0.0,0.0,0.0,1.79,4350000000.0
2023-07-21,0.0,0.39,1.4,0.0,0.0,0.0,0.0,0.0,0.0,0.0,0.0,0.0,0.0,0.0,0.0,0.0,0.0,0.0,1.79,4350000000.0
2023-07-20,0.0,0.39,1.4,0.0,0.0,0.0,0.0,0.0,0.0,0.0,0.0,0.0,0.0,0.0,0.0,0.0,0.0,0.0,1.79,4350000000.0
2023-07-19,0.0,0.39,1.4,0.0,0.0,0.0,0.0,0.0,0.0,0.0,0.0,0.0,0.0,0.0,0.0,0.0,0.0,0.0,1.79,4350000000.0
2023-07-18,0.0,0.39,1.4,0.0,0.0,0.0,0.0,0.0,0.0,0.0,0.0,0.0,0.0,0.0,0.0,0.0,0.0,0.0,1.79,4350000000.0
2023-07-17,0.0,0.39,1.4,0.0,0.0,0.0,0.0,0.0,0.0,0.0,0.0,0.0,0.0,0.0,0.0,0.0,0.0,0.0,1.79,4350000000.0
2023-07-16,0.0,0.39,1.4,0.0,0.0,0.0,0.0,0.0,0.0,0.0,0.0,0.0,0.0,0.0,0.0,0.0,0.0,0.0,1.79,4350000000.0
2023-07-15,0.0,0.39,1.4,0.0,0.0,0.0,0.0,0.0,0.0,0.0,0.0,0.0,0.0,0.0,0.0,0.0,0.0,0.0,1.79,4350000000.0
2023-07-14,0.0,0.39,1.4,0.0,0.0,0.0,0.0,0.0,0.0,0.0,0.0,0.0,0.0,0.0,0.0,0.0,0.0,0.0,1.79,4350000000.0
2023-07-13,0.0,0.39,1.4,0.0,0.0,0.0,0.0,0.0,0.0,0.0,0.0,0.0,0.0,0.0,0.0,0.0,0.0,0.0,1.79,4350000000.0
2023-07-12,0.0,0.39,1.4,0.0,0.0,0.0,0.0,0.0,0.0,0.0,0.0,0.0,0.0,0.0,0.0,0.0,0.0,0.0,1.79,4350000000.0
2023-07-11,0.0,0.39,1.4,0.0,0.0,0.0,0.0,0.0,0.0,0.0,0.0,0.0,0.0,0.0,0.0,0.0,0.0,0.0,1.79,4350000000.0
2023-07-10,0.0,0.39,1.4,0.0,0.0,0.0,0.0,0.0,0.0,0.0,0.0,0.0,0.0,0.0,0.0,0.0,0.0,0.0,1.79,4350000000.0
2023-07-09,0.0,0.39,1.4,0.0,0.0,0.0,0.0,0.0,0.0,0.0,0.0,0.0,0.0,0.0,0.0,0.0,0.0,0.0,1.79,4350000000.0
2023-07-08,0.0,0.39,1.4,0.0,0.0,0.0,0.0,0.0,0.0,0.0,0.0,0.0,0.0,0.0,0.0,0.0,0.0,0.0,1.79,4350000000.0
2023-07-07,0.0,0.39,1.4,0.0,0.0,0.0,0.0,0.0,0.0,0.0,0.0,0.0,0.0,0.0,0.0,0.0,0.0,0.0,1.79,4350000000.0
2023-07-06,0.0,0.39,1.4,0.0,0.0,0.0,0.0,0.0,0.0,0.0,0.0,0.0,0.0,0.0,0.0,0.0,0.0,0.0,1.79,4350000000.0
2023-07-05,0.0,0.39,1.4,0.0,0.0,0.0,0.0,0.0,0.0,0.0,0.0,0.0,0.0,0.0,0.0,0.0,0.0,0.0,1.79,4350000000.0
2023-07-04,0.0,0.39,1.4,0.0,0.0,0.0,0.0,0.0,0.0,0.0,0.0,0.0,0.0,0.0,0.0,0.0,0.0,0.0,1.79,4350000000.0
2023-07-03,0.0,0.39,1.4,0.0,0.0,0.0,0.0,0.0,0.0,0.0,0.0,0.0,0.0,0.0,0.0,0.0,0.0,0.0,1.79,4350000000.0
2023-07-02,0.0,0.39,1.4,0.0,0.0,0.0,0.0,0.0,0.0,0.0,0.0,0.0,0.0,0.0,0.0,0.0,0.0,0.0,1.79,4350000000.0
2023-07-01,0.0,0.39,1.4,0.0,0.0,0.0,0.0,0.0,0.0,0.0,0.0,0.0,0.0,0.0,0.0,0.0,0.0,0.0,1.79,4350000000.0
2023-06-30,0.0,0.39,1.4,0.0,0.0,0.0,0.0,0.0,0.0,0.0,0.0,0.0,0.0,0.0,0.0,0.0,0.0,0.0,1.79,4350000000.0
2023-06-29,0.0,0.39,1.4,0.0,0.0,0.0,0.0,0.0,0.0,0.0,0.0,0.0,0.0,0.0,0.0,0.0,0.0,0.0,1.79,4350000000.0
2023-06-28,0.0,0.39,1.4,0.0,0.0,0.0,0.0,0.0,0.0,0.0,0.0,0.0,0.0,0.0,0.0,0.0,0.0,0.0,1.79,4350000000.0
2023-06-27,0.0,0.39,1.4,0.0,0.0,0.0,0.0,0.0,0.0,0.0,0.0,0.0,0.0,0.0,0.0,0.0,0.0,0.0,1.79,4350000000.0
2023-06-26,0.0,0.39,1.4,0.0,0.0,0.0,0.0,0.0,0.0,0.0,0.0,0.0,0.0,0.0,0.0,0.0,0.0,0.0,1.79,4350000000.0
2023-06-25,0.0,0.39,1.4,0.0,0.0,0.0,0.0,0.0,0.0,0.0,0.0,0.0,0.0,0.0,0.0,0.0,0.0,0.0,1.79,4350000000.0
2023-06-24,0.0,0.39,1.4,0.0,0.0,0.0,0.0,0.0,0.0,0.0,0.0,0.0,0.0,0.0,0.0,0.0,0.0,0.0,1.79,4350000000.0
2023-06-23,0.0,0.39,1.4,0.0,0.0,0.0,0.0,0.0,0.0,0.0,0.0,0.0,0.0,0.0,0.0,0.0,0.0,0.0,1.79,4350000000.0
2023-06-22,0.0,0.39,1.4,0.0,0.0,0.0,0.0,0.0,0.0,0.0,0.0,0.0,0.0,0.0,0.0,0.0,0.0,0.0,1.79,4350000000.0
2023-06-21,0.0,0.39,1.4,0.0,0.0,0.0,0.0,0.0,0.0,0.0,0.0,0.0,0.0,0.0,0.0,0.0,0.0,0.0,1.79,4350000000.0
2023-06-20,0.0,0.39,1.4,0.0,0.0,0.0,0.0,0.0,0.0,0.0,0.0,0.0,0.0,0.0,0.0,0.0,0.0,0.0,1.79,4350000000.0
2023-06-19,0.0,0.39,1.4,0.0,0.0,0.0,0.0,0.0,0.0,0.0,0.0,0.0,0.0,0.0,0.0,0.0,0.0,0.0,1.79,4350000000.0
2023-06-18,0.0,0.39,1.4,0.0,0.0,0.0,0.0,0.0,0.0,0.0,0.0,0.0,0.0,0.0,0.0,0.0,0.0,0.0,1.79,4350000000.0
2023-06-17,0.0,0.39,1.4,0.0,0.0,0.0,0.0,0.0,0.0,0.0,0.0,0.0,0.0,0.0,0.0,0.0,0.0,0.0,1.79,4350000000.0
2023-06-16,0.0,0.39,1.4,0.0,0.0,0.0,0.0,0.0,0.0,0.0,0.0,0.0,0.0,0.0,0.0,0.0,0.0,0.0,1.79,4350000000.0
2023-06-15,0.0,0.39,1.4,0.0,0.0,0.0,0.0,0.0,0.0,0.0,0.0,0.0,0.0,0.0,0.0,0.0,0.0,0.0,1.79,4350000000.0
2023-06-14,0.0,0.39,1.4,0.0,0.0,0.0,0.0,0.0,0.0,0.0,0.0,0.0,0.0,0.0,0.0,0.0,0.0,0.0,1.79,4350000000.0
2023-06-13,0.0,0.39,1.4,0.0,0.0,0.0,0.0,0.0,0.0,0.0,0.0,0.0,0.0,0.0,0.0,0.0,0.0,0.0,1.79,4350000000.0
2023-06-12,0.0,0.39,1.4,0.0,0.0,0.0,0.0,0.0,0.0,0.0,0.0,0.0,0.0,0.0,0.0,0.0,0.0,0.0,1.79,4350000000.0
2023-06-11,0.0,0.39,1.4,0.0,0.0,0.0,0.0,0.0,0.0,0.0,0.0,0.0,0.0,0.0,0.0,0.0,0.0,0.0,1.79,4350000000.0
2023-06-10,0.0,0.39,1.4,0.0,0.0,0.0,0.0,0.0,0.0,0.0,0.0,0.0,0.0,0.0,0.0,0.0,0.0,0.0,1.79,4350000000.0
2023-06-09,0.0,0.39,1.4,0.0,0.0,0.0,0.0,0.0,0.0,0.0,0.0,0.0,0.0,0.0,0.0,0.0,0.0,0.0,1.79,4350000000.0
2023-06-08,0.0,0.39,1.4,0.0,0.0,0.0,0.0,0.0,0.0,0.0,0.0,0.0,0.0,0.0,0.0,0.0,0.0,0.0,1.79,4350000000.0
2023-06-07,0.0,0.39,1.4,0.0,0.0,0.0,0.0,0.0,0.0,0.0,0.0,0.0,0.0,0.0,0.0,0.0,0.0,0.0,1.79,4350000000.0
2023-06-06,0.0,0.39,1.4,0.0,0.0,0.0,0.0,0.0,0.0,0.0,0.0,0.0,0.0,0.0,0.0,0.0,0.0,0.0,1.79,4350000000.0
2023-06-05,0.0,0.39,1.4,0.0,0.0,0.0,0.0,0.0,0.0,0.0,0.0,0.0,0.0,0.0,0.0,0.0,0.0,0.0,1.79,4350000000.0
2023-06-04,0.0,0.39,1.4,0.0,0.0,0.0,0.0,0.0,0.0,0.0,0.0,0.0,0.0,0.0,0.0,0.0,0.0,0.0,1.79,4350000000.0
2023-06-03,0.0,0.39,1.4,0.0,0.0,0.0,0.0,0.0,0.0,0.0,0.0,0.0,0.0,0.0,0.0,0.0,0.0,0.0,1.79,4350000000.0
2023-06-02,0.0,0.39,1.4,0.0,0.0,0.0,0.0,0.0,0.0,0.0,0.0,0.0,0.0,0.0,0.0,0.0,0.0,0.0,1.79,4350000000.0
2023-06-01,0.0,0.39,1.4,0.0,0.0,0.0,0.0,0.0,0.0,0.0,0.0,0.0,0.0,0.0,0.0,0.0,0.0,0.0,1.79,4350000000.0
2023-05-31,0.0,0.39,1.4,0.0,0.0,0.0,0.0,0.0,0.0,0.0,0.0,0.0,0.0,0.0,0.0,0.0,0.0,0.0,1.79,4350000000.0
2023-05-30,0.0,0.39,1.4,0.0,0.0,0.0,0.0,0.0,0.0,0.0,0.0,0.0,0.0,0.0,0.0,0.0,0.0,0.0,1.79,4350000000.0
2023-05-29,0.0,0.39,1.4,0.0,0.0,0.0,0.0,0.0,0.0,0.0,0.0,0.0,0.0,0.0,0.0,0.0,0.0,0.0,1.79,4350000000.0
2023-05-28,0.0,0.39,1.4,0.0,0.0,0.0,0.0,0.0,0.0,0.0,0.0,0.0,0.0,0.0,0.0,0.0,0.0,0.0,1.79,4350000000.0
2023-05-27,0.0,0.39,1.4,0.0,0.0,0.0,0.0,0.0,0.0,0.0,0.0,0.0,0.0,0.0,0.0,0.0,0.0,0.0,1.79,4350000000.0
2023-05-26,0.0,0.39,1.4,0.0,0.0,0.0,0.0,0.0,0.0,0.0,0.0,0.0,0.0,0.0,0.0,0.0,0.0,0.0,1.79,4350000000.0
2023-05-25,0.0,0.39,1.4,0.0,0.0,0.0,0.0,0.0,0.0,0.0,0.0,0.0,0.0,0.0,0.0,0.0,0.0,0.0,1.79,4350000000.0
2023-05-24,0.0,0.39,1.4,0.0,0.0,0.0,0.0,0.0,0.0,0.0,0.0,0.0,0.0,0.0,0.0,0.0,0.0,0.0,1.79,4350000000.0
2023-05-23,0.0,0.39,1.4,0.0,0.0,0.0,0.0,0.0,0.0,0.0,0.0,0.0,0.0,0.0,0.0,0.0,0.0,0.0,1.79,4350000000.0
2023-05-22,0.0,0.39,0.0,0.0,0.0,0.0,0.0,0.0,0.0,0.0,0.0,0.0,0.0,0.0,0.0,0.0,0.0,0.0,0.39,4350000000.0
2023-05-21,0.0,0.39,0.0,0.0,0.0,0.0,0.0,0.0,0.0,0.0,0.0,0.0,0.0,0.0,0.0,0.0,0.0,0.0,0.39,4350000000.0
2023-05-20,0.48,0.39,0.0,0.0,0.0,0.0,0.0,0.0,0.0,0.0,0.0,0.0,0.0,0.0,0.0,0.0,0.0,0.0,0.87,4350000000.0
2023-05-19,0.48,0.39,0.0,0.0,0.0,0.0,0.0,0.0,0.0,0.0,0.0,0.0,0.0,0.0,0.0,0.0,0.0,0.0,0.87,4350000000.0
2023-05-18,0.48,0.39,0.0,0.0,0.0,0.0,0.0,0.0,0.0,0.0,0.0,0.0,0.0,0.0,0.0,0.0,0.0,0.0,0.87,4350000000.0
2023-05-17,0.48,0.39,0.0,0.0,0.0,0.0,0.0,0.0,0.0,0.0,0.0,0.0,0.0,0.0,0.0,0.0,0.0,0.0,0.87,4350000000.0
2023-05-16,0.48,0.39,0.0,0.0,0.0,0.0,0.0,0.0,0.0,0.0,0.0,0.0,0.0,0.0,0.0,0.0,0.0,0.0,0.87,4350000000.0
2023-05-15,0.48,0.39,0.0,0.0,0.0,0.0,0.0,0.0,0.0,0.0,0.0,0.0,0.0,0.0,0.0,0.0,0.0,0.0,0.87,4350000000.0
2023-05-14,0.48,0.39,0.0,0.0,0.0,0.0,0.0,0.0,0.0,0.0,0.0,0.0,0.0,0.0,0.0,0.0,0.0,0.0,0.87,4350000000.0
2023-05-13,0.48,0.39,0.0,0.0,0.0,0.0,0.0,0.0,0.0,0.0,0.0,0.0,0.0,0.0,0.0,0.0,0.0,0.0,0.87,4350000000.0
2023-05-12,0.48,0.39,0.0,0.0,0.0,0.0,0.0,0.0,0.0,0.0,0.0,0.0,0.0,0.0,0.0,0.0,0.0,0.0,0.87,4350000000.0
2023-05-11,0.48,0.39,0.0,0.0,0.0,0.0,0.0,0.0,0.0,0.0,0.0,0.0,0.0,0.0,0.0,0.0,0.0,0.0,0.87,4350000000.0
2023-05-10,0.48,0.39,0.0,0.0,0.0,0.0,0.0,0.0,0.0,0.0,0.0,0.0,0.0,0.0,0.0,0.0,0.0,0.0,0.87,4350000000.0
2023-05-09,0.48,0.39,0.0,0.0,0.0,0.0,0.0,0.0,0.0,0.0,0.0,0.0,0.0,0.0,0.0,0.0,0.0,0.0,0.87,4350000000.0
2023-05-08,0.48,0.39,0.0,0.0,0.0,0.0,0.0,0.0,0.0,0.0,0.0,0.0,0.0,0.0,0.0,0.0,0.0,0.0,0.87,4350000000.0
2023-05-07,0.48,0.39,0.0,0.0,0.0,0.0,0.0,0.0,0.0,0.0,0.0,0.0,0.0,0.0,0.0,0.0,0.0,0.0,0.87,4350000000.0
