,6BS8JLEICI3VGJ264L55,TNWE6LERP1CI9IDAZB80,HELATY3NJ3Y3YM0BQS70,549300I3U59T2U620T86,549300GC5MDF1KXYMP06,549300DCU7KOL83B3B08,5493003OVSMJMOFRLY57,549300C4RWHVOOSD9T96,70DNWEAINTGFO4DMV441,54930030NRYV5EVS2N02,LO3UDTZUG0RICVPFGQ53,Total,Market_capitalization
2025-05-05,0.79,0.7,0.0,0.0,0.0,0.0,0.0,0.0,0.0,0.0,0.0,1.49,7790000000.0
2025-05-04,0.79,0.7,0.0,0.0,0.0,0.0,0.0,0.0,0.0,0.0,0.0,1.49,7790000000.0
2025-05-03,0.79,0.7,0.0,0.0,0.0,0.0,0.0,0.0,0.0,0.0,0.0,1.49,7790000000.0
2025-05-02,0.79,0.7,0.0,0.0,0.0,0.0,0.0,0.0,0.0,0.0,0.0,1.49,7790000000.0
2025-05-01,0.79,0.7,0.0,0.0,0.0,0.0,0.0,0.0,0.0,0.0,0.0,1.49,7790000000.0
2025-04-30,0.79,0.7,0.0,0.0,0.0,0.0,0.0,0.0,0.0,0.0,0.0,1.49,7790000000.0
2025-04-29,0.79,0.7,0.0,0.0,0.0,0.0,0.0,0.0,0.0,0.0,0.0,1.49,7790000000.0
2025-04-28,0.79,0.7,0.0,0.0,0.0,0.0,0.0,0.0,0.0,0.0,0.0,1.49,7790000000.0
2025-04-27,0.79,0.7,0.0,0.0,0.0,0.0,0.0,0.0,0.0,0.0,0.0,1.49,7790000000.0
2025-04-26,0.79,0.7,0.0,0.0,0.0,0.0,0.0,0.0,0.0,0.0,0.0,1.49,7790000000.0
2025-04-25,0.79,0.7,0.0,0.0,0.0,0.0,0.0,0.0,0.0,0.0,0.0,1.49,7790000000.0
2025-04-24,0.79,0.7,0.0,0.0,0.0,0.0,0.0,0.0,0.0,0.0,0.0,1.49,7790000000.0
2025-04-23,0.79,0.7,0.0,0.0,0.0,0.0,0.0,0.0,0.0,0.0,0.0,1.49,7790000000.0
2025-04-22,0.79,0.69,0.0,0.0,0.0,0.0,0.0,0.0,0.0,0.0,0.0,1.48,7790000000.0
2025-04-21,0.79,0.69,0.0,0.0,0.0,0.0,0.0,0.0,0.0,0.0,0.0,1.48,7790000000.0
2025-04-20,0.79,0.69,0.0,0.0,0.0,0.0,0.0,0.0,0.0,0.0,0.0,1.48,7790000000.0
2025-04-19,0.79,0.69,0.0,0.0,0.0,0.0,0.0,0.0,0.0,0.0,0.0,1.48,7790000000.0
2025-04-18,0.79,0.69,0.0,0.0,0.0,0.0,0.0,0.0,0.0,0.0,0.0,1.48,7790000000.0
2025-04-17,0.79,0.69,0.0,0.0,0.0,0.0,0.0,0.0,0.0,0.0,0.0,1.48,7790000000.0
2025-04-16,0.81,0.69,0.0,0.0,0.0,0.0,0.0,0.0,0.0,0.0,0.0,1.5,7790000000.0
2025-04-15,0.81,0.69,0.0,0.0,0.0,0.0,0.0,0.0,0.0,0.0,0.0,1.5,7790000000.0
2025-04-14,0.81,0.69,0.0,0.0,0.0,0.0,0.0,0.0,0.0,0.0,0.0,1.5,7790000000.0
2025-04-13,0.81,0.69,0.0,0.0,0.0,0.0,0.0,0.0,0.0,0.0,0.0,1.5,7790000000.0
2025-04-12,0.81,0.69,0.0,0.0,0.0,0.0,0.0,0.0,0.0,0.0,0.0,1.5,7790000000.0
2025-04-11,0.81,0.69,0.0,0.0,0.0,0.0,0.0,0.0,0.0,0.0,0.0,1.5,7790000000.0
2025-04-10,0.81,0.69,0.0,0.0,0.0,0.0,0.0,0.0,0.0,0.0,0.0,1.5,7790000000.0
2025-04-09,0.81,0.69,0.0,0.0,0.0,0.0,0.0,0.0,0.0,0.0,0.0,1.5,7790000000.0
2025-04-08,0.81,0.69,0.0,0.0,0.0,0.0,0.0,0.0,0.0,0.0,0.0,1.5,7790000000.0
2025-04-07,0.81,0.69,0.0,0.0,0.0,0.01,0.0,0.0,0.0,0.0,0.0,1.51,7790000000.0
2025-04-06,0.81,0.69,0.0,0.0,0.0,0.01,0.0,0.0,0.0,0.0,0.0,1.51,7790000000.0
2025-04-05,0.81,0.69,0.0,0.0,0.0,0.01,0.0,0.0,0.0,0.0,0.0,1.51,7790000000.0
2025-04-04,0.81,0.69,0.0,0.0,0.0,0.01,0.0,0.0,0.0,0.0,0.0,1.51,7790000000.0
2025-04-03,0.81,0.69,0.0,0.0,0.0,0.01,0.0,0.0,0.0,0.0,0.0,1.51,7790000000.0
2025-04-02,0.81,0.69,0.0,0.0,0.0,0.01,0.0,0.0,0.0,0.0,0.0,1.51,7790000000.0
2025-04-01,0.81,0.69,0.0,0.0,0.0,0.01,0.0,0.0,0.0,0.0,0.0,1.51,7790000000.0
2025-03-31,0.81,0.69,0.0,0.0,0.0,0.01,0.0,0.0,0.0,0.0,0.0,1.51,7790000000.0
2025-03-30,0.81,0.69,0.0,0.0,0.0,0.01,0.0,0.0,0.0,0.0,0.0,1.51,7790000000.0
2025-03-29,0.81,0.69,0.0,0.0,0.0,0.01,0.0,0.0,0.0,0.0,0.0,1.51,7790000000.0
2025-03-28,0.81,0.69,0.0,0.0,0.0,0.01,0.0,0.0,0.0,0.0,0.0,1.51,7790000000.0
2025-03-27,0.81,0.7,0.0,0.0,0.0,0.01,0.0,0.0,0.0,0.0,0.0,1.52,7790000000.0
2025-03-26,0.81,0.7,0.0,0.0,0.0,0.01,0.0,0.0,0.0,0.0,0.0,1.52,7790000000.0
2025-03-25,0.79,0.7,0.0,0.0,0.0,0.01,0.0,0.0,0.0,0.0,0.0,1.5,7790000000.0
2025-03-24,0.82,0.68,0.0,0.0,0.0,0.01,0.0,0.0,0.0,0.0,0.0,1.51,7790000000.0
2025-03-23,0.82,0.68,0.0,0.0,0.0,0.01,0.0,0.0,0.0,0.0,0.0,1.51,7790000000.0
2025-03-22,0.82,0.68,0.0,0.0,0.0,0.01,0.0,0.0,0.0,0.0,0.0,1.51,7790000000.0
2025-03-21,0.82,0.68,0.0,0.0,0.0,0.01,0.0,0.0,0.0,0.0,0.0,1.51,7790000000.0
2025-03-20,0.82,0.68,0.0,0.0,0.0,0.01,0.0,0.0,0.0,0.0,0.0,1.51,7790000000.0
2025-03-19,0.82,0.68,0.0,0.0,0.0,0.01,0.0,0.0,0.0,0.0,0.0,1.51,7790000000.0
2025-03-18,0.82,0.68,0.0,0.0,0.0,0.01,0.0,0.0,0.0,0.0,0.0,1.51,7790000000.0
2025-03-17,0.82,0.68,0.0,0.0,0.0,0.01,0.0,0.0,0.0,0.0,0.0,1.51,7790000000.0
2025-03-16,0.82,0.68,0.0,0.0,0.0,0.01,0.0,0.0,0.0,0.0,0.0,1.51,7790000000.0
2025-03-15,0.82,0.68,0.0,0.0,0.0,0.01,0.0,0.0,0.0,0.0,0.0,1.51,7790000000.0
2025-03-14,0.82,0.68,0.0,0.0,0.0,0.01,0.0,0.0,0.0,0.0,0.0,1.51,7790000000.0
2025-03-13,0.82,0.68,0.0,0.0,0.0,0.01,0.0,0.0,0.0,0.0,0.0,1.51,7790000000.0
2025-03-12,0.82,0.68,0.0,0.0,0.0,0.01,0.0,0.0,0.0,0.0,0.0,1.51,7790000000.0
2025-03-11,0.82,0.68,0.0,0.0,0.0,0.01,0.0,0.0,0.0,0.0,0.0,1.51,7790000000.0
2025-03-10,0.82,0.68,0.0,0.0,0.0,0.01,0.0,0.0,0.0,0.0,0.0,1.51,7790000000.0
2025-03-09,0.82,0.68,0.0,0.0,0.0,0.01,0.0,0.0,0.0,0.0,0.0,1.51,7790000000.0
2025-03-08,0.82,0.68,0.0,0.0,0.0,0.01,0.0,0.0,0.0,0.0,0.0,1.51,7790000000.0
2025-03-07,0.82,0.68,0.0,0.0,0.0,0.01,0.0,0.0,0.0,0.0,0.0,1.51,7790000000.0
2025-03-06,0.7,0.68,0.0,0.0,0.0,0.01,0.0,0.0,0.0,0.0,0.0,1.39,7790000000.0
2025-03-05,0.7,0.68,0.0,0.0,0.0,0.01,0.0,0.0,0.0,0.0,0.0,1.39,7790000000.0
2025-03-04,0.7,0.68,0.0,0.0,0.0,0.01,0.0,0.0,0.0,0.0,0.0,1.39,7790000000.0
2025-03-03,0.67,0.68,0.0,0.0,0.0,0.01,0.0,0.0,0.0,0.0,0.0,1.36,7790000000.0
2025-03-02,0.67,0.68,0.0,0.0,0.0,0.01,0.0,0.0,0.0,0.0,0.0,1.36,7790000000.0
2025-03-01,0.67,0.68,0.0,0.0,0.0,0.01,0.0,0.0,0.0,0.0,0.0,1.36,7790000000.0
2025-02-28,0.67,0.68,0.0,0.0,0.0,0.01,0.0,0.0,0.0,0.0,0.0,1.36,7790000000.0
2025-02-27,0.67,0.7,0.0,0.0,0.0,0.01,0.0,0.0,0.0,0.0,0.0,1.3800000000000001,7790000000.0
2025-02-26,0.67,0.7,0.0,0.0,0.0,0.01,0.0,0.0,0.0,0.0,0.0,1.3800000000000001,7790000000.0
2025-02-25,0.67,0.7,0.0,0.0,0.0,0.01,0.0,0.0,0.0,0.0,0.0,1.3800000000000001,7790000000.0
2025-02-24,0.71,0.7,0.0,0.0,0.0,0.01,0.0,0.0,0.0,0.0,0.0,1.42,7790000000.0
2025-02-23,0.71,0.69,0.0,0.0,0.0,0.01,0.0,0.0,0.0,0.0,0.0,1.41,7790000000.0
2025-02-22,0.71,0.69,0.0,0.0,0.0,0.01,0.0,0.0,0.0,0.0,0.0,1.41,7790000000.0
2025-02-21,0.71,0.69,0.0,0.0,0.0,0.01,0.0,0.0,0.0,0.0,0.0,1.41,7790000000.0
2025-02-20,0.67,0.72,0.0,0.0,0.0,0.01,0.0,0.0,0.0,0.0,0.0,1.4000000000000001,7790000000.0
2025-02-19,0.67,0.72,0.0,0.0,0.0,0.01,0.0,0.0,0.0,0.0,0.0,1.4000000000000001,7790000000.0
2025-02-18,0.67,0.72,0.0,0.0,0.0,0.01,0.0,0.0,0.0,0.0,0.0,1.4000000000000001,7790000000.0
2025-02-17,0.67,0.72,0.0,0.0,0.0,0.01,0.0,0.0,0.0,0.0,0.0,1.4000000000000001,7790000000.0
2025-02-16,0.67,0.72,0.0,0.0,0.0,0.01,0.0,0.0,0.0,0.0,0.0,1.4000000000000001,7790000000.0
2025-02-15,0.67,0.72,0.0,0.0,0.0,0.01,0.0,0.0,0.0,0.0,0.0,1.4000000000000001,7790000000.0
2025-02-14,0.67,0.72,0.0,0.0,0.0,0.01,0.0,0.0,0.0,0.0,0.0,1.4000000000000001,7790000000.0
2025-02-13,0.67,0.72,0.0,0.0,0.0,0.01,0.0,0.0,0.0,0.0,0.0,1.4000000000000001,7790000000.0
2025-02-12,0.78,0.72,0.0,0.0,0.0,0.01,0.0,0.0,0.0,0.0,0.0,1.51,7790000000.0
2025-02-11,0.78,0.72,0.0,0.0,0.0,0.01,0.0,0.0,0.0,0.0,0.0,1.51,7790000000.0
2025-02-10,0.78,0.72,0.0,0.0,0.0,0.01,0.0,0.0,0.0,0.0,0.0,1.51,7790000000.0
2025-02-09,0.78,0.72,0.0,0.0,0.0,0.01,0.0,0.0,0.0,0.0,0.0,1.51,7790000000.0
2025-02-08,0.78,0.72,0.0,0.0,0.0,0.01,0.0,0.0,0.0,0.0,0.0,1.51,7790000000.0
2025-02-07,0.78,0.72,0.0,0.0,0.0,0.01,0.0,0.0,0.0,0.0,0.0,1.51,7790000000.0
2025-02-06,0.78,0.51,0.0,0.0,0.0,0.01,0.0,0.0,0.0,0.0,0.0,1.3,7790000000.0
2025-02-05,0.78,0.51,0.0,0.0,0.0,0.01,0.0,0.0,0.0,0.0,0.0,1.3,7790000000.0
2025-02-04,0.78,0.51,0.0,0.0,0.0,0.01,0.0,0.0,0.0,0.0,0.0,1.3,7790000000.0
2025-02-03,0.8,0.51,0.0,0.0,0.0,0.01,0.0,0.0,0.0,0.0,0.0,1.32,7790000000.0
2025-02-02,0.8,0.51,0.0,0.0,0.0,0.01,0.0,0.0,0.0,0.0,0.0,1.32,7790000000.0
2025-02-01,0.8,0.51,0.0,0.0,0.0,0.01,0.0,0.0,0.0,0.0,0.0,1.32,7790000000.0
2025-01-31,0.8,0.51,0.0,0.0,0.0,0.01,0.0,0.0,0.0,0.0,0.0,1.32,7790000000.0
2025-01-30,0.79,0.51,0.0,0.0,0.0,0.01,0.0,0.0,0.0,0.0,0.0,1.31,7790000000.0
2025-01-29,0.79,0.51,0.0,0.0,0.0,0.01,0.0,0.0,0.0,0.0,0.0,1.31,7790000000.0
2025-01-28,0.8,0.51,0.0,0.0,0.0,0.01,0.0,0.0,0.0,0.0,0.0,1.32,7790000000.0
2025-01-27,0.8,0.51,0.0,0.0,0.0,0.01,0.0,0.0,0.0,0.0,0.0,1.32,7790000000.0
2025-01-26,0.8,0.51,0.0,0.0,0.0,0.01,0.0,0.0,0.0,0.0,0.0,1.32,7790000000.0
2025-01-25,0.8,0.51,0.0,0.0,0.0,0.01,0.0,0.0,0.0,0.0,0.0,1.32,7790000000.0
2025-01-24,0.8,0.51,0.0,0.0,0.0,0.01,0.0,0.0,0.0,0.0,0.49,1.81,7790000000.0
2025-01-23,0.8,0.51,0.0,0.0,0.0,0.01,0.0,0.0,0.0,0.0,0.49,1.81,7790000000.0
2025-01-22,0.76,0.51,0.0,0.0,0.0,0.01,0.0,0.0,0.0,0.0,0.49,1.77,7790000000.0
2025-01-21,0.76,0.51,0.0,0.0,0.0,0.01,0.0,0.0,0.0,0.0,0.49,1.77,7790000000.0
2025-01-20,0.76,0.51,0.0,0.0,0.0,0.01,0.0,0.0,0.0,0.44,0.49,2.21,7790000000.0
2025-01-19,0.76,0.51,0.0,0.0,0.0,0.01,0.0,0.0,0.0,0.44,0.49,2.21,7790000000.0
2025-01-18,0.76,0.51,0.0,0.0,0.0,0.01,0.0,0.0,0.0,0.44,0.49,2.21,7790000000.0
2025-01-17,0.76,0.51,0.0,0.0,0.0,0.01,0.0,0.0,0.0,0.44,0.49,2.21,7790000000.0
2025-01-16,0.76,0.51,0.0,0.0,0.0,0.01,0.0,0.0,0.0,0.44,0.49,2.21,7790000000.0
2025-01-15,0.76,0.51,0.0,0.0,0.0,0.01,0.0,0.0,0.0,0.44,0.49,2.21,7790000000.0
2025-01-14,0.69,0.51,0.0,0.0,0.0,0.01,0.0,0.0,0.0,0.44,0.49,2.1399999999999997,7790000000.0
2025-01-13,0.69,0.51,0.0,0.0,0.0,0.01,0.0,0.0,0.0,0.44,0.49,2.1399999999999997,7790000000.0
2025-01-12,0.69,0.51,0.0,0.0,0.0,0.01,0.0,0.0,0.0,0.44,0.49,2.1399999999999997,7790000000.0
2025-01-11,0.69,0.51,0.0,0.0,0.0,0.01,0.0,0.0,0.0,0.44,0.49,2.1399999999999997,7790000000.0
2025-01-10,0.69,0.51,0.0,0.0,0.0,0.01,0.0,0.0,0.0,0.44,0.49,2.1399999999999997,7790000000.0
2025-01-09,0.7,0.51,0.0,0.0,0.0,0.01,0.0,0.0,0.0,0.44,0.49,2.15,7790000000.0
2025-01-08,0.61,0.51,0.0,0.0,0.0,0.01,0.0,0.0,0.0,0.44,0.49,2.06,7790000000.0
2025-01-07,0.61,0.51,0.0,0.0,0.0,0.01,0.0,0.0,0.0,0.44,0.49,2.06,7790000000.0
2025-01-06,0.61,0.0,0.0,0.0,0.0,0.01,0.0,0.0,0.0,0.44,0.49,1.55,7790000000.0
2025-01-05,0.5,0.0,0.0,0.0,0.0,0.01,0.0,0.0,0.0,0.44,0.49,1.44,7790000000.0
2025-01-04,0.5,0.0,0.0,0.0,0.0,0.01,0.0,0.0,0.0,0.44,0.49,1.44,7790000000.0
2025-01-03,0.5,0.0,0.0,0.0,0.0,0.01,0.0,0.0,0.0,0.44,0.49,1.44,7790000000.0
2025-01-02,0.5,0.0,0.0,0.0,0.0,0.01,0.0,0.0,0.0,0.44,0.49,1.44,7790000000.0
2025-01-01,0.5,0.0,0.0,0.0,0.0,0.01,0.0,0.0,0.0,0.44,0.49,1.44,7790000000.0
2024-12-31,0.5,0.0,0.0,0.0,0.0,0.01,0.0,0.0,0.0,0.44,0.49,1.44,7790000000.0
2024-12-30,0.5,0.0,0.0,0.0,0.0,0.01,0.0,0.0,0.0,0.44,0.49,1.44,7790000000.0
2024-12-29,0.5,0.0,0.0,0.0,0.0,0.01,0.0,0.0,0.0,0.44,0.49,1.44,7790000000.0
2024-12-28,0.5,0.0,0.0,0.0,0.0,0.01,0.0,0.0,0.0,0.44,0.49,1.44,7790000000.0
2024-12-27,0.5,0.0,0.0,0.0,0.0,0.01,0.0,0.0,0.0,0.44,0.49,1.44,7790000000.0
2024-12-26,0.5,0.0,0.0,0.0,0.0,0.01,0.0,0.0,0.0,0.44,0.49,1.44,7790000000.0
2024-12-25,0.5,0.0,0.0,0.0,0.0,0.01,0.0,0.0,0.0,0.44,0.49,1.44,7790000000.0
2024-12-24,0.5,0.0,0.0,0.0,0.0,0.01,0.0,0.0,0.0,0.44,0.49,1.44,7790000000.0
2024-12-23,0.5,0.0,0.0,0.0,0.0,0.01,0.0,0.0,0.0,0.44,0.49,1.44,7790000000.0
2024-12-22,0.48,0.0,0.0,0.0,0.0,0.01,0.0,0.0,0.0,0.44,0.49,1.42,7790000000.0
2024-12-21,0.48,0.0,0.0,0.0,0.0,0.01,0.0,0.0,0.0,0.44,0.49,1.42,7790000000.0
2024-12-20,0.48,0.0,0.0,0.0,0.0,0.01,0.0,0.0,0.0,0.44,0.49,1.42,7790000000.0
2024-12-19,0.48,0.0,0.0,0.0,0.0,0.01,0.0,0.0,0.0,0.44,0.49,1.42,7790000000.0
2024-12-18,0.48,0.0,0.0,0.0,0.0,0.01,0.0,0.0,0.0,0.44,0.49,1.42,7790000000.0
2024-12-17,0.48,0.0,0.0,0.0,0.0,0.01,0.0,0.0,0.0,0.44,0.49,1.42,7790000000.0
2024-12-16,0.48,0.0,0.0,0.0,0.0,0.01,0.0,0.0,0.0,0.44,0.49,1.42,7790000000.0
2024-12-15,0.48,0.0,0.0,0.0,0.0,0.01,0.0,0.0,0.0,0.44,0.49,1.42,7790000000.0
2024-12-14,0.48,0.0,0.0,0.0,0.0,0.01,0.0,0.0,0.0,0.44,0.49,1.42,7790000000.0
2024-12-13,0.48,0.0,0.0,0.0,0.0,0.01,0.0,0.0,0.0,0.44,0.49,1.42,7790000000.0
2024-12-12,0.48,0.0,0.0,0.0,0.0,0.01,0.0,0.0,0.0,0.44,0.49,1.42,7790000000.0
2024-12-11,0.48,0.0,0.0,0.0,0.0,0.01,0.0,0.0,0.0,0.44,0.49,1.42,7790000000.0
2024-12-10,0.48,0.0,0.0,0.0,0.0,0.01,0.0,0.0,0.0,0.44,0.49,1.42,7790000000.0
2024-12-09,0.48,0.0,0.0,0.0,0.0,0.01,0.0,0.0,0.0,0.44,0.49,1.42,7790000000.0
2024-12-08,0.48,0.0,0.0,0.0,0.0,0.01,0.0,0.0,0.0,0.44,0.49,1.42,7790000000.0
2024-12-07,0.48,0.0,0.0,0.0,0.0,0.01,0.0,0.0,0.0,0.44,0.49,1.42,7790000000.0
2024-12-06,0.48,0.0,0.0,0.0,0.0,0.01,0.0,0.0,0.0,0.44,0.49,1.42,7790000000.0
2024-12-05,0.48,0.0,0.0,0.0,0.0,1.0,0.0,0.0,0.0,0.44,0.49,2.41,7790000000.0
2024-12-04,0.48,0.0,0.0,0.0,0.0,1.0,0.0,0.0,0.0,0.44,0.49,2.41,7790000000.0
2024-12-03,0.48,0.0,0.0,0.0,0.0,1.0,0.0,0.0,0.0,0.44,0.49,2.41,7790000000.0
2024-12-02,0.48,0.0,0.0,0.0,0.0,1.0,0.0,0.0,0.0,0.44,0.49,2.41,7790000000.0
2024-12-01,0.48,0.0,0.0,0.0,0.0,1.0,0.0,0.0,0.0,0.44,0.49,2.41,7790000000.0
2024-11-30,0.48,0.0,0.0,0.0,0.0,1.0,0.0,0.0,0.0,0.44,0.49,2.41,7790000000.0
2024-11-29,0.48,0.0,0.0,0.0,0.0,1.0,0.0,0.0,0.0,0.44,0.49,2.41,7790000000.0
2024-11-28,0.48,0.0,0.0,0.0,0.0,0.98,0.0,0.0,0.0,0.44,0.49,2.3899999999999997,7790000000.0
2024-11-27,0.48,0.0,0.0,0.0,0.0,0.98,0.0,0.0,0.0,0.44,0.49,2.3899999999999997,7790000000.0
2024-11-26,0.48,0.0,0.0,0.0,0.0,0.98,0.0,0.0,0.0,0.44,0.49,2.3899999999999997,7790000000.0
2024-11-25,0.48,0.0,0.0,0.0,0.0,1.09,0.0,0.0,0.0,0.44,0.49,2.5,7790000000.0
2024-11-24,0.48,0.0,0.0,0.0,0.0,1.09,0.0,0.0,0.0,0.44,0.49,2.5,7790000000.0
2024-11-23,0.48,0.0,0.0,0.0,0.0,1.09,0.0,0.0,0.0,0.44,0.49,2.5,7790000000.0
2024-11-22,0.48,0.0,0.0,0.0,0.0,1.09,0.0,0.0,0.0,0.44,0.49,2.5,7790000000.0
2024-11-21,0.48,0.0,0.0,0.0,0.0,1.09,0.0,0.0,0.0,0.44,0.49,2.5,7790000000.0
2024-11-20,0.48,0.0,0.0,0.0,0.0,1.09,0.0,0.0,0.0,0.44,0.49,2.5,7790000000.0
2024-11-19,0.48,0.0,0.0,0.0,0.0,1.09,0.0,0.0,0.0,0.44,0.49,2.5,7790000000.0
2024-11-18,0.48,0.0,0.0,0.0,0.0,1.09,0.0,0.0,0.0,0.44,0.49,2.5,7790000000.0
2024-11-17,0.48,0.0,0.0,0.0,0.0,1.09,0.0,0.0,0.0,0.44,0.49,2.5,7790000000.0
2024-11-16,0.48,0.0,0.0,0.0,0.0,1.09,0.0,0.0,0.0,0.44,0.49,2.5,7790000000.0
2024-11-15,0.48,0.0,0.0,0.0,0.0,1.09,0.0,0.0,0.0,0.44,0.49,2.5,7790000000.0
2024-11-14,0.48,0.0,0.0,0.0,0.0,1.15,0.0,0.0,0.0,0.44,0.49,2.5599999999999996,7790000000.0
2024-11-13,0.48,0.0,0.0,0.0,0.0,1.15,0.0,0.0,0.0,0.44,0.49,2.5599999999999996,7790000000.0
2024-11-12,0.48,0.0,0.0,0.0,0.0,1.15,0.0,0.0,0.0,0.44,0.49,2.5599999999999996,7790000000.0
2024-11-11,0.48,0.0,0.0,0.0,0.0,1.15,0.0,0.0,0.0,0.44,0.49,2.5599999999999996,7790000000.0
2024-11-10,0.48,0.0,0.0,0.0,0.0,1.15,0.0,0.0,0.0,0.44,0.49,2.5599999999999996,7790000000.0
2024-11-09,0.48,0.0,0.0,0.0,0.0,1.15,0.0,0.0,0.0,0.44,0.49,2.5599999999999996,7790000000.0
2024-11-08,0.48,0.0,0.0,0.0,0.0,1.15,0.0,0.0,0.0,0.44,0.49,2.5599999999999996,7790000000.0
2024-11-07,0.48,0.0,0.0,0.0,0.0,1.15,0.0,0.0,0.0,0.44,0.49,2.5599999999999996,7790000000.0
2024-11-06,0.48,0.0,0.0,0.0,0.0,1.25,0.0,0.0,0.0,0.44,0.49,2.66,7790000000.0
2024-11-05,0.48,0.0,0.0,0.0,0.0,1.38,0.0,0.0,0.0,0.44,0.49,2.79,7790000000.0
2024-11-04,0.48,0.0,0.0,0.0,0.0,1.38,0.0,0.0,0.0,0.44,0.49,2.79,7790000000.0
2024-11-03,0.48,0.0,0.0,0.0,0.0,1.38,0.0,0.0,0.0,0.44,0.49,2.79,7790000000.0
2024-11-02,0.48,0.0,0.0,0.0,0.0,1.38,0.0,0.0,0.0,0.44,0.49,2.79,7790000000.0
2024-11-01,0.48,0.0,0.0,0.0,0.0,1.38,0.0,0.0,0.0,0.44,0.49,2.79,7790000000.0
2024-10-31,0.48,0.0,0.0,0.0,0.0,1.38,0.0,0.0,0.0,0.44,0.49,2.79,7790000000.0
2024-10-30,0.48,0.0,0.0,0.0,0.0,1.38,0.0,0.0,0.0,0.44,0.49,2.79,7790000000.0
2024-10-29,0.48,0.0,0.0,0.0,0.0,1.4,0.0,0.0,0.0,0.44,0.49,2.8099999999999996,7790000000.0
2024-10-28,0.48,0.0,0.0,0.0,0.0,1.4,0.0,0.0,0.0,0.44,0.49,2.8099999999999996,7790000000.0
2024-10-27,0.57,0.0,0.0,0.0,0.0,1.4,0.0,0.0,0.0,0.44,0.49,2.8999999999999995,7790000000.0
2024-10-26,0.57,0.0,0.0,0.0,0.0,1.4,0.0,0.0,0.0,0.44,0.49,2.8999999999999995,7790000000.0
2024-10-25,0.57,0.0,0.0,0.0,0.0,1.4,0.0,0.0,0.0,0.44,0.49,2.8999999999999995,7790000000.0
2024-10-24,0.57,0.0,0.0,0.0,0.0,1.4,0.0,0.0,0.0,0.44,0.49,2.8999999999999995,7790000000.0
2024-10-23,0.57,0.0,0.0,0.0,0.0,1.4,0.0,0.0,0.0,0.44,0.49,2.8999999999999995,7790000000.0
2024-10-22,0.69,0.0,0.0,0.0,0.0,1.33,0.0,0.0,0.0,0.44,0.49,2.95,7790000000.0
2024-10-21,0.69,0.0,0.0,0.0,0.0,1.33,0.0,0.0,0.0,0.44,0.49,2.95,7790000000.0
2024-10-20,0.69,0.0,0.0,0.0,0.0,1.33,0.0,0.0,0.0,0.44,0.49,2.95,7790000000.0
2024-10-19,0.69,0.0,0.0,0.0,0.0,1.33,0.0,0.0,0.0,0.44,0.49,2.95,7790000000.0
2024-10-18,0.69,0.0,0.0,0.0,0.0,1.33,0.0,0.0,0.0,0.44,0.49,2.95,7790000000.0
2024-10-17,0.69,0.0,0.0,0.0,0.0,1.33,0.0,0.0,0.0,0.44,0.49,2.95,7790000000.0
2024-10-16,0.69,0.0,0.0,0.0,0.0,1.33,0.0,0.0,0.0,0.44,0.49,2.95,7790000000.0
2024-10-15,0.69,0.0,0.0,0.0,0.0,1.33,0.0,0.0,0.0,0.44,0.49,2.95,7790000000.0
2024-10-14,0.69,0.0,0.0,0.0,0.0,1.44,0.0,0.0,0.0,0.44,0.49,3.0599999999999996,7790000000.0
2024-10-13,0.69,0.0,0.0,0.0,0.0,1.51,0.0,0.0,0.0,0.44,0.49,3.13,7790000000.0
2024-10-12,0.69,0.0,0.0,0.0,0.0,1.51,0.0,0.0,0.0,0.44,0.49,3.13,7790000000.0
2024-10-11,0.69,0.0,0.0,0.0,0.0,1.51,0.0,0.0,0.0,0.44,0.49,3.13,7790000000.0
2024-10-10,0.69,0.0,0.0,0.0,0.0,1.51,0.0,0.0,0.0,0.44,0.49,3.13,7790000000.0
2024-10-09,0.69,0.0,0.0,0.0,0.0,1.51,0.0,0.0,0.0,0.44,0.49,3.13,7790000000.0
2024-10-08,0.69,0.0,0.0,0.0,0.0,1.51,0.0,0.0,0.0,0.44,0.49,3.13,7790000000.0
2024-10-07,0.69,0.0,0.0,0.0,0.0,1.51,0.0,0.0,0.0,0.44,0.49,3.13,7790000000.0
2024-10-06,0.69,0.0,0.0,0.0,0.0,1.51,0.0,0.0,0.0,0.44,0.49,3.13,7790000000.0
2024-10-05,0.69,0.0,0.0,0.0,0.0,1.51,0.0,0.0,0.0,0.44,0.49,3.13,7790000000.0
2024-10-04,0.69,0.0,0.0,0.0,0.0,1.51,0.0,0.0,0.0,0.44,0.49,3.13,7790000000.0
2024-10-03,0.69,0.0,0.0,0.0,0.0,1.51,0.0,0.0,0.0,0.44,0.49,3.13,7790000000.0
2024-10-02,0.69,0.0,0.0,0.0,0.0,1.51,0.0,0.0,0.0,0.44,0.49,3.13,7790000000.0
2024-10-01,0.69,0.0,0.0,0.0,0.0,1.51,0.0,0.0,0.0,0.44,0.49,3.13,7790000000.0
2024-09-30,0.69,0.0,0.0,0.0,0.0,1.51,0.0,0.0,0.0,0.44,0.49,3.13,7790000000.0
2024-09-29,0.69,0.0,0.0,0.0,0.0,1.41,0.0,0.0,0.0,0.44,0.49,3.0299999999999994,7790000000.0
2024-09-28,0.69,0.0,0.0,0.0,0.0,1.41,0.0,0.0,0.0,0.44,0.49,3.0299999999999994,7790000000.0
2024-09-27,0.69,0.0,0.0,0.0,0.0,1.41,0.0,0.0,0.0,0.44,0.49,3.0299999999999994,7790000000.0
2024-09-26,0.69,0.0,0.0,0.0,0.0,1.41,0.0,0.0,0.0,0.44,0.49,3.0299999999999994,7790000000.0
2024-09-25,0.69,0.0,0.0,0.0,0.0,1.41,0.0,0.0,0.0,0.44,0.49,3.0299999999999994,7790000000.0
2024-09-24,0.79,0.0,0.0,0.0,0.0,1.41,0.0,0.0,0.0,0.44,0.49,3.13,7790000000.0
2024-09-23,0.79,0.0,0.0,0.0,0.0,1.34,0.0,0.0,0.0,0.44,0.0,2.57,7790000000.0
2024-09-22,0.79,0.0,0.0,0.0,0.0,1.29,0.0,0.0,0.0,0.44,0.0,2.52,7790000000.0
2024-09-21,0.79,0.0,0.0,0.0,0.0,1.29,0.0,0.0,0.0,0.44,0.0,2.52,7790000000.0
2024-09-20,0.79,0.0,0.0,0.0,0.0,1.29,0.0,0.0,0.0,0.44,0.0,2.52,7790000000.0
2024-09-19,0.79,0.0,0.0,0.0,0.48,1.29,0.0,0.0,0.0,0.59,0.0,3.15,7790000000.0
2024-09-18,0.79,0.0,0.0,0.0,0.48,1.29,0.0,0.0,0.0,0.82,0.0,3.38,7790000000.0
2024-09-17,0.79,0.0,0.0,0.0,0.48,1.29,0.0,0.0,0.0,0.93,0.0,3.49,7790000000.0
2024-09-16,0.8,0.0,0.0,0.0,0.48,1.29,0.0,0.0,0.0,0.93,0.0,3.5000000000000004,7790000000.0
2024-09-15,0.8,0.0,0.0,0.0,0.48,1.3,0.0,0.0,0.0,0.93,0.0,3.5100000000000002,7790000000.0
2024-09-14,0.8,0.0,0.0,0.0,0.48,1.3,0.0,0.0,0.0,0.93,0.0,3.5100000000000002,7790000000.0
2024-09-13,0.8,0.0,0.0,0.0,0.48,1.3,0.0,0.0,0.0,0.93,0.0,3.5100000000000002,7790000000.0
2024-09-12,0.8,0.0,0.0,0.0,0.48,1.3,0.0,0.0,0.0,0.93,0.0,3.5100000000000002,7790000000.0
2024-09-11,0.8,0.0,0.0,0.0,0.48,1.27,0.0,0.0,0.0,0.93,0.0,3.48,7790000000.0
2024-09-10,0.78,0.0,0.0,0.0,0.48,1.36,0.0,0.0,0.0,0.93,0.0,3.5500000000000003,7790000000.0
2024-09-09,0.78,0.0,0.0,0.0,0.48,1.36,0.0,0.0,0.0,0.93,0.0,3.5500000000000003,7790000000.0
2024-09-08,0.78,0.0,0.0,0.0,0.48,1.36,0.0,0.0,0.0,0.93,0.0,3.5500000000000003,7790000000.0
2024-09-07,0.78,0.0,0.0,0.0,0.48,1.36,0.0,0.0,0.0,0.93,0.0,3.5500000000000003,7790000000.0
2024-09-06,0.78,0.0,0.0,0.0,0.48,1.36,0.0,0.0,0.0,0.93,0.0,3.5500000000000003,7790000000.0
2024-09-05,0.78,0.0,0.0,0.0,0.48,1.4,0.0,0.0,0.0,0.93,0.0,3.5900000000000003,7790000000.0
2024-09-04,0.78,0.0,0.0,0.0,0.48,1.4,0.0,0.0,0.0,0.93,0.0,3.5900000000000003,7790000000.0
2024-09-03,0.78,0.0,0.0,0.0,0.48,1.4,0.0,0.0,0.0,0.93,0.0,3.5900000000000003,7790000000.0
2024-09-02,0.78,0.0,0.0,0.0,0.48,1.4,0.0,0.0,0.0,0.93,0.0,3.5900000000000003,7790000000.0
2024-09-01,0.8,0.0,0.0,0.0,0.48,1.4,0.0,0.0,0.0,0.93,0.0,3.61,7790000000.0
2024-08-31,0.8,0.0,0.0,0.0,0.48,1.4,0.0,0.0,0.0,0.93,0.0,3.61,7790000000.0
2024-08-30,0.8,0.0,0.0,0.0,0.48,1.4,0.0,0.0,0.0,0.93,0.0,3.61,7790000000.0
2024-08-29,0.8,0.0,0.0,0.0,0.48,1.4,0.0,0.0,0.0,0.93,0.0,3.61,7790000000.0
2024-08-28,0.8,0.0,0.0,0.0,0.48,1.4,0.0,0.0,0.0,0.89,0.0,3.57,7790000000.0
2024-08-27,0.8,0.0,0.0,0.0,0.48,1.4,0.0,0.0,0.0,0.89,0.0,3.57,7790000000.0
2024-08-26,0.8,0.0,0.0,0.0,0.48,1.4,0.0,0.0,0.0,0.89,0.0,3.57,7790000000.0
2024-08-25,0.8,0.0,0.0,0.0,0.48,1.4,0.0,0.0,0.0,0.89,0.0,3.57,7790000000.0
2024-08-24,0.8,0.0,0.0,0.0,0.48,1.4,0.0,0.0,0.0,0.89,0.0,3.57,7790000000.0
2024-08-23,0.8,0.0,0.0,0.0,0.48,1.4,0.0,0.0,0.0,0.89,0.0,3.57,7790000000.0
2024-08-22,0.8,0.0,0.0,0.0,0.48,1.4,0.0,0.0,0.0,0.89,0.0,3.57,7790000000.0
2024-08-21,0.8,0.0,0.0,0.0,0.48,1.4,0.0,0.0,0.0,0.89,0.0,3.57,7790000000.0
2024-08-20,0.8,0.0,0.0,0.0,0.48,1.4,0.0,0.0,0.0,0.89,0.0,3.57,7790000000.0
2024-08-19,0.8,0.0,0.0,0.0,0.48,1.4,0.0,0.0,0.0,0.9,0.0,3.5799999999999996,7790000000.0
2024-08-18,0.7,0.0,0.0,0.0,0.48,1.4,0.0,0.0,0.0,0.9,0.0,3.48,7790000000.0
2024-08-17,0.7,0.0,0.0,0.0,0.48,1.4,0.0,0.0,0.0,0.9,0.0,3.48,7790000000.0
2024-08-16,0.7,0.0,0.0,0.0,0.48,1.4,0.0,0.0,0.0,0.9,0.0,3.48,7790000000.0
2024-08-15,0.7,0.0,0.0,0.0,0.48,1.4,0.0,0.0,0.0,0.9,0.0,3.48,7790000000.0
2024-08-14,0.7,0.0,0.0,0.0,0.48,1.4,0.0,0.0,0.0,0.9,0.0,3.48,7790000000.0
2024-08-13,0.7,0.0,0.0,0.0,0.48,1.4,0.0,0.0,0.0,0.9,0.0,3.48,7790000000.0
2024-08-12,0.7,0.0,0.0,0.0,0.48,1.4,0.0,0.0,0.0,0.9,0.0,3.48,7790000000.0
2024-08-11,0.6,0.0,0.0,0.0,0.48,1.4,0.0,0.0,0.0,0.9,0.0,3.38,7790000000.0
2024-08-10,0.6,0.0,0.0,0.0,0.48,1.4,0.0,0.0,0.0,0.9,0.0,3.38,7790000000.0
2024-08-09,0.6,0.0,0.0,0.0,0.48,1.4,0.0,0.0,0.0,0.9,0.0,3.38,7790000000.0
2024-08-08,0.6,0.0,0.0,0.0,0.48,1.4,0.0,0.0,0.0,0.9,0.0,3.38,7790000000.0
2024-08-07,0.6,0.0,0.0,0.0,0.48,1.4,0.0,0.0,0.0,0.9,0.0,3.38,7790000000.0
2024-08-06,0.6,0.0,0.0,0.0,0.48,1.4,0.0,0.0,0.0,0.9,0.0,3.38,7790000000.0
2024-08-05,0.6,0.0,0.0,0.0,0.48,1.4,0.0,0.0,0.47,0.9,0.0,3.85,7790000000.0
2024-08-04,0.6,0.0,0.0,0.0,0.48,1.4,0.0,0.0,0.47,0.9,0.0,3.85,7790000000.0
2024-08-03,0.6,0.0,0.0,0.0,0.48,1.4,0.0,0.0,0.47,0.9,0.0,3.85,7790000000.0
2024-08-02,0.6,0.0,0.0,0.0,0.48,1.4,0.0,0.0,0.47,0.9,0.0,3.85,7790000000.0
2024-08-01,0.6,0.0,0.0,0.0,0.48,1.4,0.0,0.0,0.47,0.9,0.0,3.85,7790000000.0
2024-07-31,0.6,0.0,0.0,0.0,0.48,1.4,0.0,0.0,0.47,0.88,0.0,3.83,7790000000.0
2024-07-30,0.6,0.0,0.0,0.0,0.48,1.4,0.0,0.0,0.47,0.88,0.0,3.83,7790000000.0
2024-07-29,0.6,0.0,0.0,0.0,0.48,1.4,0.0,0.0,0.47,0.88,0.0,3.83,7790000000.0
2024-07-28,0.6,0.0,0.0,0.0,0.48,1.37,0.0,0.0,0.47,0.88,0.0,3.8,7790000000.0
2024-07-27,0.6,0.0,0.0,0.0,0.48,1.37,0.0,0.0,0.47,0.88,0.0,3.8,7790000000.0
2024-07-26,0.6,0.0,0.0,0.0,0.48,1.37,0.0,0.0,0.47,0.88,0.0,3.8,7790000000.0
2024-07-25,0.6,0.0,0.0,0.0,0.48,1.37,0.0,0.0,0.47,0.88,0.0,3.8,7790000000.0
2024-07-24,0.6,0.0,0.0,0.0,0.48,1.37,0.0,0.0,0.47,0.88,0.0,3.8,7790000000.0
2024-07-23,0.6,0.0,0.0,0.0,0.48,1.4,0.0,0.0,0.47,0.88,0.0,3.83,7790000000.0
2024-07-22,0.6,0.0,0.0,0.0,0.48,1.4,0.0,0.0,0.47,0.88,0.0,3.83,7790000000.0
2024-07-21,0.6,0.0,0.0,0.0,0.48,1.4,0.0,0.0,0.47,0.88,0.0,3.83,7790000000.0
2024-07-20,0.6,0.0,0.0,0.0,0.48,1.4,0.0,0.0,0.47,0.88,0.0,3.83,7790000000.0
2024-07-19,0.6,0.0,0.0,0.0,0.48,1.4,0.0,0.0,0.47,0.88,0.53,4.36,7790000000.0
2024-07-18,0.6,0.0,0.0,0.0,0.48,1.4,0.0,0.0,0.47,0.88,0.53,4.36,7790000000.0
2024-07-17,0.6,0.0,0.0,0.0,0.48,1.4,0.0,0.0,0.47,0.88,0.53,4.36,7790000000.0
2024-07-16,0.6,0.0,0.0,0.0,0.48,1.3,0.0,0.0,0.47,0.88,0.53,4.26,7790000000.0
2024-07-15,0.6,0.0,0.0,0.0,0.48,1.3,0.0,0.0,0.47,0.88,0.53,4.26,7790000000.0
2024-07-14,0.6,0.0,0.0,0.0,0.48,1.3,0.0,0.0,0.47,0.88,0.53,4.26,7790000000.0
2024-07-13,0.6,0.0,0.0,0.0,0.48,1.3,0.0,0.0,0.47,0.88,0.53,4.26,7790000000.0
2024-07-12,0.6,0.0,0.0,0.0,0.48,1.3,0.0,0.0,0.47,0.88,0.53,4.26,7790000000.0
2024-07-11,0.55,0.0,0.0,0.0,0.48,1.3,0.0,0.0,0.47,0.88,0.53,4.21,7790000000.0
2024-07-10,0.55,0.0,0.0,0.0,0.48,1.28,0.0,0.0,0.47,0.88,0.53,4.19,7790000000.0
2024-07-09,0.55,0.0,0.0,0.0,0.48,1.28,0.0,0.0,0.47,0.88,0.53,4.19,7790000000.0
2024-07-08,0.49,0.0,0.0,0.0,0.48,1.28,0.0,0.0,0.47,0.88,0.53,4.13,7790000000.0
2024-07-07,0.49,0.0,0.0,0.0,0.48,1.28,0.0,0.0,0.47,0.88,0.53,4.13,7790000000.0
2024-07-06,0.49,0.0,0.0,0.0,0.48,1.28,0.0,0.0,0.47,0.88,0.53,4.13,7790000000.0
2024-07-05,0.49,0.0,0.0,0.0,0.48,1.28,0.0,0.0,0.47,0.88,0.53,4.13,7790000000.0
2024-07-04,0.49,0.0,0.0,0.0,0.48,1.28,0.0,0.0,0.47,0.88,0.53,4.13,7790000000.0
2024-07-03,0.49,0.0,0.0,0.0,0.48,1.28,0.0,0.0,0.47,0.88,0.53,4.13,7790000000.0
2024-07-02,0.49,0.0,0.0,0.0,0.48,1.3,0.0,0.0,0.47,0.88,0.53,4.15,7790000000.0
2024-07-01,0.49,0.0,0.0,0.0,0.48,1.3,0.0,0.0,0.47,0.88,0.53,4.15,7790000000.0
2024-06-30,0.49,0.0,0.0,0.0,0.48,1.3,0.0,0.0,0.47,0.88,0.53,4.15,7790000000.0
2024-06-29,0.49,0.0,0.0,0.0,0.48,1.3,0.0,0.0,0.47,0.88,0.53,4.15,7790000000.0
2024-06-28,0.49,0.0,0.0,0.0,0.48,1.3,0.0,0.0,0.47,0.88,0.53,4.15,7790000000.0
2024-06-27,0.49,0.0,0.0,0.0,0.48,1.3,0.0,0.0,0.47,0.88,0.53,4.15,7790000000.0
2024-06-26,0.49,0.0,0.0,0.0,0.48,1.3,0.0,0.0,0.47,0.88,0.53,4.15,7790000000.0
2024-06-25,0.49,0.0,0.0,0.0,0.48,1.3,0.0,0.0,0.47,0.88,0.53,4.15,7790000000.0
2024-06-24,0.49,0.0,0.0,0.0,0.48,1.3,0.0,0.0,0.47,0.88,0.53,4.15,7790000000.0
2024-06-23,0.49,0.0,0.0,0.0,0.48,1.3,0.0,0.0,0.47,0.88,0.53,4.15,7790000000.0
2024-06-22,0.49,0.0,0.0,0.0,0.48,1.3,0.0,0.0,0.47,0.88,0.53,4.15,7790000000.0
2024-06-21,0.49,0.0,0.0,0.0,0.48,1.3,0.0,0.0,0.47,0.88,0.53,4.15,7790000000.0
2024-06-20,0.49,0.0,0.0,0.0,0.48,1.3,0.0,0.0,0.47,0.88,0.53,4.15,7790000000.0
2024-06-19,0.49,0.0,0.0,0.0,0.48,1.3,0.0,0.0,0.47,0.88,0.53,4.15,7790000000.0
2024-06-18,0.49,0.0,0.0,0.0,0.48,1.3,0.0,0.0,0.47,0.88,0.53,4.15,7790000000.0
2024-06-17,0.49,0.0,0.0,0.0,0.48,1.3,0.0,0.0,0.47,0.88,0.53,4.15,7790000000.0
2024-06-16,0.49,0.0,0.0,0.0,0.48,1.3,0.0,0.0,0.47,0.88,0.53,4.15,7790000000.0
2024-06-15,0.49,0.0,0.0,0.0,0.48,1.3,0.0,0.0,0.47,0.88,0.53,4.15,7790000000.0
2024-06-14,0.49,0.0,0.0,0.0,0.48,1.3,0.0,0.0,0.47,0.88,0.53,4.15,7790000000.0
2024-06-13,0.49,0.0,0.0,0.0,0.48,1.3,0.0,0.0,0.47,0.88,0.53,4.15,7790000000.0
2024-06-12,0.49,0.0,0.0,0.0,0.48,1.3,0.0,0.0,0.47,0.88,0.53,4.15,7790000000.0
2024-06-11,0.49,0.0,0.0,0.0,0.48,1.3,0.0,0.0,0.47,0.88,0.53,4.15,7790000000.0
2024-06-10,0.49,0.0,0.0,0.0,0.48,1.3,0.0,0.0,0.47,0.88,0.53,4.15,7790000000.0
2024-06-09,0.49,0.0,0.0,0.0,0.48,1.3,0.0,0.44,0.47,0.88,0.53,4.59,7790000000.0
2024-06-08,0.49,0.0,0.0,0.0,0.48,1.3,0.0,0.44,0.47,0.88,0.53,4.59,7790000000.0
2024-06-07,0.49,0.0,0.0,0.0,0.48,1.3,0.0,0.44,0.47,0.88,0.53,4.59,7790000000.0
2024-06-06,0.49,0.0,0.0,0.0,0.48,1.3,0.0,0.44,0.47,0.88,0.53,4.59,7790000000.0
2024-06-05,0.49,0.0,0.0,0.0,0.48,1.3,0.0,0.44,0.47,0.88,0.53,4.59,7790000000.0
2024-06-04,0.49,0.0,0.0,0.0,0.48,1.27,0.0,0.44,0.47,0.88,0.53,4.5600000000000005,7790000000.0
2024-06-03,0.49,0.0,0.0,0.0,0.48,1.27,0.0,0.44,0.47,0.88,0.53,4.5600000000000005,7790000000.0
2024-06-02,0.49,0.0,0.0,0.0,0.48,1.27,0.0,0.44,0.47,0.88,0.53,4.5600000000000005,7790000000.0
2024-06-01,0.49,0.0,0.0,0.0,0.48,1.27,0.0,0.44,0.47,0.88,0.53,4.5600000000000005,7790000000.0
2024-05-31,0.49,0.0,0.0,0.0,0.48,1.27,0.0,0.44,0.47,0.88,0.53,4.5600000000000005,7790000000.0
2024-05-30,0.49,0.0,0.0,0.0,0.48,1.31,0.0,0.44,0.47,0.88,0.53,4.6000000000000005,7790000000.0
2024-05-29,0.49,0.0,0.0,0.0,0.48,1.31,0.0,0.44,0.47,0.88,0.53,4.6000000000000005,7790000000.0
2024-05-28,0.49,0.0,0.0,0.0,0.48,1.31,0.0,0.44,0.47,0.88,0.53,4.6000000000000005,7790000000.0
2024-05-27,0.49,0.0,0.0,0.0,0.48,1.31,0.0,0.44,0.47,0.88,0.53,4.6000000000000005,7790000000.0
2024-05-26,0.49,0.0,0.0,0.0,0.48,1.31,0.0,0.44,0.47,0.88,0.53,4.6000000000000005,7790000000.0
2024-05-25,0.49,0.0,0.0,0.0,0.48,1.31,0.0,0.44,0.47,0.88,0.53,4.6000000000000005,7790000000.0
2024-05-24,0.49,0.0,0.0,0.0,0.48,1.31,0.0,0.44,0.47,0.88,0.53,4.6000000000000005,7790000000.0
2024-05-23,0.49,0.0,0.0,0.0,0.48,1.31,0.0,0.44,0.47,0.88,0.53,4.6000000000000005,7790000000.0
2024-05-22,0.49,0.0,0.0,0.0,0.48,1.29,0.0,0.44,0.47,0.88,0.53,4.58,7790000000.0
2024-05-21,0.49,0.0,0.0,0.0,0.48,1.29,0.0,0.44,0.47,0.88,0.53,4.58,7790000000.0
2024-05-20,0.49,0.0,0.0,0.0,0.48,1.39,0.0,0.44,0.47,0.88,0.53,4.68,7790000000.0
2024-05-19,0.49,0.0,0.0,0.0,0.5,1.39,0.0,0.44,0.47,0.93,0.53,4.75,7790000000.0
2024-05-18,0.49,0.0,0.0,0.0,0.5,1.39,0.0,0.44,0.47,0.93,0.53,4.75,7790000000.0
2024-05-17,0.49,0.0,0.0,0.0,0.5,1.39,0.0,0.44,0.47,0.93,0.53,4.75,7790000000.0
2024-05-16,0.49,0.0,0.0,0.0,0.5,1.43,0.0,0.44,0.47,0.93,0.53,4.79,7790000000.0
2024-05-15,0.49,0.0,0.0,0.0,0.5,1.43,0.0,0.44,0.47,0.93,0.53,4.79,7790000000.0
2024-05-14,0.49,0.0,0.0,0.0,0.5,1.43,0.0,0.44,0.47,0.93,0.53,4.79,7790000000.0
2024-05-13,0.49,0.0,0.0,0.0,0.5,1.57,0.0,0.44,0.47,0.93,0.53,4.93,7790000000.0
2024-05-12,0.49,0.0,0.0,0.0,0.5,1.57,0.0,0.44,0.47,0.93,0.53,4.93,7790000000.0
2024-05-11,0.49,0.0,0.0,0.0,0.5,1.57,0.0,0.44,0.47,0.93,0.53,4.93,7790000000.0
2024-05-10,0.49,0.0,0.0,0.0,0.5,1.57,0.0,0.44,0.47,0.93,0.53,4.93,7790000000.0
2024-05-09,0.49,0.0,0.0,0.0,0.5,1.57,0.0,0.44,0.47,0.93,0.53,4.93,7790000000.0
2024-05-08,0.49,0.0,0.0,0.0,0.5,1.57,0.0,0.44,0.47,0.93,0.53,4.93,7790000000.0
2024-05-07,0.49,0.0,0.0,0.0,0.5,1.57,0.0,0.44,0.47,0.93,0.53,4.93,7790000000.0
2024-05-06,0.49,0.0,0.0,0.0,0.5,1.66,0.0,0.44,0.47,0.93,0.53,5.02,7790000000.0
2024-05-05,0.49,0.0,0.0,0.0,0.5,1.66,0.0,0.44,0.47,0.93,0.53,5.02,7790000000.0
2024-05-04,0.49,0.0,0.0,0.0,0.5,1.66,0.0,0.44,0.47,0.93,0.53,5.02,7790000000.0
2024-05-03,0.49,0.0,0.0,0.0,0.5,1.66,0.0,0.44,0.47,0.93,0.53,5.02,7790000000.0
2024-05-02,0.49,0.0,0.0,0.0,0.5,1.66,0.0,0.44,0.47,0.93,0.53,5.02,7790000000.0
2024-05-01,0.49,0.0,0.0,0.0,0.5,1.66,0.0,0.44,0.47,0.93,0.53,5.02,7790000000.0
2024-04-30,0.49,0.0,0.0,0.0,0.5,1.66,0.0,0.44,0.47,0.93,0.53,5.02,7790000000.0
2024-04-29,0.49,0.0,0.0,0.0,0.5,1.66,0.0,0.44,0.47,0.93,0.53,5.02,7790000000.0
2024-04-28,0.49,0.0,0.0,0.0,0.5,1.66,0.0,0.44,0.47,0.84,0.53,4.93,7790000000.0
2024-04-27,0.49,0.0,0.0,0.0,0.5,1.66,0.0,0.44,0.47,0.84,0.53,4.93,7790000000.0
2024-04-26,0.49,0.0,0.0,0.0,0.5,1.66,0.0,0.44,0.47,0.84,0.53,4.93,7790000000.0
2024-04-25,0.49,0.0,0.0,0.0,0.5,1.46,0.0,0.44,0.47,0.84,0.53,4.73,7790000000.0
2024-04-24,0.49,0.0,0.0,0.0,0.5,1.57,0.0,0.44,0.47,1.08,0.53,5.08,7790000000.0
2024-04-23,0.49,0.0,0.0,0.0,0.5,1.57,0.0,0.44,0.47,1.08,0.53,5.08,7790000000.0
2024-04-22,0.49,0.0,0.0,0.0,0.5,1.57,0.0,0.44,0.47,1.08,0.53,5.08,7790000000.0
2024-04-21,0.49,0.0,0.0,0.0,0.5,1.57,0.0,0.44,0.47,1.08,0.53,5.08,7790000000.0
2024-04-20,0.49,0.0,0.0,0.0,0.5,1.57,0.0,0.44,0.47,1.08,0.53,5.08,7790000000.0
2024-04-19,0.49,0.0,0.0,0.0,0.5,1.57,0.0,0.44,0.47,1.08,0.53,5.08,7790000000.0
2024-04-18,0.49,0.0,0.0,0.0,0.5,1.69,0.0,0.44,0.47,1.08,0.53,5.2,7790000000.0
2024-04-17,0.49,0.0,0.0,0.0,0.5,1.69,0.0,0.44,0.47,1.08,0.53,5.2,7790000000.0
2024-04-16,0.49,0.0,0.0,0.0,0.5,1.79,0.0,0.44,0.47,1.08,0.53,5.300000000000001,7790000000.0
2024-04-15,0.49,0.0,0.0,0.0,0.5,1.79,0.0,0.44,0.47,1.08,0.53,5.300000000000001,7790000000.0
2024-04-14,0.49,0.0,0.0,0.0,0.5,1.81,0.24,0.44,0.47,1.08,0.53,5.5600000000000005,7790000000.0
2024-04-13,0.49,0.0,0.0,0.0,0.5,1.81,0.24,0.44,0.47,1.08,0.53,5.5600000000000005,7790000000.0
2024-04-12,0.49,0.0,0.0,0.0,0.5,1.81,0.24,0.44,0.47,1.08,0.53,5.5600000000000005,7790000000.0
2024-04-11,0.49,0.0,0.0,0.0,0.5,1.81,0.24,0.44,0.47,1.08,0.53,5.5600000000000005,7790000000.0
2024-04-10,0.49,0.0,0.0,0.0,0.5,1.7,0.24,0.44,0.47,1.08,0.53,5.45,7790000000.0
2024-04-09,0.49,0.0,0.0,0.0,0.5,1.7,0.24,0.44,0.47,1.08,0.53,5.45,7790000000.0
2024-04-08,0.49,0.0,0.0,0.0,0.5,1.7,0.24,0.44,0.47,1.08,0.53,5.45,7790000000.0
2024-04-07,0.51,0.0,0.0,0.0,0.49,1.7,0.24,0.44,0.47,1.1,0.53,5.480000000000001,7790000000.0
2024-04-06,0.51,0.0,0.0,0.0,0.49,1.7,0.24,0.44,0.47,1.1,0.53,5.480000000000001,7790000000.0
2024-04-05,0.51,0.0,0.0,0.0,0.49,1.7,0.24,0.44,0.47,1.1,0.53,5.480000000000001,7790000000.0
2024-04-04,0.51,0.0,0.0,0.0,0.5,1.7,0.24,0.44,0.0,1.09,0.53,5.010000000000001,7790000000.0
2024-04-03,0.51,0.0,0.0,0.0,0.5,1.5,0.24,0.44,0.0,1.09,0.53,4.8100000000000005,7790000000.0
2024-04-02,0.51,0.0,0.0,0.0,0.5,1.5,0.24,0.44,0.0,1.09,0.53,4.8100000000000005,7790000000.0
2024-04-01,0.51,0.0,0.0,0.0,0.5,1.5,0.24,0.44,0.0,1.13,0.53,4.8500000000000005,7790000000.0
2024-03-31,0.51,0.0,0.0,0.0,0.5,1.5,0.24,0.44,0.0,1.13,0.53,4.8500000000000005,7790000000.0
2024-03-30,0.51,0.0,0.0,0.0,0.5,1.5,0.24,0.44,0.0,1.13,0.53,4.8500000000000005,7790000000.0
2024-03-29,0.51,0.0,0.0,0.0,0.5,1.5,0.24,0.44,0.0,1.13,0.53,4.8500000000000005,7790000000.0
2024-03-28,0.51,0.0,0.0,0.0,0.5,1.5,0.24,0.44,0.0,1.13,0.53,4.8500000000000005,7790000000.0
2024-03-27,0.51,0.0,0.0,0.0,0.49,1.5,0.24,0.44,0.0,1.13,0.53,4.840000000000001,7790000000.0
2024-03-26,0.51,0.0,0.0,0.0,0.49,1.5,0.24,0.44,0.0,1.13,0.53,4.840000000000001,7790000000.0
2024-03-25,0.51,0.0,0.0,0.0,0.49,1.5,0.24,0.44,0.0,1.13,0.53,4.840000000000001,7790000000.0
2024-03-24,0.51,0.0,0.0,0.0,0.49,1.45,0.24,0.44,0.0,1.13,0.53,4.79,7790000000.0
2024-03-23,0.51,0.0,0.0,0.0,0.49,1.45,0.24,0.44,0.0,1.13,0.53,4.79,7790000000.0
2024-03-22,0.51,0.0,0.0,0.0,0.49,1.45,0.24,0.44,0.0,1.13,0.53,4.79,7790000000.0
2024-03-21,0.51,0.0,0.0,0.0,0.49,1.45,0.24,0.44,0.0,1.13,0.53,4.79,7790000000.0
2024-03-20,0.51,0.0,0.0,0.0,0.49,1.3,0.24,0.44,0.0,1.13,0.53,4.64,7790000000.0
2024-03-19,0.51,0.0,0.0,0.0,0.49,1.3,0.24,0.44,0.0,1.13,0.53,4.64,7790000000.0
2024-03-18,0.49,0.0,0.0,0.0,0.49,1.29,0.24,0.44,0.0,1.13,0.0,4.08,7790000000.0
2024-03-17,0.55,0.0,0.0,0.0,0.49,1.32,0.24,0.44,0.0,1.13,0.0,4.17,7790000000.0
2024-03-16,0.55,0.0,0.0,0.0,0.49,1.32,0.24,0.44,0.0,1.13,0.0,4.17,7790000000.0
2024-03-15,0.55,0.0,0.0,0.0,0.49,1.32,0.24,0.44,0.0,1.13,0.0,4.17,7790000000.0
2024-03-14,0.55,0.0,0.0,0.0,0.49,1.4,0.24,0.44,0.0,1.13,0.0,4.25,7790000000.0
2024-03-13,0.55,0.0,0.0,0.0,0.49,1.4,0.24,0.44,0.0,1.13,0.0,4.25,7790000000.0
2024-03-12,0.61,0.0,0.0,0.0,0.49,1.4,0.24,0.44,0.0,1.13,0.0,4.3100000000000005,7790000000.0
2024-03-11,0.79,0.0,0.0,0.0,0.49,1.26,0.24,0.44,0.0,1.13,0.0,4.35,7790000000.0
2024-03-10,0.79,0.0,0.0,0.0,0.49,1.11,0.24,0.44,0.0,1.13,0.0,4.199999999999999,7790000000.0
2024-03-09,0.79,0.0,0.0,0.0,0.49,1.11,0.24,0.44,0.0,1.13,0.0,4.199999999999999,7790000000.0
2024-03-08,0.79,0.0,0.0,0.0,0.49,1.11,0.24,0.44,0.0,1.13,0.0,4.199999999999999,7790000000.0
2024-03-07,0.79,0.0,0.0,0.0,0.49,1.02,0.24,0.44,0.0,1.13,0.0,4.109999999999999,7790000000.0
2024-03-06,0.79,0.0,0.0,0.0,0.49,1.02,0.24,0.44,0.0,1.13,0.0,4.109999999999999,7790000000.0
2024-03-05,0.8,0.0,0.0,0.0,0.49,0.9,0.24,0.44,0.0,1.13,0.0,3.9999999999999996,7790000000.0
2024-03-04,0.8,0.0,0.0,0.0,0.49,0.9,0.24,0.44,0.0,1.0,0.0,3.8699999999999997,7790000000.0
2024-03-03,0.8,0.0,0.0,0.0,0.49,0.87,0.24,0.44,0.0,1.0,0.0,3.8400000000000003,7790000000.0
2024-03-02,0.8,0.0,0.0,0.0,0.49,0.87,0.24,0.44,0.0,1.0,0.0,3.8400000000000003,7790000000.0
2024-03-01,0.8,0.0,0.0,0.0,0.49,0.87,0.24,0.44,0.0,1.0,0.0,3.8400000000000003,7790000000.0
2024-02-29,0.8,0.0,0.0,0.0,0.49,0.87,0.24,0.44,0.0,1.0,0.0,3.8400000000000003,7790000000.0
2024-02-28,0.8,0.0,0.0,0.0,0.49,0.94,0.24,0.44,0.0,1.0,0.0,3.9099999999999997,7790000000.0
2024-02-27,0.8,0.0,0.0,0.0,0.49,0.94,0.24,0.44,0.0,1.0,0.0,3.9099999999999997,7790000000.0
2024-02-26,0.8,0.0,0.0,0.0,0.49,0.94,0.24,0.44,0.0,1.0,0.0,3.9099999999999997,7790000000.0
2024-02-25,0.79,0.0,0.0,0.0,0.49,0.85,0.24,0.44,0.0,1.0,0.0,3.81,7790000000.0
2024-02-24,0.79,0.0,0.0,0.0,0.49,0.85,0.24,0.44,0.0,1.0,0.0,3.81,7790000000.0
2024-02-23,0.79,0.0,0.0,0.0,0.49,0.85,0.24,0.44,0.0,1.0,0.0,3.81,7790000000.0
2024-02-22,0.86,0.0,0.0,0.0,0.49,0.85,0.24,0.44,0.0,1.0,0.0,3.8800000000000003,7790000000.0
2024-02-21,0.86,0.0,0.0,0.0,0.49,0.72,0.24,0.44,0.0,0.91,0.0,3.6600000000000006,7790000000.0
2024-02-20,0.98,0.0,0.0,0.0,0.49,0.72,0.24,0.44,0.0,0.91,0.0,3.78,7790000000.0
2024-02-19,0.98,0.0,0.0,0.0,0.49,0.72,0.24,0.44,0.0,0.91,0.0,3.78,7790000000.0
2024-02-18,0.98,0.0,0.0,0.0,0.49,0.72,0.24,0.44,0.0,0.91,0.0,3.78,7790000000.0
2024-02-17,0.98,0.0,0.0,0.0,0.49,0.72,0.24,0.44,0.0,0.91,0.0,3.78,7790000000.0
2024-02-16,0.98,0.0,0.0,0.0,0.49,0.72,0.24,0.44,0.0,0.91,0.0,3.78,7790000000.0
2024-02-15,1.03,0.0,0.0,0.0,0.49,0.72,0.24,0.44,0.0,0.91,0.0,3.8300000000000005,7790000000.0
2024-02-14,1.17,0.0,0.0,0.0,0.49,0.59,0.24,0.44,0.0,0.89,0.0,3.8200000000000003,7790000000.0
2024-02-13,1.22,0.0,0.0,0.0,0.49,0.48,0.24,0.44,0.0,0.89,0.0,3.76,7790000000.0
2024-02-12,1.22,0.0,0.0,0.0,0.5,0.48,0.24,0.44,0.0,0.89,0.0,3.7700000000000005,7790000000.0
2024-02-11,1.22,0.0,0.0,0.0,0.5,0.48,0.24,0.44,0.0,0.91,0.0,3.7900000000000005,7790000000.0
2024-02-10,1.22,0.0,0.0,0.0,0.5,0.48,0.24,0.44,0.0,0.91,0.0,3.7900000000000005,7790000000.0
2024-02-09,1.22,0.0,0.0,0.0,0.5,0.48,0.24,0.44,0.0,0.91,0.0,3.7900000000000005,7790000000.0
2024-02-08,1.22,0.0,0.0,0.0,0.5,0.48,0.24,0.44,0.0,0.88,0.0,3.7600000000000002,7790000000.0
2024-02-07,1.22,0.0,0.0,0.0,0.5,0.48,0.24,0.68,0.0,0.88,0.0,4.000000000000001,7790000000.0
2024-02-06,1.11,0.0,0.0,0.0,0.5,0.48,0.24,0.68,0.0,0.71,0.0,3.72,7790000000.0
2024-02-05,0.96,0.0,0.0,0.0,0.5,0.48,0.24,0.68,0.0,0.71,0.0,3.57,7790000000.0
2024-02-04,0.0,0.0,0.0,0.0,0.5,0.48,0.24,0.68,0.0,0.71,0.0,2.61,7790000000.0
2024-02-03,0.0,0.0,0.0,0.0,0.5,0.48,0.24,0.68,0.0,0.71,0.0,2.61,7790000000.0
2024-02-02,0.0,0.0,0.0,0.0,0.5,0.48,0.24,0.68,0.0,0.71,0.0,2.61,7790000000.0
2024-02-01,0.0,0.0,0.0,0.0,0.5,0.48,0.24,0.68,0.0,0.71,0.0,2.61,7790000000.0
2024-01-31,0.0,0.0,0.0,0.0,0.5,0.48,0.24,0.68,0.0,0.71,0.0,2.61,7790000000.0
2024-01-30,0.0,0.0,0.0,0.0,0.5,0.48,0.24,0.68,0.0,0.71,0.0,2.61,7790000000.0
2024-01-29,0.0,0.0,0.0,0.0,0.5,0.48,0.24,0.68,0.0,0.71,0.0,2.61,7790000000.0
2024-01-28,0.0,0.0,0.0,0.0,0.5,0.48,0.24,0.68,0.0,0.71,0.0,2.61,7790000000.0
2024-01-27,0.0,0.0,0.0,0.0,0.5,0.48,0.24,0.68,0.0,0.71,0.0,2.61,7790000000.0
2024-01-26,0.0,0.0,0.0,0.0,0.5,0.48,0.24,0.68,0.0,0.71,0.0,2.61,7790000000.0
2024-01-25,0.0,0.0,0.0,0.0,0.5,0.48,0.24,0.68,0.0,0.71,0.0,2.61,7790000000.0
2024-01-24,0.0,0.0,0.0,0.0,0.5,0.48,0.24,0.68,0.0,0.71,0.0,2.61,7790000000.0
2024-01-23,0.0,0.0,0.0,0.0,0.5,0.48,0.24,0.68,0.0,0.71,0.0,2.61,7790000000.0
2024-01-22,0.0,0.0,0.0,0.0,0.5,0.48,0.24,0.68,0.0,0.71,0.0,2.61,7790000000.0
2024-01-21,0.0,0.0,0.0,0.0,0.49,0.48,0.24,0.68,0.0,0.71,0.0,2.6,7790000000.0
2024-01-20,0.0,0.0,0.0,0.0,0.49,0.48,0.24,0.68,0.51,0.71,0.0,3.1100000000000003,7790000000.0
2024-01-19,0.0,0.0,0.0,0.0,0.49,0.48,0.24,0.68,0.51,0.71,0.0,3.1100000000000003,7790000000.0
2024-01-18,0.0,0.0,0.0,0.0,0.49,0.48,0.24,0.68,0.51,0.71,0.0,3.1100000000000003,7790000000.0
2024-01-17,0.0,0.0,0.0,0.0,0.49,0.48,0.24,0.68,0.51,0.71,0.0,3.1100000000000003,7790000000.0
2024-01-16,0.0,0.0,0.0,0.0,0.49,0.48,0.24,0.68,0.51,0.71,0.0,3.1100000000000003,7790000000.0
2024-01-15,0.0,0.0,0.0,0.0,0.49,0.48,0.24,0.68,0.51,0.71,0.0,3.1100000000000003,7790000000.0
2024-01-14,0.0,0.0,0.0,0.0,0.49,0.48,0.24,0.68,0.51,0.71,0.0,3.1100000000000003,7790000000.0
2024-01-13,0.0,0.0,0.0,0.0,0.49,0.48,0.24,0.68,0.51,0.71,0.0,3.1100000000000003,7790000000.0
2024-01-12,0.0,0.0,0.0,0.0,0.49,0.48,0.24,0.68,0.51,0.71,0.0,3.1100000000000003,7790000000.0
2024-01-11,0.0,0.0,0.0,0.0,0.49,0.48,0.24,0.68,0.51,0.71,0.0,3.1100000000000003,7790000000.0
2024-01-10,0.0,0.0,0.0,0.0,0.49,0.48,0.24,0.7,0.51,0.71,0.0,3.13,7790000000.0
2024-01-09,0.0,0.0,0.0,0.0,0.49,0.5,0.24,0.7,0.51,0.71,0.0,3.15,7790000000.0
2024-01-08,0.0,0.0,0.0,0.0,0.49,0.5,0.24,0.7,0.51,0.71,0.0,3.15,7790000000.0
2024-01-07,0.0,0.0,0.0,0.0,0.49,0.5,0.24,0.7,0.51,0.71,0.0,3.15,7790000000.0
2024-01-06,0.0,0.0,0.0,0.0,0.49,0.5,0.24,0.7,0.51,0.71,0.0,3.15,7790000000.0
2024-01-05,0.0,0.0,0.0,0.0,0.49,0.5,0.24,0.7,0.51,0.71,0.0,3.15,7790000000.0
2024-01-04,0.0,0.0,0.0,0.0,0.49,0.5,0.24,0.7,0.51,0.71,0.0,3.15,7790000000.0
2024-01-03,0.0,0.0,0.0,0.0,0.49,0.5,0.24,0.7,0.51,0.71,0.0,3.15,7790000000.0
2024-01-02,0.0,0.0,0.0,0.0,0.49,0.47,0.24,0.7,0.51,0.71,0.0,3.12,7790000000.0
2024-01-01,0.0,0.0,0.0,0.0,0.49,0.47,0.24,0.7,0.51,0.71,0.0,3.12,7790000000.0
2023-12-31,0.0,0.0,0.0,0.0,0.49,0.47,0.24,0.7,0.51,0.71,0.0,3.12,7790000000.0
2023-12-30,0.0,0.0,0.0,0.0,0.49,0.47,0.24,0.7,0.51,0.71,0.0,3.12,7790000000.0
2023-12-29,0.0,0.0,0.0,0.0,0.49,0.47,0.24,0.7,0.51,0.71,0.0,3.12,7790000000.0
2023-12-28,0.0,0.0,0.0,0.0,0.49,0.47,0.24,0.7,0.51,0.71,0.0,3.12,7790000000.0
2023-12-27,0.0,0.0,0.0,0.0,0.49,0.47,0.24,0.7,0.51,0.71,0.0,3.12,7790000000.0
2023-12-26,0.0,0.0,0.0,0.0,0.49,0.5,0.24,0.7,0.51,0.71,0.0,3.15,7790000000.0
2023-12-25,0.0,0.0,0.0,0.0,0.49,0.5,0.24,0.7,0.51,0.71,0.0,3.15,7790000000.0
2023-12-24,0.0,0.0,0.0,0.0,0.49,0.5,0.24,0.7,0.51,0.71,0.0,3.15,7790000000.0
2023-12-23,0.0,0.0,0.0,0.0,0.49,0.5,0.24,0.7,0.51,0.71,0.0,3.15,7790000000.0
2023-12-22,0.0,0.0,0.0,0.0,0.49,0.5,0.24,0.7,0.51,0.71,0.0,3.15,7790000000.0
2023-12-21,0.0,0.0,0.0,0.0,0.49,0.49,0.24,0.7,0.51,0.71,0.0,3.1399999999999997,7790000000.0
2023-12-20,0.0,0.0,0.0,0.0,0.49,0.49,0.24,0.7,0.51,0.71,0.0,3.1399999999999997,7790000000.0
2023-12-19,0.0,0.0,0.0,0.0,0.49,0.49,0.24,0.7,0.51,0.71,0.0,3.1399999999999997,7790000000.0
2023-12-18,0.0,0.0,0.0,0.0,0.49,0.49,0.24,0.7,0.51,0.71,0.0,3.1399999999999997,7790000000.0
2023-12-17,0.0,0.0,0.0,0.0,0.49,0.49,0.24,0.7,0.51,0.71,0.0,3.1399999999999997,7790000000.0
2023-12-16,0.0,0.0,0.0,0.0,0.49,0.49,0.24,0.7,0.51,0.71,0.0,3.1399999999999997,7790000000.0
2023-12-15,0.0,0.0,0.0,0.0,0.49,0.49,0.24,0.7,0.51,0.71,0.0,3.1399999999999997,7790000000.0
2023-12-14,0.0,0.0,0.0,0.0,0.49,0.49,0.24,0.7,0.51,0.71,0.0,3.1399999999999997,7790000000.0
2023-12-13,0.0,0.0,0.0,0.0,0.49,0.49,0.18,0.7,0.51,0.71,0.0,3.08,7790000000.0
2023-12-12,0.0,0.0,0.0,0.0,0.49,0.49,0.18,0.7,0.51,0.71,0.0,3.08,7790000000.0
2023-12-11,0.0,0.0,0.0,0.0,0.49,0.49,0.18,0.7,0.51,0.71,0.0,3.08,7790000000.0
2023-12-10,0.0,0.0,0.0,0.0,0.49,0.49,0.18,0.7,0.51,0.71,0.0,3.08,7790000000.0
2023-12-09,0.0,0.0,0.0,0.0,0.49,0.49,0.18,0.7,0.51,0.71,0.0,3.08,7790000000.0
2023-12-08,0.0,0.0,0.0,0.0,0.49,0.49,0.18,0.7,0.51,0.71,0.0,3.08,7790000000.0
2023-12-07,0.0,0.0,0.0,0.0,0.49,0.49,0.18,0.7,0.51,0.71,0.0,3.08,7790000000.0
2023-12-06,0.0,0.0,0.0,0.0,0.49,0.49,0.18,0.7,0.51,0.71,0.0,3.08,7790000000.0
2023-12-05,0.0,0.0,0.0,0.0,0.49,0.49,0.18,0.7,0.51,0.71,0.0,3.08,7790000000.0
2023-12-04,0.0,0.0,0.0,0.0,0.49,0.49,0.18,0.7,0.51,0.71,0.0,3.08,7790000000.0
2023-12-03,0.0,0.0,0.0,0.0,0.49,0.49,0.18,0.7,0.51,0.71,0.0,3.08,7790000000.0
2023-12-02,0.0,0.0,0.0,0.0,0.49,0.49,0.18,0.7,0.51,0.71,0.0,3.08,7790000000.0
2023-12-01,0.0,0.0,0.0,0.0,0.49,0.49,0.18,0.7,0.51,0.71,0.0,3.08,7790000000.0
2023-11-30,0.0,0.0,0.0,0.0,0.5,0.49,0.18,0.7,0.51,0.71,0.0,3.09,7790000000.0
2023-11-29,0.0,0.0,0.0,0.0,0.5,0.53,0.18,0.7,0.51,0.71,0.0,3.13,7790000000.0
2023-11-28,0.0,0.0,0.0,0.0,0.5,0.53,0.18,0.7,0.51,0.71,0.0,3.13,7790000000.0
2023-11-27,0.0,0.0,0.0,0.0,0.5,0.53,0.18,0.7,0.51,0.71,0.0,3.13,7790000000.0
2023-11-26,0.0,0.0,0.0,0.0,0.5,0.53,0.18,0.7,0.51,0.71,0.0,3.13,7790000000.0
2023-11-25,0.0,0.0,0.0,0.0,0.5,0.53,0.18,0.7,0.51,0.71,0.0,3.13,7790000000.0
2023-11-24,0.0,0.0,0.0,0.0,0.5,0.53,0.18,0.7,0.51,0.71,0.0,3.13,7790000000.0
2023-11-23,0.0,0.0,0.0,0.0,0.5,0.53,0.18,0.7,0.51,0.71,0.0,3.13,7790000000.0
2023-11-22,0.0,0.0,0.0,0.0,0.5,0.53,0.18,0.7,0.51,0.71,0.0,3.13,7790000000.0
2023-11-21,0.0,0.0,0.0,0.0,0.5,0.53,0.18,0.7,0.51,0.71,0.0,3.13,7790000000.0
2023-11-20,0.0,0.0,0.0,0.0,0.5,0.53,0.18,0.7,0.51,0.71,0.0,3.13,7790000000.0
2023-11-19,0.0,0.0,0.0,0.0,0.5,0.53,0.18,0.7,0.51,0.71,0.0,3.13,7790000000.0
2023-11-18,0.0,0.0,0.0,0.0,0.5,0.53,0.18,0.7,0.51,0.71,0.0,3.13,7790000000.0
2023-11-17,0.0,0.0,0.0,0.0,0.5,0.53,0.18,0.7,0.51,0.71,0.0,3.13,7790000000.0
2023-11-16,0.0,0.0,0.0,0.0,0.5,0.0,0.18,0.7,0.51,0.71,0.0,2.5999999999999996,7790000000.0
2023-11-15,0.0,0.0,0.0,0.0,0.5,0.0,0.18,0.7,0.51,0.71,0.0,2.5999999999999996,7790000000.0
2023-11-14,0.0,0.0,0.0,0.0,0.5,0.0,0.15,0.7,0.51,0.71,0.0,2.5700000000000003,7790000000.0
2023-11-13,0.0,0.0,0.0,0.0,0.5,0.0,0.15,0.7,0.51,0.71,0.0,2.5700000000000003,7790000000.0
2023-11-12,0.0,0.0,0.0,0.0,0.5,0.48,0.15,0.7,0.51,0.71,0.0,3.05,7790000000.0
2023-11-11,0.0,0.0,0.0,0.0,0.5,0.48,0.15,0.7,0.51,0.71,0.0,3.05,7790000000.0
2023-11-10,0.0,0.0,0.0,0.0,0.5,0.48,0.15,0.7,0.51,0.71,0.0,3.05,7790000000.0
2023-11-09,0.0,0.0,0.0,0.0,0.5,0.48,0.15,0.7,0.51,0.71,0.0,3.05,7790000000.0
2023-11-08,0.0,0.0,0.0,0.0,0.5,0.48,0.15,0.7,0.51,0.71,0.0,3.05,7790000000.0
2023-11-07,0.0,0.0,0.0,0.0,0.5,0.48,0.15,0.7,0.51,0.71,0.0,3.05,7790000000.0
2023-11-06,0.0,0.0,0.0,0.0,0.5,0.48,0.15,0.7,0.51,0.71,0.0,3.05,7790000000.0
2023-11-05,0.0,0.0,0.0,0.0,0.5,0.48,0.15,0.7,0.51,0.71,0.0,3.05,7790000000.0
2023-11-04,0.0,0.0,0.0,0.0,0.5,0.48,0.15,0.7,0.51,0.71,0.0,3.05,7790000000.0
2023-11-03,0.0,0.0,0.0,0.0,0.5,0.48,0.15,0.7,0.51,0.71,0.0,3.05,7790000000.0
2023-11-02,0.49,0.0,0.0,0.0,0.5,0.48,0.15,0.7,0.51,0.71,0.0,3.54,7790000000.0
2023-11-01,0.49,0.0,0.0,0.0,0.5,0.48,0.15,0.6,0.51,0.71,0.0,3.4399999999999995,7790000000.0
2023-10-31,0.49,0.0,0.0,0.0,0.5,0.48,0.15,0.6,0.51,0.71,0.0,3.4399999999999995,7790000000.0
2023-10-30,0.49,0.0,0.0,0.0,0.5,0.48,0.15,0.6,0.51,0.71,0.0,3.4399999999999995,7790000000.0
2023-10-29,0.49,0.0,0.0,0.0,0.5,0.48,0.15,0.6,0.51,0.71,0.0,3.4399999999999995,7790000000.0
2023-10-28,0.49,0.0,0.0,0.0,0.5,0.48,0.15,0.6,0.51,0.71,0.0,3.4399999999999995,7790000000.0
2023-10-27,0.49,0.0,0.0,0.0,0.5,0.48,0.15,0.6,0.51,0.71,0.0,3.4399999999999995,7790000000.0
2023-10-26,0.49,0.0,0.0,0.0,0.5,0.48,0.15,0.6,0.51,0.63,0.0,3.3599999999999994,7790000000.0
2023-10-25,0.49,0.0,0.0,0.0,0.5,0.48,0.15,0.6,0.51,0.63,0.0,3.3599999999999994,7790000000.0
2023-10-24,0.49,0.0,0.0,0.0,0.5,0.48,0.15,0.6,0.51,0.63,0.0,3.3599999999999994,7790000000.0
2023-10-23,0.49,0.0,0.0,0.0,0.5,0.48,0.15,0.6,0.51,0.52,0.0,3.2499999999999996,7790000000.0
2023-10-22,0.49,0.0,0.0,0.0,0.5,0.48,0.15,0.6,0.51,0.0,0.0,2.7299999999999995,7790000000.0
2023-10-21,0.49,0.0,0.0,0.0,0.5,0.48,0.15,0.6,0.51,0.0,0.0,2.7299999999999995,7790000000.0
2023-10-20,0.49,0.0,0.0,0.0,0.5,0.48,0.15,0.6,0.51,0.0,0.0,2.7299999999999995,7790000000.0
2023-10-19,0.49,0.0,0.0,0.0,0.5,0.48,0.15,0.6,0.51,0.0,0.0,2.7299999999999995,7790000000.0
2023-10-18,0.49,0.0,0.0,0.0,0.5,0.48,0.15,0.6,0.51,0.0,0.0,2.7299999999999995,7790000000.0
2023-10-17,0.49,0.0,0.0,0.0,0.5,0.48,0.15,0.6,0.51,0.0,0.0,2.7299999999999995,7790000000.0
2023-10-16,0.49,0.0,0.0,0.0,0.5,0.48,0.15,0.6,0.51,0.0,0.0,2.7299999999999995,7790000000.0
2023-10-15,0.49,0.0,0.0,0.0,0.5,0.48,0.15,0.6,0.51,0.0,0.0,2.7299999999999995,7790000000.0
2023-10-14,0.49,0.0,0.0,0.0,0.5,0.48,0.15,0.6,0.51,0.0,0.0,2.7299999999999995,7790000000.0
2023-10-13,0.49,0.0,0.0,0.0,0.5,0.48,0.15,0.6,0.51,0.0,0.0,2.7299999999999995,7790000000.0
2023-10-12,0.49,0.0,0.0,0.0,0.5,0.48,0.15,0.6,0.51,0.0,0.0,2.7299999999999995,7790000000.0
2023-10-11,0.49,0.0,0.0,0.0,0.5,0.48,0.15,0.6,0.51,0.0,0.0,2.7299999999999995,7790000000.0
2023-10-10,0.49,0.0,0.0,0.0,0.5,0.48,0.15,0.6,0.51,0.0,0.0,2.7299999999999995,7790000000.0
2023-10-09,0.49,0.0,0.0,0.0,0.5,0.48,0.15,0.6,0.51,0.0,0.0,2.7299999999999995,7790000000.0
2023-10-08,0.49,0.0,0.0,0.0,0.5,0.48,0.15,0.6,0.51,0.0,0.0,2.7299999999999995,7790000000.0
2023-10-07,0.49,0.0,0.0,0.0,0.5,0.48,0.15,0.6,0.51,0.0,0.0,2.7299999999999995,7790000000.0
2023-10-06,0.49,0.0,0.0,0.0,0.5,0.48,0.15,0.6,0.51,0.0,0.0,2.7299999999999995,7790000000.0
2023-10-05,0.49,0.0,0.0,0.0,0.5,0.48,0.15,0.6,0.51,0.0,0.0,2.7299999999999995,7790000000.0
2023-10-04,0.49,0.0,0.0,0.0,0.5,0.48,0.15,0.6,0.51,0.0,0.0,2.7299999999999995,7790000000.0
2023-10-03,0.49,0.0,0.0,0.0,0.5,0.48,0.15,0.6,0.51,0.0,0.0,2.7299999999999995,7790000000.0
2023-10-02,0.49,0.0,0.0,0.0,0.5,0.48,0.15,0.6,0.51,0.0,0.0,2.7299999999999995,7790000000.0
2023-10-01,0.49,0.0,0.0,0.0,0.5,0.48,0.15,0.6,0.51,0.0,0.0,2.7299999999999995,7790000000.0
2023-09-30,0.49,0.0,0.0,0.0,0.5,0.48,0.15,0.6,0.51,0.0,0.0,2.7299999999999995,7790000000.0
2023-09-29,0.49,0.0,0.0,0.0,0.5,0.48,0.15,0.6,0.51,0.0,0.0,2.7299999999999995,7790000000.0
2023-09-28,0.49,0.0,0.0,0.0,0.5,0.48,0.15,0.6,0.51,0.0,0.0,2.7299999999999995,7790000000.0
2023-09-27,0.49,0.0,0.0,0.0,0.5,0.48,0.15,0.6,0.51,0.0,0.0,2.7299999999999995,7790000000.0
2023-09-26,0.49,0.0,0.0,0.0,0.5,0.48,0.15,0.6,0.51,0.0,0.0,2.7299999999999995,7790000000.0
2023-09-25,0.49,0.0,0.0,0.0,0.5,0.48,0.15,0.6,0.51,0.0,0.0,2.7299999999999995,7790000000.0
2023-09-24,0.49,0.0,0.0,0.0,0.5,0.48,0.15,0.6,0.51,0.0,0.0,2.7299999999999995,7790000000.0
2023-09-23,0.49,0.0,0.0,0.0,0.5,0.48,0.15,0.6,0.51,0.0,0.0,2.7299999999999995,7790000000.0
2023-09-22,0.49,0.0,0.0,0.0,0.5,0.48,0.15,0.6,0.51,0.0,0.0,2.7299999999999995,7790000000.0
2023-09-21,0.49,0.0,0.0,0.0,0.5,0.48,0.15,0.6,0.51,0.0,0.0,2.7299999999999995,7790000000.0
2023-09-20,0.49,0.0,0.0,0.0,0.5,0.48,0.15,0.6,0.51,0.0,0.0,2.7299999999999995,7790000000.0
2023-09-19,0.49,0.0,0.0,0.0,0.5,0.48,0.15,0.6,0.0,0.0,0.0,2.2199999999999998,7790000000.0
2023-09-18,0.49,0.48,0.0,0.0,0.5,0.48,0.15,0.6,0.0,0.0,0.0,2.7,7790000000.0
2023-09-17,0.49,0.48,0.0,0.0,0.5,0.48,0.15,0.6,0.0,0.0,0.0,2.7,7790000000.0
2023-09-16,0.49,0.48,0.0,0.0,0.5,0.48,0.15,0.6,0.0,0.0,0.0,2.7,7790000000.0
2023-09-15,0.49,0.48,0.0,0.0,0.5,0.48,0.15,0.6,0.0,0.0,0.0,2.7,7790000000.0
2023-09-14,0.49,0.48,0.0,0.0,0.5,0.48,0.15,0.6,0.0,0.0,0.0,2.7,7790000000.0
2023-09-13,0.49,0.48,0.0,0.0,0.5,0.48,0.15,0.5,0.0,0.0,0.0,2.6,7790000000.0
2023-09-12,0.49,0.48,0.0,0.0,0.5,0.48,0.15,0.5,0.0,0.0,0.0,2.6,7790000000.0
2023-09-11,0.49,0.48,0.0,0.0,0.5,0.48,0.15,0.5,0.0,0.0,0.0,2.6,7790000000.0
2023-09-10,0.49,0.48,0.0,0.0,0.5,0.48,0.15,0.5,0.0,0.0,0.0,2.6,7790000000.0
2023-09-09,0.49,0.48,0.0,0.0,0.5,0.48,0.15,0.5,0.0,0.0,0.0,2.6,7790000000.0
2023-09-08,0.49,0.48,0.0,0.0,0.5,0.48,0.15,0.5,0.0,0.0,0.0,2.6,7790000000.0
2023-09-07,0.49,0.48,0.0,0.0,0.5,0.48,0.15,0.5,0.0,0.0,0.0,2.6,7790000000.0
2023-09-06,0.49,0.48,0.0,0.0,0.5,0.48,0.15,0.5,0.0,0.0,0.0,2.6,7790000000.0
2023-09-05,0.49,0.48,0.0,0.0,0.5,0.48,0.15,0.5,0.0,0.0,0.0,2.6,7790000000.0
2023-09-04,0.49,0.48,0.0,0.0,0.5,0.48,0.15,0.0,0.0,0.0,0.0,2.1,7790000000.0
2023-09-03,0.49,0.48,0.0,0.47,0.5,0.48,0.15,0.0,0.0,0.0,0.0,2.57,7790000000.0
2023-09-02,0.49,0.48,0.0,0.47,0.5,0.48,0.15,0.0,0.0,0.0,0.0,2.57,7790000000.0
2023-09-01,0.49,0.48,0.0,0.47,0.5,0.48,0.15,0.0,0.0,0.0,0.0,2.57,7790000000.0
2023-08-31,0.49,0.48,0.0,0.47,0.5,0.48,0.15,0.0,0.0,0.0,0.0,2.57,7790000000.0
2023-08-30,0.49,0.48,0.0,0.47,0.5,0.48,0.15,0.0,0.0,0.0,0.0,2.57,7790000000.0
2023-08-29,0.49,0.48,0.0,0.47,0.5,0.48,0.15,0.0,0.0,0.0,0.0,2.57,7790000000.0
2023-08-28,0.49,0.48,0.0,0.47,0.5,0.48,0.15,0.0,0.0,0.0,0.0,2.57,7790000000.0
2023-08-27,0.49,0.48,0.0,0.47,0.5,0.48,0.15,0.0,0.0,0.0,0.0,2.57,7790000000.0
2023-08-26,0.49,0.48,0.0,0.47,0.5,0.48,0.15,0.0,0.0,0.0,0.0,2.57,7790000000.0
2023-08-25,0.49,0.48,0.0,0.47,0.5,0.48,0.15,0.0,0.0,0.0,0.0,2.57,7790000000.0
2023-08-24,0.49,0.48,0.0,0.47,0.5,0.48,0.15,0.0,0.0,0.0,0.0,2.57,7790000000.0
2023-08-23,0.49,0.48,0.0,0.47,0.5,0.48,0.15,0.0,0.0,0.0,0.0,2.57,7790000000.0
2023-08-22,0.49,0.48,0.0,0.47,0.5,0.48,0.15,0.0,0.0,0.0,0.0,2.57,7790000000.0
2023-08-21,0.49,0.48,0.0,0.47,0.5,0.48,0.15,0.0,0.0,0.0,0.0,2.57,7790000000.0
2023-08-20,0.49,0.48,0.0,0.47,0.5,0.48,0.15,0.0,0.0,0.0,0.0,2.57,7790000000.0
2023-08-19,0.49,0.48,0.0,0.47,0.5,0.48,0.15,0.0,0.0,0.0,0.0,2.57,7790000000.0
2023-08-18,0.49,0.48,0.0,0.47,0.5,0.48,0.15,0.0,0.0,0.0,0.0,2.57,7790000000.0
2023-08-17,0.49,0.48,0.0,0.47,0.5,0.48,0.15,0.0,0.0,0.0,0.0,2.57,7790000000.0
2023-08-16,0.49,0.48,0.0,0.47,0.5,0.48,0.15,0.0,0.0,0.0,0.0,2.57,7790000000.0
2023-08-15,0.49,0.48,0.0,0.47,0.5,0.48,0.15,0.0,0.0,0.0,0.0,2.57,7790000000.0
2023-08-14,0.49,0.48,0.0,0.47,0.5,0.48,0.15,0.0,0.0,0.0,0.0,2.57,7790000000.0
2023-08-13,0.49,0.48,0.0,0.47,0.5,0.48,0.15,0.0,0.0,0.0,0.0,2.57,7790000000.0
2023-08-12,0.49,0.48,0.0,0.47,0.5,0.48,0.15,0.0,0.0,0.0,0.0,2.57,7790000000.0
2023-08-11,0.49,0.48,0.0,0.47,0.5,0.48,0.15,0.0,0.0,0.0,0.0,2.57,7790000000.0
2023-08-10,0.49,0.48,0.0,0.47,0.5,0.48,0.15,0.0,0.0,0.0,0.0,2.57,7790000000.0
2023-08-09,0.49,0.48,0.0,0.47,0.5,0.48,0.15,0.0,0.0,0.0,0.0,2.57,7790000000.0
2023-08-08,0.49,0.48,0.0,0.47,0.5,0.48,0.15,0.0,0.0,0.0,0.0,2.57,7790000000.0
2023-08-07,0.49,0.48,0.0,0.47,0.5,0.48,0.15,0.0,0.0,0.0,0.0,2.57,7790000000.0
2023-08-06,0.49,0.48,0.0,0.47,0.49,0.48,0.15,0.0,0.0,0.0,0.0,2.56,7790000000.0
2023-08-05,0.49,0.48,0.0,0.47,0.49,0.48,0.15,0.0,0.0,0.0,0.0,2.56,7790000000.0
2023-08-04,0.49,0.48,0.0,0.47,0.49,0.48,0.15,0.0,0.0,0.0,0.0,2.56,7790000000.0
2023-08-03,0.49,0.48,0.0,0.47,0.49,0.48,0.15,0.0,0.0,0.0,0.0,2.56,7790000000.0
2023-08-02,0.49,0.48,0.0,0.47,0.49,0.48,0.15,0.0,0.0,0.0,0.0,2.56,7790000000.0
2023-08-01,0.49,0.48,0.0,0.47,0.49,0.48,0.15,0.0,0.0,0.0,0.0,2.56,7790000000.0
2023-07-31,0.49,0.48,0.0,0.47,0.49,0.48,0.15,0.0,0.0,0.0,0.0,2.56,7790000000.0
2023-07-30,0.49,0.48,0.0,0.47,0.49,0.48,0.15,0.0,0.0,0.0,0.0,2.56,7790000000.0
2023-07-29,0.49,0.48,0.0,0.47,0.49,0.48,0.15,0.0,0.0,0.0,0.0,2.56,7790000000.0
2023-07-28,0.49,0.48,0.0,0.47,0.49,0.48,0.15,0.0,0.0,0.0,0.0,2.56,7790000000.0
2023-07-27,0.49,0.48,0.0,0.47,0.49,0.48,0.15,0.0,0.0,0.0,0.0,2.56,7790000000.0
2023-07-26,0.49,0.48,0.0,0.47,0.49,0.48,0.15,0.0,0.0,0.0,0.0,2.56,7790000000.0
2023-07-25,0.49,0.48,0.0,0.47,0.49,0.48,0.15,0.0,0.0,0.0,0.0,2.56,7790000000.0
2023-07-24,0.49,0.48,0.0,0.47,0.49,0.48,0.15,0.0,0.0,0.0,0.0,2.56,7790000000.0
2023-07-23,0.49,0.48,0.0,0.47,0.49,0.48,0.15,0.0,0.0,0.0,0.0,2.56,7790000000.0
2023-07-22,0.49,0.48,0.0,0.47,0.49,0.48,0.15,0.0,0.0,0.0,0.0,2.56,7790000000.0
2023-07-21,0.49,0.48,0.0,0.47,0.49,0.48,0.15,0.0,0.0,0.0,0.0,2.56,7790000000.0
2023-07-20,0.49,0.48,0.0,0.47,0.49,0.48,0.15,0.0,0.0,0.0,0.0,2.56,7790000000.0
2023-07-19,0.49,0.48,0.0,0.47,0.49,0.48,0.15,0.0,0.0,0.0,0.0,2.56,7790000000.0
2023-07-18,0.49,0.48,0.0,0.47,0.49,0.48,0.15,0.0,0.0,0.0,0.0,2.56,7790000000.0
2023-07-17,0.49,0.48,0.0,0.47,0.49,0.48,0.15,0.0,0.0,0.0,0.0,2.56,7790000000.0
2023-07-16,0.49,0.48,0.0,0.47,0.49,0.48,0.0,0.0,0.0,0.0,0.0,2.41,7790000000.0
2023-07-15,0.49,0.48,0.0,0.47,0.49,0.48,0.0,0.0,0.0,0.0,0.0,2.41,7790000000.0
2023-07-14,0.49,0.48,0.0,0.47,0.49,0.48,0.0,0.0,0.0,0.0,0.0,2.41,7790000000.0
2023-07-13,0.49,0.48,0.0,0.47,0.49,0.48,0.0,0.0,0.0,0.0,0.0,2.41,7790000000.0
2023-07-12,0.49,0.48,0.0,0.47,0.49,0.5,0.0,0.0,0.0,0.0,0.0,2.4299999999999997,7790000000.0
2023-07-11,0.49,0.48,0.0,0.47,0.49,0.5,0.0,0.0,0.0,0.0,0.0,2.4299999999999997,7790000000.0
2023-07-10,0.49,0.48,0.0,0.47,0.49,0.5,0.0,0.0,0.0,0.0,0.0,2.4299999999999997,7790000000.0
2023-07-09,0.49,0.48,0.0,0.47,0.49,0.5,0.0,0.0,0.0,0.0,0.0,2.4299999999999997,7790000000.0
2023-07-08,0.49,0.48,0.0,0.47,0.49,0.5,0.0,0.0,0.0,0.0,0.0,2.4299999999999997,7790000000.0
2023-07-07,0.49,0.48,0.0,0.47,0.49,0.5,0.0,0.0,0.0,0.0,0.0,2.4299999999999997,7790000000.0
2023-07-06,0.49,0.48,0.0,0.47,0.49,0.5,0.0,0.0,0.0,0.0,0.0,2.4299999999999997,7790000000.0
2023-07-05,0.49,0.48,0.0,0.47,0.49,0.5,0.0,0.0,0.0,0.0,0.0,2.4299999999999997,7790000000.0
2023-07-04,0.49,0.48,0.0,0.47,0.49,0.5,0.0,0.0,0.0,0.0,0.0,2.4299999999999997,7790000000.0
2023-07-03,0.49,0.48,0.0,0.47,0.49,0.5,0.0,0.0,0.0,0.0,0.0,2.4299999999999997,7790000000.0
2023-07-02,0.54,0.48,0.0,0.47,0.49,0.49,0.0,0.0,0.0,0.0,0.0,2.4699999999999998,7790000000.0
2023-07-01,0.54,0.48,0.0,0.47,0.49,0.49,0.0,0.0,0.0,0.0,0.0,2.4699999999999998,7790000000.0
2023-06-30,0.54,0.48,0.0,0.47,0.49,0.49,0.0,0.0,0.0,0.0,0.0,2.4699999999999998,7790000000.0
2023-06-29,0.67,0.48,0.0,0.47,0.49,0.49,0.0,0.0,0.0,0.0,0.0,2.5999999999999996,7790000000.0
2023-06-28,0.74,0.48,0.0,0.47,0.49,0.49,0.0,0.0,0.0,0.0,0.0,2.67,7790000000.0
2023-06-27,0.89,0.48,0.0,0.47,0.49,0.49,0.0,0.0,0.0,0.0,0.0,2.8200000000000003,7790000000.0
2023-06-26,0.89,0.48,0.49,0.47,0.49,0.49,0.0,0.0,0.0,0.0,0.0,3.3100000000000005,7790000000.0
2023-06-25,0.89,0.48,0.49,0.47,0.49,0.49,0.0,0.0,0.0,0.0,0.0,3.3100000000000005,7790000000.0
2023-06-24,0.89,0.48,0.49,0.47,0.49,0.49,0.0,0.0,0.0,0.0,0.0,3.3100000000000005,7790000000.0
2023-06-23,0.89,0.48,0.49,0.47,0.49,0.49,0.0,0.0,0.0,0.0,0.0,3.3100000000000005,7790000000.0
2023-06-22,0.89,0.48,0.49,0.47,0.49,0.49,0.0,0.0,0.0,0.0,0.0,3.3100000000000005,7790000000.0
2023-06-21,0.89,0.48,0.49,0.47,0.49,0.49,0.0,0.0,0.0,0.0,0.0,3.3100000000000005,7790000000.0
2023-06-20,0.89,0.48,0.49,0.47,0.49,0.49,0.0,0.0,0.0,0.0,0.0,3.3100000000000005,7790000000.0
2023-06-19,0.89,0.48,0.49,0.47,0.49,0.49,0.0,0.0,0.0,0.0,0.0,3.3100000000000005,7790000000.0
2023-06-18,0.89,0.48,0.49,0.47,0.49,0.49,0.0,0.0,0.0,0.0,0.0,3.3100000000000005,7790000000.0
2023-06-17,0.89,0.48,0.49,0.47,0.49,0.49,0.0,0.0,0.0,0.0,0.0,3.3100000000000005,7790000000.0
2023-06-16,0.89,0.48,0.49,0.47,0.49,0.49,0.0,0.0,0.0,0.0,0.0,3.3100000000000005,7790000000.0
2023-06-15,0.89,0.48,0.49,0.47,0.49,0.49,0.0,0.0,0.0,0.0,0.0,3.3100000000000005,7790000000.0
2023-06-14,0.89,0.48,0.49,0.47,0.49,0.49,0.0,0.0,0.0,0.0,0.0,3.3100000000000005,7790000000.0
2023-06-13,0.89,0.48,0.49,0.47,0.49,0.49,0.0,0.0,0.0,0.0,0.0,3.3100000000000005,7790000000.0
2023-06-12,0.89,0.48,0.49,0.47,0.49,0.49,0.0,0.0,0.0,0.0,0.0,3.3100000000000005,7790000000.0
2023-06-11,0.89,0.48,0.49,0.47,0.49,0.49,0.0,0.0,0.0,0.0,0.0,3.3100000000000005,7790000000.0
2023-06-10,0.89,0.48,0.49,0.47,0.49,0.49,0.0,0.0,0.0,0.0,0.0,3.3100000000000005,7790000000.0
2023-06-09,0.89,0.48,0.49,0.47,0.49,0.49,0.0,0.0,0.0,0.0,0.0,3.3100000000000005,7790000000.0
2023-06-08,0.89,0.48,0.49,0.47,0.49,0.49,0.0,0.0,0.0,0.0,0.0,3.3100000000000005,7790000000.0
2023-06-07,0.89,0.48,0.49,0.47,0.49,0.49,0.0,0.0,0.0,0.0,0.0,3.3100000000000005,7790000000.0
2023-06-06,0.89,0.48,0.49,0.47,0.49,0.49,0.0,0.0,0.0,0.0,0.0,3.3100000000000005,7790000000.0
2023-06-05,0.89,0.48,0.49,0.47,0.49,0.49,0.0,0.0,0.0,0.0,0.0,3.3100000000000005,7790000000.0
2023-06-04,0.89,0.48,0.49,0.47,0.49,0.49,0.0,0.0,0.0,0.0,0.0,3.3100000000000005,7790000000.0
2023-06-03,0.89,0.48,0.49,0.47,0.49,0.49,0.0,0.0,0.0,0.0,0.0,3.3100000000000005,7790000000.0
2023-06-02,0.89,0.48,0.49,0.47,0.49,0.49,0.0,0.0,0.0,0.0,0.0,3.3100000000000005,7790000000.0
2023-06-01,0.89,0.48,0.49,0.47,0.49,0.49,0.0,0.0,0.0,0.0,0.0,3.3100000000000005,7790000000.0
2023-05-31,0.89,0.48,0.49,0.47,0.49,0.49,0.0,0.0,0.0,0.0,0.0,3.3100000000000005,7790000000.0
2023-05-30,0.89,0.48,0.49,0.47,0.49,0.49,0.0,0.0,0.0,0.0,0.0,3.3100000000000005,7790000000.0
2023-05-29,0.89,0.48,0.49,0.47,0.49,0.49,0.0,0.0,0.0,0.0,0.0,3.3100000000000005,7790000000.0
2023-05-28,0.89,0.48,0.49,0.47,0.49,0.49,0.0,0.0,0.0,0.0,0.0,3.3100000000000005,7790000000.0
2023-05-27,0.89,0.48,0.49,0.47,0.49,0.49,0.0,0.0,0.0,0.0,0.0,3.3100000000000005,7790000000.0
2023-05-26,0.89,0.48,0.49,0.47,0.49,0.49,0.0,0.0,0.0,0.0,0.0,3.3100000000000005,7790000000.0
2023-05-25,0.89,0.48,0.49,0.47,0.49,0.49,0.0,0.0,0.0,0.0,0.0,3.3100000000000005,7790000000.0
2023-05-24,0.89,0.48,0.49,0.47,0.49,0.49,0.0,0.0,0.0,0.0,0.0,3.3100000000000005,7790000000.0
2023-05-23,0.89,0.48,0.49,0.47,0.49,0.49,0.0,0.0,0.0,0.0,0.0,3.3100000000000005,7790000000.0
2023-05-22,0.89,0.48,0.49,0.47,0.49,0.49,0.0,0.0,0.0,0.0,0.0,3.3100000000000005,7790000000.0
2023-05-21,0.89,0.48,0.49,0.47,0.49,0.5,0.0,0.0,0.0,0.0,0.0,3.3200000000000003,7790000000.0
2023-05-20,0.89,0.48,0.49,0.47,0.49,0.5,0.0,0.0,0.0,0.0,0.0,3.3200000000000003,7790000000.0
2023-05-19,0.89,0.48,0.49,0.47,0.49,0.5,0.0,0.0,0.0,0.0,0.0,3.3200000000000003,7790000000.0
2023-05-18,0.89,0.5,0.49,0.47,0.5,0.5,0.0,0.0,0.0,0.0,0.0,3.35,7790000000.0
2023-05-17,0.89,0.5,0.49,0.47,0.5,0.5,0.0,0.0,0.0,0.0,0.0,3.35,7790000000.0
2023-05-16,0.89,0.5,0.49,0.47,0.5,0.5,0.0,0.0,0.0,0.0,0.0,3.35,7790000000.0
2023-05-15,0.89,0.5,0.49,0.47,0.5,0.5,0.0,0.0,0.0,0.0,0.0,3.35,7790000000.0
2023-05-14,0.89,0.5,0.49,0.47,0.5,0.5,0.0,0.0,0.0,0.0,0.0,3.35,7790000000.0
2023-05-13,0.89,0.5,0.49,0.47,0.5,0.5,0.0,0.0,0.0,0.0,0.0,3.35,7790000000.0
2023-05-12,0.89,0.5,0.49,0.47,0.5,0.5,0.0,0.0,0.0,0.0,0.0,3.35,7790000000.0
2023-05-11,0.89,0.5,0.49,0.47,0.5,0.5,0.0,0.0,0.0,0.0,0.0,3.35,7790000000.0
2023-05-10,0.89,0.5,0.49,0.47,0.5,0.5,0.0,0.0,0.0,0.0,0.0,3.35,7790000000.0
2023-05-09,0.89,0.5,0.49,0.47,0.5,0.0,0.0,0.0,0.0,0.0,0.0,2.85,7790000000.0
2023-05-08,0.89,0.5,0.49,0.47,0.5,0.0,0.0,0.0,0.0,0.0,0.0,2.85,7790000000.0
2023-05-07,0.89,0.5,0.49,0.47,0.5,0.0,0.0,0.0,0.0,0.0,0.0,2.85,7790000000.0
