,549300DCU7KOL83B3B08,MQILSVGGL6RJH5NDWP11,6BS8JLEICI3VGJ264L55,TNWE6LERP1CI9IDAZB80,5493003FS3JD468P6Z37,549300SHI4D0QGWI8X45,213800SFSQPS3XKC4E48,54930030NRYV5EVS2N02,549300LPS48DJ96NXT15,Total,Market_capitalization
2025-04-28,0.0,0.0,1.1,0.0,0.0,0.0,0.0,0.0,0.0,1.1,8950000000.0
2025-04-27,0.0,0.0,1.1,0.0,0.0,0.0,0.0,0.0,0.0,1.1,8950000000.0
2025-04-26,0.0,0.0,1.1,0.0,0.0,0.0,0.0,0.0,0.0,1.1,8950000000.0
2025-04-25,0.0,0.0,1.1,0.0,0.0,0.0,0.0,0.0,0.0,1.1,8950000000.0
2025-04-24,0.0,0.0,1.1,0.0,0.0,0.0,0.0,0.0,0.0,1.1,8950000000.0
2025-04-23,0.0,0.0,1.1,0.0,0.0,0.0,0.0,0.0,0.0,1.1,8950000000.0
2025-04-22,0.0,0.0,1.1,0.0,0.0,0.0,0.0,0.0,0.0,1.1,8950000000.0
2025-04-21,0.0,0.0,1.09,0.0,0.0,0.0,0.0,0.0,0.0,1.09,8950000000.0
2025-04-20,0.0,0.0,1.09,0.0,0.0,0.0,0.0,0.0,0.0,1.09,8950000000.0
2025-04-19,0.0,0.0,1.09,0.0,0.0,0.0,0.0,0.0,0.0,1.09,8950000000.0
2025-04-18,0.0,0.0,1.09,0.0,0.0,0.0,0.0,0.0,0.0,1.09,8950000000.0
2025-04-17,0.0,0.0,1.09,0.0,0.0,0.0,0.0,0.0,0.0,1.09,8950000000.0
2025-04-16,0.0,0.0,1.12,0.0,0.0,0.0,0.0,0.0,0.0,1.12,8950000000.0
2025-04-15,0.0,0.0,1.12,0.0,0.0,0.0,0.0,0.0,0.0,1.12,8950000000.0
2025-04-14,0.0,0.0,1.12,0.0,0.0,0.0,0.0,0.0,0.0,1.12,8950000000.0
2025-04-13,0.0,0.0,1.12,0.0,0.0,0.0,0.0,0.0,0.0,1.12,8950000000.0
2025-04-12,0.0,0.0,1.12,0.0,0.0,0.0,0.0,0.0,0.0,1.12,8950000000.0
2025-04-11,0.0,0.0,1.12,0.0,0.0,0.0,0.0,0.0,0.0,1.12,8950000000.0
2025-04-10,0.0,0.0,1.12,0.0,0.0,0.0,0.0,0.0,0.0,1.12,8950000000.0
2025-04-09,0.0,0.0,1.12,0.0,0.0,0.0,0.0,0.0,0.0,1.12,8950000000.0
2025-04-08,0.0,0.0,1.12,0.0,0.0,0.0,0.0,0.0,0.0,1.12,8950000000.0
2025-04-07,0.0,0.0,1.09,0.0,0.0,0.0,0.0,0.0,0.0,1.09,8950000000.0
2025-04-06,0.0,0.0,1.09,0.0,0.0,0.0,0.0,0.0,0.0,1.09,8950000000.0
2025-04-05,0.0,0.0,1.09,0.0,0.0,0.0,0.0,0.0,0.0,1.09,8950000000.0
2025-04-04,0.0,0.0,1.09,0.0,0.0,0.0,0.0,0.0,0.0,1.09,8950000000.0
2025-04-03,0.0,0.0,1.09,0.0,0.0,0.0,0.0,0.0,0.0,1.09,8950000000.0
2025-04-02,0.0,0.0,1.09,0.0,0.0,0.0,0.0,0.0,0.0,1.09,8950000000.0
2025-04-01,0.0,0.0,1.09,0.0,0.0,0.0,0.0,0.0,0.0,1.09,8950000000.0
2025-03-31,0.0,0.0,1.09,0.0,0.0,0.0,0.0,0.0,0.0,1.09,8950000000.0
2025-03-30,0.0,0.0,1.09,0.0,0.0,0.0,0.0,0.0,0.0,1.09,8950000000.0
2025-03-29,0.0,0.0,1.09,0.0,0.0,0.0,0.0,0.0,0.0,1.09,8950000000.0
2025-03-28,0.0,0.0,1.09,0.0,0.0,0.0,0.0,0.0,0.0,1.09,8950000000.0
2025-03-27,0.0,0.0,1.18,0.0,0.0,0.0,0.0,0.0,0.0,1.18,8950000000.0
2025-03-26,0.0,0.0,1.18,0.0,0.0,0.0,0.0,0.0,0.0,1.18,8950000000.0
2025-03-25,0.0,0.0,1.18,0.0,0.0,0.0,0.0,0.0,0.0,1.18,8950000000.0
2025-03-24,0.0,0.0,1.18,0.0,0.0,0.0,0.0,0.0,0.0,1.18,8950000000.0
2025-03-23,0.0,0.0,1.18,0.0,0.0,0.0,0.0,0.0,0.0,1.18,8950000000.0
2025-03-22,0.0,0.0,1.18,0.0,0.0,0.0,0.0,0.0,0.0,1.18,8950000000.0
2025-03-21,0.0,0.0,1.18,0.0,0.0,0.0,0.0,0.0,0.0,1.18,8950000000.0
2025-03-20,0.0,0.0,1.28,0.0,0.0,0.0,0.0,0.0,0.0,1.28,8950000000.0
2025-03-19,0.0,0.0,1.28,0.0,0.0,0.0,0.0,0.0,0.0,1.28,8950000000.0
2025-03-18,0.0,0.0,1.39,0.0,0.0,0.0,0.0,0.0,0.0,1.39,8950000000.0
2025-03-17,0.0,0.0,1.39,0.0,0.0,0.0,0.0,0.0,0.0,1.39,8950000000.0
2025-03-16,0.0,0.0,1.39,0.0,0.0,0.0,0.0,0.0,0.0,1.39,8950000000.0
2025-03-15,0.0,0.0,1.39,0.0,0.0,0.0,0.0,0.0,0.0,1.39,8950000000.0
2025-03-14,0.0,0.0,1.39,0.0,0.0,0.0,0.0,0.0,0.0,1.39,8950000000.0
2025-03-13,0.0,0.0,1.39,0.0,0.0,0.0,0.0,0.0,0.0,1.39,8950000000.0
2025-03-12,0.0,0.0,1.39,0.0,0.0,0.0,0.0,0.0,0.0,1.39,8950000000.0
2025-03-11,0.0,0.0,1.39,0.0,0.0,0.0,0.0,0.0,0.0,1.39,8950000000.0
2025-03-10,0.0,0.0,1.39,0.0,0.0,0.0,0.0,0.0,0.0,1.39,8950000000.0
2025-03-09,0.0,0.0,1.39,0.0,0.0,0.0,0.0,0.0,0.0,1.39,8950000000.0
2025-03-08,0.0,0.0,1.39,0.0,0.0,0.0,0.0,0.0,0.0,1.39,8950000000.0
2025-03-07,0.0,0.0,1.39,0.0,0.0,0.0,0.0,0.0,0.0,1.39,8950000000.0
2025-03-06,0.0,0.0,1.4,0.0,0.0,0.0,0.0,0.0,0.0,1.4,8950000000.0
2025-03-05,0.0,0.0,1.4,0.0,0.0,0.0,0.0,0.0,0.0,1.4,8950000000.0
2025-03-04,0.0,0.0,1.4,0.0,0.0,0.0,0.0,0.0,0.0,1.4,8950000000.0
2025-03-03,0.0,0.0,1.4,0.0,0.0,0.0,0.0,0.0,0.0,1.4,8950000000.0
2025-03-02,0.0,0.0,1.4,0.0,0.0,0.0,0.0,0.0,0.0,1.4,8950000000.0
2025-03-01,0.0,0.0,1.4,0.0,0.0,0.0,0.0,0.0,0.0,1.4,8950000000.0
2025-02-28,0.0,0.0,1.4,0.0,0.0,0.0,0.0,0.0,0.0,1.4,8950000000.0
2025-02-27,0.0,0.0,1.4,0.0,0.0,0.0,0.0,0.0,0.0,1.4,8950000000.0
2025-02-26,0.0,0.0,1.4,0.0,0.0,0.0,0.0,0.0,0.0,1.4,8950000000.0
2025-02-25,0.0,0.0,1.4,0.0,0.0,0.0,0.0,0.0,0.0,1.4,8950000000.0
2025-02-24,0.0,0.0,1.4,0.0,0.0,0.0,0.0,0.0,0.0,1.4,8950000000.0
2025-02-23,0.0,0.0,1.4,0.0,0.0,0.0,0.0,0.0,0.0,1.4,8950000000.0
2025-02-22,0.0,0.0,1.4,0.0,0.0,0.0,0.0,0.0,0.0,1.4,8950000000.0
2025-02-21,0.0,0.0,1.4,0.0,0.0,0.0,0.0,0.0,0.0,1.4,8950000000.0
2025-02-20,0.0,0.0,1.4,0.0,0.0,0.0,0.0,0.0,0.0,1.4,8950000000.0
2025-02-19,0.0,0.0,1.4,0.0,0.0,0.0,0.0,0.0,0.0,1.4,8950000000.0
2025-02-18,0.0,0.0,1.4,0.0,0.0,0.0,0.0,0.0,0.0,1.4,8950000000.0
2025-02-17,0.0,0.0,1.4,0.0,0.0,0.0,0.0,0.0,0.0,1.4,8950000000.0
2025-02-16,0.0,0.0,1.4,0.0,0.0,0.0,0.0,0.0,0.0,1.4,8950000000.0
2025-02-15,0.0,0.0,1.4,0.0,0.0,0.0,0.0,0.0,0.0,1.4,8950000000.0
2025-02-14,0.0,0.0,1.4,0.0,0.0,0.0,0.0,0.0,0.0,1.4,8950000000.0
2025-02-13,0.0,0.0,1.4,0.0,0.0,0.0,0.0,0.0,0.0,1.4,8950000000.0
2025-02-12,0.0,0.0,1.4,0.0,0.0,0.0,0.0,0.0,0.0,1.4,8950000000.0
2025-02-11,0.0,0.0,1.4,0.0,0.0,0.0,0.0,0.0,0.0,1.4,8950000000.0
2025-02-10,0.0,0.0,1.4,0.0,0.0,0.0,0.0,0.0,0.0,1.4,8950000000.0
2025-02-09,0.0,0.0,1.4,0.0,0.0,0.0,0.0,0.0,0.0,1.4,8950000000.0
2025-02-08,0.0,0.0,1.4,0.0,0.0,0.0,0.0,0.0,0.0,1.4,8950000000.0
2025-02-07,0.0,0.0,1.4,0.0,0.0,0.0,0.0,0.0,0.0,1.4,8950000000.0
2025-02-06,0.0,0.0,1.4,0.0,0.0,0.0,0.0,0.0,0.0,1.4,8950000000.0
2025-02-05,0.0,0.0,1.4,0.0,0.0,0.0,0.0,0.0,0.0,1.4,8950000000.0
2025-02-04,0.0,0.0,1.4,0.0,0.0,0.0,0.0,0.0,0.0,1.4,8950000000.0
2025-02-03,0.0,0.0,1.4,0.0,0.0,0.0,0.0,0.48,0.0,1.88,8950000000.0
2025-02-02,0.0,0.0,1.4,0.0,0.0,0.0,0.0,0.48,0.0,1.88,8950000000.0
2025-02-01,0.0,0.0,1.4,0.0,0.0,0.0,0.0,0.48,0.0,1.88,8950000000.0
2025-01-31,0.0,0.0,1.4,0.0,0.0,0.0,0.0,0.48,0.0,1.88,8950000000.0
2025-01-30,0.0,0.0,1.4,0.0,0.0,0.0,0.0,0.48,0.0,1.88,8950000000.0
2025-01-29,0.0,0.0,1.4,0.0,0.0,0.0,0.0,0.48,0.0,1.88,8950000000.0
2025-01-28,0.0,0.0,1.4,0.0,0.0,0.0,0.0,0.48,0.0,1.88,8950000000.0
2025-01-27,0.0,0.0,1.4,0.0,0.0,0.0,0.0,0.48,0.0,1.88,8950000000.0
2025-01-26,0.0,0.0,1.4,0.0,0.0,0.0,0.0,0.48,0.0,1.88,8950000000.0
2025-01-25,0.0,0.0,1.4,0.0,0.0,0.0,0.0,0.48,0.0,1.88,8950000000.0
2025-01-24,0.0,0.0,1.4,0.0,0.0,0.0,0.0,0.48,0.0,1.88,8950000000.0
2025-01-23,0.0,0.0,1.4,0.0,0.0,0.0,0.0,0.48,0.0,1.88,8950000000.0
2025-01-22,0.0,0.0,1.38,0.0,0.0,0.0,0.0,0.48,0.0,1.8599999999999999,8950000000.0
2025-01-21,0.0,0.0,1.38,0.0,0.0,0.0,0.0,0.48,0.0,1.8599999999999999,8950000000.0
2025-01-20,0.0,0.0,1.38,0.0,0.0,0.0,0.0,0.48,0.0,1.8599999999999999,8950000000.0
2025-01-19,0.0,0.0,1.38,0.0,0.0,0.0,0.0,0.48,0.0,1.8599999999999999,8950000000.0
2025-01-18,0.0,0.0,1.38,0.0,0.0,0.0,0.0,0.48,0.0,1.8599999999999999,8950000000.0
2025-01-17,0.0,0.0,1.38,0.0,0.0,0.0,0.0,0.48,0.0,1.8599999999999999,8950000000.0
2025-01-16,0.0,0.0,1.42,0.0,0.0,0.0,0.0,0.48,0.0,1.9,8950000000.0
2025-01-15,0.0,0.0,1.42,0.0,0.0,0.0,0.0,0.48,0.0,1.9,8950000000.0
2025-01-14,0.0,0.0,1.42,0.0,0.0,0.0,0.0,0.48,0.0,1.9,8950000000.0
2025-01-13,0.0,0.0,1.42,0.0,0.0,0.0,0.0,0.48,0.0,1.9,8950000000.0
2025-01-12,0.0,0.0,1.42,0.0,0.0,0.0,0.0,0.48,0.0,1.9,8950000000.0
2025-01-11,0.0,0.0,1.42,0.0,0.0,0.0,0.0,0.48,0.0,1.9,8950000000.0
2025-01-10,0.0,0.0,1.42,0.0,0.0,0.0,0.0,0.48,0.0,1.9,8950000000.0
2025-01-09,0.0,0.0,1.3,0.0,0.0,0.0,0.0,0.48,0.0,1.78,8950000000.0
2025-01-08,0.0,0.0,1.3,0.0,0.0,0.0,0.0,0.48,0.0,1.78,8950000000.0
2025-01-07,0.0,0.0,1.3,0.0,0.0,0.0,0.0,0.48,0.0,1.78,8950000000.0
2025-01-06,0.0,0.0,1.3,0.0,0.0,0.0,0.0,0.48,0.0,1.78,8950000000.0
2025-01-05,0.0,0.0,1.3,0.0,0.0,0.0,0.0,0.48,0.0,1.78,8950000000.0
2025-01-04,0.0,0.0,1.3,0.0,0.0,0.0,0.0,0.48,0.0,1.78,8950000000.0
2025-01-03,0.0,0.0,1.3,0.0,0.0,0.0,0.0,0.48,0.0,1.78,8950000000.0
2025-01-02,0.0,0.0,1.22,0.0,0.0,0.0,0.0,0.48,0.0,1.7,8950000000.0
2025-01-01,0.0,0.0,1.22,0.0,0.0,0.0,0.0,0.48,0.0,1.7,8950000000.0
2024-12-31,0.0,0.0,1.22,0.0,0.0,0.0,0.0,0.48,0.0,1.7,8510000000.0
2024-12-30,0.0,0.0,1.22,0.0,0.0,0.0,0.0,0.48,0.0,1.7,8510000000.0
2024-12-29,0.0,0.0,1.22,0.0,0.0,0.0,0.0,0.48,0.0,1.7,8510000000.0
2024-12-28,0.0,0.0,1.22,0.0,0.0,0.0,0.0,0.48,0.0,1.7,8510000000.0
2024-12-27,0.0,0.0,1.22,0.0,0.0,0.0,0.0,0.48,0.0,1.7,8510000000.0
2024-12-26,0.0,0.0,1.22,0.0,0.0,0.0,0.0,0.48,0.0,1.7,8510000000.0
2024-12-25,0.0,0.0,1.22,0.0,0.0,0.0,0.0,0.48,0.0,1.7,8510000000.0
2024-12-24,0.0,0.0,1.22,0.0,0.0,0.0,0.0,0.48,0.0,1.7,8510000000.0
2024-12-23,0.0,0.0,1.22,0.0,0.0,0.0,0.0,0.48,0.0,1.7,8510000000.0
2024-12-22,0.0,0.0,1.22,0.0,0.0,0.0,0.0,0.48,0.0,1.7,8510000000.0
2024-12-21,0.0,0.0,1.22,0.0,0.0,0.0,0.0,0.48,0.0,1.7,8510000000.0
2024-12-20,0.0,0.0,1.22,0.0,0.0,0.0,0.0,0.48,0.0,1.7,8510000000.0
2024-12-19,0.0,0.0,1.13,0.0,0.0,0.0,0.0,0.48,0.0,1.6099999999999999,8510000000.0
2024-12-18,0.0,0.0,1.13,0.0,0.0,0.0,0.0,0.48,0.0,1.6099999999999999,8510000000.0
2024-12-17,0.0,0.0,1.01,0.0,0.0,0.0,0.0,0.48,0.0,1.49,8510000000.0
2024-12-16,0.0,0.0,1.01,0.0,0.0,0.0,0.0,0.48,0.0,1.49,8510000000.0
2024-12-15,0.0,0.0,1.01,0.0,0.0,0.0,0.0,0.48,0.0,1.49,8510000000.0
2024-12-14,0.0,0.0,1.01,0.0,0.0,0.0,0.0,0.48,0.0,1.49,8510000000.0
2024-12-13,0.0,0.0,1.01,0.0,0.0,0.0,0.0,0.48,0.0,1.49,8510000000.0
2024-12-12,0.0,0.0,1.01,0.0,0.0,0.0,0.0,0.48,0.0,1.49,8510000000.0
2024-12-11,0.0,0.0,1.01,0.0,0.0,0.0,0.0,0.48,0.0,1.49,8510000000.0
2024-12-10,0.0,0.0,1.19,0.0,0.0,0.0,0.0,0.48,0.0,1.67,8510000000.0
2024-12-09,0.0,0.0,1.19,0.0,0.0,0.0,0.0,0.48,0.0,1.67,8510000000.0
2024-12-08,0.0,0.0,1.19,0.0,0.0,0.0,0.0,0.48,0.0,1.67,8510000000.0
2024-12-07,0.0,0.0,1.19,0.0,0.0,0.0,0.0,0.48,0.0,1.67,8510000000.0
2024-12-06,0.0,0.0,1.19,0.0,0.0,0.0,0.0,0.48,0.0,1.67,8510000000.0
2024-12-05,0.0,0.0,1.19,0.0,0.0,0.0,0.0,0.48,0.0,1.67,8510000000.0
2024-12-04,0.0,0.0,1.19,0.0,0.0,0.0,0.0,0.48,0.0,1.67,8510000000.0
2024-12-03,0.0,0.0,1.19,0.0,0.0,0.0,0.0,0.48,0.0,1.67,8510000000.0
2024-12-02,0.0,0.0,1.19,0.0,0.0,0.0,0.0,0.48,0.0,1.67,8510000000.0
2024-12-01,0.0,0.0,1.2,0.0,0.0,0.0,0.0,0.48,0.0,1.68,8510000000.0
2024-11-30,0.0,0.0,1.2,0.0,0.0,0.0,0.0,0.48,0.0,1.68,8510000000.0
2024-11-29,0.0,0.0,1.2,0.0,0.0,0.0,0.0,0.48,0.0,1.68,8510000000.0
2024-11-28,0.0,0.0,1.19,0.0,0.0,0.0,0.0,0.48,0.0,1.67,8510000000.0
2024-11-27,0.0,0.0,1.19,0.0,0.0,0.0,0.0,0.48,0.0,1.67,8510000000.0
2024-11-26,0.0,0.0,1.19,0.0,0.0,0.0,0.0,0.48,0.0,1.67,8510000000.0
2024-11-25,0.0,0.0,1.19,0.0,0.0,0.0,0.0,0.48,0.0,1.67,8510000000.0
2024-11-24,0.0,0.0,1.19,0.0,0.0,0.0,0.0,0.48,0.0,1.67,8510000000.0
2024-11-23,0.0,0.0,1.19,0.0,0.0,0.0,0.0,0.48,0.0,1.67,8510000000.0
2024-11-22,0.0,0.0,1.19,0.0,0.0,0.0,0.0,0.48,0.0,1.67,8510000000.0
2024-11-21,0.0,0.0,1.19,0.0,0.0,0.0,0.0,0.48,0.0,1.67,8510000000.0
2024-11-20,0.0,0.0,1.2,0.0,0.0,0.0,0.0,0.48,0.0,1.68,8510000000.0
2024-11-19,0.0,0.0,1.2,0.0,0.0,0.0,0.0,0.48,0.0,1.68,8510000000.0
2024-11-18,0.0,0.0,1.19,0.0,0.0,0.0,0.0,0.48,0.0,1.67,8510000000.0
2024-11-17,0.0,0.0,1.19,0.0,0.0,0.0,0.0,0.48,0.0,1.67,8510000000.0
2024-11-16,0.0,0.0,1.19,0.0,0.0,0.0,0.0,0.48,0.0,1.67,8510000000.0
2024-11-15,0.0,0.0,1.19,0.0,0.0,0.0,0.0,0.48,0.0,1.67,8510000000.0
2024-11-14,0.0,0.0,1.19,0.0,0.0,0.0,0.0,0.48,0.49,2.16,8510000000.0
2024-11-13,0.0,0.0,1.2,0.0,0.0,0.0,0.0,0.48,0.49,2.17,8510000000.0
2024-11-12,0.0,0.0,1.2,0.0,0.0,0.0,0.0,0.48,0.49,2.17,8510000000.0
2024-11-11,0.0,0.0,1.2,0.0,0.0,0.0,0.0,0.48,0.49,2.17,8510000000.0
2024-11-10,0.0,0.0,1.2,0.0,0.0,0.0,0.0,0.48,0.49,2.17,8510000000.0
2024-11-09,0.0,0.0,1.2,0.0,0.0,0.0,0.0,0.48,0.49,2.17,8510000000.0
2024-11-08,0.0,0.0,1.2,0.0,0.0,0.0,0.0,0.48,0.49,2.17,8510000000.0
2024-11-07,0.0,0.0,1.2,0.0,0.0,0.0,0.0,0.48,0.49,2.17,8510000000.0
2024-11-06,0.0,0.0,1.2,0.0,0.0,0.0,0.0,0.48,0.49,2.17,8510000000.0
2024-11-05,0.0,0.0,1.12,0.0,0.0,0.0,0.0,0.48,0.49,2.09,8510000000.0
2024-11-04,0.0,0.0,1.12,0.0,0.0,0.0,0.0,0.48,0.49,2.09,8510000000.0
2024-11-03,0.0,0.0,1.12,0.0,0.0,0.0,0.0,0.48,0.49,2.09,8510000000.0
2024-11-02,0.0,0.0,1.12,0.0,0.0,0.0,0.0,0.48,0.49,2.09,8510000000.0
2024-11-01,0.0,0.0,1.12,0.0,0.0,0.0,0.0,0.48,0.49,2.09,8510000000.0
2024-10-31,0.0,0.0,1.12,0.0,0.0,0.0,0.0,0.48,0.49,2.09,8510000000.0
2024-10-30,0.0,0.0,1.02,0.0,0.0,0.0,0.0,0.48,0.49,1.99,8510000000.0
2024-10-29,0.0,0.0,1.02,0.0,0.0,0.0,0.0,0.48,0.49,1.99,8510000000.0
2024-10-28,0.0,0.0,1.02,0.0,0.0,0.0,0.0,0.48,0.49,1.99,8510000000.0
2024-10-27,0.0,0.0,1.02,0.0,0.0,0.0,0.0,0.48,0.49,1.99,8510000000.0
2024-10-26,0.0,0.0,1.02,0.0,0.0,0.0,0.0,0.48,0.49,1.99,8510000000.0
2024-10-25,0.0,0.0,1.02,0.0,0.0,0.0,0.0,0.48,0.49,1.99,8510000000.0
2024-10-24,0.0,0.0,1.02,0.0,0.0,0.0,0.0,0.48,0.49,1.99,8510000000.0
2024-10-23,0.0,0.0,0.92,0.0,0.0,0.0,0.0,0.48,0.49,1.89,8510000000.0
2024-10-22,0.0,0.0,0.92,0.0,0.0,0.0,0.0,0.48,0.49,1.89,8510000000.0
2024-10-21,0.0,0.0,0.92,0.0,0.0,0.0,0.0,0.48,0.49,1.89,8510000000.0
2024-10-20,0.0,0.0,0.92,0.0,0.0,0.0,0.0,0.48,0.49,1.89,8510000000.0
2024-10-19,0.0,0.0,0.92,0.0,0.0,0.0,0.0,0.48,0.49,1.89,8510000000.0
2024-10-18,0.0,0.0,0.92,0.0,0.0,0.0,0.0,0.48,0.49,1.89,8510000000.0
2024-10-17,0.0,0.0,0.92,0.0,0.0,0.0,0.0,0.48,0.49,1.89,8510000000.0
2024-10-16,0.0,0.0,0.86,0.0,0.0,0.0,0.0,0.48,0.49,1.8299999999999998,8510000000.0
2024-10-15,0.0,0.0,0.86,0.0,0.0,0.0,0.0,0.48,0.49,1.8299999999999998,8510000000.0
2024-10-14,0.0,0.0,0.86,0.0,0.0,0.0,0.0,0.48,0.49,1.8299999999999998,8510000000.0
2024-10-13,0.0,0.0,0.86,0.0,0.0,0.0,0.0,0.48,0.49,1.8299999999999998,8510000000.0
2024-10-12,0.0,0.0,0.86,0.0,0.0,0.0,0.0,0.48,0.49,1.8299999999999998,8510000000.0
2024-10-11,0.0,0.0,0.86,0.0,0.0,0.0,0.0,0.48,0.49,1.8299999999999998,8510000000.0
2024-10-10,0.0,0.0,0.91,0.0,0.0,0.0,0.0,0.48,0.49,1.8800000000000001,8510000000.0
2024-10-09,0.0,0.0,0.91,0.0,0.0,0.0,0.0,0.48,0.49,1.8800000000000001,8510000000.0
2024-10-08,0.0,0.0,0.91,0.0,0.0,0.0,0.0,0.48,0.49,1.8800000000000001,8510000000.0
2024-10-07,0.0,0.0,0.89,0.0,0.0,0.0,0.0,0.48,0.49,1.86,8510000000.0
2024-10-06,0.0,0.0,0.89,0.0,0.0,0.0,0.0,0.48,0.49,1.86,8510000000.0
2024-10-05,0.0,0.0,0.89,0.0,0.0,0.0,0.0,0.48,0.49,1.86,8510000000.0
2024-10-04,0.0,0.0,0.89,0.0,0.0,0.0,0.0,0.48,0.49,1.86,8510000000.0
2024-10-03,0.0,0.0,0.89,0.0,0.0,0.0,0.0,0.5,0.49,1.8800000000000001,8510000000.0
2024-10-02,0.0,0.0,0.89,0.0,0.0,0.0,0.0,0.49,0.49,1.8699999999999999,8510000000.0
2024-10-01,0.0,0.0,0.89,0.0,0.0,0.0,0.0,0.5,0.49,1.8800000000000001,8510000000.0
2024-09-30,0.0,0.0,0.89,0.0,0.0,0.0,0.0,0.5,0.49,1.8800000000000001,7720000000.0
2024-09-29,0.0,0.0,0.89,0.0,0.0,0.0,0.0,0.5,0.49,1.8800000000000001,7720000000.0
2024-09-28,0.0,0.0,0.89,0.0,0.0,0.0,0.0,0.5,0.49,1.8800000000000001,7720000000.0
2024-09-27,0.0,0.0,0.89,0.0,0.0,0.0,0.0,0.5,0.49,1.8800000000000001,7720000000.0
2024-09-26,0.0,0.0,0.89,0.0,0.0,0.0,0.0,0.5,0.49,1.8800000000000001,7720000000.0
2024-09-25,0.0,0.0,0.89,0.0,0.0,0.0,0.0,0.5,0.49,1.8800000000000001,7720000000.0
2024-09-24,0.0,0.0,0.89,0.0,0.0,0.0,0.0,0.5,0.49,1.8800000000000001,7720000000.0
2024-09-23,0.0,0.0,0.89,0.0,0.0,0.0,0.0,0.5,0.49,1.8800000000000001,7720000000.0
2024-09-22,0.0,0.0,0.89,0.0,0.0,0.0,0.0,0.5,0.49,1.8800000000000001,7720000000.0
2024-09-21,0.0,0.0,0.89,0.0,0.0,0.0,0.0,0.5,0.49,1.8800000000000001,7720000000.0
2024-09-20,0.0,0.0,0.89,0.0,0.0,0.0,0.0,0.5,0.49,1.8800000000000001,7720000000.0
2024-09-19,0.0,0.0,0.98,0.0,0.0,0.0,0.0,0.49,0.49,1.96,7720000000.0
2024-09-18,0.0,0.0,0.98,0.0,0.0,0.0,0.0,0.49,0.49,1.96,7720000000.0
2024-09-17,0.0,0.0,0.98,0.0,0.0,0.0,0.0,0.49,0.49,1.96,7720000000.0
2024-09-16,0.0,0.0,0.98,0.0,0.0,0.0,0.0,0.49,0.49,1.96,7720000000.0
2024-09-15,0.0,0.0,0.98,0.0,0.0,0.0,0.0,0.49,0.49,1.96,7720000000.0
2024-09-14,0.0,0.0,0.98,0.0,0.0,0.0,0.0,0.49,0.49,1.96,7720000000.0
2024-09-13,0.0,0.0,0.98,0.0,0.0,0.0,0.0,0.49,0.49,1.96,7720000000.0
2024-09-12,0.0,0.0,0.98,0.0,0.0,0.0,0.0,0.49,0.49,1.96,7720000000.0
2024-09-11,0.0,0.0,0.98,0.0,0.0,0.0,0.0,0.49,0.49,1.96,7720000000.0
2024-09-10,0.0,0.0,1.06,0.0,0.0,0.0,0.0,0.49,0.49,2.04,7720000000.0
2024-09-09,0.0,0.0,1.06,0.0,0.0,0.0,0.0,0.49,0.49,2.04,7720000000.0
2024-09-08,0.0,0.0,1.06,0.0,0.0,0.0,0.0,0.49,0.49,2.04,7720000000.0
2024-09-07,0.0,0.0,1.06,0.0,0.0,0.0,0.0,0.49,0.49,2.04,7720000000.0
2024-09-06,0.0,0.0,1.06,0.0,0.0,0.0,0.0,0.49,0.49,2.04,7720000000.0
2024-09-05,0.0,0.0,1.11,0.0,0.0,0.0,0.0,0.49,0.49,2.09,7720000000.0
2024-09-04,0.0,0.0,1.11,0.0,0.0,0.0,0.0,0.58,0.49,2.1799999999999997,7720000000.0
2024-09-03,0.0,0.0,1.11,0.0,0.0,0.0,0.0,0.58,0.49,2.1799999999999997,7720000000.0
2024-09-02,0.0,0.0,1.01,0.0,0.0,0.0,0.0,0.58,0.49,2.08,7720000000.0
2024-09-01,0.0,0.0,1.01,0.0,0.0,0.0,0.0,0.58,0.49,2.08,7720000000.0
2024-08-31,0.0,0.0,1.01,0.0,0.0,0.0,0.0,0.58,0.49,2.08,7720000000.0
2024-08-30,0.0,0.0,1.01,0.0,0.0,0.0,0.0,0.58,0.49,2.08,7720000000.0
2024-08-29,0.0,0.0,1.01,0.0,0.0,0.0,0.0,0.58,0.49,2.08,7720000000.0
2024-08-28,0.0,0.0,1.01,0.0,0.0,0.0,0.0,0.58,0.49,2.08,7720000000.0
2024-08-27,0.0,0.0,1.38,0.0,0.0,0.0,0.0,0.58,0.49,2.45,7720000000.0
2024-08-26,0.0,0.0,1.38,0.0,0.0,0.0,0.0,0.58,0.49,2.45,7720000000.0
2024-08-25,0.0,0.0,1.38,0.0,0.0,0.0,0.0,0.58,0.49,2.45,7720000000.0
2024-08-24,0.0,0.0,1.38,0.0,0.0,0.0,0.0,0.58,0.49,2.45,7720000000.0
2024-08-23,0.0,0.0,1.38,0.0,0.0,0.0,0.0,0.58,0.49,2.45,7720000000.0
2024-08-22,0.0,0.0,1.38,0.0,0.0,0.0,0.0,0.58,0.49,2.45,7720000000.0
2024-08-21,0.0,0.0,1.47,0.0,0.0,0.0,0.0,0.58,0.49,2.54,7720000000.0
2024-08-20,0.0,0.0,1.47,0.0,0.0,0.0,0.0,0.58,0.49,2.54,7720000000.0
2024-08-19,0.0,0.0,1.47,0.0,0.0,0.0,0.0,0.58,0.49,2.54,7720000000.0
2024-08-18,0.0,0.0,1.47,0.0,0.0,0.0,0.0,0.58,0.49,2.54,7720000000.0
2024-08-17,0.0,0.0,1.47,0.0,0.0,0.0,0.0,0.58,0.49,2.54,7720000000.0
2024-08-16,0.0,0.0,1.47,0.0,0.0,0.0,0.0,0.58,0.49,2.54,7720000000.0
2024-08-15,0.0,0.0,1.59,0.0,0.0,0.0,0.0,0.58,0.49,2.66,7720000000.0
2024-08-14,0.0,0.0,1.59,0.0,0.0,0.0,0.0,0.58,0.49,2.66,7720000000.0
2024-08-13,0.0,0.0,1.59,0.0,0.0,0.0,0.0,0.58,0.49,2.66,7720000000.0
2024-08-12,0.0,0.0,1.59,0.0,0.0,0.0,0.0,0.58,0.49,2.66,7720000000.0
2024-08-11,0.0,0.0,1.59,0.0,0.0,0.0,0.0,0.58,0.49,2.66,7720000000.0
2024-08-10,0.0,0.0,1.59,0.0,0.0,0.0,0.0,0.58,0.49,2.66,7720000000.0
2024-08-09,0.0,0.0,1.59,0.0,0.0,0.0,0.0,0.58,0.49,2.66,7720000000.0
2024-08-08,0.0,0.0,1.59,0.0,0.0,0.0,0.0,0.58,0.49,2.66,7720000000.0
2024-08-07,0.0,0.0,1.59,0.0,0.0,0.0,0.0,0.58,0.49,2.66,7720000000.0
2024-08-06,0.0,0.0,1.59,0.0,0.0,0.0,0.0,0.58,0.49,2.66,7720000000.0
2024-08-05,0.0,0.0,1.59,0.0,0.0,0.0,0.0,0.58,0.49,2.66,7720000000.0
2024-08-04,0.0,0.0,1.59,0.0,0.0,0.0,0.0,0.58,0.49,2.66,7720000000.0
2024-08-03,0.0,0.0,1.59,0.0,0.0,0.0,0.0,0.58,0.49,2.66,7720000000.0
2024-08-02,0.0,0.0,1.59,0.0,0.0,0.0,0.0,0.58,0.49,2.66,7720000000.0
2024-08-01,0.0,0.0,1.59,0.0,0.0,0.0,0.0,0.58,0.49,2.66,7720000000.0
2024-07-31,0.0,0.0,1.59,0.0,0.0,0.0,0.0,0.58,0.49,2.66,7720000000.0
2024-07-30,0.0,0.0,1.59,0.0,0.0,0.0,0.0,0.58,0.49,2.66,7720000000.0
2024-07-29,0.0,0.0,1.59,0.0,0.0,0.0,0.0,0.58,0.49,2.66,7720000000.0
2024-07-28,0.0,0.0,1.68,0.0,0.0,0.0,0.0,0.58,0.49,2.75,7720000000.0
2024-07-27,0.0,0.0,1.68,0.0,0.0,0.0,0.0,0.58,0.49,2.75,7720000000.0
2024-07-26,0.0,0.0,1.68,0.0,0.0,0.0,0.0,0.58,0.49,2.75,7720000000.0
2024-07-25,0.0,0.0,1.68,0.0,0.0,0.0,0.0,0.58,0.49,2.75,7720000000.0
2024-07-24,0.0,0.0,1.68,0.0,0.0,0.0,0.0,0.58,0.49,2.75,7720000000.0
2024-07-23,0.0,0.0,1.68,0.0,0.0,0.0,0.0,0.58,0.49,2.75,7720000000.0
2024-07-22,0.0,0.0,1.68,0.0,0.0,0.0,0.0,0.58,0.49,2.75,7720000000.0
2024-07-21,0.0,0.0,1.68,0.0,0.0,0.0,0.0,0.58,0.49,2.75,7720000000.0
2024-07-20,0.0,0.0,1.68,0.0,0.0,0.0,0.0,0.58,0.49,2.75,7720000000.0
2024-07-19,0.0,0.0,1.68,0.0,0.0,0.0,0.0,0.58,0.49,2.75,7720000000.0
2024-07-18,0.0,0.0,1.68,0.0,0.0,0.0,0.0,0.58,0.49,2.75,7720000000.0
2024-07-17,0.0,0.0,1.68,0.0,0.0,0.0,0.0,0.58,0.49,2.75,7720000000.0
2024-07-16,0.0,0.0,1.68,0.0,0.0,0.0,0.0,0.58,0.49,2.75,7720000000.0
2024-07-15,0.0,0.0,1.68,0.0,0.0,0.0,0.0,0.58,0.49,2.75,7720000000.0
2024-07-14,0.0,0.0,1.68,0.0,0.0,0.0,0.0,0.58,0.5,2.76,7720000000.0
2024-07-13,0.0,0.0,1.68,0.0,0.0,0.0,0.0,0.58,0.5,2.76,7720000000.0
2024-07-12,0.0,0.0,1.68,0.0,0.0,0.0,0.0,0.58,0.5,2.76,7720000000.0
2024-07-11,0.0,0.0,1.72,0.0,0.0,0.0,0.0,0.58,0.5,2.8,7720000000.0
2024-07-10,0.0,0.0,1.72,0.0,0.0,0.0,0.0,0.58,0.5,2.8,7720000000.0
2024-07-09,0.0,0.0,1.72,0.0,0.0,0.0,0.0,0.58,0.5,2.8,7720000000.0
2024-07-08,0.0,0.0,1.72,0.0,0.0,0.0,0.0,0.58,0.5,2.8,7720000000.0
2024-07-07,0.0,0.0,1.72,0.0,0.0,0.0,0.0,0.58,0.5,2.8,7720000000.0
2024-07-06,0.0,0.0,1.72,0.0,0.0,0.0,0.0,0.58,0.5,2.8,7720000000.0
2024-07-05,0.0,0.0,1.72,0.0,0.0,0.0,0.0,0.58,0.5,2.8,7720000000.0
2024-07-04,0.0,0.0,1.72,0.0,0.0,0.0,0.0,0.58,0.5,2.8,7720000000.0
2024-07-03,0.0,0.0,1.72,0.0,0.0,0.0,0.0,0.58,0.5,2.8,7720000000.0
2024-07-02,0.0,0.0,1.72,0.0,0.0,0.0,0.0,0.58,0.5,2.8,7720000000.0
2024-07-01,0.0,0.0,1.72,0.0,0.0,0.0,0.0,0.58,0.5,2.8,7720000000.0
2024-06-30,0.0,0.0,1.72,0.0,0.0,0.0,0.0,0.58,0.5,2.8,5700000000.0
2024-06-29,0.0,0.0,1.72,0.0,0.0,0.0,0.0,0.58,0.5,2.8,5700000000.0
2024-06-28,0.0,0.0,1.72,0.0,0.0,0.0,0.0,0.58,0.5,2.8,5700000000.0
2024-06-27,0.0,0.0,1.72,0.0,0.0,0.0,0.0,0.58,0.5,2.8,5700000000.0
2024-06-26,0.0,0.0,1.68,0.0,0.0,0.0,0.0,0.58,0.5,2.76,5700000000.0
2024-06-25,0.0,0.0,1.68,0.0,0.0,0.0,0.0,0.58,0.49,2.75,5700000000.0
2024-06-24,0.0,0.0,1.68,0.0,0.0,0.0,0.0,0.58,0.49,2.75,5700000000.0
2024-06-23,0.0,0.0,1.68,0.0,0.0,0.0,0.0,0.58,0.49,2.75,5700000000.0
2024-06-22,0.0,0.0,1.68,0.0,0.0,0.0,0.0,0.58,0.49,2.75,5700000000.0
2024-06-21,0.0,0.0,1.68,0.0,0.0,0.0,0.0,0.58,0.49,2.75,5700000000.0
2024-06-20,0.0,0.0,1.68,0.0,0.0,0.0,0.0,0.58,0.49,2.75,5700000000.0
2024-06-19,0.0,0.0,1.68,0.0,0.0,0.0,0.0,0.58,0.49,2.75,5700000000.0
2024-06-18,0.0,0.0,1.68,0.0,0.0,0.0,0.0,0.58,0.49,2.75,5700000000.0
2024-06-17,0.0,0.0,1.78,0.0,0.0,0.0,0.0,0.58,0.49,2.8499999999999996,5700000000.0
2024-06-16,0.0,0.0,1.78,0.0,0.0,0.0,0.0,0.58,0.49,2.8499999999999996,5700000000.0
2024-06-15,0.0,0.0,1.78,0.0,0.0,0.0,0.0,0.58,0.49,2.8499999999999996,5700000000.0
2024-06-14,0.0,0.0,1.78,0.0,0.0,0.0,0.0,0.58,0.49,2.8499999999999996,5700000000.0
2024-06-13,0.0,0.0,1.78,0.0,0.0,0.0,0.0,0.58,0.49,2.8499999999999996,5700000000.0
2024-06-12,0.0,0.0,1.78,0.0,0.0,0.0,0.0,0.58,0.49,2.8499999999999996,5700000000.0
2024-06-11,0.0,0.0,1.78,0.0,0.0,0.0,0.0,0.58,0.5,2.86,5700000000.0
2024-06-10,0.0,0.0,1.78,0.0,0.0,0.0,0.0,0.99,0.5,3.27,5700000000.0
2024-06-09,0.0,0.0,1.85,0.0,0.0,0.0,0.0,1.06,0.5,3.41,5700000000.0
2024-06-08,0.0,0.0,1.85,0.0,0.0,0.0,0.0,1.06,0.5,3.41,5700000000.0
2024-06-07,0.0,0.0,1.85,0.0,0.0,0.0,0.0,1.06,0.5,3.41,5700000000.0
2024-06-06,0.0,0.0,1.85,0.0,0.0,0.0,0.0,1.18,0.5,3.5300000000000002,5700000000.0
2024-06-05,0.0,0.0,1.85,0.0,0.0,0.0,0.0,1.18,0.5,3.5300000000000002,5700000000.0
2024-06-04,0.0,0.0,1.85,0.0,0.0,0.0,0.0,1.18,0.5,3.5300000000000002,5700000000.0
2024-06-03,0.0,0.0,1.85,0.0,0.0,0.0,0.0,1.18,0.5,3.5300000000000002,5700000000.0
2024-06-02,0.0,0.0,1.85,0.0,0.0,0.0,0.0,1.18,0.5,3.5300000000000002,5700000000.0
2024-06-01,0.0,0.0,1.85,0.0,0.0,0.0,0.0,1.18,0.5,3.5300000000000002,5700000000.0
2024-05-31,0.0,0.0,1.85,0.0,0.0,0.0,0.0,1.18,0.5,3.5300000000000002,5700000000.0
2024-05-30,0.0,0.0,1.85,0.0,0.0,0.0,0.0,1.18,0.5,3.5300000000000002,5700000000.0
2024-05-29,0.0,0.0,1.85,0.0,0.0,0.0,0.0,1.18,0.5,3.5300000000000002,5700000000.0
2024-05-28,0.0,0.0,1.85,0.0,0.0,0.0,0.0,1.18,0.5,3.5300000000000002,5700000000.0
2024-05-27,0.0,0.0,1.85,0.0,0.0,0.0,0.0,1.18,0.5,3.5300000000000002,5700000000.0
2024-05-26,0.0,0.0,1.85,0.0,0.0,0.0,0.0,1.18,0.5,3.5300000000000002,5700000000.0
2024-05-25,0.0,0.0,1.85,0.0,0.0,0.0,0.0,1.18,0.5,3.5300000000000002,5700000000.0
2024-05-24,0.0,0.0,1.85,0.0,0.0,0.0,0.0,1.18,0.5,3.5300000000000002,5700000000.0
2024-05-23,0.0,0.0,1.85,0.0,0.0,0.0,0.0,1.18,0.5,3.5300000000000002,5700000000.0
2024-05-22,0.0,0.0,1.85,0.0,0.0,0.0,0.0,1.18,0.5,3.5300000000000002,5700000000.0
2024-05-21,0.0,0.0,1.85,0.0,0.0,0.0,0.0,1.18,0.5,3.5300000000000002,5700000000.0
2024-05-20,0.0,0.0,1.85,0.0,0.0,0.0,0.0,1.18,0.5,3.5300000000000002,5700000000.0
2024-05-19,0.0,0.0,1.85,0.0,0.0,0.0,0.0,1.18,0.5,3.5300000000000002,5700000000.0
2024-05-18,0.0,0.0,1.85,0.0,0.0,0.0,0.0,1.18,0.5,3.5300000000000002,5700000000.0
2024-05-17,0.0,0.0,1.85,0.0,0.0,0.0,0.0,1.18,0.5,3.5300000000000002,5700000000.0
2024-05-16,0.0,0.0,1.85,0.0,0.0,0.0,0.0,1.18,0.5,3.5300000000000002,5700000000.0
2024-05-15,0.0,0.0,1.85,0.0,0.0,0.0,0.0,1.18,0.5,3.5300000000000002,5700000000.0
2024-05-14,0.0,0.0,1.85,0.0,0.0,0.0,0.0,1.18,0.5,3.5300000000000002,5700000000.0
2024-05-13,0.0,0.0,1.85,0.0,0.0,0.0,0.0,1.18,0.5,3.5300000000000002,5700000000.0
2024-05-12,0.0,0.0,1.85,0.0,0.0,0.0,0.0,1.18,0.5,3.5300000000000002,5700000000.0
2024-05-11,0.0,0.0,1.85,0.0,0.0,0.0,0.0,1.18,0.5,3.5300000000000002,5700000000.0
2024-05-10,0.0,0.0,1.85,0.0,0.0,0.0,0.0,1.18,0.5,3.5300000000000002,5700000000.0
2024-05-09,0.0,0.0,1.93,0.0,0.0,0.0,0.0,1.18,0.5,3.61,5700000000.0
2024-05-08,0.0,0.0,1.93,0.0,0.0,0.0,0.0,1.18,0.5,3.61,5700000000.0
2024-05-07,0.0,0.0,1.93,0.0,0.0,0.0,0.0,1.18,0.5,3.61,5700000000.0
2024-05-06,0.0,0.0,2.01,0.0,0.0,0.0,0.0,1.18,0.5,3.6899999999999995,5700000000.0
2024-05-05,0.0,0.0,2.01,0.0,0.0,0.0,0.0,1.18,0.5,3.6899999999999995,5700000000.0
2024-05-04,0.0,0.0,2.01,0.0,0.0,0.0,0.0,1.18,0.5,3.6899999999999995,5700000000.0
2024-05-03,0.0,0.0,2.01,0.0,0.0,0.0,0.0,1.18,0.5,3.6899999999999995,5700000000.0
2024-05-02,0.0,0.0,1.9,0.0,0.0,0.0,0.0,1.18,0.5,3.58,5700000000.0
2024-05-01,0.0,0.0,1.9,0.0,0.0,0.0,0.0,1.18,0.5,3.58,5700000000.0
2024-04-30,0.0,0.0,1.9,0.0,0.0,0.0,0.0,1.18,0.5,3.58,5700000000.0
2024-04-29,0.0,0.0,1.9,0.0,0.0,0.0,0.0,1.18,0.5,3.58,5700000000.0
2024-04-28,0.0,0.0,1.9,0.0,0.0,0.0,0.0,1.18,0.5,3.58,5700000000.0
2024-04-27,0.0,0.0,1.9,0.0,0.0,0.0,0.0,1.18,0.5,3.58,5700000000.0
2024-04-26,0.0,0.0,1.9,0.0,0.0,0.0,0.0,1.18,0.5,3.58,5700000000.0
2024-04-25,0.0,0.0,1.9,0.0,0.0,0.0,0.0,1.18,0.5,3.58,5700000000.0
2024-04-24,0.0,0.0,1.9,0.0,0.0,0.0,0.0,1.18,0.5,3.58,5700000000.0
2024-04-23,0.0,0.0,1.9,0.0,0.0,0.0,0.0,1.18,0.5,3.58,5700000000.0
2024-04-22,0.0,0.0,1.9,0.0,0.0,0.0,0.0,1.18,0.5,3.58,5700000000.0
2024-04-21,0.0,0.0,1.9,0.0,0.0,0.0,0.0,1.18,0.5,3.58,5700000000.0
2024-04-20,0.0,0.0,1.9,0.0,0.0,0.0,0.0,1.18,0.5,3.58,5700000000.0
2024-04-19,0.0,0.0,1.9,0.0,0.0,0.0,0.0,1.18,0.5,3.58,5700000000.0
2024-04-18,0.0,0.0,1.9,0.0,0.0,0.0,0.0,1.18,0.5,3.58,5700000000.0
2024-04-17,0.0,0.0,1.9,0.0,0.0,0.0,0.0,1.18,0.5,3.58,5700000000.0
2024-04-16,0.0,0.0,1.9,0.0,0.0,0.0,0.0,1.21,0.5,3.61,5700000000.0
2024-04-15,0.0,0.0,1.9,0.0,0.0,0.0,0.0,1.21,0.5,3.61,5700000000.0
2024-04-14,0.0,0.0,1.9,0.0,0.0,0.0,0.0,1.21,0.5,3.61,5700000000.0
2024-04-13,0.0,0.0,1.9,0.0,0.0,0.0,0.0,1.21,0.5,3.61,5700000000.0
2024-04-12,0.0,0.0,1.9,0.0,0.0,0.0,0.0,1.21,0.5,3.61,5700000000.0
2024-04-11,0.0,0.0,1.9,0.0,0.0,0.0,0.0,1.21,0.5,3.61,5700000000.0
2024-04-10,0.0,0.0,1.9,0.0,0.0,0.0,0.0,1.21,0.5,3.61,5700000000.0
2024-04-09,0.0,0.0,1.9,0.0,0.0,0.0,0.0,1.21,0.5,3.61,5700000000.0
2024-04-08,0.0,0.0,1.9,0.0,0.0,0.0,0.46,1.21,0.5,4.07,5700000000.0
2024-04-07,0.0,0.0,1.9,0.0,0.0,0.0,0.46,1.21,0.5,4.07,5700000000.0
2024-04-06,0.0,0.0,1.9,0.0,0.0,0.0,0.46,1.21,0.5,4.07,5700000000.0
2024-04-05,0.0,0.0,1.9,0.0,0.0,0.0,0.46,1.21,0.5,4.07,5700000000.0
2024-04-04,0.0,0.0,1.9,0.0,0.0,0.0,0.46,1.21,0.5,4.07,5700000000.0
2024-04-03,0.0,0.0,1.88,0.0,0.0,0.0,0.46,1.21,0.5,4.05,5700000000.0
2024-04-02,0.0,0.0,1.88,0.0,0.0,0.0,0.46,1.21,0.49,4.04,5700000000.0
2024-04-01,0.0,0.0,1.88,0.0,0.0,0.0,0.46,1.21,0.49,4.04,5700000000.0
2024-03-31,0.0,0.0,1.88,0.0,0.0,0.0,0.46,1.21,0.49,4.04,6900000000.0
2024-03-30,0.0,0.0,1.88,0.0,0.0,0.0,0.46,1.21,0.49,4.04,6900000000.0
2024-03-29,0.0,0.0,1.88,0.0,0.0,0.0,0.46,1.21,0.49,4.04,6900000000.0
2024-03-28,0.0,0.0,1.88,0.49,0.0,0.0,0.46,1.21,0.49,4.53,6900000000.0
2024-03-27,0.0,0.0,1.88,0.49,0.0,0.0,0.46,1.21,0.49,4.53,6900000000.0
2024-03-26,0.0,0.0,1.88,0.49,0.0,0.0,0.46,1.21,0.57,4.61,6900000000.0
2024-03-25,0.0,0.0,1.88,0.49,0.0,0.0,0.46,1.21,0.57,4.61,6900000000.0
2024-03-24,0.0,0.0,1.88,0.49,0.0,0.0,0.46,1.21,0.57,4.61,6900000000.0
2024-03-23,0.0,0.0,1.88,0.49,0.0,0.0,0.46,1.21,0.57,4.61,6900000000.0
2024-03-22,0.0,0.0,1.88,0.49,0.0,0.0,0.46,1.21,0.57,4.61,6900000000.0
2024-03-21,0.0,0.0,1.88,0.49,0.0,0.0,0.46,1.21,0.57,4.61,6900000000.0
2024-03-20,0.0,0.0,1.95,0.49,0.0,0.0,0.46,1.19,0.57,4.66,6900000000.0
2024-03-19,0.0,0.0,1.95,0.49,0.0,0.0,0.46,1.19,0.57,4.66,6900000000.0
2024-03-18,0.0,0.0,1.95,0.49,0.0,0.0,0.46,1.19,0.57,4.66,6900000000.0
2024-03-17,0.0,0.0,1.95,0.49,0.0,0.0,0.46,1.35,0.57,4.82,6900000000.0
2024-03-16,0.0,0.0,1.95,0.49,0.0,0.0,0.46,1.35,0.57,4.82,6900000000.0
2024-03-15,0.0,0.0,1.95,0.49,0.0,0.0,0.46,1.35,0.57,4.82,6900000000.0
2024-03-14,0.0,0.0,1.95,0.49,0.0,0.0,0.46,1.35,0.57,4.82,6900000000.0
2024-03-13,0.0,0.0,1.95,0.49,0.0,0.0,0.46,1.35,0.57,4.82,6900000000.0
2024-03-12,0.0,0.0,2.64,0.49,0.0,0.0,0.46,1.2,0.57,5.36,6900000000.0
2024-03-11,0.0,0.0,2.64,0.49,0.0,0.0,0.46,1.2,0.57,5.36,6900000000.0
2024-03-10,0.0,0.0,2.64,0.49,0.0,0.0,0.46,1.2,0.57,5.36,6900000000.0
2024-03-09,0.0,0.0,2.64,0.49,0.0,0.0,0.46,1.2,0.57,5.36,6900000000.0
2024-03-08,0.0,0.0,2.64,0.49,0.0,0.0,0.46,1.2,0.57,5.36,6900000000.0
2024-03-07,0.0,0.0,2.64,0.49,0.0,0.0,0.46,1.2,0.57,5.36,6900000000.0
2024-03-06,0.0,0.0,2.64,0.49,0.0,0.0,0.46,1.2,0.57,5.36,6900000000.0
2024-03-05,0.0,0.0,2.64,0.49,0.0,0.0,0.46,1.2,0.57,5.36,6900000000.0
2024-03-04,0.0,0.0,2.64,0.49,0.0,0.0,0.46,1.2,0.57,5.36,6900000000.0
2024-03-03,0.0,0.0,2.64,0.49,0.0,0.0,0.46,1.2,0.57,5.36,6900000000.0
2024-03-02,0.0,0.0,2.64,0.49,0.0,0.0,0.46,1.2,0.57,5.36,6900000000.0
2024-03-01,0.0,0.0,2.64,0.49,0.0,0.0,0.46,1.2,0.57,5.36,6900000000.0
2024-02-29,0.0,0.0,2.64,0.49,0.0,0.0,0.46,1.2,0.57,5.36,6900000000.0
2024-02-28,0.0,0.0,2.64,0.49,0.0,0.0,0.46,1.2,0.57,5.36,6900000000.0
2024-02-27,0.0,0.0,2.64,0.49,0.0,0.0,0.46,1.2,0.57,5.36,6900000000.0
2024-02-26,0.0,0.0,2.64,0.49,0.0,0.0,0.46,1.2,0.57,5.36,6900000000.0
2024-02-25,0.0,0.0,2.64,0.49,0.0,0.0,0.46,1.2,0.57,5.36,6900000000.0
2024-02-24,0.0,0.0,2.64,0.49,0.0,0.0,0.46,1.2,0.57,5.36,6900000000.0
2024-02-23,0.0,0.0,2.64,0.49,0.0,0.0,0.46,1.2,0.57,5.36,6900000000.0
2024-02-22,0.0,0.0,2.5,0.49,0.0,0.0,0.46,1.2,0.57,5.220000000000001,6900000000.0
2024-02-21,0.0,0.0,2.42,0.49,0.0,0.0,0.46,1.2,0.57,5.140000000000001,6900000000.0
2024-02-20,0.0,0.0,2.42,0.49,0.0,0.0,0.46,1.2,0.57,5.140000000000001,6900000000.0
2024-02-19,0.0,0.0,2.42,0.49,0.0,0.0,0.46,1.2,0.57,5.140000000000001,6900000000.0
2024-02-18,0.0,0.0,2.42,0.49,0.0,0.0,0.46,1.2,0.57,5.140000000000001,6900000000.0
2024-02-17,0.0,0.0,2.42,0.49,0.0,0.0,0.46,1.2,0.57,5.140000000000001,6900000000.0
2024-02-16,0.0,0.0,2.42,0.49,0.0,0.0,0.46,1.2,0.57,5.140000000000001,6900000000.0
2024-02-15,0.0,0.0,2.42,0.49,0.0,0.0,0.46,1.2,0.57,5.140000000000001,6900000000.0
2024-02-14,0.0,0.0,2.42,0.49,0.0,0.0,0.46,1.2,0.57,5.140000000000001,6900000000.0
2024-02-13,0.0,0.0,2.42,0.49,0.0,0.0,0.46,1.2,0.57,5.140000000000001,6900000000.0
2024-02-12,0.0,0.0,2.42,0.49,0.0,0.0,0.46,1.2,0.57,5.140000000000001,6900000000.0
2024-02-11,0.0,0.0,2.42,0.49,0.0,0.0,0.46,1.2,0.61,5.180000000000001,6900000000.0
2024-02-10,0.0,0.0,2.42,0.49,0.0,0.0,0.46,1.2,0.61,5.180000000000001,6900000000.0
2024-02-09,0.0,0.0,2.42,0.49,0.0,0.0,0.46,1.2,0.61,5.180000000000001,6900000000.0
2024-02-08,0.0,0.0,2.42,0.49,0.0,0.0,0.46,1.2,0.61,5.180000000000001,6900000000.0
2024-02-07,0.0,0.0,2.42,0.49,0.0,0.0,0.46,1.2,0.61,5.180000000000001,6900000000.0
2024-02-06,0.0,0.0,2.42,0.49,0.0,0.0,0.46,1.2,0.61,5.180000000000001,6900000000.0
2024-02-05,0.0,0.0,2.34,0.49,0.0,0.0,0.46,1.2,0.61,5.1000000000000005,6900000000.0
2024-02-04,0.0,0.0,2.34,0.49,0.0,0.0,0.46,1.2,0.59,5.08,6900000000.0
2024-02-03,0.0,0.0,2.34,0.49,0.0,0.0,0.46,1.2,0.59,5.08,6900000000.0
2024-02-02,0.0,0.0,2.34,0.49,0.0,0.0,0.46,1.2,0.59,5.08,6900000000.0
2024-02-01,0.0,0.0,2.34,0.49,0.0,0.0,0.46,1.2,0.59,5.08,6900000000.0
2024-01-31,0.0,0.0,2.28,0.49,0.0,0.0,0.46,1.2,0.59,5.02,6900000000.0
2024-01-30,0.0,0.0,2.28,0.49,0.0,0.0,0.46,1.1,0.59,4.92,6900000000.0
2024-01-29,0.0,0.0,2.28,0.49,0.0,0.0,0.46,1.1,0.59,4.92,6900000000.0
2024-01-28,0.0,0.0,2.28,0.49,0.0,0.0,0.46,1.1,0.59,4.92,6900000000.0
2024-01-27,0.0,0.0,2.28,0.49,0.0,0.0,0.46,1.1,0.59,4.92,6900000000.0
2024-01-26,0.0,0.0,2.28,0.49,0.0,0.0,0.46,1.1,0.59,4.92,6900000000.0
2024-01-25,0.0,0.0,2.28,0.49,0.0,0.0,0.46,1.1,0.59,4.92,6900000000.0
2024-01-24,0.0,0.0,2.38,0.49,0.0,0.0,0.46,1.1,0.59,5.02,6900000000.0
2024-01-23,0.0,0.0,2.38,0.49,0.0,0.0,0.46,1.1,0.6,5.029999999999999,6900000000.0
2024-01-22,0.0,0.0,2.43,0.49,0.0,0.0,0.46,1.1,0.6,5.08,6900000000.0
2024-01-21,0.0,0.0,2.43,0.49,0.0,0.0,0.46,1.1,0.6,5.08,6900000000.0
2024-01-20,0.0,0.0,2.43,0.49,0.0,0.0,0.46,1.1,0.6,5.08,6900000000.0
2024-01-19,0.0,0.0,2.43,0.49,0.0,0.0,0.46,1.1,0.6,5.08,6900000000.0
2024-01-18,0.0,0.0,2.43,0.49,0.0,0.0,0.46,1.1,0.6,5.08,6900000000.0
2024-01-17,0.0,0.0,2.34,0.49,0.0,0.0,0.46,1.1,0.6,4.99,6900000000.0
2024-01-16,0.0,0.0,2.29,0.49,0.0,0.0,0.46,1.1,0.6,4.9399999999999995,6900000000.0
2024-01-15,0.0,0.0,2.29,0.49,0.0,0.0,0.46,1.1,0.5,4.84,6900000000.0
2024-01-14,0.0,0.0,2.32,0.49,0.0,0.0,0.46,1.1,0.5,4.869999999999999,6900000000.0
2024-01-13,0.0,0.0,2.32,0.49,0.0,0.0,0.46,1.1,0.5,4.869999999999999,6900000000.0
2024-01-12,0.0,0.0,2.32,0.49,0.0,0.0,0.46,1.1,0.5,4.869999999999999,6900000000.0
2024-01-11,0.0,0.0,2.25,0.49,0.0,0.0,0.46,1.1,0.5,4.800000000000001,6900000000.0
2024-01-10,0.0,0.0,2.14,0.49,0.0,0.0,0.46,1.1,0.5,4.6899999999999995,6900000000.0
2024-01-09,0.0,0.0,2.06,0.49,0.0,0.0,0.46,1.1,0.5,4.609999999999999,6900000000.0
2024-01-08,0.0,0.0,2.06,0.49,0.0,0.0,0.46,1.1,0.5,4.609999999999999,6900000000.0
2024-01-07,0.0,0.0,2.06,0.49,0.0,0.0,0.46,1.1,0.5,4.609999999999999,6900000000.0
2024-01-06,0.0,0.0,2.06,0.49,0.0,0.0,0.46,1.1,0.5,4.609999999999999,6900000000.0
2024-01-05,0.0,0.0,2.06,0.49,0.0,0.0,0.46,1.1,0.5,4.609999999999999,6900000000.0
2024-01-04,0.0,0.0,1.97,0.49,0.0,0.0,0.46,1.1,0.5,4.52,6900000000.0
2024-01-03,0.0,0.0,1.81,0.49,0.0,0.0,0.46,1.1,0.5,4.359999999999999,6900000000.0
2024-01-02,0.0,0.0,1.81,0.49,0.0,0.0,0.46,1.1,0.48,4.34,6900000000.0
2024-01-01,0.0,0.0,1.81,0.49,0.0,0.0,0.46,1.1,0.48,4.34,6900000000.0
2023-12-31,0.0,0.0,1.81,0.49,0.0,0.0,0.46,1.1,0.48,4.34,5550000000.0
2023-12-30,0.0,0.0,1.81,0.49,0.0,0.0,0.46,1.1,0.48,4.34,5550000000.0
2023-12-29,0.0,0.0,1.81,0.49,0.0,0.0,0.46,1.1,0.48,4.34,5550000000.0
2023-12-28,0.0,0.0,1.81,0.49,0.0,0.0,0.46,1.1,0.48,4.34,5550000000.0
2023-12-27,0.0,0.0,1.72,0.49,0.0,0.0,0.46,1.1,0.48,4.25,5550000000.0
2023-12-26,0.0,0.0,1.72,0.49,0.0,0.0,0.46,1.1,0.48,4.25,5550000000.0
2023-12-25,0.0,0.0,1.72,0.49,0.0,0.0,0.46,1.1,0.48,4.25,5550000000.0
2023-12-24,0.0,0.0,1.72,0.49,0.0,0.0,0.46,1.1,0.48,4.25,5550000000.0
2023-12-23,0.0,0.0,1.72,0.49,0.0,0.0,0.46,1.1,0.48,4.25,5550000000.0
2023-12-22,0.0,0.0,1.72,0.49,0.0,0.0,0.46,1.1,0.48,4.25,5550000000.0
2023-12-21,0.0,0.0,1.72,0.49,0.0,0.0,0.46,1.1,0.48,4.25,5550000000.0
2023-12-20,0.0,0.0,1.72,0.49,0.0,0.0,0.46,1.1,0.48,4.25,5550000000.0
2023-12-19,0.0,0.0,1.72,0.49,0.0,0.0,0.46,1.1,0.48,4.25,5550000000.0
2023-12-18,0.0,0.0,1.72,0.49,0.0,0.0,0.46,1.1,0.58,4.35,5550000000.0
2023-12-17,0.0,0.0,1.69,0.49,0.0,0.0,0.46,1.1,0.58,4.319999999999999,5550000000.0
2023-12-16,0.0,0.0,1.69,0.49,0.0,0.0,0.46,1.1,0.58,4.319999999999999,5550000000.0
2023-12-15,0.0,0.0,1.69,0.49,0.0,0.0,0.46,1.1,0.58,4.319999999999999,5550000000.0
2023-12-14,0.0,0.0,1.72,0.49,0.0,0.0,0.46,1.1,0.58,4.35,5550000000.0
2023-12-13,0.0,0.0,1.72,0.49,0.0,0.0,0.46,1.1,0.58,4.35,5550000000.0
2023-12-12,0.0,0.0,1.72,0.49,0.0,0.0,0.46,1.1,0.58,4.35,5550000000.0
2023-12-11,0.0,0.0,1.72,0.49,0.0,0.0,0.46,1.1,0.58,4.35,5550000000.0
2023-12-10,0.0,0.0,1.72,0.49,0.0,0.0,0.46,1.1,0.58,4.35,5550000000.0
2023-12-09,0.0,0.0,1.72,0.49,0.0,0.0,0.46,1.1,0.58,4.35,5550000000.0
2023-12-08,0.0,0.0,1.72,0.49,0.0,0.0,0.46,1.1,0.58,4.35,5550000000.0
2023-12-07,0.0,0.0,1.72,0.49,0.0,0.0,0.55,1.1,0.58,4.4399999999999995,5550000000.0
2023-12-06,0.0,0.0,1.72,0.49,0.0,0.0,0.55,1.1,0.58,4.4399999999999995,5550000000.0
2023-12-05,0.0,0.0,1.69,0.49,0.0,0.0,0.55,1.1,0.58,4.409999999999999,5550000000.0
2023-12-04,0.0,0.0,1.69,0.49,0.0,0.0,0.55,1.1,0.58,4.409999999999999,5550000000.0
2023-12-03,0.0,0.0,1.79,0.49,0.0,0.0,0.55,1.1,0.58,4.51,5550000000.0
2023-12-02,0.0,0.0,1.79,0.49,0.0,0.0,0.55,1.1,0.58,4.51,5550000000.0
2023-12-01,0.0,0.0,1.79,0.49,0.0,0.0,0.55,1.1,0.58,4.51,5550000000.0
2023-11-30,0.0,0.0,1.79,0.49,0.0,0.0,0.55,1.02,0.58,4.43,5550000000.0
2023-11-29,0.0,0.0,1.79,0.49,0.0,0.0,0.55,1.02,0.58,4.43,5550000000.0
2023-11-28,0.0,0.0,1.79,0.49,0.0,0.0,0.55,1.02,0.58,4.43,5550000000.0
2023-11-27,0.0,0.0,1.79,0.49,0.0,0.0,0.55,1.02,0.58,4.43,5550000000.0
2023-11-26,0.0,0.0,1.79,0.59,0.0,0.0,0.55,1.02,0.58,4.529999999999999,5550000000.0
2023-11-25,0.0,0.0,1.79,0.59,0.0,0.0,0.55,1.02,0.58,4.529999999999999,5550000000.0
2023-11-24,0.0,0.0,1.79,0.59,0.0,0.0,0.55,1.02,0.58,4.529999999999999,5550000000.0
2023-11-23,0.0,0.0,1.79,0.59,0.0,0.0,0.55,1.02,0.58,4.529999999999999,5550000000.0
2023-11-22,0.0,0.0,1.79,0.59,0.0,0.0,0.55,1.02,0.58,4.529999999999999,5550000000.0
2023-11-21,0.0,0.0,1.79,0.59,0.0,0.0,0.55,1.02,0.58,4.529999999999999,5550000000.0
2023-11-20,0.0,0.0,1.79,0.59,0.0,0.0,0.55,1.02,0.58,4.529999999999999,5550000000.0
2023-11-19,0.0,0.0,1.79,0.59,0.0,0.0,0.55,1.02,0.58,4.529999999999999,5550000000.0
2023-11-18,0.0,0.0,1.79,0.59,0.0,0.0,0.55,1.02,0.58,4.529999999999999,5550000000.0
2023-11-17,0.0,0.0,1.79,0.59,0.0,0.0,0.55,1.02,0.58,4.529999999999999,5550000000.0
2023-11-16,0.0,0.0,1.79,0.59,0.0,0.0,0.55,1.02,0.69,4.64,5550000000.0
2023-11-15,0.0,0.0,1.79,0.68,0.0,0.0,0.55,1.02,0.69,4.73,5550000000.0
2023-11-14,0.0,0.0,1.91,0.68,0.0,0.0,0.55,1.02,0.69,4.85,5550000000.0
2023-11-13,0.0,0.0,1.81,0.68,0.0,0.0,0.55,1.02,0.78,4.840000000000001,5550000000.0
2023-11-12,0.0,0.0,1.81,0.68,0.0,0.0,0.55,1.02,0.78,4.840000000000001,5550000000.0
2023-11-11,0.0,0.0,1.81,0.68,0.0,0.0,0.55,1.02,0.78,4.840000000000001,5550000000.0
2023-11-10,0.0,0.0,1.81,0.68,0.0,0.0,0.55,1.02,0.78,4.840000000000001,5550000000.0
2023-11-09,0.0,0.0,1.81,0.68,0.0,0.0,0.55,1.02,0.78,4.840000000000001,5550000000.0
2023-11-08,0.0,0.0,1.81,0.68,0.0,0.0,0.55,1.02,0.78,4.840000000000001,5550000000.0
2023-11-07,0.0,0.0,1.71,0.68,0.0,0.0,0.55,1.02,0.78,4.74,5550000000.0
2023-11-06,0.0,0.0,1.71,0.71,0.0,0.0,0.55,1.02,0.8,4.79,5550000000.0
2023-11-05,0.0,0.0,1.71,0.71,0.0,0.0,0.55,1.02,0.8,4.79,5550000000.0
2023-11-04,0.0,0.0,1.71,0.71,0.0,0.0,0.55,1.02,0.8,4.79,5550000000.0
2023-11-03,0.0,0.0,1.71,0.71,0.0,0.0,0.55,1.02,0.8,4.79,5550000000.0
2023-11-02,0.0,0.0,1.71,0.69,0.0,0.0,0.55,1.02,0.8,4.7700000000000005,5550000000.0
2023-11-01,0.0,0.0,1.51,0.7,0.0,0.0,0.55,1.02,0.8,4.58,5550000000.0
2023-10-31,0.0,0.0,1.51,0.7,0.0,0.0,0.62,1.02,0.8,4.65,5550000000.0
2023-10-30,0.0,0.0,1.51,0.7,0.0,0.0,0.62,1.02,0.8,4.65,5550000000.0
2023-10-29,0.0,0.0,1.44,0.7,0.0,0.0,0.62,1.02,0.8,4.58,5550000000.0
2023-10-28,0.0,0.0,1.44,0.7,0.0,0.0,0.62,1.02,0.8,4.58,5550000000.0
2023-10-27,0.0,0.0,1.44,0.7,0.0,0.0,0.62,1.02,0.8,4.58,5550000000.0
2023-10-26,0.0,0.0,1.44,0.7,0.0,0.0,0.62,1.02,0.8,4.58,5550000000.0
2023-10-25,0.0,0.0,1.34,0.7,0.0,0.0,0.62,1.02,0.8,4.48,5550000000.0
2023-10-24,0.0,0.0,1.21,0.7,0.0,0.0,0.62,1.02,0.8,4.35,5550000000.0
2023-10-23,0.0,0.0,1.1,0.7,0.0,0.0,0.62,1.02,0.8,4.24,5550000000.0
2023-10-22,0.0,0.0,1.1,0.6,0.0,0.0,0.62,1.02,0.8,4.140000000000001,5550000000.0
2023-10-21,0.0,0.0,1.1,0.6,0.0,0.0,0.62,1.02,0.8,4.140000000000001,5550000000.0
2023-10-20,0.0,0.0,1.1,0.6,0.0,0.0,0.62,1.02,0.8,4.140000000000001,5550000000.0
2023-10-19,0.0,0.0,1.1,0.6,0.0,0.0,0.62,0.8,0.8,3.92,5550000000.0
2023-10-18,0.0,0.0,1.1,0.6,0.0,0.0,0.62,0.8,0.8,3.92,5550000000.0
2023-10-17,0.0,0.0,1.0,0.6,0.0,0.0,0.62,0.8,0.8,3.8200000000000003,5550000000.0
2023-10-16,0.0,0.0,1.0,0.6,0.0,0.0,0.62,0.8,0.8,3.8200000000000003,5550000000.0
2023-10-15,0.0,0.0,1.0,0.6,0.0,0.0,0.62,0.8,0.8,3.8200000000000003,5550000000.0
2023-10-14,0.0,0.0,1.0,0.6,0.4,0.0,0.62,0.8,0.8,4.22,5550000000.0
2023-10-13,0.0,0.0,1.0,0.6,0.4,0.0,0.62,0.8,0.8,4.22,5550000000.0
2023-10-12,0.0,0.0,1.0,0.6,0.4,0.0,0.62,0.8,0.8,4.22,5550000000.0
2023-10-11,0.0,0.0,1.0,0.6,0.4,0.0,0.7,0.8,0.8,4.3,5550000000.0
2023-10-10,0.0,0.0,1.0,0.59,0.4,0.0,0.7,0.8,0.8,4.289999999999999,5550000000.0
2023-10-09,0.0,0.0,1.0,0.6,0.4,0.0,0.7,0.8,0.8,4.3,5550000000.0
2023-10-08,0.0,0.0,1.0,0.52,0.4,0.0,0.7,0.8,0.8,4.22,5550000000.0
2023-10-07,0.0,0.0,1.0,0.52,0.4,0.0,0.7,0.8,0.8,4.22,5550000000.0
2023-10-06,0.0,0.0,1.0,0.52,0.4,0.0,0.7,0.8,0.8,4.22,5550000000.0
2023-10-05,0.0,0.0,1.0,0.52,0.4,0.0,0.7,0.8,0.8,4.22,5550000000.0
2023-10-04,0.0,0.0,1.0,0.52,0.4,0.0,0.7,0.8,0.8,4.22,5550000000.0
2023-10-03,0.0,0.0,0.96,0.52,0.4,0.0,0.7,0.8,0.7,4.08,5550000000.0
2023-10-02,0.0,0.0,0.8,0.52,0.4,0.0,0.68,0.8,0.7,3.9000000000000004,5550000000.0
2023-10-01,0.0,0.0,0.8,0.52,0.4,0.0,0.68,0.8,0.7,3.9000000000000004,5550000000.0
2023-09-30,0.0,0.0,0.8,0.52,0.4,0.0,0.68,0.8,0.7,3.9000000000000004,5550000000.0
2023-09-29,0.0,0.0,0.8,0.52,0.4,0.0,0.68,0.8,0.7,3.9000000000000004,5550000000.0
2023-09-28,0.0,0.0,0.8,0.49,0.4,0.0,0.68,0.8,0.7,3.87,5550000000.0
2023-09-27,0.0,0.0,0.8,0.49,0.4,0.0,0.7,0.8,0.61,3.7999999999999994,5550000000.0
2023-09-26,0.0,0.0,0.8,0.49,0.4,0.0,0.7,0.8,0.61,3.7999999999999994,5550000000.0
2023-09-25,0.0,0.0,0.8,0.49,0.4,0.0,0.7,0.8,0.61,3.7999999999999994,5550000000.0
2023-09-24,0.0,0.0,0.8,0.49,0.4,0.0,0.7,0.8,0.51,3.6999999999999993,5550000000.0
2023-09-23,0.0,0.0,0.8,0.49,0.4,0.0,0.7,0.8,0.51,3.6999999999999993,5550000000.0
2023-09-22,0.0,0.0,0.8,0.49,0.4,0.0,0.7,0.8,0.51,3.6999999999999993,5550000000.0
2023-09-21,0.0,0.0,0.72,0.49,0.4,0.0,0.7,0.8,0.51,3.619999999999999,5550000000.0
2023-09-20,0.0,0.0,0.72,0.49,0.4,0.0,0.7,0.8,0.51,3.619999999999999,5550000000.0
2023-09-19,0.0,0.0,0.72,0.49,0.4,0.0,0.7,0.8,0.51,3.619999999999999,5550000000.0
2023-09-18,0.0,0.0,0.6,0.49,0.4,0.0,0.7,0.8,0.51,3.499999999999999,5550000000.0
2023-09-17,0.0,0.0,0.6,0.49,0.4,0.38,0.7,0.8,0.0,3.369999999999999,5550000000.0
2023-09-16,0.0,0.0,0.6,0.49,0.4,0.38,0.7,0.8,0.0,3.369999999999999,5550000000.0
2023-09-15,0.0,0.0,0.6,0.49,0.4,0.38,0.7,0.8,0.0,3.369999999999999,5550000000.0
2023-09-14,0.0,0.0,0.6,0.49,0.4,0.38,0.7,0.8,0.0,3.369999999999999,5550000000.0
2023-09-13,0.0,0.0,0.6,0.49,0.4,0.38,0.7,0.8,0.0,3.369999999999999,5550000000.0
2023-09-12,0.0,0.0,0.59,0.49,0.4,0.38,0.7,0.8,0.0,3.3599999999999994,5550000000.0
2023-09-11,0.0,0.0,0.59,0.49,0.4,0.38,0.7,0.8,0.0,3.3599999999999994,5550000000.0
2023-09-10,0.0,0.0,0.59,0.49,0.4,0.38,0.7,0.8,0.0,3.3599999999999994,5550000000.0
2023-09-09,0.0,0.0,0.59,0.49,0.4,0.38,0.7,0.8,0.0,3.3599999999999994,5550000000.0
2023-09-08,0.0,0.0,0.59,0.49,0.4,0.38,0.7,0.8,0.0,3.3599999999999994,5550000000.0
2023-09-07,0.0,0.0,0.59,0.49,0.4,0.38,0.7,0.8,0.0,3.3599999999999994,5550000000.0
2023-09-06,0.0,0.0,0.59,0.49,0.4,0.38,0.62,0.8,0.0,3.2800000000000002,5550000000.0
2023-09-05,0.0,0.0,0.59,0.49,0.4,0.38,0.62,0.8,0.0,3.2800000000000002,5550000000.0
2023-09-04,0.0,0.0,0.59,0.49,0.4,0.38,0.62,0.8,0.0,3.2800000000000002,5550000000.0
2023-09-03,0.0,0.0,0.59,0.49,0.4,0.38,0.62,0.8,0.0,3.2800000000000002,5550000000.0
2023-09-02,0.0,0.0,0.59,0.49,0.4,0.38,0.62,0.8,0.0,3.2800000000000002,5550000000.0
2023-09-01,0.0,0.0,0.59,0.49,0.4,0.38,0.62,0.8,0.0,3.2800000000000002,5550000000.0
2023-08-31,0.0,0.0,0.66,0.49,0.4,0.38,0.62,0.8,0.0,3.3499999999999996,5550000000.0
2023-08-30,0.0,0.0,0.66,0.49,0.4,0.38,0.62,0.8,0.0,3.3499999999999996,5550000000.0
2023-08-29,0.0,0.0,0.66,0.49,0.4,0.38,0.62,0.8,0.0,3.3499999999999996,5550000000.0
2023-08-28,0.0,0.0,0.66,0.49,0.4,0.38,0.62,0.8,0.0,3.3499999999999996,5550000000.0
2023-08-27,0.0,0.0,0.66,0.49,0.4,0.38,0.62,0.8,0.0,3.3499999999999996,5550000000.0
2023-08-26,0.0,0.0,0.66,0.49,0.4,0.38,0.62,0.8,0.0,3.3499999999999996,5550000000.0
2023-08-25,0.0,0.0,0.66,0.49,0.4,0.38,0.62,0.8,0.0,3.3499999999999996,5550000000.0
2023-08-24,0.0,0.0,0.66,0.49,0.4,0.38,0.62,0.8,0.0,3.3499999999999996,5550000000.0
2023-08-23,0.0,0.0,0.66,0.49,0.4,0.38,0.62,0.8,0.0,3.3499999999999996,5550000000.0
2023-08-22,0.0,0.0,0.66,0.49,0.4,0.38,0.62,0.8,0.0,3.3499999999999996,5550000000.0
2023-08-21,0.0,0.0,0.66,0.49,0.4,0.38,0.62,0.8,0.0,3.3499999999999996,5550000000.0
2023-08-20,0.0,0.0,0.66,0.49,0.4,0.38,0.62,0.8,0.0,3.3499999999999996,5550000000.0
2023-08-19,0.0,0.0,0.66,0.49,0.4,0.38,0.62,0.8,0.0,3.3499999999999996,5550000000.0
2023-08-18,0.0,0.0,0.66,0.49,0.4,0.38,0.62,0.8,0.0,3.3499999999999996,5550000000.0
2023-08-17,0.0,0.0,0.66,0.59,0.4,0.38,0.62,0.8,0.0,3.45,5550000000.0
2023-08-16,0.0,0.0,0.66,0.59,0.4,0.38,0.62,0.8,0.0,3.45,5550000000.0
2023-08-15,0.0,0.0,0.66,0.59,0.4,0.38,0.62,0.8,0.0,3.45,5550000000.0
2023-08-14,0.0,0.0,0.66,0.59,0.4,0.38,0.62,0.8,0.0,3.45,5550000000.0
2023-08-13,0.0,0.0,0.66,0.59,0.4,0.38,0.62,0.8,0.0,3.45,5550000000.0
2023-08-12,0.0,0.0,0.66,0.59,0.4,0.38,0.62,0.8,0.0,3.45,5550000000.0
2023-08-11,0.0,0.0,0.66,0.59,0.4,0.38,0.62,0.8,0.0,3.45,5550000000.0
2023-08-10,0.0,0.0,0.66,0.59,0.4,0.38,0.62,0.8,0.0,3.45,5550000000.0
2023-08-09,0.0,0.0,0.66,0.59,0.4,0.38,0.62,0.8,0.0,3.45,5550000000.0
2023-08-08,0.0,0.0,0.66,0.59,0.4,0.38,0.62,0.8,0.0,3.45,5550000000.0
2023-08-07,0.0,0.0,0.66,0.59,0.4,0.38,0.62,0.8,0.0,3.45,5550000000.0
2023-08-06,0.0,0.0,0.66,0.61,0.4,0.38,0.62,0.8,0.0,3.4699999999999998,5550000000.0
2023-08-05,0.0,0.0,0.66,0.61,0.4,0.38,0.62,0.8,0.0,3.4699999999999998,5550000000.0
2023-08-04,0.0,0.0,0.66,0.61,0.4,0.38,0.62,0.8,0.0,3.4699999999999998,5550000000.0
2023-08-03,0.0,0.0,0.71,0.61,0.4,0.38,0.59,0.8,0.0,3.4899999999999993,5550000000.0
2023-08-02,0.0,0.0,0.69,0.61,0.4,0.38,0.59,0.73,0.0,3.3999999999999995,5550000000.0
2023-08-01,0.0,0.0,0.69,0.61,0.4,0.38,0.59,0.73,0.0,3.3999999999999995,5550000000.0
2023-07-31,0.0,0.0,0.69,0.61,0.4,0.38,0.59,0.73,0.0,3.3999999999999995,5550000000.0
2023-07-30,0.0,0.0,0.69,0.61,0.4,0.38,0.59,0.73,0.0,3.3999999999999995,5550000000.0
2023-07-29,0.0,0.0,0.69,0.61,0.4,0.38,0.59,0.73,0.0,3.3999999999999995,5550000000.0
2023-07-28,0.0,0.0,0.69,0.61,0.4,0.38,0.59,0.73,0.0,3.3999999999999995,5550000000.0
2023-07-27,0.0,0.0,0.69,0.61,0.4,0.38,0.59,0.73,0.0,3.3999999999999995,5550000000.0
2023-07-26,0.0,0.0,0.69,0.61,0.4,0.38,0.59,0.73,0.0,3.3999999999999995,5550000000.0
2023-07-25,0.0,0.0,0.69,0.61,0.4,0.38,0.59,0.73,0.0,3.3999999999999995,5550000000.0
2023-07-24,0.0,0.0,0.69,0.61,0.4,0.38,0.67,0.73,0.0,3.4799999999999995,5550000000.0
2023-07-23,0.0,0.0,0.69,0.61,0.4,0.38,0.67,0.73,0.0,3.4799999999999995,5550000000.0
2023-07-22,0.0,0.0,0.69,0.61,0.4,0.38,0.67,0.73,0.0,3.4799999999999995,5550000000.0
2023-07-21,0.0,0.0,0.69,0.61,0.4,0.38,0.67,0.73,0.0,3.4799999999999995,5550000000.0
2023-07-20,0.0,0.0,0.69,0.61,0.4,0.38,0.67,0.73,0.0,3.4799999999999995,5550000000.0
2023-07-19,0.0,0.0,0.69,0.61,0.4,0.38,0.67,0.73,0.0,3.4799999999999995,5550000000.0
2023-07-18,0.0,0.0,0.69,0.61,0.4,0.38,0.67,0.73,0.0,3.4799999999999995,5550000000.0
2023-07-17,0.0,0.0,0.69,0.61,0.4,0.38,0.67,0.73,0.0,3.4799999999999995,5550000000.0
2023-07-16,0.0,0.0,0.71,0.61,0.4,0.38,0.67,0.73,0.0,3.4999999999999996,5550000000.0
2023-07-15,0.0,0.0,0.71,0.61,0.4,0.38,0.67,0.73,0.0,3.4999999999999996,5550000000.0
2023-07-14,0.0,0.0,0.71,0.61,0.4,0.38,0.67,0.73,0.0,3.4999999999999996,5550000000.0
2023-07-13,0.0,0.0,0.71,0.61,0.4,0.38,0.67,0.73,0.0,3.4999999999999996,5550000000.0
2023-07-12,0.0,0.0,0.71,0.61,0.4,0.38,0.67,0.73,0.0,3.4999999999999996,5550000000.0
2023-07-11,0.0,0.0,0.82,0.61,0.4,0.38,0.67,0.73,0.0,3.61,5550000000.0
2023-07-10,0.0,0.0,0.82,0.61,0.4,0.38,0.67,0.73,0.0,3.61,5550000000.0
2023-07-09,0.0,0.0,0.82,0.61,0.4,0.38,0.67,0.73,0.0,3.61,5550000000.0
2023-07-08,0.0,0.0,0.82,0.61,0.4,0.38,0.67,0.73,0.0,3.61,5550000000.0
2023-07-07,0.0,0.0,0.82,0.61,0.4,0.38,0.67,0.73,0.0,3.61,5550000000.0
2023-07-06,0.0,0.0,0.82,0.61,0.4,0.38,0.67,0.73,0.0,3.61,5550000000.0
2023-07-05,0.0,0.0,0.73,0.61,0.4,0.38,0.67,0.73,0.0,3.5199999999999996,5550000000.0
2023-07-04,0.0,0.0,0.73,0.61,0.4,0.38,0.67,0.73,0.0,3.5199999999999996,5550000000.0
2023-07-03,0.0,0.0,0.73,0.61,0.4,0.38,0.67,0.6,0.0,3.3899999999999997,5550000000.0
2023-07-02,0.0,0.0,0.73,0.61,0.4,0.38,0.67,0.6,0.0,3.3899999999999997,5550000000.0
2023-07-01,0.0,0.0,0.73,0.61,0.4,0.38,0.67,0.6,0.0,3.3899999999999997,5550000000.0
2023-06-30,0.0,0.0,0.73,0.61,0.4,0.38,0.67,0.6,0.0,3.3899999999999997,5550000000.0
2023-06-29,0.0,0.0,0.73,0.61,0.4,0.38,0.61,0.6,0.0,3.3299999999999996,5550000000.0
2023-06-28,0.0,0.0,0.73,0.61,0.4,0.38,0.61,0.6,0.0,3.3299999999999996,5550000000.0
2023-06-27,0.0,0.0,0.63,0.61,0.4,0.38,0.61,0.6,0.0,3.23,5550000000.0
2023-06-26,0.0,0.0,0.63,0.61,0.4,0.38,0.61,0.6,0.0,3.23,5550000000.0
2023-06-25,0.0,0.0,0.63,0.61,0.4,0.38,0.61,0.6,0.0,3.23,5550000000.0
2023-06-24,0.0,0.0,0.63,0.61,0.4,0.38,0.61,0.6,0.0,3.23,5550000000.0
2023-06-23,0.0,0.0,0.63,0.61,0.4,0.38,0.61,0.6,0.0,3.23,5550000000.0
2023-06-22,0.0,0.0,0.5,0.61,0.4,0.38,0.61,0.51,0.0,3.01,5550000000.0
2023-06-21,0.0,0.0,0.5,0.61,0.4,0.38,0.61,0.51,0.0,3.01,5550000000.0
2023-06-20,0.0,0.0,0.5,0.61,0.4,0.38,0.61,0.51,0.0,3.01,5550000000.0
2023-06-19,0.0,0.0,0.5,0.61,0.4,0.38,0.61,0.0,0.0,2.4999999999999996,5550000000.0
2023-06-18,0.0,0.0,0.5,0.61,0.4,0.38,0.61,0.0,0.0,2.4999999999999996,5550000000.0
2023-06-17,0.0,0.0,0.5,0.61,0.4,0.38,0.61,0.0,0.0,2.4999999999999996,5550000000.0
2023-06-16,0.0,0.0,0.5,0.61,0.4,0.38,0.61,0.0,0.0,2.4999999999999996,5550000000.0
2023-06-15,0.0,0.0,0.5,0.5,0.4,0.38,0.61,0.0,0.0,2.3899999999999997,5550000000.0
2023-06-14,0.0,0.0,0.5,0.5,0.4,0.38,0.61,0.0,0.0,2.3899999999999997,5550000000.0
2023-06-13,0.0,0.0,0.49,0.5,0.59,0.38,0.61,0.0,0.0,2.57,5550000000.0
2023-06-12,0.0,0.0,0.49,0.5,0.59,0.38,0.61,0.0,0.0,2.57,5550000000.0
2023-06-11,0.0,0.0,0.49,0.5,0.67,0.38,0.61,0.0,0.0,2.65,5550000000.0
2023-06-10,0.0,0.0,0.49,0.5,0.67,0.38,0.61,0.0,0.0,2.65,5550000000.0
2023-06-09,0.0,0.0,0.49,0.5,0.67,0.38,0.61,0.0,0.0,2.65,5550000000.0
2023-06-08,0.0,0.0,0.49,0.49,0.67,0.38,0.61,0.0,0.0,2.6399999999999997,5550000000.0
2023-06-07,0.0,0.0,0.49,0.49,0.77,0.38,0.61,0.0,0.0,2.7399999999999998,5550000000.0
2023-06-06,0.0,0.0,0.49,0.49,0.77,0.38,0.61,0.0,0.0,2.7399999999999998,5550000000.0
2023-06-05,0.0,0.48,0.49,0.49,0.87,0.38,0.61,0.0,0.0,3.32,5550000000.0
2023-06-04,0.0,0.48,0.49,0.49,0.87,0.38,0.61,0.0,0.0,3.32,5550000000.0
2023-06-03,0.0,0.48,0.49,0.49,0.87,0.38,0.61,0.0,0.0,3.32,5550000000.0
2023-06-02,0.0,0.48,0.49,0.49,0.87,0.38,0.61,0.0,0.0,3.32,5550000000.0
2023-06-01,0.0,0.48,0.49,0.49,0.87,0.38,0.61,0.0,0.0,3.32,5550000000.0
2023-05-31,0.0,0.48,0.49,0.49,0.87,0.38,0.61,0.0,0.0,3.32,5550000000.0
2023-05-30,0.0,0.48,0.49,0.49,0.98,0.38,0.61,0.0,0.0,3.4299999999999997,5550000000.0
2023-05-29,0.0,0.48,0.49,0.49,0.98,0.38,0.61,0.0,0.0,3.4299999999999997,5550000000.0
2023-05-28,0.0,0.48,0.49,0.49,0.98,0.38,0.61,0.0,0.0,3.4299999999999997,5550000000.0
2023-05-27,0.48,0.48,0.49,0.49,0.98,0.38,0.61,0.0,0.0,3.9099999999999997,5550000000.0
2023-05-26,0.48,0.48,0.49,0.49,0.98,0.38,0.61,0.0,0.0,3.9099999999999997,5550000000.0
2023-05-25,0.48,0.48,0.49,0.49,0.98,0.38,0.61,0.0,0.0,3.9099999999999997,5550000000.0
2023-05-24,0.48,0.48,0.49,0.49,0.98,0.38,0.61,0.0,0.0,3.9099999999999997,5550000000.0
2023-05-23,0.48,0.48,0.49,0.49,0.98,0.38,0.61,0.0,0.0,3.9099999999999997,5550000000.0
2023-05-22,0.48,0.48,0.49,0.49,0.98,0.38,0.61,0.0,0.0,3.9099999999999997,5550000000.0
2023-05-21,0.48,0.48,0.49,0.49,0.98,0.38,0.61,0.0,0.0,3.9099999999999997,5550000000.0
2023-05-20,0.48,0.48,0.49,0.49,0.98,0.38,0.61,0.0,0.0,3.9099999999999997,5550000000.0
2023-05-19,0.48,0.48,0.49,0.49,0.98,0.38,0.61,0.0,0.0,3.9099999999999997,5550000000.0
2023-05-18,0.48,0.48,0.49,0.49,0.98,0.38,0.61,0.0,0.0,3.9099999999999997,5550000000.0
2023-05-17,0.48,0.48,0.49,0.49,0.81,0.59,0.61,0.0,0.0,3.9499999999999997,5550000000.0
2023-05-16,0.48,0.48,0.49,0.49,0.81,0.61,0.61,0.0,0.0,3.9699999999999998,5550000000.0
2023-05-15,0.48,0.48,0.49,0.49,0.81,0.61,0.0,0.0,0.0,3.36,5550000000.0
2023-05-14,0.48,0.48,0.49,0.49,0.81,0.53,0.0,0.0,0.0,3.2800000000000002,5550000000.0
2023-05-13,0.48,0.48,0.49,0.49,0.81,0.53,0.0,0.0,0.0,3.2800000000000002,5550000000.0
2023-05-12,0.48,0.48,0.49,0.49,0.81,0.53,0.0,0.0,0.0,3.2800000000000002,5550000000.0
2023-05-11,0.48,0.48,0.49,0.49,0.81,0.53,0.0,0.0,0.0,3.2800000000000002,5550000000.0
2023-05-10,0.48,0.48,0.49,0.49,0.74,0.53,0.0,0.0,0.0,3.21,5550000000.0
2023-05-09,0.48,0.48,0.49,0.49,0.74,0.53,0.0,0.0,0.0,3.21,5550000000.0
2023-05-08,0.48,0.48,0.49,0.49,0.74,0.48,0.0,0.0,0.0,3.1599999999999997,5550000000.0
2023-05-07,0.48,0.48,0.49,0.49,0.74,0.48,0.0,0.0,0.0,3.1599999999999997,5550000000.0
2023-05-06,0.48,0.48,0.49,0.49,0.74,0.48,0.0,0.0,0.0,3.1599999999999997,5550000000.0
2023-05-05,0.48,0.48,0.49,0.49,0.74,0.48,0.0,0.0,0.0,3.1599999999999997,5550000000.0
2023-05-04,0.48,0.48,0.49,0.49,0.74,0.54,0.0,0.0,0.0,3.2199999999999998,5550000000.0
2023-05-03,0.48,0.48,0.49,0.49,0.55,0.0,0.0,0.0,0.0,2.49,5550000000.0
2023-05-02,0.48,0.48,0.49,0.49,0.48,0.0,0.0,0.0,0.0,2.42,5550000000.0
2023-05-01,0.48,0.48,0.49,0.49,0.48,0.0,0.0,0.0,0.0,2.42,5550000000.0
2023-04-30,0.48,0.48,0.49,0.49,0.48,0.0,0.0,0.0,0.0,2.42,5550000000.0
