,549300DCU7KOL83B3B08,549300RHSQCH106OWF77,-063-,213800VYVNUFHDOEFT08,-023-,5493007EH2ZGRVN96H04,6BS8JLEICI3VGJ264L55,549300KKLDTNOIW0NU52,549300TC772777D7S544,2138001GBION41P49M96,Total,Market_capitalization
2025-05-05,0.0,0.0,0.0,0.0,0.0,0.0,0.0,0.0,0.0,0.0,0.0,53670000000.0
2025-05-04,0.0,0.0,0.0,0.0,0.0,0.0,0.0,0.0,0.0,0.0,0.0,53670000000.0
2025-05-03,0.0,0.0,0.0,0.0,0.0,0.0,0.0,0.0,0.0,0.0,0.0,53670000000.0
2025-05-02,0.0,0.0,0.0,0.0,0.0,0.0,0.0,0.0,0.0,0.0,0.0,53670000000.0
2025-05-01,0.0,0.0,0.0,0.0,0.0,0.0,0.0,0.0,0.0,0.0,0.0,53670000000.0
2025-04-30,0.0,0.0,0.0,0.0,0.0,0.0,0.0,0.0,0.0,0.0,0.0,53670000000.0
2025-04-29,0.0,0.0,0.0,0.0,0.0,0.0,0.0,0.0,0.0,0.0,0.0,53670000000.0
2025-04-28,0.0,0.0,0.0,0.0,0.0,0.0,0.0,0.0,0.0,0.0,0.0,53670000000.0
2025-04-27,0.0,0.0,0.0,0.0,0.0,0.0,0.0,0.0,0.0,0.0,0.0,53670000000.0
2025-04-26,0.0,0.0,0.0,0.0,0.0,0.0,0.0,0.0,0.0,0.0,0.0,53670000000.0
2025-04-25,0.0,0.0,0.0,0.0,0.0,0.0,0.0,0.0,0.0,0.0,0.0,53670000000.0
2025-04-24,0.0,0.0,0.0,0.0,0.0,0.0,0.0,0.0,0.0,0.0,0.0,53670000000.0
2025-04-23,0.0,0.0,0.0,0.0,0.0,0.0,0.0,0.0,0.0,0.0,0.0,53670000000.0
2025-04-22,0.0,0.0,0.0,0.0,0.0,0.0,0.0,0.0,0.0,0.0,0.0,53670000000.0
2025-04-21,0.0,0.0,0.0,0.0,0.0,0.0,0.0,0.0,0.0,0.0,0.0,53670000000.0
2025-04-20,0.0,0.0,0.0,0.0,0.0,0.0,0.0,0.0,0.0,0.0,0.0,53670000000.0
2025-04-19,0.0,0.0,0.0,0.0,0.0,0.0,0.0,0.0,0.0,0.0,0.0,53670000000.0
2025-04-18,0.0,0.0,0.0,0.0,0.0,0.0,0.0,0.0,0.0,0.0,0.0,53670000000.0
2025-04-17,0.0,0.0,0.0,0.0,0.0,0.0,0.0,0.0,0.0,0.0,0.0,53670000000.0
2025-04-16,0.0,0.0,0.0,0.0,0.0,0.0,0.0,0.0,0.0,0.0,0.0,53670000000.0
2025-04-15,0.0,0.0,0.0,0.0,0.0,0.0,0.0,0.0,0.0,0.0,0.0,53670000000.0
2025-04-14,0.0,0.0,0.0,0.0,0.0,0.0,0.0,0.0,0.0,0.0,0.0,53670000000.0
2025-04-13,0.0,0.0,0.0,0.0,0.0,0.0,0.0,0.0,0.0,0.0,0.0,53670000000.0
2025-04-12,0.0,0.0,0.0,0.0,0.0,0.0,0.0,0.0,0.0,0.0,0.0,53670000000.0
2025-04-11,0.0,0.0,0.0,0.0,0.0,0.0,0.0,0.0,0.0,1.1,1.1,53670000000.0
2025-04-10,0.0,0.0,0.0,0.0,0.0,0.0,0.0,0.0,0.0,1.1,1.1,53670000000.0
2025-04-09,0.0,0.0,0.0,0.0,0.0,0.0,0.0,0.0,0.0,1.1,1.1,53670000000.0
2025-04-08,0.0,0.0,0.0,0.0,0.0,0.0,0.0,0.0,0.0,1.1,1.1,53670000000.0
2025-04-07,0.0,0.0,0.0,0.0,0.0,0.0,0.0,0.0,0.0,1.1,1.1,53670000000.0
2025-04-06,0.0,0.0,0.0,0.0,0.0,0.0,0.0,0.0,0.0,1.1,1.1,53670000000.0
2025-04-05,0.0,0.0,0.0,0.0,0.0,0.0,0.0,0.0,0.0,1.1,1.1,53670000000.0
2025-04-04,0.0,0.0,0.0,0.0,0.0,0.0,0.0,0.0,0.0,1.1,1.1,53670000000.0
2025-04-03,0.0,0.0,0.0,0.0,0.0,0.0,0.0,0.0,0.0,1.1,1.1,53670000000.0
2025-04-02,0.0,0.0,0.0,0.0,0.0,0.0,0.0,0.0,0.0,1.1,1.1,53670000000.0
2025-04-01,0.0,0.0,0.0,0.0,0.0,0.0,0.0,0.0,0.0,1.1,1.1,53670000000.0
2025-03-31,0.0,0.0,0.0,0.0,0.0,0.0,0.0,0.0,0.0,1.1,1.1,53670000000.0
2025-03-30,0.0,0.0,0.0,0.0,0.0,0.0,0.0,0.0,0.0,1.1,1.1,53670000000.0
2025-03-29,0.0,0.0,0.0,0.0,0.0,0.0,0.0,0.0,0.0,1.1,1.1,53670000000.0
2025-03-28,0.0,0.0,0.0,0.0,0.0,0.0,0.0,0.0,0.0,1.1,1.1,53670000000.0
2025-03-27,0.0,0.0,0.0,0.0,0.0,0.0,0.0,0.0,0.0,1.1,1.1,53670000000.0
2025-03-26,0.0,0.0,0.0,0.0,0.0,0.0,0.0,0.0,0.0,1.1,1.1,53670000000.0
2025-03-25,0.0,0.0,0.0,0.0,0.0,0.0,0.0,0.0,0.0,1.1,1.1,53670000000.0
2025-03-24,0.0,0.0,0.0,0.0,0.0,0.0,0.0,0.0,0.0,1.1,1.1,53670000000.0
2025-03-23,0.0,0.0,0.0,0.0,0.0,0.0,0.0,0.0,0.0,1.1,1.1,53670000000.0
2025-03-22,0.0,0.0,0.0,0.0,0.0,0.0,0.0,0.0,0.0,1.1,1.1,53670000000.0
2025-03-21,0.0,0.0,0.0,0.0,0.0,0.0,0.0,0.0,0.0,1.1,1.1,53670000000.0
2025-03-20,0.0,0.0,0.0,0.0,0.0,0.0,0.0,0.0,0.0,1.1,1.1,53670000000.0
2025-03-19,0.0,0.0,0.0,0.0,0.0,0.0,0.0,0.0,0.0,1.1,1.1,53670000000.0
2025-03-18,0.0,0.0,0.0,0.0,0.0,0.0,0.0,0.0,0.0,1.1,1.1,53670000000.0
2025-03-17,0.0,0.0,0.0,0.0,0.0,0.0,0.0,0.0,0.0,1.1,1.1,53670000000.0
2025-03-16,0.0,0.0,0.0,0.0,0.0,0.0,0.0,0.0,0.0,1.1,1.1,53670000000.0
2025-03-15,0.0,0.0,0.0,0.0,0.0,0.0,0.0,0.0,0.0,1.1,1.1,53670000000.0
2025-03-14,0.0,0.0,0.0,0.0,0.0,0.0,0.0,0.0,0.0,1.1,1.1,53670000000.0
2025-03-13,0.0,0.0,0.0,0.0,0.0,0.0,0.0,0.0,0.0,1.1,1.1,53670000000.0
2025-03-12,0.0,0.0,0.0,0.0,0.0,0.0,0.0,0.0,0.0,1.1,1.1,53670000000.0
2025-03-11,0.0,0.0,0.0,0.0,0.0,0.0,0.0,0.0,0.0,1.1,1.1,53670000000.0
2025-03-10,0.0,0.0,0.0,0.0,0.0,0.0,0.0,0.0,0.0,1.1,1.1,53670000000.0
2025-03-09,0.0,0.0,0.0,0.0,0.0,0.0,0.0,0.0,0.0,1.1,1.1,53670000000.0
2025-03-08,0.0,0.0,0.0,0.0,0.0,0.0,0.0,0.0,0.0,1.1,1.1,53670000000.0
2025-03-07,0.0,0.0,0.0,0.0,0.0,0.0,0.0,0.0,0.0,1.1,1.1,53670000000.0
2025-03-06,0.0,0.0,0.0,0.0,0.0,0.0,0.0,0.0,0.0,1.1,1.1,53670000000.0
2025-03-05,0.0,0.0,0.0,0.0,0.0,0.0,0.0,0.0,0.0,1.1,1.1,53670000000.0
2025-03-04,0.0,0.0,0.0,0.0,0.0,0.0,0.0,0.0,0.0,1.1,1.1,53670000000.0
2025-03-03,0.0,0.0,0.0,0.0,0.0,0.0,0.0,0.0,0.0,1.1,1.1,53670000000.0
2025-03-02,0.0,0.0,0.0,0.0,0.0,0.0,0.0,0.0,0.0,1.1,1.1,53670000000.0
2025-03-01,0.0,0.0,0.0,0.0,0.0,0.0,0.0,0.0,0.0,1.1,1.1,53670000000.0
2025-02-28,0.0,0.0,0.0,0.0,0.0,0.0,0.0,0.0,0.0,1.1,1.1,53670000000.0
2025-02-27,0.0,0.0,0.0,0.0,0.0,0.0,0.0,0.0,0.0,1.1,1.1,53670000000.0
2025-02-26,0.0,0.0,0.0,0.0,0.0,0.0,0.0,0.0,0.0,1.1,1.1,53670000000.0
2025-02-25,0.0,0.0,0.0,0.0,0.0,0.0,0.0,0.0,0.0,1.1,1.1,53670000000.0
2025-02-24,0.0,0.0,0.0,0.0,0.0,0.0,0.0,0.0,0.0,1.1,1.1,53670000000.0
2025-02-23,0.0,0.0,0.0,0.0,0.0,0.0,0.0,0.0,0.0,1.1,1.1,53670000000.0
2025-02-22,0.0,0.0,0.0,0.0,0.0,0.0,0.0,0.0,0.0,1.1,1.1,53670000000.0
2025-02-21,0.0,0.0,0.0,0.0,0.0,0.0,0.0,0.0,0.0,1.1,1.1,53670000000.0
2025-02-20,0.0,0.0,0.0,0.0,0.0,0.0,0.0,0.0,0.0,1.1,1.1,53670000000.0
2025-02-19,0.0,0.0,0.0,0.0,0.0,0.0,0.0,0.0,0.0,1.1,1.1,53670000000.0
2025-02-18,0.0,0.0,0.0,0.0,0.0,0.0,0.0,0.0,0.0,1.1,1.1,53670000000.0
2025-02-17,0.0,0.0,0.0,0.0,0.0,0.0,0.0,0.0,0.0,1.1,1.1,53670000000.0
2025-02-16,0.0,0.0,0.0,0.0,0.0,0.0,0.0,0.0,0.0,1.1,1.1,53670000000.0
2025-02-15,0.0,0.0,0.0,0.0,0.0,0.0,0.0,0.0,0.0,1.1,1.1,53670000000.0
2025-02-14,0.0,0.0,0.0,0.0,0.0,0.0,0.0,0.0,0.0,1.1,1.1,53670000000.0
2025-02-13,0.0,0.0,0.0,0.0,0.0,0.0,0.0,0.0,0.0,1.1,1.1,53670000000.0
2025-02-12,0.0,0.0,0.0,0.0,0.0,0.0,0.0,0.0,0.0,1.1,1.1,53670000000.0
2025-02-11,0.0,0.0,0.0,0.0,0.0,0.0,0.0,0.0,0.0,1.1,1.1,53670000000.0
2025-02-10,0.0,0.0,0.0,0.0,0.0,0.0,0.0,0.0,0.0,1.1,1.1,53670000000.0
2025-02-09,0.0,0.0,0.0,0.0,0.0,0.0,0.0,0.0,0.0,1.1,1.1,53670000000.0
2025-02-08,0.0,0.0,0.0,0.0,0.0,0.0,0.0,0.0,0.0,1.1,1.1,53670000000.0
2025-02-07,0.0,0.0,0.0,0.0,0.0,0.0,0.0,0.0,0.0,1.1,1.1,53670000000.0
2025-02-06,0.0,0.0,0.0,0.0,0.0,0.0,0.0,0.0,0.0,1.1,1.1,53670000000.0
2025-02-05,0.0,0.0,0.0,0.0,0.0,0.0,0.0,0.0,0.0,1.1,1.1,53670000000.0
2025-02-04,0.0,0.0,0.0,0.0,0.0,0.0,0.0,0.0,0.0,1.1,1.1,53670000000.0
2025-02-03,0.0,0.0,0.0,0.0,0.0,0.0,0.0,0.0,0.0,1.1,1.1,53670000000.0
2025-02-02,0.0,0.0,0.0,0.0,0.0,0.0,0.0,0.0,0.0,1.1,1.1,53670000000.0
2025-02-01,0.0,0.0,0.0,0.0,0.0,0.0,0.0,0.0,0.0,1.1,1.1,53670000000.0
2025-01-31,0.0,0.0,0.0,0.0,0.0,0.0,0.0,0.0,0.0,1.1,1.1,53670000000.0
2025-01-30,0.0,0.0,0.0,0.0,0.0,0.0,0.0,0.0,0.0,1.1,1.1,53670000000.0
2025-01-29,0.0,0.0,0.0,0.0,0.0,0.0,0.0,0.0,0.0,1.1,1.1,53670000000.0
2025-01-28,0.0,0.0,0.0,0.0,0.0,0.0,0.0,0.0,0.0,1.1,1.1,53670000000.0
2025-01-27,0.0,0.0,0.0,0.0,0.0,0.0,0.0,0.0,0.0,1.1,1.1,53670000000.0
2025-01-26,0.0,0.0,0.0,0.0,0.0,0.0,0.0,0.0,0.0,1.1,1.1,53670000000.0
2025-01-25,0.0,0.0,0.0,0.0,0.0,0.0,0.0,0.0,0.0,1.1,1.1,53670000000.0
2025-01-24,0.0,0.0,0.0,0.0,0.0,0.0,0.0,0.0,0.0,1.1,1.1,53670000000.0
2025-01-23,0.0,0.0,0.0,0.0,0.0,0.0,0.0,0.0,0.0,1.1,1.1,53670000000.0
2025-01-22,0.0,0.0,0.0,0.0,0.0,0.0,0.0,0.0,0.0,1.1,1.1,53670000000.0
2025-01-21,0.0,0.0,0.0,0.0,0.0,0.0,0.0,0.0,0.0,1.1,1.1,53670000000.0
2025-01-20,0.0,0.0,0.0,0.0,0.0,0.0,0.0,0.0,0.0,1.1,1.1,53670000000.0
2025-01-19,0.0,0.0,0.0,0.0,0.0,0.0,0.0,0.0,0.0,1.1,1.1,53670000000.0
2025-01-18,0.0,0.0,0.0,0.0,0.0,0.0,0.0,0.0,0.0,1.1,1.1,53670000000.0
2025-01-17,0.0,0.0,0.0,0.0,0.0,0.0,0.0,0.0,0.0,1.1,1.1,53670000000.0
2025-01-16,0.0,0.0,0.0,0.0,0.0,0.0,0.0,0.0,0.0,1.1,1.1,53670000000.0
2025-01-15,0.0,0.0,0.0,0.0,0.0,0.0,0.0,0.0,0.0,1.1,1.1,53670000000.0
2025-01-14,0.0,0.0,0.0,0.0,0.0,0.0,0.0,0.0,0.0,1.1,1.1,53670000000.0
2025-01-13,0.0,0.0,0.0,0.0,0.0,0.0,0.0,0.0,0.0,1.1,1.1,53670000000.0
2025-01-12,0.0,0.0,0.0,0.0,0.0,0.0,0.0,0.0,0.0,1.1,1.1,53670000000.0
2025-01-11,0.0,0.0,0.0,0.0,0.0,0.0,0.0,0.0,0.0,1.1,1.1,53670000000.0
2025-01-10,0.0,0.0,0.0,0.0,0.0,0.0,0.0,0.0,0.0,1.1,1.1,53670000000.0
2025-01-09,0.0,0.0,0.0,0.0,0.0,0.0,0.0,0.0,0.0,1.1,1.1,53670000000.0
2025-01-08,0.0,0.0,0.0,0.0,0.0,0.0,0.0,0.0,0.0,1.1,1.1,53670000000.0
2025-01-07,0.0,0.0,0.0,0.0,0.0,0.0,0.0,0.0,0.0,1.1,1.1,53670000000.0
2025-01-06,0.0,0.0,0.0,0.0,0.0,0.0,0.0,0.0,0.0,1.1,1.1,53670000000.0
2025-01-05,0.0,0.0,0.0,0.0,0.0,0.0,0.0,0.0,0.0,1.1,1.1,53670000000.0
2025-01-04,0.0,0.0,0.0,0.0,0.0,0.0,0.0,0.0,0.0,1.1,1.1,53670000000.0
2025-01-03,0.0,0.0,0.0,0.0,0.0,0.0,0.0,0.0,0.0,1.1,1.1,53670000000.0
2025-01-02,0.0,0.0,0.0,0.0,0.0,0.0,0.0,0.0,0.0,1.1,1.1,53670000000.0
2025-01-01,0.0,0.0,0.0,0.0,0.0,0.0,0.0,0.0,0.0,1.1,1.1,53670000000.0
2024-12-31,0.0,0.0,0.0,0.0,0.0,0.0,0.0,0.0,0.0,1.1,1.1,39570000000.0
2024-12-30,0.0,0.0,0.0,0.0,0.0,0.0,0.0,0.0,0.0,1.1,1.1,39570000000.0
2024-12-29,0.0,0.0,0.0,0.0,0.0,0.0,0.0,0.0,0.0,1.1,1.1,39570000000.0
2024-12-28,0.0,0.0,0.0,0.0,0.0,0.0,0.0,0.0,0.0,1.1,1.1,39570000000.0
2024-12-27,0.0,0.0,0.0,0.0,0.0,0.0,0.0,0.0,0.0,1.1,1.1,39570000000.0
2024-12-26,0.0,0.0,0.0,0.0,0.0,0.0,0.0,0.0,0.0,1.1,1.1,39570000000.0
2024-12-25,0.0,0.0,0.0,0.0,0.0,0.0,0.0,0.0,0.0,1.1,1.1,39570000000.0
2024-12-24,0.0,0.0,0.0,0.0,0.0,0.0,0.0,0.0,0.0,1.1,1.1,39570000000.0
2024-12-23,0.0,0.0,0.0,0.0,0.0,0.0,0.0,0.0,0.0,1.1,1.1,39570000000.0
2024-12-22,0.0,0.0,0.0,0.0,0.0,0.0,0.0,0.0,0.0,1.1,1.1,39570000000.0
2024-12-21,0.0,0.0,0.0,0.0,0.0,0.0,0.0,0.0,0.0,1.1,1.1,39570000000.0
2024-12-20,0.0,0.0,0.0,0.0,0.0,0.0,0.0,0.0,0.0,1.1,1.1,39570000000.0
2024-12-19,0.0,0.0,0.0,0.0,0.0,0.0,0.0,0.0,0.0,1.1,1.1,39570000000.0
2024-12-18,0.0,0.0,0.0,0.0,0.0,0.0,0.0,0.0,0.0,1.1,1.1,39570000000.0
2024-12-17,0.0,0.0,0.0,0.0,0.0,0.0,0.0,0.0,0.0,1.1,1.1,39570000000.0
2024-12-16,0.0,0.0,0.0,0.0,0.0,0.0,0.0,0.0,0.0,1.1,1.1,39570000000.0
2024-12-15,0.0,0.0,0.0,0.0,0.0,0.0,0.0,0.0,0.0,1.1,1.1,39570000000.0
2024-12-14,0.0,0.0,0.0,0.0,0.0,0.0,0.0,0.0,0.0,1.1,1.1,39570000000.0
2024-12-13,0.0,0.0,0.0,0.0,0.0,0.0,0.0,0.0,0.0,1.1,1.1,39570000000.0
2024-12-12,0.0,0.0,0.0,0.0,0.0,0.0,0.0,0.0,0.0,1.1,1.1,39570000000.0
2024-12-11,0.0,0.0,0.0,0.0,0.0,0.0,0.0,0.0,0.0,1.1,1.1,39570000000.0
2024-12-10,0.0,0.0,0.0,0.0,0.0,0.0,0.0,0.0,0.0,1.1,1.1,39570000000.0
2024-12-09,0.0,0.0,0.0,0.0,0.0,0.0,0.0,0.0,0.0,1.06,1.06,39570000000.0
2024-12-08,0.0,0.0,0.0,0.0,0.0,0.0,0.0,0.0,0.0,1.06,1.06,39570000000.0
2024-12-07,0.0,0.0,0.0,0.0,0.0,0.0,0.0,0.0,0.0,1.06,1.06,39570000000.0
2024-12-06,0.0,0.0,0.0,0.0,0.0,0.0,0.0,0.0,0.0,1.06,1.06,39570000000.0
2024-12-05,0.0,0.0,0.0,0.0,0.0,0.0,0.0,0.0,0.0,1.06,1.06,39570000000.0
2024-12-04,0.0,0.0,0.0,0.0,0.0,0.0,0.0,0.0,0.0,1.06,1.06,39570000000.0
2024-12-03,0.0,0.0,0.0,0.0,0.0,0.0,0.0,0.0,0.0,1.06,1.06,39570000000.0
2024-12-02,0.0,0.0,0.0,0.0,0.0,0.0,0.0,0.0,0.0,1.06,1.06,39570000000.0
2024-12-01,0.0,0.0,0.0,0.0,0.0,0.0,0.0,0.0,0.0,1.06,1.06,39570000000.0
2024-11-30,0.0,0.0,0.0,0.0,0.0,0.0,0.0,0.0,0.0,1.06,1.06,39570000000.0
2024-11-29,0.0,0.0,0.0,0.0,0.0,0.0,0.0,0.0,0.0,1.06,1.06,39570000000.0
2024-11-28,0.0,0.0,0.0,0.0,0.0,0.0,0.0,0.0,0.0,1.06,1.06,39570000000.0
2024-11-27,0.0,0.0,0.0,0.0,0.0,0.0,0.0,0.0,0.0,1.06,1.06,39570000000.0
2024-11-26,0.0,0.0,0.0,0.0,0.0,0.0,0.0,0.0,0.0,1.06,1.06,39570000000.0
2024-11-25,0.0,0.0,0.0,0.0,0.0,0.0,0.0,0.0,0.0,1.06,1.06,39570000000.0
2024-11-24,0.0,0.0,0.0,0.0,0.0,0.0,0.0,0.0,0.0,1.06,1.06,39570000000.0
2024-11-23,0.0,0.0,0.0,0.0,0.0,0.0,0.0,0.0,0.0,1.06,1.06,39570000000.0
2024-11-22,0.0,0.0,0.0,0.0,0.0,0.0,0.0,0.0,0.0,1.06,1.06,39570000000.0
2024-11-21,0.0,0.0,0.0,0.0,0.0,0.0,0.0,0.0,0.0,1.06,1.06,39570000000.0
2024-11-20,0.0,0.0,0.0,0.0,0.0,0.0,0.0,0.0,0.0,1.06,1.06,39570000000.0
2024-11-19,0.0,0.0,0.0,0.0,0.0,0.0,0.0,0.0,0.0,1.06,1.06,39570000000.0
2024-11-18,0.0,0.0,0.0,0.0,0.0,0.0,0.0,0.0,0.0,0.94,0.94,39570000000.0
2024-11-17,0.0,0.0,0.0,0.0,0.0,0.0,0.0,0.0,0.0,0.94,0.94,39570000000.0
2024-11-16,0.0,0.0,0.0,0.0,0.0,0.0,0.0,0.47,0.0,0.94,1.41,39570000000.0
2024-11-15,0.0,0.0,0.0,0.0,0.0,0.0,0.0,0.47,0.0,0.94,1.41,39570000000.0
2024-11-14,0.0,0.0,0.0,0.0,0.0,0.0,0.0,0.47,0.0,0.82,1.29,39570000000.0
2024-11-13,0.0,0.0,0.0,0.0,0.0,0.0,0.0,0.47,0.0,0.82,1.29,39570000000.0
2024-11-12,0.0,0.0,0.0,0.0,0.0,0.0,0.0,0.47,0.0,0.71,1.18,39570000000.0
2024-11-11,0.0,0.0,0.0,0.0,0.0,0.0,0.0,0.47,0.0,0.71,1.18,39570000000.0
2024-11-10,0.0,0.0,0.0,0.0,0.0,0.0,0.0,0.47,0.0,0.71,1.18,39570000000.0
2024-11-09,0.0,0.0,0.48,0.0,0.0,0.0,0.0,0.47,0.0,0.71,1.66,39570000000.0
2024-11-08,0.0,0.0,0.48,0.0,0.0,0.0,0.0,0.47,0.0,0.71,1.66,39570000000.0
2024-11-07,0.0,0.0,0.48,0.0,0.0,0.0,0.0,0.47,0.0,0.71,1.66,39570000000.0
2024-11-06,0.0,0.0,0.48,0.0,0.0,0.0,0.0,0.47,0.0,0.71,1.66,39570000000.0
2024-11-05,0.0,0.0,0.48,0.0,0.0,0.0,0.0,0.47,0.0,0.71,1.66,39570000000.0
2024-11-04,0.0,0.0,0.48,0.0,0.0,0.0,0.0,0.47,0.0,0.71,1.66,39570000000.0
2024-11-03,0.0,0.0,0.48,0.0,0.0,0.0,0.0,0.47,0.0,0.71,1.66,39570000000.0
2024-11-02,0.0,0.0,0.48,0.0,0.0,0.0,0.0,0.47,0.0,0.71,1.66,39570000000.0
2024-11-01,0.0,0.0,0.48,0.0,0.0,0.0,0.0,0.47,0.0,0.71,1.66,39570000000.0
2024-10-31,0.0,0.0,0.48,0.0,0.0,0.0,0.0,0.47,0.0,0.71,1.66,39570000000.0
2024-10-30,0.0,0.0,0.48,0.0,0.0,0.0,0.0,0.47,0.0,0.71,1.66,39570000000.0
2024-10-29,0.0,0.0,0.48,0.0,0.0,0.0,0.0,0.47,0.0,0.68,1.63,39570000000.0
2024-10-28,0.0,0.0,0.48,0.0,0.0,0.0,0.0,0.47,0.0,0.0,0.95,39570000000.0
2024-10-27,0.0,0.0,0.48,0.0,0.0,0.0,0.0,0.47,0.0,0.0,0.95,39570000000.0
2024-10-26,0.0,0.0,0.48,0.0,0.0,0.0,0.0,0.47,0.0,0.0,0.95,39570000000.0
2024-10-25,0.0,0.0,0.48,0.0,0.0,0.0,0.0,0.47,0.0,0.0,0.95,39570000000.0
2024-10-24,0.0,0.0,0.48,0.0,0.0,0.0,0.0,0.47,0.0,0.0,0.95,39570000000.0
2024-10-23,0.0,0.0,0.48,0.0,0.0,0.0,0.0,0.47,0.0,0.0,0.95,39570000000.0
2024-10-22,0.0,0.0,0.48,0.0,0.0,0.0,0.0,0.47,0.0,0.0,0.95,39570000000.0
2024-10-21,0.0,0.0,0.48,0.0,0.0,0.0,0.0,0.47,0.0,0.0,0.95,39570000000.0
2024-10-20,0.0,0.0,0.48,0.0,0.0,0.0,0.0,0.47,0.0,0.0,0.95,39570000000.0
2024-10-19,0.0,0.0,0.48,0.0,0.0,0.0,0.0,0.47,0.0,0.0,0.95,39570000000.0
2024-10-18,0.0,0.0,0.48,0.0,0.0,0.0,0.0,0.47,0.0,0.0,0.95,39570000000.0
2024-10-17,0.0,0.0,0.48,0.0,0.0,0.0,0.0,0.47,0.0,0.0,0.95,39570000000.0
2024-10-16,0.0,0.0,0.48,0.0,0.0,0.0,0.0,0.47,0.0,0.0,0.95,39570000000.0
2024-10-15,0.0,0.0,0.48,0.0,0.0,0.0,0.0,0.47,0.0,0.0,0.95,39570000000.0
2024-10-14,0.0,0.0,0.48,0.0,0.0,0.0,0.0,0.47,0.0,0.0,0.95,39570000000.0
2024-10-13,0.0,0.0,0.48,0.0,0.0,0.0,0.0,0.47,0.0,0.0,0.95,39570000000.0
2024-10-12,0.0,0.0,0.48,0.0,0.0,0.0,0.0,0.47,0.0,0.0,0.95,39570000000.0
2024-10-11,0.0,0.0,0.48,0.0,0.0,0.0,0.0,0.47,0.0,0.0,0.95,39570000000.0
2024-10-10,0.0,0.0,0.48,0.0,0.0,0.0,0.0,0.47,1.8,0.0,2.75,39570000000.0
2024-10-09,0.0,0.0,0.48,0.0,0.0,0.0,0.0,0.47,1.8,0.0,2.75,39570000000.0
2024-10-08,0.0,0.0,0.48,0.0,0.0,0.0,0.0,0.47,1.8,0.0,2.75,39570000000.0
2024-10-07,0.0,0.0,0.48,0.0,0.0,0.0,0.0,0.47,1.8,0.0,2.75,39570000000.0
2024-10-06,0.0,0.0,0.48,0.0,0.0,0.0,0.0,0.47,1.8,0.0,2.75,39570000000.0
2024-10-05,0.0,0.0,0.48,0.0,0.0,0.0,0.0,0.47,1.8,0.0,2.75,39570000000.0
2024-10-04,0.0,0.0,0.48,0.0,0.0,0.0,0.0,0.47,1.8,0.0,2.75,39570000000.0
2024-10-03,0.0,0.0,0.48,0.0,0.0,0.0,0.0,0.47,1.8,0.0,2.75,39570000000.0
2024-10-02,0.0,0.0,0.48,0.0,0.0,0.0,0.0,0.47,1.8,0.0,2.75,39570000000.0
2024-10-01,0.0,0.0,0.48,0.0,0.0,0.0,0.0,0.47,1.8,0.0,2.75,39570000000.0
2024-09-30,0.0,0.0,0.48,0.0,0.0,0.0,0.0,0.47,1.8,0.0,2.75,26130000000.0
2024-09-29,0.0,0.0,0.48,0.0,0.0,0.0,0.0,0.47,1.8,0.0,2.75,26130000000.0
2024-09-28,0.0,0.0,0.48,0.0,0.0,0.0,0.0,0.47,1.8,0.0,2.75,26130000000.0
2024-09-27,0.0,0.0,0.48,0.0,0.0,0.0,0.0,0.47,1.8,0.0,2.75,26130000000.0
2024-09-26,0.0,0.0,0.48,0.0,0.0,0.0,0.0,0.47,1.8,0.0,2.75,26130000000.0
2024-09-25,0.0,0.0,0.48,0.0,0.0,0.0,0.0,0.47,1.8,0.0,2.75,26130000000.0
2024-09-24,0.0,0.0,0.48,0.0,0.0,0.0,0.0,0.47,1.8,0.0,2.75,26130000000.0
2024-09-23,0.0,0.0,0.48,0.0,0.0,0.0,0.0,0.47,1.8,0.0,2.75,26130000000.0
2024-09-22,0.0,0.0,0.48,0.0,0.0,0.0,0.0,0.47,1.8,0.0,2.75,26130000000.0
2024-09-21,0.0,0.0,0.48,0.0,0.0,0.0,0.0,0.47,1.8,0.0,2.75,26130000000.0
2024-09-20,0.0,0.0,0.48,0.0,0.0,0.0,0.0,0.47,1.8,0.0,2.75,26130000000.0
2024-09-19,0.0,0.0,0.48,0.0,0.0,0.0,0.0,0.47,1.8,0.0,2.75,26130000000.0
2024-09-18,0.0,0.0,0.48,0.0,0.0,0.0,0.0,0.47,1.8,0.0,2.75,26130000000.0
2024-09-17,0.0,0.0,0.48,0.0,0.0,0.0,0.0,0.47,1.8,0.0,2.75,26130000000.0
2024-09-16,0.0,0.0,0.48,0.0,0.0,0.0,0.0,0.47,1.8,0.0,2.75,26130000000.0
2024-09-15,0.0,0.0,0.48,0.0,0.0,0.0,0.0,0.47,1.8,0.0,2.75,26130000000.0
2024-09-14,0.0,0.0,0.48,0.0,0.0,0.0,0.0,0.47,1.8,0.0,2.75,26130000000.0
2024-09-13,0.0,0.0,0.48,0.0,0.0,0.0,0.0,0.47,1.8,0.0,2.75,26130000000.0
2024-09-12,0.0,0.0,0.48,0.0,0.0,0.0,0.0,0.47,1.8,0.0,2.75,26130000000.0
2024-09-11,0.0,0.0,0.48,0.0,0.0,0.0,0.0,0.47,1.8,0.0,2.75,26130000000.0
2024-09-10,0.0,0.0,0.48,0.0,0.0,0.0,0.0,0.47,1.8,0.0,2.75,26130000000.0
2024-09-09,0.0,0.0,0.48,0.0,0.0,0.0,0.0,0.47,1.8,0.0,2.75,26130000000.0
2024-09-08,0.0,0.0,0.48,0.0,0.0,0.0,0.0,0.47,1.8,0.0,2.75,26130000000.0
2024-09-07,0.0,0.0,0.48,0.0,0.0,0.0,0.0,0.47,1.8,0.0,2.75,26130000000.0
2024-09-06,0.0,0.0,0.48,0.0,0.0,0.0,0.0,0.47,1.8,0.0,2.75,26130000000.0
2024-09-05,0.0,0.0,0.48,0.0,0.0,0.0,0.0,0.47,1.8,0.0,2.75,26130000000.0
2024-09-04,0.0,0.0,0.48,0.0,0.0,0.0,0.0,0.47,1.8,0.0,2.75,26130000000.0
2024-09-03,0.0,0.0,0.48,0.0,0.0,0.0,0.0,0.47,1.8,0.0,2.75,26130000000.0
2024-09-02,0.0,0.0,0.48,0.0,0.0,0.0,0.0,0.47,1.8,0.0,2.75,26130000000.0
2024-09-01,0.0,0.0,0.48,0.0,0.0,0.0,0.0,0.47,1.8,0.0,2.75,26130000000.0
2024-08-31,0.0,0.0,0.48,0.0,0.0,0.0,0.0,0.47,1.8,0.0,2.75,26130000000.0
2024-08-30,0.0,0.0,0.48,0.0,0.0,0.0,0.0,0.47,1.8,0.0,2.75,26130000000.0
2024-08-29,0.0,0.0,0.48,0.0,0.0,0.0,0.0,0.47,1.8,0.0,2.75,26130000000.0
2024-08-28,0.0,0.0,0.48,0.0,0.0,0.0,0.0,0.47,1.8,0.0,2.75,26130000000.0
2024-08-27,0.0,0.0,0.48,0.0,0.0,0.0,0.0,0.47,1.8,0.0,2.75,26130000000.0
2024-08-26,0.0,0.0,0.48,0.0,0.0,0.0,0.0,0.47,1.8,0.0,2.75,26130000000.0
2024-08-25,0.0,0.0,0.48,0.0,0.0,0.0,0.0,0.47,1.8,0.0,2.75,26130000000.0
2024-08-24,0.0,0.0,0.48,0.0,0.0,0.0,0.0,0.47,1.8,0.0,2.75,26130000000.0
2024-08-23,0.0,0.0,0.48,0.0,0.0,0.0,0.0,0.47,1.8,0.0,2.75,26130000000.0
2024-08-22,0.0,0.0,0.48,0.0,0.0,0.0,0.0,0.47,1.8,0.0,2.75,26130000000.0
2024-08-21,0.0,0.0,0.48,0.0,0.0,0.0,0.0,0.47,1.8,0.0,2.75,26130000000.0
2024-08-20,0.0,0.0,0.48,0.0,0.0,0.0,0.0,0.47,1.8,0.0,2.75,26130000000.0
2024-08-19,0.0,0.0,0.48,0.0,0.0,0.0,0.0,0.47,1.8,0.0,2.75,26130000000.0
2024-08-18,0.0,0.0,0.48,0.0,0.0,0.0,0.0,0.47,1.8,0.0,2.75,26130000000.0
2024-08-17,0.0,0.0,0.48,0.0,0.0,0.0,0.0,0.47,1.8,0.0,2.75,26130000000.0
2024-08-16,0.0,0.0,0.48,0.0,0.0,0.0,0.0,0.47,1.8,0.0,2.75,26130000000.0
2024-08-15,0.0,0.0,0.48,0.0,0.0,0.0,0.0,0.47,1.8,0.0,2.75,26130000000.0
2024-08-14,0.0,0.0,0.48,0.0,0.0,0.0,0.0,0.47,1.8,0.0,2.75,26130000000.0
2024-08-13,0.0,0.0,0.48,0.0,0.0,0.0,0.0,0.47,1.8,0.0,2.75,26130000000.0
2024-08-12,0.0,0.0,0.48,0.0,0.0,0.0,0.0,0.47,1.8,0.0,2.75,26130000000.0
2024-08-11,0.0,0.0,0.48,0.0,0.0,0.0,0.0,0.47,1.8,0.0,2.75,26130000000.0
2024-08-10,0.0,0.0,0.48,0.0,0.0,0.0,0.0,0.47,1.8,0.0,2.75,26130000000.0
2024-08-09,0.0,0.0,0.48,0.0,0.0,0.0,0.0,0.47,1.8,0.0,2.75,26130000000.0
2024-08-08,0.05,0.0,0.48,0.0,0.0,0.0,0.0,0.47,1.8,0.0,2.8,26130000000.0
2024-08-07,0.05,0.0,0.48,0.0,0.0,0.0,0.0,0.47,1.8,0.0,2.8,26130000000.0
2024-08-06,0.05,0.0,0.48,0.0,0.0,0.0,0.0,0.47,1.8,0.0,2.8,26130000000.0
2024-08-05,0.05,0.0,0.48,0.0,0.0,0.0,0.0,0.47,1.8,0.0,2.8,26130000000.0
2024-08-04,0.05,0.0,0.48,0.0,0.0,0.0,0.0,0.47,1.8,0.0,2.8,26130000000.0
2024-08-03,0.05,0.0,0.48,0.0,0.0,0.0,0.0,0.47,1.8,0.0,2.8,26130000000.0
2024-08-02,0.05,0.0,0.48,0.0,0.0,0.0,0.0,0.47,1.8,0.0,2.8,26130000000.0
2024-08-01,0.05,0.0,0.48,0.0,0.0,0.0,0.0,0.47,1.8,0.0,2.8,26130000000.0
2024-07-31,0.05,0.0,0.48,0.0,0.0,0.0,0.0,0.47,1.8,0.0,2.8,26130000000.0
2024-07-30,0.05,0.0,0.48,0.0,0.0,0.0,0.0,0.47,1.8,0.0,2.8,26130000000.0
2024-07-29,0.05,0.0,0.48,0.0,0.0,0.0,0.0,0.47,1.8,0.0,2.8,26130000000.0
2024-07-28,0.05,0.0,0.48,0.0,0.0,0.0,0.0,0.47,1.8,0.0,2.8,26130000000.0
2024-07-27,0.05,0.0,0.48,0.0,0.0,0.0,0.0,0.47,1.8,0.0,2.8,26130000000.0
2024-07-26,0.05,0.0,0.48,0.0,0.0,0.0,0.0,0.47,1.8,0.0,2.8,26130000000.0
2024-07-25,0.05,0.0,0.48,0.0,0.0,0.0,0.0,0.47,1.8,0.0,2.8,26130000000.0
2024-07-24,0.05,0.0,0.48,0.0,0.0,0.0,0.0,0.47,1.8,0.0,2.8,26130000000.0
2024-07-23,0.05,0.0,0.48,0.0,0.0,0.0,0.0,0.47,1.8,0.0,2.8,26130000000.0
2024-07-22,0.05,0.0,0.48,0.0,0.0,0.0,0.0,0.47,1.8,0.0,2.8,26130000000.0
2024-07-21,0.05,0.0,0.48,0.0,0.0,0.0,0.0,0.47,1.8,0.0,2.8,26130000000.0
2024-07-20,0.05,0.0,0.48,0.0,0.0,0.0,0.0,0.47,1.8,0.0,2.8,26130000000.0
2024-07-19,0.05,0.0,0.48,0.0,0.0,0.0,0.0,0.47,1.8,0.0,2.8,26130000000.0
2024-07-18,0.05,0.0,0.48,0.0,0.0,0.0,0.0,0.47,1.8,0.0,2.8,26130000000.0
2024-07-17,0.05,0.0,0.48,0.0,0.0,0.0,0.0,0.47,1.8,0.0,2.8,26130000000.0
2024-07-16,0.05,0.0,0.48,0.0,0.0,0.0,0.0,0.57,1.8,0.0,2.9000000000000004,26130000000.0
2024-07-15,0.05,0.0,0.48,0.0,0.0,0.0,0.0,0.57,1.8,0.0,2.9000000000000004,26130000000.0
2024-07-14,0.05,0.0,0.48,0.0,0.0,0.0,0.0,0.57,1.8,0.0,2.9000000000000004,26130000000.0
2024-07-13,0.05,0.0,0.48,0.0,0.0,0.0,0.0,0.57,1.8,0.0,2.9000000000000004,26130000000.0
2024-07-12,0.05,0.0,0.48,0.0,0.0,0.0,0.0,0.57,1.8,0.0,2.9000000000000004,26130000000.0
2024-07-11,0.05,0.0,0.48,0.0,0.0,0.0,0.0,0.6,1.8,0.0,2.9299999999999997,26130000000.0
2024-07-10,0.05,0.0,0.48,0.0,0.0,0.0,0.0,0.6,1.8,0.0,2.9299999999999997,26130000000.0
2024-07-09,0.05,0.0,0.57,0.0,0.0,0.0,0.0,0.6,1.8,0.0,3.02,26130000000.0
2024-07-08,0.05,0.0,0.57,0.0,0.0,0.0,0.0,0.6,1.8,0.0,3.02,26130000000.0
2024-07-07,0.05,0.0,0.57,0.0,0.0,0.0,0.0,0.51,1.8,0.0,2.9299999999999997,26130000000.0
2024-07-06,0.05,0.0,0.57,0.0,0.0,0.0,0.0,0.51,1.8,0.0,2.9299999999999997,26130000000.0
2024-07-05,0.05,0.0,0.57,0.0,0.0,0.0,0.0,0.51,1.8,0.0,2.9299999999999997,26130000000.0
2024-07-04,0.05,0.0,0.57,0.0,0.0,0.0,0.0,0.51,1.8,0.0,2.9299999999999997,26130000000.0
2024-07-03,0.05,0.0,0.57,0.0,0.0,0.0,0.0,0.51,1.8,0.0,2.9299999999999997,26130000000.0
2024-07-02,0.05,0.0,0.57,0.0,0.0,0.0,0.0,0.51,1.8,0.0,2.9299999999999997,26130000000.0
2024-07-01,0.05,0.0,0.57,0.0,0.0,0.0,0.0,0.51,1.8,0.0,2.9299999999999997,26130000000.0
2024-06-30,0.05,0.0,0.57,0.0,0.0,0.0,0.0,0.51,1.8,0.0,2.9299999999999997,19210000000.0
2024-06-29,0.05,0.0,0.57,0.0,0.0,0.0,0.0,0.51,1.8,0.0,2.9299999999999997,19210000000.0
2024-06-28,0.05,0.0,0.57,0.0,0.0,0.0,0.0,0.51,1.8,0.0,2.9299999999999997,19210000000.0
2024-06-27,0.05,0.0,0.57,0.0,0.0,0.0,0.0,0.51,1.8,0.0,2.9299999999999997,19210000000.0
2024-06-26,0.05,0.0,0.57,0.0,0.0,0.0,0.0,0.51,1.8,0.0,2.9299999999999997,19210000000.0
2024-06-25,0.05,0.0,0.57,0.0,0.0,0.0,0.0,0.51,1.8,0.0,2.9299999999999997,19210000000.0
2024-06-24,0.05,0.0,0.57,0.0,0.0,0.0,0.0,0.51,1.8,0.0,2.9299999999999997,19210000000.0
2024-06-23,0.05,0.0,0.57,0.0,0.0,0.0,0.0,0.51,1.8,0.0,2.9299999999999997,19210000000.0
2024-06-22,0.05,0.0,0.57,0.0,0.0,0.0,0.0,0.51,1.8,0.0,2.9299999999999997,19210000000.0
2024-06-21,0.05,0.0,0.57,0.0,0.0,0.0,0.0,0.51,1.8,0.0,2.9299999999999997,19210000000.0
2024-06-20,0.05,0.0,0.57,0.0,0.0,0.0,0.0,0.51,1.8,0.0,2.9299999999999997,19210000000.0
2024-06-19,0.05,0.0,0.57,0.0,0.0,0.0,0.0,0.51,1.8,0.0,2.9299999999999997,19210000000.0
2024-06-18,0.05,0.0,0.57,0.0,0.0,0.0,0.0,0.51,1.8,0.0,2.9299999999999997,19210000000.0
2024-06-17,0.05,0.0,0.57,0.0,0.0,0.0,0.0,0.51,1.8,0.0,2.9299999999999997,19210000000.0
2024-06-16,0.05,0.0,0.57,0.0,0.0,0.0,0.0,0.51,1.8,0.0,2.9299999999999997,19210000000.0
2024-06-15,0.05,0.0,0.57,0.0,0.0,0.0,0.0,0.51,1.8,0.0,2.9299999999999997,19210000000.0
2024-06-14,0.05,0.0,0.57,0.0,0.0,0.0,0.0,0.51,1.8,0.0,2.9299999999999997,19210000000.0
2024-06-13,0.05,0.0,0.57,0.0,0.0,0.0,0.0,0.51,1.8,0.0,2.9299999999999997,19210000000.0
2024-06-12,0.05,0.0,0.57,0.0,0.0,0.0,0.0,0.51,1.8,0.0,2.9299999999999997,19210000000.0
2024-06-11,0.05,0.0,0.57,0.0,0.0,0.0,0.0,0.51,1.8,0.0,2.9299999999999997,19210000000.0
2024-06-10,0.05,0.0,0.57,0.0,0.0,0.0,0.0,0.51,1.8,0.0,2.9299999999999997,19210000000.0
2024-06-09,0.05,0.0,0.57,0.0,0.0,0.0,0.0,0.51,1.79,0.0,2.92,19210000000.0
2024-06-08,0.05,0.0,0.57,0.0,0.0,0.0,0.0,0.51,1.79,0.0,2.92,19210000000.0
2024-06-07,0.05,0.0,0.57,0.0,0.0,0.0,0.0,0.51,1.79,0.0,2.92,19210000000.0
2024-06-06,0.05,0.0,0.57,0.0,0.0,0.0,0.0,0.51,1.8,0.0,2.9299999999999997,19210000000.0
2024-06-05,0.05,0.0,0.57,0.0,0.0,0.0,0.0,0.51,1.8,0.0,2.9299999999999997,19210000000.0
2024-06-04,0.05,0.0,0.57,0.0,0.0,0.0,0.0,0.51,1.8,0.0,2.9299999999999997,19210000000.0
2024-06-03,0.05,0.0,0.57,0.0,0.0,0.0,0.0,0.51,1.8,0.0,2.9299999999999997,19210000000.0
2024-06-02,0.05,0.0,0.57,0.0,0.0,0.0,0.0,0.51,1.8,0.0,2.9299999999999997,19210000000.0
2024-06-01,0.05,0.0,0.57,0.0,0.0,0.0,0.0,0.51,1.8,0.0,2.9299999999999997,19210000000.0
2024-05-31,0.05,0.0,0.57,0.0,0.0,0.0,0.0,0.51,1.8,0.0,2.9299999999999997,19210000000.0
2024-05-30,0.05,0.0,0.57,0.0,0.0,0.0,0.0,0.51,1.8,0.0,2.9299999999999997,19210000000.0
2024-05-29,0.05,0.0,0.57,0.0,0.0,0.0,0.0,0.51,1.8,0.0,2.9299999999999997,19210000000.0
2024-05-28,0.05,0.0,0.57,0.0,0.0,0.0,0.0,0.51,1.8,0.0,2.9299999999999997,19210000000.0
2024-05-27,0.05,0.0,0.0,0.0,0.0,0.0,0.0,0.39,1.8,0.0,2.24,19210000000.0
2024-05-26,0.05,0.0,0.0,0.0,0.0,0.0,0.0,0.39,1.8,0.0,2.24,19210000000.0
2024-05-25,0.05,0.0,0.0,0.0,0.0,0.0,0.0,0.39,1.8,0.0,2.24,19210000000.0
2024-05-24,0.05,0.0,0.0,0.0,0.0,0.0,0.0,0.39,1.8,0.0,2.24,19210000000.0
2024-05-23,0.05,0.0,0.0,0.0,0.0,0.0,0.0,0.39,1.8,0.0,2.24,19210000000.0
2024-05-22,0.05,0.0,0.0,0.0,0.0,0.0,0.0,0.39,1.8,0.0,2.24,19210000000.0
2024-05-21,0.05,0.0,0.0,0.0,0.0,0.0,0.0,0.39,1.8,0.0,2.24,19210000000.0
2024-05-20,0.05,0.0,0.0,0.0,0.0,0.0,0.0,0.39,1.8,0.0,2.24,19210000000.0
2024-05-19,0.05,0.0,0.0,0.0,0.0,0.0,0.0,0.39,1.8,0.0,2.24,19210000000.0
2024-05-18,0.05,0.0,0.0,0.0,0.0,0.0,0.0,0.39,1.8,0.0,2.24,19210000000.0
2024-05-17,0.05,0.0,0.0,0.0,0.0,0.0,0.0,0.39,1.8,0.0,2.24,19210000000.0
2024-05-16,0.05,0.0,0.0,0.0,0.0,0.0,0.0,0.39,1.8,0.0,2.24,19210000000.0
2024-05-15,0.05,0.0,0.0,0.0,0.0,0.0,0.0,0.39,1.8,0.0,2.24,19210000000.0
2024-05-14,0.05,0.0,0.0,0.0,0.0,0.0,0.0,0.39,1.8,0.0,2.24,19210000000.0
2024-05-13,0.05,0.0,0.0,0.0,0.0,0.0,0.0,0.39,1.8,0.0,2.24,19210000000.0
2024-05-12,0.05,0.0,0.0,0.0,0.0,0.0,0.0,0.39,1.8,0.0,2.24,19210000000.0
2024-05-11,0.05,0.0,0.0,0.0,0.0,0.0,0.0,0.39,1.8,0.0,2.24,19210000000.0
2024-05-10,0.05,0.0,0.0,0.0,0.0,0.0,0.0,0.39,1.8,0.0,2.24,19210000000.0
2024-05-09,0.05,0.0,0.0,0.0,0.0,0.0,0.0,0.39,1.8,0.0,2.24,19210000000.0
2024-05-08,0.05,0.0,0.0,0.0,0.0,0.0,0.0,0.39,1.71,0.0,2.15,19210000000.0
2024-05-07,0.05,0.0,0.0,0.0,0.0,0.0,0.0,0.39,1.71,0.0,2.15,19210000000.0
2024-05-06,0.05,0.0,0.0,0.0,0.0,0.0,0.0,0.5,1.71,0.0,2.26,19210000000.0
2024-05-05,0.05,0.0,0.0,0.0,0.0,0.0,0.0,0.5,1.71,0.0,2.26,19210000000.0
2024-05-04,0.05,0.0,0.0,0.0,0.0,0.0,0.0,0.5,1.71,0.0,2.26,19210000000.0
2024-05-03,0.05,0.0,0.0,0.0,0.0,0.0,0.0,0.5,1.71,0.0,2.26,19210000000.0
2024-05-02,0.05,0.0,0.0,0.0,0.0,0.0,0.0,0.5,1.71,0.0,2.26,19210000000.0
2024-05-01,0.05,0.0,0.0,0.0,0.0,0.0,0.0,0.5,1.71,0.0,2.26,19210000000.0
2024-04-30,0.05,0.0,0.0,0.0,0.0,0.0,0.0,0.5,1.71,0.0,2.26,19210000000.0
2024-04-29,0.05,0.0,0.0,0.0,0.0,0.0,0.0,0.5,1.71,0.0,2.26,19210000000.0
2024-04-28,0.05,0.0,0.0,0.0,0.0,0.0,0.0,0.49,1.71,0.0,2.25,19210000000.0
2024-04-27,0.05,0.0,0.0,0.0,0.0,0.0,0.0,0.49,1.71,0.0,2.25,19210000000.0
2024-04-26,0.05,0.0,0.0,0.0,0.0,0.0,0.0,0.49,1.71,0.0,2.25,19210000000.0
2024-04-25,0.05,0.0,0.0,0.0,0.0,0.0,0.0,0.5,1.71,0.0,2.26,19210000000.0
2024-04-24,0.05,0.0,0.0,0.0,0.0,0.0,0.0,0.49,1.71,0.0,2.25,19210000000.0
2024-04-23,0.05,0.0,0.0,0.0,0.0,0.0,0.0,0.5,1.71,0.0,2.26,19210000000.0
2024-04-22,0.05,0.0,0.0,0.0,0.0,0.0,0.0,0.5,1.71,0.0,2.26,19210000000.0
2024-04-21,0.05,0.0,0.0,0.0,0.0,0.0,0.0,0.5,1.71,0.0,2.26,19210000000.0
2024-04-20,0.05,0.0,0.0,0.0,0.0,0.0,0.0,0.5,1.71,0.0,2.26,19210000000.0
2024-04-19,0.05,0.0,0.69,0.0,0.0,0.0,0.0,0.5,1.71,0.0,2.95,19210000000.0
2024-04-18,0.05,0.0,0.69,0.0,0.0,0.0,0.0,0.5,1.71,0.0,2.95,19210000000.0
2024-04-17,0.05,0.0,0.69,0.0,0.0,0.0,0.0,0.5,1.71,0.0,2.95,19210000000.0
2024-04-16,0.05,0.0,0.69,0.0,0.0,0.0,0.0,0.5,1.71,0.0,2.95,19210000000.0
2024-04-15,0.05,0.0,0.69,0.0,0.0,0.0,0.0,0.5,1.71,0.0,2.95,19210000000.0
2024-04-14,0.05,0.0,0.69,0.0,0.0,0.0,0.0,0.5,1.71,0.0,2.95,19210000000.0
2024-04-13,0.05,0.0,0.69,0.0,0.0,0.0,0.0,0.5,1.71,0.0,2.95,19210000000.0
2024-04-12,0.05,0.0,0.69,0.0,0.0,0.0,0.0,0.5,1.71,0.0,2.95,19210000000.0
2024-04-11,0.05,0.0,0.69,0.0,0.0,0.0,0.0,0.5,1.71,0.0,2.95,19210000000.0
2024-04-10,0.05,0.0,0.69,0.0,0.0,0.0,0.0,0.5,1.71,0.0,2.95,19210000000.0
2024-04-09,0.05,0.0,0.69,0.0,0.0,0.0,0.0,0.0,1.71,0.0,2.45,19210000000.0
2024-04-08,0.05,0.0,0.69,0.0,0.0,0.0,0.0,0.0,1.71,0.0,2.45,19210000000.0
2024-04-07,1.81,0.0,0.69,0.0,0.0,0.0,0.0,0.0,1.71,0.0,4.21,19210000000.0
2024-04-06,1.81,0.0,0.69,0.0,0.0,0.0,0.0,0.0,1.71,0.0,4.21,19210000000.0
2024-04-05,1.81,0.0,0.69,0.0,0.0,0.0,0.0,0.0,1.71,0.0,4.21,19210000000.0
2024-04-04,1.81,0.0,0.69,0.0,0.0,0.0,0.0,0.0,1.71,0.0,4.21,19210000000.0
2024-04-03,1.81,0.0,0.69,0.0,0.0,0.0,0.0,0.0,1.71,0.0,4.21,19210000000.0
2024-04-02,1.73,0.0,0.69,0.0,0.0,0.0,0.0,0.0,1.71,0.0,4.13,19210000000.0
2024-04-01,1.73,0.0,0.69,0.0,0.0,0.0,0.0,0.0,1.71,0.0,4.13,19210000000.0
2024-03-31,1.73,0.0,0.69,0.0,0.0,0.0,0.0,0.0,1.71,0.0,4.13,13470000000.0
2024-03-30,1.73,0.0,0.69,0.0,0.0,0.0,0.0,0.0,1.71,0.0,4.13,13470000000.0
2024-03-29,1.73,0.0,0.69,0.0,0.0,0.0,0.0,0.0,1.71,0.0,4.13,13470000000.0
2024-03-28,1.73,0.0,0.69,0.0,0.0,0.0,0.0,0.0,1.71,0.0,4.13,13470000000.0
2024-03-27,1.64,0.0,0.69,0.0,0.0,0.0,0.0,0.0,1.71,0.0,4.04,13470000000.0
2024-03-26,1.64,0.0,0.69,0.0,0.0,0.0,0.0,0.0,1.71,0.0,4.04,13470000000.0
2024-03-25,1.64,0.0,0.69,0.0,0.0,0.0,0.0,0.0,1.71,0.0,4.04,13470000000.0
2024-03-24,1.58,0.0,0.69,0.0,0.0,0.0,0.0,0.0,1.71,0.0,3.98,13470000000.0
2024-03-23,1.58,0.0,0.69,0.0,0.0,0.0,0.0,0.0,1.71,0.0,3.98,13470000000.0
2024-03-22,1.58,0.0,0.69,0.0,0.0,0.0,0.0,0.0,1.71,0.0,3.98,13470000000.0
2024-03-21,1.41,0.0,0.69,0.0,0.0,0.0,0.0,0.0,1.71,0.0,3.8099999999999996,13470000000.0
2024-03-20,1.41,0.0,0.69,0.0,0.0,0.0,0.0,0.0,1.71,0.0,3.8099999999999996,13470000000.0
2024-03-19,1.41,0.0,0.69,0.0,0.0,0.0,0.0,0.0,1.71,0.0,3.8099999999999996,13470000000.0
2024-03-18,1.41,0.0,0.69,0.0,0.0,0.0,0.0,0.0,1.71,0.0,3.8099999999999996,13470000000.0
2024-03-17,1.41,0.0,0.69,0.0,0.0,0.0,0.0,0.0,1.71,0.0,3.8099999999999996,13470000000.0
2024-03-16,1.41,0.0,0.69,0.0,0.0,0.0,0.0,0.0,1.71,0.0,3.8099999999999996,13470000000.0
2024-03-15,1.41,0.0,0.69,0.0,0.0,0.0,0.47,0.0,1.71,0.0,4.279999999999999,13470000000.0
2024-03-14,1.36,0.0,0.69,0.0,0.0,0.0,0.47,0.0,1.71,0.0,4.2299999999999995,13470000000.0
2024-03-13,1.47,0.0,0.69,0.0,0.0,0.0,0.47,0.0,1.71,0.0,4.34,13470000000.0
2024-03-12,1.47,0.0,0.69,0.0,0.0,0.0,0.47,0.0,1.71,0.0,4.34,13470000000.0
2024-03-11,1.47,0.0,0.69,0.0,0.0,0.0,0.47,0.0,1.71,0.0,4.34,13470000000.0
2024-03-10,1.47,0.0,0.69,0.0,0.0,0.0,0.47,0.0,1.71,0.0,4.34,13470000000.0
2024-03-09,1.47,0.0,0.69,0.0,0.0,0.0,0.47,0.0,1.71,0.0,4.34,13470000000.0
2024-03-08,1.47,0.0,0.69,0.0,0.0,0.0,0.47,0.0,1.71,0.0,4.34,13470000000.0
2024-03-07,1.47,0.0,0.69,0.0,0.0,0.0,0.47,0.0,1.71,0.0,4.34,13470000000.0
2024-03-06,1.52,0.0,0.69,0.0,0.0,0.0,0.47,0.0,1.71,0.0,4.39,13470000000.0
2024-03-05,1.52,0.0,0.69,0.0,0.0,0.0,0.47,0.0,1.71,0.0,4.39,13470000000.0
2024-03-04,1.52,0.0,0.69,0.0,0.0,0.0,0.47,0.0,1.71,0.0,4.39,13470000000.0
2024-03-03,1.48,0.0,0.69,0.0,0.0,0.0,0.47,0.0,1.71,0.0,4.35,13470000000.0
2024-03-02,1.48,0.0,0.69,0.0,0.0,0.0,0.47,0.0,1.71,0.0,4.35,13470000000.0
2024-03-01,1.48,0.0,0.69,0.0,0.0,0.0,0.47,0.0,1.71,0.0,4.35,13470000000.0
2024-02-29,1.48,0.0,0.69,0.0,0.0,0.0,0.47,0.0,1.71,0.0,4.35,13470000000.0
2024-02-28,1.59,0.0,0.69,0.0,0.0,0.0,0.47,0.0,1.65,0.0,4.4,13470000000.0
2024-02-27,1.59,0.0,0.69,0.0,0.0,0.0,0.47,0.0,1.65,0.0,4.4,13470000000.0
2024-02-26,1.66,0.0,0.69,0.0,0.0,0.0,0.47,0.0,1.65,0.0,4.469999999999999,13470000000.0
2024-02-25,1.66,0.0,0.69,0.0,0.0,0.0,0.47,0.0,1.65,0.0,4.469999999999999,13470000000.0
2024-02-24,1.66,0.0,0.69,0.0,0.0,0.0,0.47,0.0,1.65,0.0,4.469999999999999,13470000000.0
2024-02-23,1.66,0.0,0.69,0.0,0.0,0.0,0.47,0.0,1.65,0.0,4.469999999999999,13470000000.0
2024-02-22,1.66,0.0,0.69,0.0,0.0,0.0,0.47,0.0,1.65,0.0,4.469999999999999,13470000000.0
2024-02-21,1.66,0.0,0.69,0.0,0.0,0.0,0.47,0.0,1.65,0.0,4.469999999999999,13470000000.0
2024-02-20,1.66,0.0,0.69,0.0,0.0,0.0,0.47,0.0,1.65,0.0,4.469999999999999,13470000000.0
2024-02-19,1.66,0.0,0.69,0.0,0.0,0.0,0.47,0.0,1.65,0.0,4.469999999999999,13470000000.0
2024-02-18,1.66,0.0,0.69,0.0,0.0,0.0,0.47,0.0,1.65,0.0,4.469999999999999,13470000000.0
2024-02-17,1.66,0.0,0.69,0.0,0.0,0.0,0.47,0.0,1.65,0.0,4.469999999999999,13470000000.0
2024-02-16,1.66,0.0,0.69,0.0,0.0,0.0,0.47,0.0,1.65,0.0,4.469999999999999,13470000000.0
2024-02-15,1.66,0.0,0.69,0.0,0.0,0.0,0.47,0.0,1.65,0.0,4.469999999999999,13470000000.0
2024-02-14,1.66,0.0,0.69,0.0,0.0,0.0,0.47,0.0,1.65,0.0,4.469999999999999,13470000000.0
2024-02-13,1.66,0.0,0.69,0.0,0.0,0.0,0.47,0.0,1.65,0.0,4.469999999999999,13470000000.0
2024-02-12,1.66,0.0,0.69,0.0,0.0,0.0,0.47,0.0,1.65,0.0,4.469999999999999,13470000000.0
2024-02-11,1.7,0.0,0.69,0.0,0.0,0.0,0.47,0.0,1.65,0.0,4.51,13470000000.0
2024-02-10,1.7,0.0,0.69,0.0,0.0,0.0,0.47,0.0,1.65,0.0,4.51,13470000000.0
2024-02-09,1.7,0.0,0.69,0.0,0.0,0.0,0.47,0.0,1.65,0.0,4.51,13470000000.0
2024-02-08,1.7,0.0,0.69,0.0,0.0,0.0,0.47,0.0,1.65,0.0,4.51,13470000000.0
2024-02-07,1.7,0.0,0.69,0.0,0.0,0.0,0.47,0.0,1.65,0.0,4.51,13470000000.0
2024-02-06,1.7,0.0,0.69,0.0,0.0,0.0,0.47,0.0,1.65,0.0,4.51,13470000000.0
2024-02-05,1.7,0.0,0.69,0.0,0.0,0.0,0.47,0.0,1.65,0.0,4.51,13470000000.0
2024-02-04,1.7,0.0,0.69,0.0,0.0,0.0,0.47,0.0,1.65,0.0,4.51,13470000000.0
2024-02-03,1.7,0.0,0.69,0.0,0.0,0.0,0.47,0.0,1.65,0.0,4.51,13470000000.0
2024-02-02,1.7,0.0,0.69,0.0,0.0,0.0,0.47,0.0,1.65,0.0,4.51,13470000000.0
2024-02-01,1.7,0.0,0.69,0.0,0.0,0.0,0.47,0.0,1.65,0.0,4.51,13470000000.0
2024-01-31,1.61,0.0,0.69,0.0,0.0,0.0,0.47,0.0,1.65,0.0,4.42,13470000000.0
2024-01-30,1.61,0.0,0.69,0.0,0.0,0.0,0.47,0.0,1.65,0.0,4.42,13470000000.0
2024-01-29,1.51,0.0,0.69,0.0,0.0,0.0,0.47,0.0,1.65,0.0,4.32,13470000000.0
2024-01-28,1.51,0.0,0.69,0.0,0.0,0.0,0.47,0.0,1.65,0.0,4.32,13470000000.0
2024-01-27,1.51,0.0,0.69,0.0,0.0,0.0,0.47,0.0,1.65,0.0,4.32,13470000000.0
2024-01-26,1.51,0.0,0.69,0.0,0.0,0.0,0.47,0.0,1.65,0.0,4.32,13470000000.0
2024-01-25,1.51,0.0,0.69,0.0,0.0,0.0,0.47,0.0,1.65,0.0,4.32,13470000000.0
2024-01-24,1.41,0.0,0.69,0.0,0.0,0.0,0.47,0.0,1.65,0.0,4.219999999999999,13470000000.0
2024-01-23,1.41,0.0,0.69,0.0,0.0,0.0,0.47,0.0,1.65,0.0,4.219999999999999,13470000000.0
2024-01-22,1.41,0.0,0.69,0.0,0.0,0.0,0.47,0.0,1.65,0.0,4.219999999999999,13470000000.0
2024-01-21,1.41,0.0,0.69,0.0,0.0,0.0,0.47,0.0,1.65,0.0,4.219999999999999,13470000000.0
2024-01-20,1.41,0.0,0.69,0.0,0.0,0.0,0.47,0.0,1.65,0.0,4.219999999999999,13470000000.0
2024-01-19,1.41,0.0,0.69,0.0,0.0,0.0,0.47,0.0,1.65,0.0,4.219999999999999,13470000000.0
2024-01-18,1.41,0.0,0.69,0.0,0.0,0.0,0.47,0.0,1.65,0.0,4.219999999999999,13470000000.0
2024-01-17,1.41,0.0,0.69,0.0,0.0,0.0,0.47,0.0,1.65,0.0,4.219999999999999,13470000000.0
2024-01-16,1.41,0.0,0.69,0.0,0.0,0.0,0.47,0.0,1.65,0.0,4.219999999999999,13470000000.0
2024-01-15,1.41,0.0,0.69,0.0,0.0,0.0,0.47,0.0,1.65,0.0,4.219999999999999,13470000000.0
2024-01-14,1.31,0.0,0.69,0.0,0.0,0.0,0.47,0.0,1.65,0.0,4.119999999999999,13470000000.0
2024-01-13,1.31,0.0,0.69,0.0,0.0,0.0,0.47,0.48,1.65,0.0,4.6,13470000000.0
2024-01-12,1.31,0.0,0.69,0.0,0.0,0.0,0.47,0.48,1.65,0.0,4.6,13470000000.0
2024-01-11,1.31,0.0,0.69,0.0,0.0,0.0,0.47,0.48,1.65,0.0,4.6,13470000000.0
2024-01-10,1.22,0.0,0.69,0.0,0.0,0.0,0.47,0.48,1.65,0.0,4.51,13470000000.0
2024-01-09,1.22,0.0,0.69,0.0,0.0,0.0,0.47,0.48,1.7,0.0,4.56,13470000000.0
2024-01-08,1.22,0.0,0.69,0.0,0.0,0.0,0.47,0.48,1.69,0.0,4.55,13470000000.0
2024-01-07,1.22,0.0,0.69,0.0,0.0,0.0,0.47,0.48,1.7,0.0,4.56,13470000000.0
2024-01-06,1.22,0.0,0.69,0.0,0.0,0.0,0.47,0.48,1.7,0.0,4.56,13470000000.0
2024-01-05,1.22,0.0,0.69,0.0,0.0,0.0,0.47,0.48,1.7,0.0,4.56,13470000000.0
2024-01-04,1.22,0.0,0.69,0.0,0.0,0.0,0.47,0.48,1.7,0.0,4.56,13470000000.0
2024-01-03,1.22,0.0,0.69,0.0,0.0,0.0,0.47,0.48,1.7,0.0,4.56,13470000000.0
2024-01-02,1.15,0.0,0.69,0.0,0.0,0.0,0.47,0.48,1.7,0.0,4.489999999999999,13470000000.0
2024-01-01,1.09,0.0,0.69,0.0,0.0,0.0,0.47,0.48,1.69,0.0,4.42,13470000000.0
2023-12-31,1.09,0.0,0.69,0.0,0.0,0.0,0.47,0.48,1.69,0.0,4.42,9510000000.0
2023-12-30,1.09,0.0,0.69,0.0,0.0,0.0,0.47,0.48,1.69,0.0,4.42,9510000000.0
2023-12-29,1.09,0.0,0.69,0.0,0.0,0.0,0.47,0.48,1.69,0.0,4.42,9510000000.0
2023-12-28,1.1,0.0,0.69,0.0,0.0,0.0,0.47,0.48,1.77,0.0,4.51,9510000000.0
2023-12-27,1.08,0.0,0.69,0.0,0.0,0.0,0.47,0.48,1.77,0.0,4.49,9510000000.0
2023-12-26,1.1,0.0,0.69,0.0,0.0,0.0,0.47,0.48,1.77,0.0,4.51,9510000000.0
2023-12-25,1.1,0.0,0.69,0.0,0.0,0.0,0.47,0.48,1.77,0.0,4.51,9510000000.0
2023-12-24,1.1,0.0,0.69,0.0,0.0,0.0,0.47,0.48,1.77,0.0,4.51,9510000000.0
2023-12-23,1.1,0.0,0.69,0.0,0.0,0.0,0.47,0.48,1.77,0.0,4.51,9510000000.0
2023-12-22,1.1,0.0,0.69,0.0,0.0,0.0,0.47,0.48,1.77,0.0,4.51,9510000000.0
2023-12-21,1.1,0.0,0.69,0.0,0.0,0.0,0.47,0.48,1.77,0.0,4.51,9510000000.0
2023-12-20,1.1,0.0,0.69,0.0,0.0,0.0,0.47,0.48,1.77,0.0,4.51,9510000000.0
2023-12-19,1.09,0.0,0.69,0.0,0.0,0.0,0.47,0.48,1.77,0.0,4.5,9510000000.0
2023-12-18,1.19,0.0,0.71,0.0,0.0,0.0,0.47,0.48,1.77,0.0,4.62,9510000000.0
2023-12-17,1.19,0.0,0.71,0.0,0.0,0.0,0.47,0.48,1.77,0.0,4.62,9510000000.0
2023-12-16,1.19,0.0,0.71,0.0,0.0,0.0,0.47,0.48,1.77,0.0,4.62,9510000000.0
2023-12-15,1.19,0.0,0.71,0.0,0.0,0.0,0.47,0.48,1.77,0.0,4.62,9510000000.0
2023-12-14,1.19,0.0,0.71,0.0,0.0,0.0,0.47,0.48,1.77,0.0,4.62,9510000000.0
2023-12-13,1.3,0.0,0.71,0.0,0.0,0.0,0.47,0.48,1.77,0.0,4.7299999999999995,9510000000.0
2023-12-12,1.3,0.0,0.71,0.0,0.0,0.0,0.47,0.48,1.77,0.0,4.7299999999999995,9510000000.0
2023-12-11,1.3,0.0,0.71,0.0,0.0,0.0,0.47,0.48,1.77,0.0,4.7299999999999995,9510000000.0
2023-12-10,1.3,0.0,0.71,0.0,0.0,0.0,0.47,0.48,1.77,0.0,4.7299999999999995,9510000000.0
2023-12-09,1.3,0.0,0.71,0.0,0.0,0.0,0.47,0.48,1.77,0.0,4.7299999999999995,9510000000.0
2023-12-08,1.3,0.0,0.71,0.0,0.0,0.0,0.47,0.48,1.77,0.0,4.7299999999999995,9510000000.0
2023-12-07,1.3,0.0,0.71,0.0,0.0,0.0,0.47,0.48,1.77,0.0,4.7299999999999995,9510000000.0
2023-12-06,1.3,0.0,0.71,0.0,0.0,0.0,0.47,0.48,1.77,0.0,4.7299999999999995,9510000000.0
2023-12-05,1.3,0.0,0.71,0.0,0.0,0.0,0.47,0.48,1.77,0.0,4.7299999999999995,9510000000.0
2023-12-04,1.3,0.0,0.71,0.0,0.0,0.0,0.47,0.48,1.77,0.0,4.7299999999999995,9510000000.0
2023-12-03,1.26,0.0,0.71,0.0,0.0,0.0,0.47,0.48,1.77,0.0,4.6899999999999995,9510000000.0
2023-12-02,1.26,0.0,0.71,0.0,0.0,0.0,0.47,0.48,1.77,0.0,4.6899999999999995,9510000000.0
2023-12-01,1.26,0.0,0.71,0.0,0.0,0.0,0.47,0.48,1.77,0.0,4.6899999999999995,9510000000.0
2023-11-30,1.26,0.0,0.71,0.0,0.0,0.0,0.47,0.48,1.77,0.0,4.6899999999999995,9510000000.0
2023-11-29,1.26,0.0,0.71,0.0,0.0,0.0,0.47,0.48,1.77,0.0,4.6899999999999995,9510000000.0
2023-11-28,1.26,0.0,0.71,0.0,0.0,0.0,0.47,0.48,1.77,0.0,4.6899999999999995,9510000000.0
2023-11-27,1.26,0.0,0.71,0.0,0.0,0.0,0.47,0.48,1.77,0.0,4.6899999999999995,9510000000.0
2023-11-26,1.26,0.0,0.71,0.0,0.0,0.0,0.47,0.48,1.77,0.0,4.6899999999999995,9510000000.0
2023-11-25,1.26,0.0,0.71,0.0,0.0,0.0,0.47,0.48,1.77,0.0,4.6899999999999995,9510000000.0
2023-11-24,1.26,0.0,0.71,0.0,0.0,0.0,0.47,0.48,1.77,0.0,4.6899999999999995,9510000000.0
2023-11-23,1.26,0.0,0.71,0.0,0.0,0.0,0.47,0.48,1.77,0.0,4.6899999999999995,9510000000.0
2023-11-22,1.26,0.0,0.71,0.0,0.0,0.0,0.47,0.48,1.77,0.0,4.6899999999999995,9510000000.0
2023-11-21,1.26,0.0,0.71,0.0,0.0,0.0,0.47,0.48,1.77,0.0,4.6899999999999995,9510000000.0
2023-11-20,1.26,0.0,0.71,0.0,0.0,0.0,0.47,0.48,1.77,0.0,4.6899999999999995,9510000000.0
2023-11-19,1.16,0.0,0.71,0.0,0.0,0.0,0.47,0.48,1.77,0.0,4.59,9510000000.0
2023-11-18,1.16,0.0,0.71,0.0,0.0,0.0,0.47,0.48,1.77,0.0,4.59,9510000000.0
2023-11-17,1.16,0.0,0.71,0.0,0.0,0.0,0.47,0.48,1.77,0.0,4.59,9510000000.0
2023-11-16,1.16,0.0,0.71,0.0,0.0,0.0,0.47,0.48,1.77,0.0,4.59,9510000000.0
2023-11-15,1.28,0.0,0.71,0.0,0.0,0.0,0.47,0.48,1.77,0.0,4.71,9510000000.0
2023-11-14,1.28,0.0,0.71,0.0,0.0,0.0,0.47,0.48,1.77,0.0,4.71,9510000000.0
2023-11-13,1.28,0.0,0.71,0.0,0.0,0.0,0.53,0.48,1.77,0.0,4.77,9510000000.0
2023-11-12,1.32,0.0,0.71,0.0,0.0,0.0,0.75,0.48,1.77,0.0,5.03,9510000000.0
2023-11-11,1.32,0.0,0.71,0.0,0.0,0.0,0.75,0.48,1.77,0.0,5.03,9510000000.0
2023-11-10,1.32,0.0,0.71,0.0,0.0,0.0,0.75,0.48,1.77,0.0,5.03,9510000000.0
2023-11-09,1.29,0.0,0.71,0.0,0.0,0.0,0.75,0.48,1.77,0.0,5.0,9510000000.0
2023-11-08,1.37,0.0,0.71,0.0,0.0,0.0,0.81,0.48,1.77,0.0,5.140000000000001,9510000000.0
2023-11-07,1.44,0.0,0.71,0.0,0.0,0.0,0.81,0.48,1.77,0.0,5.21,9510000000.0
2023-11-06,1.39,0.0,0.71,0.0,0.0,0.0,0.81,0.48,1.77,0.0,5.16,9510000000.0
2023-11-05,1.22,0.0,0.71,0.0,0.0,0.0,0.81,0.48,1.77,0.0,4.99,9510000000.0
2023-11-04,1.22,0.0,0.71,0.0,0.0,0.0,0.81,0.48,1.77,0.0,4.99,9510000000.0
2023-11-03,1.22,0.0,0.71,0.0,0.0,0.0,0.81,0.48,1.77,0.0,4.99,9510000000.0
2023-11-02,1.22,0.0,0.71,0.0,0.0,0.0,0.81,0.48,1.77,0.0,4.99,9510000000.0
2023-11-01,1.22,0.0,0.71,0.0,0.0,0.0,0.81,0.48,1.77,0.0,4.99,9510000000.0
2023-10-31,1.22,0.0,0.71,0.0,0.0,0.0,0.81,0.48,1.77,0.0,4.99,9510000000.0
2023-10-30,1.14,0.0,0.71,0.0,0.0,0.0,0.81,0.48,1.77,0.0,4.91,9510000000.0
2023-10-29,0.6,0.0,0.71,0.0,0.0,0.0,0.81,0.48,1.81,0.0,4.41,9510000000.0
2023-10-28,0.6,0.0,0.71,0.0,0.0,0.0,0.81,0.48,1.81,0.0,4.41,9510000000.0
2023-10-27,0.6,0.0,0.71,0.0,0.0,0.0,0.81,0.48,1.81,0.0,4.41,9510000000.0
2023-10-26,0.6,0.0,0.71,0.0,0.0,0.0,0.67,0.48,1.81,0.0,4.27,9510000000.0
2023-10-25,0.75,0.0,0.71,0.0,0.0,0.0,0.67,0.48,1.69,0.0,4.3,9510000000.0
2023-10-24,0.75,0.0,0.71,0.0,0.0,0.0,0.67,0.48,1.69,0.0,4.3,9510000000.0
2023-10-23,0.84,0.0,0.71,0.0,1.68,0.0,0.67,0.48,1.7,0.0,6.079999999999999,9510000000.0
2023-10-22,0.9,0.0,0.71,0.0,1.68,0.0,0.75,0.48,0.0,0.0,4.52,9510000000.0
2023-10-21,0.9,0.0,0.71,0.0,1.68,0.0,0.75,0.48,0.0,0.0,4.52,9510000000.0
2023-10-20,0.9,0.0,0.71,0.0,1.68,0.0,0.75,0.48,0.0,0.0,4.52,9510000000.0
2023-10-19,0.83,0.0,0.71,0.0,1.68,0.0,0.75,0.48,0.0,0.0,4.449999999999999,9510000000.0
2023-10-18,0.83,0.0,0.71,0.0,1.68,0.0,0.75,0.48,0.0,0.0,4.449999999999999,9510000000.0
2023-10-17,0.83,0.0,0.71,0.0,1.68,0.0,0.75,0.48,0.0,0.0,4.449999999999999,9510000000.0
2023-10-16,0.83,0.0,0.71,0.0,1.68,0.0,0.75,0.48,0.0,0.0,4.449999999999999,9510000000.0
2023-10-15,0.83,0.0,0.71,0.0,1.68,0.0,0.75,0.48,0.0,0.0,4.449999999999999,9510000000.0
2023-10-14,0.83,0.0,0.71,0.0,1.68,0.0,0.75,0.48,0.0,0.0,4.449999999999999,9510000000.0
2023-10-13,0.83,0.0,0.71,0.0,1.68,0.0,0.75,0.48,0.0,0.0,4.449999999999999,9510000000.0
2023-10-12,0.77,0.0,0.71,0.0,1.68,0.0,0.89,0.48,0.0,0.0,4.529999999999999,9510000000.0
2023-10-11,0.77,0.0,0.71,0.0,1.68,0.0,0.89,0.48,0.0,0.0,4.529999999999999,9510000000.0
2023-10-10,0.77,0.0,0.71,0.0,1.68,0.0,0.89,0.48,0.0,0.0,4.529999999999999,9510000000.0
2023-10-09,0.88,0.0,0.71,0.0,1.68,0.0,0.89,0.48,0.0,0.0,4.639999999999999,9510000000.0
2023-10-08,0.88,0.0,0.71,0.0,1.68,0.0,0.89,0.48,0.0,0.0,4.639999999999999,9510000000.0
2023-10-07,0.88,0.0,0.71,0.0,1.68,0.0,0.89,0.48,0.0,0.0,4.639999999999999,9510000000.0
2023-10-06,0.88,0.0,0.71,0.0,1.68,0.0,0.89,0.48,0.0,0.0,4.639999999999999,9510000000.0
2023-10-05,0.88,0.0,0.71,0.0,1.68,0.0,0.9,0.48,0.0,0.0,4.65,9510000000.0
2023-10-04,0.92,0.0,0.71,0.0,1.68,0.0,0.9,0.48,0.0,0.0,4.6899999999999995,9510000000.0
2023-10-03,0.92,0.0,0.71,0.0,1.68,0.0,0.9,0.48,0.0,0.0,4.6899999999999995,9510000000.0
2023-10-02,0.85,0.0,0.71,0.0,1.68,0.0,0.9,0.48,0.0,0.0,4.620000000000001,9510000000.0
2023-10-01,0.85,0.0,0.71,0.0,1.68,0.0,0.9,0.48,0.0,0.0,4.620000000000001,9510000000.0
2023-09-30,0.85,0.0,0.71,0.0,1.68,0.0,0.9,0.48,0.0,0.0,4.620000000000001,9510000000.0
2023-09-29,0.85,0.0,0.71,0.0,1.68,0.0,0.9,0.48,0.0,0.0,4.620000000000001,9510000000.0
2023-09-28,0.85,0.0,0.71,0.0,1.68,0.0,0.89,0.48,0.0,0.0,4.609999999999999,9510000000.0
2023-09-27,0.85,0.0,0.71,0.0,1.68,0.0,0.91,0.48,0.0,0.0,4.630000000000001,9510000000.0
2023-09-26,0.9,0.0,0.71,0.0,1.68,0.0,0.89,0.48,0.0,0.0,4.66,9510000000.0
2023-09-25,0.86,0.0,0.71,0.0,1.68,0.0,0.9,0.48,0.0,0.0,4.630000000000001,9510000000.0
2023-09-24,0.86,0.0,0.71,0.0,1.68,0.0,0.9,0.48,0.0,0.0,4.630000000000001,9510000000.0
2023-09-23,0.86,0.0,0.71,0.0,1.68,0.0,0.9,0.48,0.0,0.0,4.630000000000001,9510000000.0
2023-09-22,0.86,0.0,0.71,0.0,1.68,0.0,0.9,0.48,0.0,0.0,4.630000000000001,9510000000.0
2023-09-21,0.86,0.0,0.71,0.0,1.68,0.0,0.9,0.48,0.0,0.0,4.630000000000001,9510000000.0
2023-09-20,0.86,0.0,0.71,0.0,1.68,0.0,0.9,0.48,0.0,0.0,4.630000000000001,9510000000.0
2023-09-19,0.86,0.0,0.71,0.0,1.68,0.0,0.9,0.48,0.0,0.0,4.630000000000001,9510000000.0
2023-09-18,0.86,0.0,0.61,0.0,1.68,0.0,0.8,0.48,0.0,0.0,4.43,9510000000.0
2023-09-17,0.86,0.0,0.61,0.0,1.68,0.0,0.8,0.48,0.0,0.0,4.43,9510000000.0
2023-09-16,0.86,0.0,0.61,0.0,1.68,0.0,0.8,0.48,0.0,0.0,4.43,9510000000.0
2023-09-15,0.86,0.0,0.61,0.0,1.68,0.0,0.8,0.48,0.0,0.0,4.43,9510000000.0
2023-09-14,0.86,0.0,0.61,0.0,1.68,0.0,0.8,0.48,0.0,0.0,4.43,9510000000.0
2023-09-13,0.9,0.0,0.0,0.0,1.68,0.0,0.8,0.48,0.0,0.0,3.86,9510000000.0
2023-09-12,0.9,0.0,0.0,0.0,1.68,0.0,0.8,0.58,0.0,0.0,3.96,9510000000.0
2023-09-11,0.9,0.0,0.0,0.0,1.68,0.0,0.8,0.58,0.0,0.0,3.96,9510000000.0
2023-09-10,0.9,0.0,0.0,0.0,1.68,0.0,0.8,0.62,0.0,0.0,4.0,9510000000.0
2023-09-09,0.9,0.0,0.0,0.0,1.68,0.0,0.8,0.62,0.0,0.0,4.0,9510000000.0
2023-09-08,0.9,0.0,0.0,0.0,1.68,0.0,0.8,0.62,0.0,0.0,4.0,9510000000.0
2023-09-07,0.9,0.0,0.0,0.0,1.68,0.0,0.8,0.62,0.0,0.0,4.0,9510000000.0
2023-09-06,0.9,0.0,0.0,0.0,1.68,0.0,0.8,0.62,0.0,0.0,4.0,9510000000.0
2023-09-05,0.9,0.0,0.0,0.0,1.68,0.0,0.8,0.62,0.0,0.0,4.0,9510000000.0
2023-09-04,0.87,0.0,0.0,0.0,1.68,0.0,0.8,0.52,0.0,0.0,3.8699999999999997,9510000000.0
2023-09-03,0.87,0.0,0.0,0.0,1.68,0.0,0.8,0.52,0.0,0.0,3.8699999999999997,9510000000.0
2023-09-02,0.87,0.0,0.0,0.0,1.68,0.0,0.8,0.52,0.0,0.0,3.8699999999999997,9510000000.0
2023-09-01,0.87,0.0,0.0,0.0,1.68,0.0,0.8,0.52,0.0,0.0,3.8699999999999997,9510000000.0
2023-08-31,0.87,0.0,0.0,0.0,1.68,0.0,0.8,0.52,0.0,0.0,3.8699999999999997,9510000000.0
2023-08-30,0.87,0.0,0.0,0.0,1.68,0.0,0.8,0.52,0.0,0.0,3.8699999999999997,9510000000.0
2023-08-29,0.87,0.0,0.0,0.0,1.68,0.0,0.8,0.52,0.0,0.0,3.8699999999999997,9510000000.0
2023-08-28,0.87,0.0,0.0,0.0,1.68,0.0,0.8,0.52,0.0,0.0,3.8699999999999997,9510000000.0
2023-08-27,0.87,0.0,0.0,0.0,1.68,0.0,0.8,0.52,0.0,0.0,3.8699999999999997,9510000000.0
2023-08-26,0.87,0.0,0.0,0.0,1.68,0.0,0.8,0.52,0.0,0.0,3.8699999999999997,9510000000.0
2023-08-25,0.87,0.0,0.0,0.0,1.68,0.0,0.8,0.52,0.0,0.0,3.8699999999999997,9510000000.0
2023-08-24,0.87,0.0,0.0,0.0,1.68,0.0,0.8,0.52,0.0,0.0,3.8699999999999997,9510000000.0
2023-08-23,0.87,0.0,0.0,0.0,1.68,0.0,0.8,0.0,0.0,0.0,3.3499999999999996,9510000000.0
2023-08-22,0.91,0.0,0.0,0.0,1.68,0.0,0.7,0.0,0.0,0.0,3.29,9510000000.0
2023-08-21,0.91,0.0,0.0,0.0,1.68,0.0,0.7,0.0,0.0,0.0,3.29,9510000000.0
2023-08-20,0.91,0.0,0.0,0.0,1.68,0.0,0.7,0.0,0.0,0.0,3.29,9510000000.0
2023-08-19,0.91,0.0,0.0,0.0,1.68,0.0,0.7,0.0,0.0,0.0,3.29,9510000000.0
2023-08-18,0.91,0.0,0.0,0.0,1.68,0.0,0.7,0.0,0.0,0.0,3.29,9510000000.0
2023-08-17,0.91,0.0,0.0,0.0,1.68,0.0,0.7,0.0,0.0,0.0,3.29,9510000000.0
2023-08-16,0.82,0.0,0.0,0.0,1.68,0.0,0.7,0.0,0.0,0.0,3.2,9510000000.0
2023-08-15,0.82,0.0,0.0,0.0,1.68,0.0,0.61,0.0,0.0,0.0,3.11,9510000000.0
2023-08-14,0.82,0.0,0.0,0.0,1.68,0.0,0.61,0.0,0.0,0.0,3.11,9510000000.0
2023-08-13,0.82,0.0,0.0,0.0,1.68,0.0,0.61,0.0,0.0,0.0,3.11,9510000000.0
2023-08-12,0.82,0.0,0.0,0.0,1.68,0.0,0.61,0.0,0.0,0.0,3.11,9510000000.0
2023-08-11,0.82,0.0,0.0,0.0,1.68,0.0,0.61,0.0,0.0,0.0,3.11,9510000000.0
2023-08-10,0.82,0.0,0.0,0.0,1.68,0.0,0.61,0.0,0.0,0.0,3.11,9510000000.0
2023-08-09,0.93,0.0,0.0,0.0,1.68,0.0,0.5,0.0,0.0,0.0,3.11,9510000000.0
2023-08-08,1.01,0.0,0.0,0.0,1.68,0.0,0.5,0.0,0.0,0.0,3.19,9510000000.0
2023-08-07,1.01,0.0,0.0,0.0,1.68,0.0,0.48,0.0,0.0,0.0,3.17,9510000000.0
2023-08-06,0.83,0.0,0.0,0.0,1.68,0.0,0.48,0.0,0.0,0.0,2.9899999999999998,9510000000.0
2023-08-05,0.83,0.0,0.0,0.0,1.68,0.0,0.48,0.0,0.0,0.0,2.9899999999999998,9510000000.0
2023-08-04,0.83,0.0,0.0,0.0,1.68,0.0,0.48,0.0,0.0,0.0,2.9899999999999998,9510000000.0
2023-08-03,0.83,0.0,0.0,0.0,1.68,0.0,0.48,0.0,0.0,0.0,2.9899999999999998,9510000000.0
2023-08-02,0.83,0.0,0.0,0.0,1.68,0.0,0.48,0.0,0.0,0.0,2.9899999999999998,9510000000.0
2023-08-01,0.75,0.0,0.0,0.0,1.68,0.0,0.48,0.0,0.0,0.0,2.9099999999999997,9510000000.0
2023-07-31,0.75,0.0,0.0,0.0,1.68,0.0,0.48,0.0,0.0,0.0,2.9099999999999997,9510000000.0
2023-07-30,0.75,0.0,0.0,0.0,1.68,0.0,0.59,0.0,0.0,0.0,3.0199999999999996,9510000000.0
2023-07-29,0.75,0.0,0.0,0.0,1.68,0.0,0.59,0.0,0.0,0.0,3.0199999999999996,9510000000.0
2023-07-28,0.75,0.0,0.0,0.0,1.68,0.0,0.59,0.0,0.0,0.0,3.0199999999999996,9510000000.0
2023-07-27,0.75,0.0,0.0,0.0,1.68,0.0,0.59,0.0,0.0,0.0,3.0199999999999996,9510000000.0
2023-07-26,0.75,0.0,0.0,0.0,1.68,0.0,0.59,0.0,0.0,0.0,3.0199999999999996,9510000000.0
2023-07-25,0.75,0.0,0.0,0.0,1.68,0.0,0.59,0.0,0.0,0.0,3.0199999999999996,9510000000.0
2023-07-24,0.75,0.0,0.0,0.0,1.68,0.0,0.59,0.0,0.0,0.0,3.0199999999999996,9510000000.0
2023-07-23,0.89,0.0,0.0,0.0,1.68,0.0,0.6,0.0,0.0,0.0,3.17,9510000000.0
2023-07-22,0.89,0.0,0.0,0.0,1.68,0.0,0.6,0.0,0.0,0.0,3.17,9510000000.0
2023-07-21,0.89,0.0,0.0,0.0,1.68,0.0,0.6,0.0,0.0,0.0,3.17,9510000000.0
2023-07-20,0.89,0.0,0.0,0.0,1.68,0.0,0.6,0.0,0.0,0.0,3.17,9510000000.0
2023-07-19,0.89,0.0,0.0,0.0,1.68,0.0,0.6,0.0,0.0,0.0,3.17,9510000000.0
2023-07-18,0.89,0.0,0.0,0.0,1.68,0.0,0.6,0.0,0.0,0.0,3.17,9510000000.0
2023-07-17,0.92,0.0,0.0,0.0,1.68,0.0,0.6,0.0,0.0,0.0,3.2,9510000000.0
2023-07-16,0.88,0.06,0.56,0.22,1.68,0.0,0.6,0.0,0.0,0.0,4.0,9510000000.0
2023-07-15,0.88,0.06,0.56,0.22,1.68,0.0,0.6,0.0,0.0,0.0,4.0,9510000000.0
2023-07-14,0.88,0.06,0.56,0.22,1.68,0.0,0.6,0.0,0.0,0.0,4.0,9510000000.0
2023-07-13,0.88,0.06,0.56,0.22,1.68,0.0,0.6,0.0,0.0,0.0,4.0,9510000000.0
2023-07-12,0.88,0.06,0.56,0.22,1.68,0.0,0.6,0.0,0.0,0.0,4.0,9510000000.0
2023-07-11,0.88,0.06,0.56,0.22,1.68,0.0,0.6,0.0,0.0,0.0,4.0,9510000000.0
2023-07-10,0.96,0.06,0.56,0.22,1.68,0.0,0.6,0.0,0.0,0.0,4.08,9510000000.0
2023-07-09,0.96,0.06,0.56,0.22,1.68,0.0,0.6,0.0,0.0,0.0,4.08,9510000000.0
2023-07-08,0.96,0.06,0.56,0.22,1.68,0.0,0.6,0.0,0.0,0.0,4.08,9510000000.0
2023-07-07,0.96,0.06,0.56,0.22,1.68,0.0,0.6,0.0,0.0,0.0,4.08,9510000000.0
2023-07-06,0.96,0.06,0.56,0.22,1.68,0.0,0.6,0.0,0.0,0.0,4.08,9510000000.0
2023-07-05,0.96,0.06,0.56,0.22,1.68,0.0,0.5,0.0,0.0,0.0,3.98,9510000000.0
2023-07-04,1.02,0.06,0.56,0.22,1.68,0.0,0.5,0.0,0.0,0.0,4.04,9510000000.0
2023-07-03,0.95,0.06,0.56,0.22,1.68,0.0,0.49,0.0,0.0,0.0,3.96,9510000000.0
2023-07-02,0.95,0.06,0.56,0.22,1.68,0.0,0.5,0.0,0.0,0.0,3.9699999999999998,9510000000.0
2023-07-01,0.95,0.06,0.56,0.22,1.68,0.0,0.5,0.0,0.0,0.0,3.9699999999999998,9510000000.0
2023-06-30,0.95,0.06,0.56,0.22,1.68,0.0,0.5,0.0,0.0,0.0,3.9699999999999998,9510000000.0
2023-06-29,0.95,0.06,0.56,0.22,1.68,0.0,0.0,0.0,0.0,0.0,3.4699999999999998,9510000000.0
2023-06-28,0.84,0.06,0.56,0.22,1.68,0.0,0.0,0.0,0.0,0.0,3.36,9510000000.0
2023-06-27,0.84,0.06,0.56,0.22,1.68,0.0,0.0,0.0,0.0,0.0,3.36,9510000000.0
2023-06-26,0.84,0.06,0.56,0.22,1.68,0.0,0.0,0.0,0.0,0.0,3.36,9510000000.0
2023-06-25,0.84,0.06,0.56,0.22,1.68,0.0,0.0,0.0,0.0,0.0,3.36,9510000000.0
2023-06-24,0.84,0.06,0.56,0.22,1.68,0.0,0.0,0.0,0.0,0.0,3.36,9510000000.0
2023-06-23,0.84,0.06,0.56,0.22,1.68,0.0,0.0,0.0,0.0,0.0,3.36,9510000000.0
2023-06-22,0.43,0.06,0.56,0.22,1.71,0.0,0.0,0.0,0.0,0.0,2.98,9510000000.0
2023-06-21,0.43,0.06,0.56,0.22,1.71,0.0,0.0,0.0,0.0,0.0,2.98,9510000000.0
2023-06-20,0.43,0.06,0.56,0.22,1.71,0.0,0.0,0.0,0.0,0.0,2.98,9510000000.0
2023-06-19,0.43,0.06,0.56,0.22,1.71,0.0,0.0,0.0,0.0,0.0,2.98,9510000000.0
2023-06-18,0.43,0.06,0.56,0.22,1.71,0.0,0.0,0.0,0.0,0.0,2.98,9510000000.0
2023-06-17,0.43,0.06,0.56,0.22,1.71,0.0,0.0,0.0,0.0,0.0,2.98,9510000000.0
2023-06-16,0.43,0.06,0.56,0.22,1.71,0.0,0.0,0.0,0.0,0.0,2.98,9510000000.0
2023-06-15,0.58,0.06,0.56,0.22,1.71,0.0,0.0,0.0,0.0,0.0,3.13,9510000000.0
2023-06-14,0.58,0.06,0.56,0.22,1.71,0.0,0.0,0.0,0.0,0.0,3.13,9510000000.0
2023-06-13,0.68,0.06,0.56,0.22,1.71,0.0,0.0,0.0,0.0,0.0,3.23,9510000000.0
2023-06-12,0.68,0.06,0.56,0.22,1.71,0.0,0.0,0.0,0.0,0.0,3.23,9510000000.0
2023-06-11,0.68,0.06,0.56,0.22,1.71,0.0,0.0,0.0,0.0,0.0,3.23,9510000000.0
2023-06-10,0.68,0.06,0.56,0.22,1.71,0.0,0.0,0.0,0.0,0.0,3.23,9510000000.0
2023-06-09,0.68,0.06,0.56,0.22,1.71,0.0,0.0,0.0,0.0,0.0,3.23,9510000000.0
2023-06-08,0.68,0.06,0.56,0.22,1.71,0.0,0.0,0.0,0.0,0.0,3.23,9510000000.0
2023-06-07,0.75,0.06,0.56,0.22,1.71,0.0,0.0,0.0,0.0,0.0,3.3,9510000000.0
2023-06-06,0.75,0.06,0.56,0.22,1.71,0.0,0.0,0.0,0.0,0.0,3.3,9510000000.0
2023-06-05,0.75,0.06,0.56,0.22,1.71,0.0,0.0,0.0,0.0,0.0,3.3,9510000000.0
2023-06-04,0.75,0.06,0.56,0.22,1.71,0.0,0.0,0.0,0.0,0.0,3.3,9510000000.0
2023-06-03,0.75,0.06,0.56,0.22,1.71,0.0,0.0,0.0,0.0,0.0,3.3,9510000000.0
2023-06-02,0.75,0.06,0.56,0.22,1.71,0.0,0.0,0.0,0.0,0.0,3.3,9510000000.0
2023-06-01,0.75,0.06,0.56,0.22,1.71,0.0,0.0,0.0,0.0,0.0,3.3,9510000000.0
2023-05-31,0.75,0.06,0.56,0.22,1.71,0.0,0.0,0.0,0.0,0.0,3.3,9510000000.0
2023-05-30,0.75,0.06,0.56,0.22,1.71,0.0,0.0,0.0,0.0,0.0,3.3,9510000000.0
2023-05-29,0.75,0.06,0.56,0.22,1.71,0.02,0.0,0.0,0.0,0.0,3.32,9510000000.0
2023-05-28,0.75,0.06,0.56,0.22,1.71,0.02,0.0,0.0,0.0,0.0,3.32,9510000000.0
2023-05-27,0.75,0.06,0.56,0.22,1.71,0.02,0.0,0.0,0.0,0.0,3.32,9510000000.0
2023-05-26,0.75,0.06,0.56,0.22,1.71,0.02,0.0,0.0,0.0,0.0,3.32,9510000000.0
2023-05-25,0.75,0.06,0.56,0.22,1.71,0.02,0.0,0.0,0.0,0.0,3.32,9510000000.0
2023-05-24,0.75,0.06,0.56,0.22,1.71,0.02,0.0,0.0,0.0,0.0,3.32,9510000000.0
2023-05-23,0.75,0.06,0.56,0.22,1.71,0.02,0.0,0.0,0.0,0.0,3.32,9510000000.0
2023-05-22,0.75,0.06,0.56,0.22,1.71,0.02,0.0,0.0,0.0,0.0,3.32,9510000000.0
2023-05-21,0.75,0.06,0.56,0.22,1.71,0.02,0.0,0.0,0.0,0.0,3.32,9510000000.0
2023-05-20,0.75,0.06,0.56,0.22,1.71,0.02,0.0,0.0,0.0,0.0,3.32,9510000000.0
2023-05-19,0.75,0.06,0.56,0.22,1.71,0.02,0.0,0.0,0.0,0.0,3.32,9510000000.0
2023-05-18,0.75,0.06,0.56,0.22,1.71,0.02,0.0,0.0,0.0,0.0,3.32,9510000000.0
2023-05-17,0.75,0.06,0.56,0.22,1.71,0.02,0.0,0.0,0.0,0.0,3.32,9510000000.0
2023-05-16,0.75,0.06,0.56,0.22,1.71,0.02,0.0,0.0,0.0,0.0,3.32,9510000000.0
2023-05-15,0.68,0.06,0.56,0.22,1.71,0.02,0.0,0.0,0.0,0.0,3.25,9510000000.0
2023-05-14,0.68,0.06,0.56,0.22,1.71,0.02,0.0,0.0,0.0,0.0,3.25,9510000000.0
2023-05-13,0.68,0.06,0.56,0.22,1.71,0.02,0.0,0.0,0.0,0.0,3.25,9510000000.0
2023-05-12,0.68,0.06,0.56,0.22,1.71,0.02,0.0,0.0,0.0,0.0,3.25,9510000000.0
2023-05-11,0.68,0.06,0.56,0.22,1.71,0.02,0.0,0.0,0.0,0.0,3.25,9510000000.0
2023-05-10,0.77,0.06,0.56,0.22,1.71,0.02,0.0,0.0,0.0,0.0,3.3400000000000003,9510000000.0
2023-05-09,0.77,0.06,0.56,0.22,1.71,0.02,0.0,0.0,0.0,0.0,3.3400000000000003,9510000000.0
2023-05-08,0.77,0.06,0.56,0.22,1.71,0.02,0.0,0.0,0.0,0.0,3.3400000000000003,9510000000.0
2023-05-07,0.77,0.06,0.56,0.22,1.71,0.02,0.0,0.0,0.0,0.0,3.3400000000000003,9510000000.0
