,213800RUT3C1PCHUQP60,-066-,Total,Market_capitalization
2025-04-28,0.0,0.6,0.6,999390000.0
2025-04-27,0.0,0.6,0.6,999390000.0
2025-04-26,0.0,0.6,0.6,999390000.0
2025-04-25,0.0,0.6,0.6,999390000.0
2025-04-24,0.0,0.6,0.6,999390000.0
2025-04-23,0.0,0.6,0.6,999390000.0
2025-04-22,0.0,0.6,0.6,999390000.0
2025-04-21,0.0,0.6,0.6,999390000.0
2025-04-20,0.0,0.6,0.6,999390000.0
2025-04-19,0.0,0.6,0.6,999390000.0
2025-04-18,0.0,0.6,0.6,999390000.0
2025-04-17,0.0,0.6,0.6,999390000.0
2025-04-16,0.0,0.6,0.6,999390000.0
2025-04-15,0.0,0.6,0.6,999390000.0
2025-04-14,0.0,0.6,0.6,999390000.0
2025-04-13,0.0,0.6,0.6,999390000.0
2025-04-12,0.0,0.6,0.6,999390000.0
2025-04-11,0.0,0.6,0.6,999390000.0
2025-04-10,0.0,0.6,0.6,999390000.0
2025-04-09,0.0,0.6,0.6,999390000.0
2025-04-08,0.0,0.6,0.6,999390000.0
2025-04-07,0.0,0.6,0.6,999390000.0
2025-04-06,0.0,0.6,0.6,999390000.0
2025-04-05,0.0,0.6,0.6,999390000.0
2025-04-04,0.0,0.6,0.6,999390000.0
2025-04-03,0.0,0.6,0.6,999390000.0
2025-04-02,0.0,0.6,0.6,999390000.0
2025-04-01,0.0,0.6,0.6,999390000.0
2025-03-31,0.0,0.6,0.6,999390000.0
2025-03-30,0.0,0.6,0.6,999390000.0
2025-03-29,0.0,0.6,0.6,999390000.0
2025-03-28,0.0,0.6,0.6,999390000.0
2025-03-27,0.0,0.6,0.6,999390000.0
2025-03-26,0.0,0.6,0.6,999390000.0
2025-03-25,0.0,0.6,0.6,999390000.0
2025-03-24,0.0,0.6,0.6,999390000.0
2025-03-23,0.0,0.6,0.6,999390000.0
2025-03-22,0.0,0.6,0.6,999390000.0
2025-03-21,0.0,0.6,0.6,999390000.0
2025-03-20,0.0,0.6,0.6,999390000.0
2025-03-19,0.0,0.6,0.6,999390000.0
2025-03-18,0.0,0.6,0.6,999390000.0
2025-03-17,0.0,0.6,0.6,999390000.0
2025-03-16,0.0,0.6,0.6,999390000.0
2025-03-15,0.0,0.6,0.6,999390000.0
2025-03-14,0.0,0.6,0.6,999390000.0
2025-03-13,0.0,0.6,0.6,999390000.0
2025-03-12,0.0,0.6,0.6,999390000.0
2025-03-11,0.0,0.6,0.6,999390000.0
2025-03-10,0.0,0.6,0.6,999390000.0
2025-03-09,0.0,0.6,0.6,999390000.0
2025-03-08,0.0,0.6,0.6,999390000.0
2025-03-07,0.0,0.6,0.6,999390000.0
2025-03-06,0.0,0.6,0.6,999390000.0
2025-03-05,0.0,0.6,0.6,999390000.0
2025-03-04,0.0,0.6,0.6,999390000.0
2025-03-03,0.0,0.6,0.6,999390000.0
2025-03-02,0.0,0.6,0.6,999390000.0
2025-03-01,0.0,0.6,0.6,999390000.0
2025-02-28,0.0,0.6,0.6,999390000.0
2025-02-27,0.0,0.6,0.6,999390000.0
2025-02-26,0.0,0.6,0.6,999390000.0
2025-02-25,0.0,0.6,0.6,999390000.0
2025-02-24,0.0,0.6,0.6,999390000.0
2025-02-23,0.0,0.6,0.6,999390000.0
2025-02-22,0.0,0.6,0.6,999390000.0
2025-02-21,0.0,0.6,0.6,999390000.0
2025-02-20,0.0,0.6,0.6,999390000.0
2025-02-19,0.0,0.6,0.6,999390000.0
2025-02-18,0.0,0.6,0.6,999390000.0
2025-02-17,0.0,0.0,0.0,999390000.0
2025-02-16,0.0,0.0,0.0,999390000.0
2025-02-15,0.0,0.0,0.0,999390000.0
2025-02-14,0.0,0.0,0.0,999390000.0
2025-02-13,0.0,0.0,0.0,999390000.0
2025-02-12,0.0,0.0,0.0,999390000.0
2025-02-11,0.0,0.0,0.0,999390000.0
2025-02-10,0.0,0.0,0.0,999390000.0
2025-02-09,0.0,0.0,0.0,999390000.0
2025-02-08,0.0,0.0,0.0,999390000.0
2025-02-07,0.0,0.0,0.0,999390000.0
2025-02-06,0.0,0.0,0.0,999390000.0
2025-02-05,0.0,0.0,0.0,999390000.0
2025-02-04,0.0,0.0,0.0,999390000.0
2025-02-03,0.0,0.0,0.0,999390000.0
2025-02-02,0.49,0.0,0.49,999390000.0
2025-02-01,0.49,0.0,0.49,999390000.0
2025-01-31,0.49,0.0,0.49,999390000.0
2025-01-30,0.49,0.0,0.49,999390000.0
2025-01-29,0.49,0.0,0.49,999390000.0
2025-01-28,0.49,0.0,0.49,999390000.0
2025-01-27,0.49,0.0,0.49,999390000.0
2025-01-26,0.49,0.0,0.49,999390000.0
2025-01-25,0.49,0.0,0.49,999390000.0
2025-01-24,0.49,0.0,0.49,999390000.0
2025-01-23,0.49,0.0,0.49,999390000.0
2025-01-22,0.49,0.0,0.49,999390000.0
2025-01-21,0.49,0.0,0.49,999390000.0
2025-01-20,0.49,0.0,0.49,999390000.0
2025-01-19,0.49,0.0,0.49,999390000.0
2025-01-18,0.49,0.0,0.49,999390000.0
2025-01-17,0.49,0.0,0.49,999390000.0
2025-01-16,0.49,0.0,0.49,999390000.0
2025-01-15,0.49,0.0,0.49,999390000.0
2025-01-14,0.49,0.0,0.49,999390000.0
2025-01-13,0.49,0.0,0.49,999390000.0
2025-01-12,0.49,0.0,0.49,999390000.0
2025-01-11,0.49,0.0,0.49,999390000.0
2025-01-10,0.49,0.0,0.49,999390000.0
2025-01-09,0.49,0.0,0.49,999390000.0
2025-01-08,0.49,0.0,0.49,999390000.0
2025-01-07,0.49,0.0,0.49,999390000.0
2025-01-06,0.49,0.0,0.49,999390000.0
2025-01-05,0.49,0.0,0.49,999390000.0
2025-01-04,0.49,0.0,0.49,999390000.0
2025-01-03,0.49,0.0,0.49,999390000.0
2025-01-02,0.49,0.0,0.49,999390000.0
2025-01-01,0.49,0.0,0.49,999390000.0
2024-12-31,0.49,0.0,0.49,1170000000.0
2024-12-30,0.49,0.0,0.49,1170000000.0
2024-12-29,0.49,0.0,0.49,1170000000.0
2024-12-28,0.49,0.0,0.49,1170000000.0
2024-12-27,0.49,0.0,0.49,1170000000.0
2024-12-26,0.49,0.0,0.49,1170000000.0
2024-12-25,0.49,0.0,0.49,1170000000.0
2024-12-24,0.49,0.0,0.49,1170000000.0
2024-12-23,0.49,0.0,0.49,1170000000.0
2024-12-22,0.49,0.0,0.49,1170000000.0
2024-12-21,0.49,0.0,0.49,1170000000.0
2024-12-20,0.49,0.0,0.49,1170000000.0
2024-12-19,0.49,0.0,0.49,1170000000.0
2024-12-18,0.49,0.0,0.49,1170000000.0
2024-12-17,0.49,0.0,0.49,1170000000.0
2024-12-16,0.49,0.0,0.49,1170000000.0
2024-12-15,0.49,0.0,0.49,1170000000.0
2024-12-14,0.49,0.0,0.49,1170000000.0
2024-12-13,0.49,0.0,0.49,1170000000.0
2024-12-12,0.49,0.0,0.49,1170000000.0
2024-12-11,0.49,0.0,0.49,1170000000.0
2024-12-10,0.49,0.0,0.49,1170000000.0
2024-12-09,0.49,0.0,0.49,1170000000.0
2024-12-08,0.49,0.0,0.49,1170000000.0
2024-12-07,0.49,0.0,0.49,1170000000.0
2024-12-06,0.49,0.0,0.49,1170000000.0
2024-12-05,0.49,0.0,0.49,1170000000.0
2024-12-04,0.49,0.0,0.49,1170000000.0
2024-12-03,0.49,0.0,0.49,1170000000.0
2024-12-02,0.49,0.0,0.49,1170000000.0
2024-12-01,0.49,0.0,0.49,1170000000.0
2024-11-30,0.49,0.0,0.49,1170000000.0
2024-11-29,0.49,0.0,0.49,1170000000.0
2024-11-28,0.49,0.0,0.49,1170000000.0
2024-11-27,0.49,0.0,0.49,1170000000.0
2024-11-26,0.49,0.0,0.49,1170000000.0
2024-11-25,0.49,0.0,0.49,1170000000.0
2024-11-24,0.49,0.0,0.49,1170000000.0
2024-11-23,0.49,0.0,0.49,1170000000.0
2024-11-22,0.49,0.0,0.49,1170000000.0
2024-11-21,0.49,0.0,0.49,1170000000.0
2024-11-20,0.49,0.0,0.49,1170000000.0
2024-11-19,0.49,0.0,0.49,1170000000.0
2024-11-18,0.49,0.0,0.49,1170000000.0
2024-11-17,0.49,0.0,0.49,1170000000.0
2024-11-16,0.49,0.0,0.49,1170000000.0
2024-11-15,0.49,0.0,0.49,1170000000.0
2024-11-14,0.49,0.0,0.49,1170000000.0
2024-11-13,0.49,0.0,0.49,1170000000.0
2024-11-12,0.49,0.0,0.49,1170000000.0
2024-11-11,0.49,0.0,0.49,1170000000.0
2024-11-10,0.49,0.0,0.49,1170000000.0
2024-11-09,0.49,0.0,0.49,1170000000.0
2024-11-08,0.49,0.0,0.49,1170000000.0
2024-11-07,0.49,0.0,0.49,1170000000.0
2024-11-06,0.49,0.0,0.49,1170000000.0
2024-11-05,0.49,0.0,0.49,1170000000.0
2024-11-04,0.49,0.0,0.49,1170000000.0
2024-11-03,0.49,0.0,0.49,1170000000.0
2024-11-02,0.49,0.0,0.49,1170000000.0
2024-11-01,0.49,0.0,0.49,1170000000.0
2024-10-31,0.49,0.0,0.49,1170000000.0
2024-10-30,0.49,0.0,0.49,1170000000.0
2024-10-29,0.49,0.0,0.49,1170000000.0
2024-10-28,0.49,0.0,0.49,1170000000.0
2024-10-27,0.49,0.0,0.49,1170000000.0
2024-10-26,0.49,0.0,0.49,1170000000.0
2024-10-25,0.49,0.0,0.49,1170000000.0
2024-10-24,0.49,0.0,0.49,1170000000.0
2024-10-23,0.49,0.0,0.49,1170000000.0
2024-10-22,0.49,0.0,0.49,1170000000.0
2024-10-21,0.49,0.0,0.49,1170000000.0
2024-10-20,0.49,0.0,0.49,1170000000.0
2024-10-19,0.49,0.0,0.49,1170000000.0
2024-10-18,0.49,0.0,0.49,1170000000.0
2024-10-17,0.49,0.0,0.49,1170000000.0
2024-10-16,0.49,0.0,0.49,1170000000.0
2024-10-15,0.49,0.0,0.49,1170000000.0
2024-10-14,0.49,0.0,0.49,1170000000.0
2024-10-13,0.49,0.0,0.49,1170000000.0
2024-10-12,0.49,0.0,0.49,1170000000.0
2024-10-11,0.49,0.0,0.49,1170000000.0
2024-10-10,0.49,0.0,0.49,1170000000.0
2024-10-09,0.49,0.0,0.49,1170000000.0
2024-10-08,0.49,0.0,0.49,1170000000.0
2024-10-07,0.49,0.0,0.49,1170000000.0
2024-10-06,0.49,0.0,0.49,1170000000.0
2024-10-05,0.49,0.0,0.49,1170000000.0
2024-10-04,0.49,0.0,0.49,1170000000.0
2024-10-03,0.49,0.0,0.49,1170000000.0
2024-10-02,0.57,0.0,0.57,1170000000.0
2024-10-01,0.57,0.0,0.57,1170000000.0
2024-09-30,0.57,0.0,0.57,1130000000.0
2024-09-29,0.57,0.0,0.57,1130000000.0
2024-09-28,0.57,0.0,0.57,1130000000.0
2024-09-27,0.57,0.0,0.57,1130000000.0
2024-09-26,0.57,0.0,0.57,1130000000.0
2024-09-25,0.57,0.0,0.57,1130000000.0
2024-09-24,0.57,0.0,0.57,1130000000.0
2024-09-23,0.57,0.0,0.57,1130000000.0
2024-09-22,0.57,0.0,0.57,1130000000.0
2024-09-21,0.57,0.0,0.57,1130000000.0
2024-09-20,0.57,0.0,0.57,1130000000.0
2024-09-19,0.57,0.0,0.57,1130000000.0
2024-09-18,0.57,0.0,0.57,1130000000.0
2024-09-17,0.67,0.0,0.67,1130000000.0
2024-09-16,0.67,0.0,0.67,1130000000.0
2024-09-15,0.67,0.0,0.67,1130000000.0
2024-09-14,0.67,0.0,0.67,1130000000.0
2024-09-13,0.67,0.0,0.67,1130000000.0
2024-09-12,0.67,0.0,0.67,1130000000.0
2024-09-11,1.06,0.0,1.06,1130000000.0
2024-09-10,1.06,0.0,1.06,1130000000.0
2024-09-09,1.06,0.0,1.06,1130000000.0
2024-09-08,1.06,0.0,1.06,1130000000.0
2024-09-07,1.06,0.0,1.06,1130000000.0
2024-09-06,1.06,0.0,1.06,1130000000.0
2024-09-05,1.06,0.0,1.06,1130000000.0
2024-09-04,1.06,0.0,1.06,1130000000.0
2024-09-03,1.06,0.0,1.06,1130000000.0
2024-09-02,1.06,0.0,1.06,1130000000.0
2024-09-01,1.06,0.0,1.06,1130000000.0
2024-08-31,1.06,0.0,1.06,1130000000.0
2024-08-30,1.06,0.0,1.06,1130000000.0
2024-08-29,1.06,0.0,1.06,1130000000.0
2024-08-28,1.06,0.0,1.06,1130000000.0
2024-08-27,1.06,0.0,1.06,1130000000.0
2024-08-26,1.06,0.0,1.06,1130000000.0
2024-08-25,1.06,0.0,1.06,1130000000.0
2024-08-24,1.06,0.0,1.06,1130000000.0
2024-08-23,1.06,0.0,1.06,1130000000.0
2024-08-22,1.06,0.0,1.06,1130000000.0
2024-08-21,1.06,0.0,1.06,1130000000.0
2024-08-20,1.06,0.0,1.06,1130000000.0
2024-08-19,1.19,0.0,1.19,1130000000.0
2024-08-18,1.19,0.0,1.19,1130000000.0
2024-08-17,1.19,0.0,1.19,1130000000.0
2024-08-16,1.19,0.0,1.19,1130000000.0
2024-08-15,1.19,0.0,1.19,1130000000.0
2024-08-14,1.22,0.0,1.22,1130000000.0
2024-08-13,1.22,0.0,1.22,1130000000.0
2024-08-12,1.22,0.0,1.22,1130000000.0
2024-08-11,1.22,0.0,1.22,1130000000.0
2024-08-10,1.22,0.0,1.22,1130000000.0
2024-08-09,1.22,0.0,1.22,1130000000.0
2024-08-08,1.22,0.0,1.22,1130000000.0
2024-08-07,1.22,0.0,1.22,1130000000.0
2024-08-06,1.22,0.0,1.22,1130000000.0
2024-08-05,1.22,0.0,1.22,1130000000.0
2024-08-04,1.22,0.0,1.22,1130000000.0
2024-08-03,1.22,0.0,1.22,1130000000.0
2024-08-02,1.22,0.0,1.22,1130000000.0
2024-08-01,1.22,0.0,1.22,1130000000.0
2024-07-31,1.22,0.0,1.22,1130000000.0
2024-07-30,1.22,0.0,1.22,1130000000.0
2024-07-29,1.22,0.0,1.22,1130000000.0
2024-07-28,1.22,0.0,1.22,1130000000.0
2024-07-27,1.22,0.0,1.22,1130000000.0
2024-07-26,1.22,0.0,1.22,1130000000.0
2024-07-25,1.22,0.0,1.22,1130000000.0
2024-07-24,1.22,0.0,1.22,1130000000.0
2024-07-23,1.22,0.0,1.22,1130000000.0
2024-07-22,1.22,0.0,1.22,1130000000.0
2024-07-21,1.22,0.0,1.22,1130000000.0
2024-07-20,1.22,0.0,1.22,1130000000.0
2024-07-19,1.22,0.0,1.22,1130000000.0
2024-07-18,1.22,0.0,1.22,1130000000.0
2024-07-17,1.22,0.0,1.22,1130000000.0
2024-07-16,1.22,0.0,1.22,1130000000.0
2024-07-15,1.22,0.0,1.22,1130000000.0
2024-07-14,1.22,0.0,1.22,1130000000.0
2024-07-13,1.22,0.0,1.22,1130000000.0
2024-07-12,1.22,0.0,1.22,1130000000.0
2024-07-11,1.22,0.0,1.22,1130000000.0
2024-07-10,1.22,0.0,1.22,1130000000.0
2024-07-09,1.22,0.0,1.22,1130000000.0
2024-07-08,1.22,0.0,1.22,1130000000.0
2024-07-07,1.22,0.0,1.22,1130000000.0
2024-07-06,1.22,0.0,1.22,1130000000.0
2024-07-05,1.22,0.0,1.22,1130000000.0
2024-07-04,1.22,0.0,1.22,1130000000.0
2024-07-03,1.22,0.0,1.22,1130000000.0
2024-07-02,1.22,0.0,1.22,1130000000.0
2024-07-01,1.22,0.0,1.22,1130000000.0
2024-06-30,1.19,0.0,1.19,1300000000.0
2024-06-29,1.19,0.0,1.19,1300000000.0
2024-06-28,1.19,0.0,1.19,1300000000.0
2024-06-27,1.19,0.0,1.19,1300000000.0
2024-06-26,1.19,0.0,1.19,1300000000.0
2024-06-25,1.19,0.0,1.19,1300000000.0
2024-06-24,1.19,0.0,1.19,1300000000.0
2024-06-23,1.19,0.0,1.19,1300000000.0
2024-06-22,1.19,0.0,1.19,1300000000.0
2024-06-21,1.19,0.0,1.19,1300000000.0
2024-06-20,1.19,0.0,1.19,1300000000.0
2024-06-19,1.2,0.0,1.2,1300000000.0
2024-06-18,1.2,0.0,1.2,1300000000.0
2024-06-17,1.2,0.0,1.2,1300000000.0
2024-06-16,1.2,0.0,1.2,1300000000.0
2024-06-15,1.2,0.0,1.2,1300000000.0
2024-06-14,1.2,0.0,1.2,1300000000.0
2024-06-13,1.2,0.0,1.2,1300000000.0
2024-06-12,1.2,0.0,1.2,1300000000.0
2024-06-11,1.2,0.0,1.2,1300000000.0
2024-06-10,1.2,0.0,1.2,1300000000.0
2024-06-09,1.2,0.0,1.2,1300000000.0
2024-06-08,1.2,0.0,1.2,1300000000.0
2024-06-07,1.2,0.0,1.2,1300000000.0
2024-06-06,1.2,0.0,1.2,1300000000.0
2024-06-05,1.2,0.0,1.2,1300000000.0
2024-06-04,1.2,0.0,1.2,1300000000.0
2024-06-03,1.2,0.0,1.2,1300000000.0
2024-06-02,1.2,0.0,1.2,1300000000.0
2024-06-01,1.2,0.0,1.2,1300000000.0
2024-05-31,1.2,0.0,1.2,1300000000.0
2024-05-30,1.2,0.0,1.2,1300000000.0
2024-05-29,1.2,0.0,1.2,1300000000.0
2024-05-28,1.2,0.0,1.2,1300000000.0
2024-05-27,1.2,0.0,1.2,1300000000.0
2024-05-26,1.2,0.0,1.2,1300000000.0
2024-05-25,1.2,0.0,1.2,1300000000.0
2024-05-24,1.2,0.0,1.2,1300000000.0
2024-05-23,1.2,0.0,1.2,1300000000.0
2024-05-22,1.2,0.0,1.2,1300000000.0
2024-05-21,1.2,0.0,1.2,1300000000.0
2024-05-20,1.2,0.0,1.2,1300000000.0
2024-05-19,1.2,0.0,1.2,1300000000.0
2024-05-18,1.2,0.0,1.2,1300000000.0
2024-05-17,1.2,0.0,1.2,1300000000.0
2024-05-16,1.2,0.0,1.2,1300000000.0
2024-05-15,1.2,0.0,1.2,1300000000.0
2024-05-14,1.2,0.0,1.2,1300000000.0
2024-05-13,1.2,0.0,1.2,1300000000.0
2024-05-12,1.2,0.0,1.2,1300000000.0
2024-05-11,1.2,0.0,1.2,1300000000.0
2024-05-10,1.2,0.0,1.2,1300000000.0
2024-05-09,1.2,0.0,1.2,1300000000.0
2024-05-08,1.2,0.0,1.2,1300000000.0
2024-05-07,1.2,0.0,1.2,1300000000.0
2024-05-06,1.2,0.0,1.2,1300000000.0
2024-05-05,1.2,0.0,1.2,1300000000.0
2024-05-04,1.2,0.0,1.2,1300000000.0
2024-05-03,1.2,0.0,1.2,1300000000.0
2024-05-02,1.14,0.0,1.14,1300000000.0
2024-05-01,1.14,0.0,1.14,1300000000.0
2024-04-30,1.14,0.0,1.14,1300000000.0
2024-04-29,1.14,0.0,1.14,1300000000.0
2024-04-28,1.14,0.0,1.14,1300000000.0
2024-04-27,1.14,0.0,1.14,1300000000.0
2024-04-26,1.14,0.0,1.14,1300000000.0
2024-04-25,1.14,0.0,1.14,1300000000.0
2024-04-24,1.14,0.0,1.14,1300000000.0
2024-04-23,1.14,0.0,1.14,1300000000.0
2024-04-22,1.14,0.0,1.14,1300000000.0
2024-04-21,1.14,0.0,1.14,1300000000.0
2024-04-20,1.14,0.0,1.14,1300000000.0
2024-04-19,1.14,0.0,1.14,1300000000.0
2024-04-18,1.14,0.0,1.14,1300000000.0
2024-04-17,1.14,0.0,1.14,1300000000.0
2024-04-16,1.14,0.0,1.14,1300000000.0
2024-04-15,1.14,0.0,1.14,1300000000.0
2024-04-14,1.14,0.0,1.14,1300000000.0
2024-04-13,1.14,0.0,1.14,1300000000.0
2024-04-12,1.14,0.0,1.14,1300000000.0
2024-04-11,1.14,0.0,1.14,1300000000.0
2024-04-10,1.14,0.0,1.14,1300000000.0
2024-04-09,1.14,0.0,1.14,1300000000.0
2024-04-08,1.14,0.0,1.14,1300000000.0
2024-04-07,1.14,0.0,1.14,1300000000.0
2024-04-06,1.14,0.0,1.14,1300000000.0
2024-04-05,1.14,0.0,1.14,1300000000.0
2024-04-04,1.14,0.0,1.14,1300000000.0
2024-04-03,1.14,0.0,1.14,1300000000.0
2024-04-02,1.14,0.0,1.14,1300000000.0
2024-04-01,1.14,0.0,1.14,1300000000.0
2024-03-31,1.14,0.0,1.14,1270000000.0
2024-03-30,1.14,0.0,1.14,1270000000.0
2024-03-29,1.14,0.0,1.14,1270000000.0
2024-03-28,1.14,0.0,1.14,1270000000.0
2024-03-27,1.14,0.0,1.14,1270000000.0
2024-03-26,1.14,0.0,1.14,1270000000.0
2024-03-25,1.14,0.0,1.14,1270000000.0
2024-03-24,1.14,0.0,1.14,1270000000.0
2024-03-23,1.14,0.0,1.14,1270000000.0
2024-03-22,1.14,0.0,1.14,1270000000.0
2024-03-21,1.14,0.0,1.14,1270000000.0
2024-03-20,1.14,0.0,1.14,1270000000.0
2024-03-19,1.14,0.0,1.14,1270000000.0
2024-03-18,1.14,0.0,1.14,1270000000.0
2024-03-17,1.14,0.0,1.14,1270000000.0
2024-03-16,1.14,0.0,1.14,1270000000.0
2024-03-15,1.14,0.0,1.14,1270000000.0
2024-03-14,1.14,0.0,1.14,1270000000.0
2024-03-13,1.14,0.0,1.14,1270000000.0
2024-03-12,1.14,0.0,1.14,1270000000.0
2024-03-11,1.14,0.0,1.14,1270000000.0
2024-03-10,1.14,0.0,1.14,1270000000.0
2024-03-09,1.14,0.0,1.14,1270000000.0
2024-03-08,1.14,0.0,1.14,1270000000.0
2024-03-07,1.14,0.0,1.14,1270000000.0
2024-03-06,1.14,0.0,1.14,1270000000.0
2024-03-05,1.14,0.0,1.14,1270000000.0
2024-03-04,1.14,0.0,1.14,1270000000.0
2024-03-03,1.14,0.0,1.14,1270000000.0
2024-03-02,1.14,0.0,1.14,1270000000.0
2024-03-01,1.14,0.0,1.14,1270000000.0
2024-02-29,1.14,0.0,1.14,1270000000.0
2024-02-28,1.14,0.0,1.14,1270000000.0
2024-02-27,1.14,0.0,1.14,1270000000.0
2024-02-26,1.14,0.0,1.14,1270000000.0
2024-02-25,1.14,0.0,1.14,1270000000.0
2024-02-24,1.14,0.0,1.14,1270000000.0
2024-02-23,1.14,0.0,1.14,1270000000.0
2024-02-22,1.14,0.0,1.14,1270000000.0
2024-02-21,1.14,0.0,1.14,1270000000.0
2024-02-20,1.14,0.0,1.14,1270000000.0
2024-02-19,1.14,0.0,1.14,1270000000.0
2024-02-18,1.14,0.0,1.14,1270000000.0
2024-02-17,1.14,0.0,1.14,1270000000.0
2024-02-16,1.14,0.0,1.14,1270000000.0
2024-02-15,1.14,0.0,1.14,1270000000.0
2024-02-14,1.14,0.0,1.14,1270000000.0
2024-02-13,1.14,0.0,1.14,1270000000.0
2024-02-12,1.14,0.0,1.14,1270000000.0
2024-02-11,1.14,0.0,1.14,1270000000.0
2024-02-10,1.14,0.0,1.14,1270000000.0
2024-02-09,1.14,0.0,1.14,1270000000.0
2024-02-08,1.14,0.0,1.14,1270000000.0
2024-02-07,1.14,0.0,1.14,1270000000.0
2024-02-06,0.85,0.0,0.85,1270000000.0
2024-02-05,0.85,0.0,0.85,1270000000.0
2024-02-04,0.85,0.0,0.85,1270000000.0
2024-02-03,0.85,0.0,0.85,1270000000.0
2024-02-02,0.85,0.0,0.85,1270000000.0
2024-02-01,0.85,0.0,0.85,1270000000.0
2024-01-31,0.85,0.0,0.85,1270000000.0
2024-01-30,0.85,0.0,0.85,1270000000.0
2024-01-29,0.85,0.0,0.85,1270000000.0
2024-01-28,0.85,0.0,0.85,1270000000.0
2024-01-27,0.85,0.0,0.85,1270000000.0
2024-01-26,0.85,0.0,0.85,1270000000.0
2024-01-25,0.85,0.0,0.85,1270000000.0
2024-01-24,0.85,0.0,0.85,1270000000.0
2024-01-23,0.85,0.0,0.85,1270000000.0
2024-01-22,0.85,0.0,0.85,1270000000.0
2024-01-21,0.85,0.0,0.85,1270000000.0
2024-01-20,0.85,0.0,0.85,1270000000.0
2024-01-19,0.85,0.0,0.85,1270000000.0
2024-01-18,0.85,0.0,0.85,1270000000.0
2024-01-17,0.85,0.0,0.85,1270000000.0
2024-01-16,0.85,0.0,0.85,1270000000.0
2024-01-15,0.85,0.0,0.85,1270000000.0
2024-01-14,0.85,0.0,0.85,1270000000.0
2024-01-13,0.85,0.0,0.85,1270000000.0
2024-01-12,0.85,0.0,0.85,1270000000.0
2024-01-11,0.85,0.0,0.85,1270000000.0
2024-01-10,0.85,0.0,0.85,1270000000.0
2024-01-09,0.85,0.0,0.85,1270000000.0
2024-01-08,0.85,0.0,0.85,1270000000.0
2024-01-07,0.85,0.0,0.85,1270000000.0
2024-01-06,0.85,0.0,0.85,1270000000.0
2024-01-05,0.85,0.0,0.85,1270000000.0
2024-01-04,0.85,0.0,0.85,1270000000.0
2024-01-03,0.85,0.0,0.85,1270000000.0
2024-01-02,0.85,0.0,0.85,1270000000.0
2024-01-01,0.85,0.0,0.85,1270000000.0
2023-12-31,0.85,0.0,0.85,1270000000.0
2023-12-30,0.85,0.0,0.85,1270000000.0
2023-12-29,0.85,0.0,0.85,1270000000.0
2023-12-28,0.85,0.0,0.85,1270000000.0
2023-12-27,0.85,0.0,0.85,1270000000.0
2023-12-26,0.85,0.0,0.85,1270000000.0
2023-12-25,0.85,0.0,0.85,1270000000.0
2023-12-24,0.85,0.0,0.85,1270000000.0
2023-12-23,0.85,0.0,0.85,1270000000.0
2023-12-22,0.85,0.0,0.85,1270000000.0
2023-12-21,0.85,0.0,0.85,1270000000.0
2023-12-20,0.85,0.0,0.85,1270000000.0
2023-12-19,0.85,0.0,0.85,1270000000.0
2023-12-18,0.85,0.0,0.85,1270000000.0
2023-12-17,0.85,0.0,0.85,1270000000.0
2023-12-16,0.85,0.0,0.85,1270000000.0
2023-12-15,0.85,0.0,0.85,1270000000.0
2023-12-14,0.85,0.0,0.85,1270000000.0
2023-12-13,0.85,0.0,0.85,1270000000.0
2023-12-12,0.85,0.0,0.85,1270000000.0
2023-12-11,0.85,0.0,0.85,1270000000.0
2023-12-10,0.85,0.0,0.85,1270000000.0
2023-12-09,0.85,0.0,0.85,1270000000.0
2023-12-08,0.85,0.0,0.85,1270000000.0
2023-12-07,0.85,0.0,0.85,1270000000.0
2023-12-06,0.85,0.0,0.85,1270000000.0
2023-12-05,0.85,0.0,0.85,1270000000.0
2023-12-04,0.85,0.0,0.85,1270000000.0
2023-12-03,0.85,0.0,0.85,1270000000.0
2023-12-02,0.85,0.0,0.85,1270000000.0
2023-12-01,0.85,0.0,0.85,1270000000.0
2023-11-30,0.85,0.0,0.85,1270000000.0
2023-11-29,0.85,0.0,0.85,1270000000.0
2023-11-28,0.85,0.0,0.85,1270000000.0
2023-11-27,0.85,0.0,0.85,1270000000.0
2023-11-26,0.85,0.0,0.85,1270000000.0
2023-11-25,0.85,0.0,0.85,1270000000.0
2023-11-24,0.85,0.0,0.85,1270000000.0
2023-11-23,0.85,0.0,0.85,1270000000.0
2023-11-22,0.85,0.0,0.85,1270000000.0
2023-11-21,0.85,0.0,0.85,1270000000.0
2023-11-20,0.85,0.0,0.85,1270000000.0
2023-11-19,0.85,0.0,0.85,1270000000.0
2023-11-18,0.85,0.0,0.85,1270000000.0
2023-11-17,0.85,0.0,0.85,1270000000.0
2023-11-16,0.85,0.0,0.85,1270000000.0
2023-11-15,0.85,0.0,0.85,1270000000.0
2023-11-14,0.85,0.0,0.85,1270000000.0
2023-11-13,0.85,0.0,0.85,1270000000.0
2023-11-12,0.85,0.0,0.85,1270000000.0
2023-11-11,0.85,0.0,0.85,1270000000.0
2023-11-10,0.85,0.0,0.85,1270000000.0
2023-11-09,0.85,0.0,0.85,1270000000.0
2023-11-08,0.85,0.0,0.85,1270000000.0
2023-11-07,0.85,0.0,0.85,1270000000.0
2023-11-06,0.85,0.0,0.85,1270000000.0
2023-11-05,0.85,0.0,0.85,1270000000.0
2023-11-04,0.85,0.0,0.85,1270000000.0
2023-11-03,0.85,0.0,0.85,1270000000.0
2023-11-02,0.85,0.0,0.85,1270000000.0
2023-11-01,0.85,0.0,0.85,1270000000.0
2023-10-31,0.85,0.0,0.85,1270000000.0
2023-10-30,0.85,0.0,0.85,1270000000.0
2023-10-29,0.85,0.0,0.85,1270000000.0
2023-10-28,0.85,0.0,0.85,1270000000.0
2023-10-27,0.85,0.0,0.85,1270000000.0
2023-10-26,0.94,0.0,0.94,1270000000.0
2023-10-25,0.94,0.0,0.94,1270000000.0
2023-10-24,1.08,0.0,1.08,1270000000.0
2023-10-23,1.08,0.0,1.08,1270000000.0
2023-10-22,1.08,0.0,1.08,1270000000.0
2023-10-21,1.08,0.0,1.08,1270000000.0
2023-10-20,1.08,0.0,1.08,1270000000.0
2023-10-19,1.18,0.0,1.18,1270000000.0
2023-10-18,1.18,0.0,1.18,1270000000.0
2023-10-17,1.18,0.0,1.18,1270000000.0
2023-10-16,1.18,0.0,1.18,1270000000.0
2023-10-15,1.22,0.0,1.22,1270000000.0
2023-10-14,1.22,0.0,1.22,1270000000.0
2023-10-13,1.22,0.0,1.22,1270000000.0
2023-10-12,1.22,0.0,1.22,1270000000.0
2023-10-11,1.22,0.0,1.22,1270000000.0
2023-10-10,1.22,0.0,1.22,1270000000.0
2023-10-09,1.22,0.0,1.22,1270000000.0
2023-10-08,1.22,0.0,1.22,1270000000.0
2023-10-07,1.22,0.0,1.22,1270000000.0
2023-10-06,1.22,0.0,1.22,1270000000.0
2023-10-05,1.22,0.0,1.22,1270000000.0
2023-10-04,1.1,0.0,1.1,1270000000.0
2023-10-03,1.1,0.0,1.1,1270000000.0
2023-10-02,1.1,0.0,1.1,1270000000.0
2023-10-01,1.1,0.0,1.1,1270000000.0
2023-09-30,1.1,0.0,1.1,1270000000.0
2023-09-29,1.1,0.0,1.1,1270000000.0
2023-09-28,1.1,0.0,1.1,1270000000.0
2023-09-27,1.1,0.0,1.1,1270000000.0
2023-09-26,1.1,0.0,1.1,1270000000.0
2023-09-25,1.1,0.0,1.1,1270000000.0
2023-09-24,1.1,0.0,1.1,1270000000.0
2023-09-23,1.1,0.0,1.1,1270000000.0
2023-09-22,1.1,0.0,1.1,1270000000.0
2023-09-21,1.1,0.0,1.1,1270000000.0
2023-09-20,1.1,0.0,1.1,1270000000.0
2023-09-19,1.1,0.0,1.1,1270000000.0
2023-09-18,1.1,0.0,1.1,1270000000.0
2023-09-17,1.1,0.0,1.1,1270000000.0
2023-09-16,1.1,0.0,1.1,1270000000.0
2023-09-15,1.1,0.0,1.1,1270000000.0
2023-09-14,1.1,0.0,1.1,1270000000.0
2023-09-13,1.1,0.0,1.1,1270000000.0
2023-09-12,1.1,0.0,1.1,1270000000.0
2023-09-11,1.1,0.0,1.1,1270000000.0
2023-09-10,1.1,0.0,1.1,1270000000.0
2023-09-09,1.1,0.0,1.1,1270000000.0
2023-09-08,1.1,0.0,1.1,1270000000.0
2023-09-07,1.1,0.0,1.1,1270000000.0
2023-09-06,1.1,0.0,1.1,1270000000.0
2023-09-05,1.1,0.0,1.1,1270000000.0
2023-09-04,1.1,0.0,1.1,1270000000.0
2023-09-03,1.1,0.0,1.1,1270000000.0
2023-09-02,1.1,0.0,1.1,1270000000.0
2023-09-01,1.1,0.0,1.1,1270000000.0
2023-08-31,1.02,0.0,1.02,1270000000.0
2023-08-30,1.02,0.0,1.02,1270000000.0
2023-08-29,1.02,0.0,1.02,1270000000.0
2023-08-28,0.92,0.0,0.92,1270000000.0
2023-08-27,0.92,0.0,0.92,1270000000.0
2023-08-26,0.92,0.0,0.92,1270000000.0
2023-08-25,0.92,0.0,0.92,1270000000.0
2023-08-24,0.82,0.0,0.82,1270000000.0
2023-08-23,0.82,0.0,0.82,1270000000.0
2023-08-22,0.82,0.0,0.82,1270000000.0
2023-08-21,0.82,0.0,0.82,1270000000.0
2023-08-20,0.82,0.0,0.82,1270000000.0
2023-08-19,0.82,0.0,0.82,1270000000.0
2023-08-18,0.82,0.0,0.82,1270000000.0
2023-08-17,0.82,0.0,0.82,1270000000.0
2023-08-16,0.82,0.0,0.82,1270000000.0
2023-08-15,0.82,0.0,0.82,1270000000.0
2023-08-14,0.82,0.0,0.82,1270000000.0
2023-08-13,0.82,0.0,0.82,1270000000.0
2023-08-12,0.82,0.0,0.82,1270000000.0
2023-08-11,0.82,0.0,0.82,1270000000.0
2023-08-10,0.82,0.0,0.82,1270000000.0
2023-08-09,0.82,0.0,0.82,1270000000.0
2023-08-08,0.82,0.0,0.82,1270000000.0
2023-08-07,0.82,0.0,0.82,1270000000.0
2023-08-06,0.82,0.0,0.82,1270000000.0
2023-08-05,0.82,0.0,0.82,1270000000.0
2023-08-04,0.82,0.0,0.82,1270000000.0
2023-08-03,0.82,0.0,0.82,1270000000.0
2023-08-02,0.82,0.0,0.82,1270000000.0
2023-08-01,0.82,0.0,0.82,1270000000.0
2023-07-31,0.82,0.0,0.82,1270000000.0
2023-07-30,0.82,0.0,0.82,1270000000.0
2023-07-29,0.82,0.0,0.82,1270000000.0
2023-07-28,0.82,0.0,0.82,1270000000.0
2023-07-27,0.82,0.0,0.82,1270000000.0
2023-07-26,0.82,0.0,0.82,1270000000.0
2023-07-25,0.82,0.0,0.82,1270000000.0
2023-07-24,0.82,0.0,0.82,1270000000.0
2023-07-23,0.82,0.0,0.82,1270000000.0
2023-07-22,0.82,0.0,0.82,1270000000.0
2023-07-21,0.82,0.0,0.82,1270000000.0
2023-07-20,0.82,0.0,0.82,1270000000.0
2023-07-19,0.82,0.0,0.82,1270000000.0
2023-07-18,0.82,0.0,0.82,1270000000.0
2023-07-17,0.82,0.0,0.82,1270000000.0
2023-07-16,0.82,0.0,0.82,1270000000.0
2023-07-15,0.82,0.0,0.82,1270000000.0
2023-07-14,0.82,0.0,0.82,1270000000.0
2023-07-13,0.82,0.0,0.82,1270000000.0
2023-07-12,0.82,0.0,0.82,1270000000.0
2023-07-11,0.82,0.0,0.82,1270000000.0
2023-07-10,0.82,0.0,0.82,1270000000.0
2023-07-09,0.82,0.0,0.82,1270000000.0
2023-07-08,0.82,0.0,0.82,1270000000.0
2023-07-07,0.82,0.0,0.82,1270000000.0
2023-07-06,0.82,0.0,0.82,1270000000.0
2023-07-05,0.82,0.0,0.82,1270000000.0
2023-07-04,0.82,0.0,0.82,1270000000.0
2023-07-03,0.82,0.0,0.82,1270000000.0
2023-07-02,0.77,0.0,0.77,1270000000.0
2023-07-01,0.77,0.0,0.77,1270000000.0
2023-06-30,0.77,0.0,0.77,1270000000.0
2023-06-29,0.77,0.0,0.77,1270000000.0
2023-06-28,0.77,0.0,0.77,1270000000.0
2023-06-27,0.77,0.0,0.77,1270000000.0
2023-06-26,0.77,0.0,0.77,1270000000.0
2023-06-25,0.77,0.0,0.77,1270000000.0
2023-06-24,0.77,0.0,0.77,1270000000.0
2023-06-23,0.77,0.0,0.77,1270000000.0
2023-06-22,0.77,0.0,0.77,1270000000.0
2023-06-21,0.77,0.0,0.77,1270000000.0
2023-06-20,0.77,0.0,0.77,1270000000.0
2023-06-19,0.77,0.0,0.77,1270000000.0
2023-06-18,0.77,0.0,0.77,1270000000.0
2023-06-17,0.77,0.0,0.77,1270000000.0
2023-06-16,0.77,0.0,0.77,1270000000.0
2023-06-15,0.77,0.0,0.77,1270000000.0
2023-06-14,0.77,0.0,0.77,1270000000.0
2023-06-13,0.77,0.0,0.77,1270000000.0
2023-06-12,0.77,0.0,0.77,1270000000.0
2023-06-11,0.77,0.0,0.77,1270000000.0
2023-06-10,0.77,0.0,0.77,1270000000.0
2023-06-09,0.77,0.0,0.77,1270000000.0
2023-06-08,0.77,0.0,0.77,1270000000.0
2023-06-07,0.77,0.0,0.77,1270000000.0
2023-06-06,0.77,0.0,0.77,1270000000.0
2023-06-05,0.77,0.0,0.77,1270000000.0
2023-06-04,0.77,0.0,0.77,1270000000.0
2023-06-03,0.77,0.0,0.77,1270000000.0
2023-06-02,0.77,0.0,0.77,1270000000.0
2023-06-01,0.77,0.0,0.77,1270000000.0
2023-05-31,0.77,0.0,0.77,1270000000.0
2023-05-30,0.77,0.0,0.77,1270000000.0
2023-05-29,0.77,0.0,0.77,1270000000.0
2023-05-28,0.77,0.0,0.77,1270000000.0
2023-05-27,0.77,0.0,0.77,1270000000.0
2023-05-26,0.77,0.0,0.77,1270000000.0
2023-05-25,0.77,0.0,0.77,1270000000.0
2023-05-24,0.77,0.0,0.77,1270000000.0
2023-05-23,0.77,0.0,0.77,1270000000.0
2023-05-22,0.77,0.0,0.77,1270000000.0
2023-05-21,0.77,0.0,0.77,1270000000.0
2023-05-20,0.77,0.0,0.77,1270000000.0
2023-05-19,0.77,0.0,0.77,1270000000.0
2023-05-18,0.6,0.0,0.6,1270000000.0
2023-05-17,0.6,0.0,0.6,1270000000.0
2023-05-16,0.0,0.0,0.0,1270000000.0
2023-05-15,0.0,0.0,0.0,1270000000.0
2023-05-14,0.0,0.0,0.0,1270000000.0
2023-05-13,0.0,0.0,0.0,1270000000.0
2023-05-12,0.0,0.0,0.0,1270000000.0
2023-05-11,0.0,0.0,0.0,1270000000.0
2023-05-10,0.0,0.0,0.0,1270000000.0
2023-05-09,0.0,0.0,0.0,1270000000.0
2023-05-08,0.0,0.0,0.0,1270000000.0
2023-05-07,0.0,0.0,0.0,1270000000.0
2023-05-06,0.0,0.0,0.0,1270000000.0
2023-05-05,0.0,0.0,0.0,1270000000.0
2023-05-04,0.0,0.0,0.0,1270000000.0
2023-05-03,0.0,0.0,0.0,1270000000.0
2023-05-02,0.0,0.0,0.0,1270000000.0
2023-05-01,0.0,0.0,0.0,1270000000.0
2023-04-30,0.0,0.0,0.0,1270000000.0
