,20FULDKQMC7ZL80LYR79,549300EJ1ZB4YYIOMD56,6BS8JLEICI3VGJ264L55,549300ARVD4LVNCUBN81,Q0HK1ORK3JOMOF7R6K47,549300SHI4D0QGWI8X45,213800CWAHHW6YYZII58,549300KKLDTNOIW0NU52,549300DCU7KOL83B3B08,254900TFNO6U9PBDZJ82,549300X1IL2SQS14P736,RQTOM0CI0L1JQEIRRN40,549300WBD0DQZRTLVD96,Total,Market_capitalization
2025-04-28,0.0,0.0,0.0,0.0,0.0,0.0,0.59,0.0,0.0,0.0,0.0,0.0,0.0,0.59,253500000.0
2025-04-27,0.0,0.0,0.0,0.0,0.0,0.0,0.59,0.0,0.0,0.0,0.0,0.0,0.0,0.59,253500000.0
2025-04-26,0.0,0.0,0.0,0.0,0.0,0.0,0.59,0.0,0.0,0.0,0.0,0.0,0.0,0.59,253500000.0
2025-04-25,0.0,0.0,0.0,0.0,0.0,0.0,0.59,0.0,0.0,0.0,0.0,0.0,0.0,0.59,253500000.0
2025-04-24,0.0,0.0,0.0,0.0,0.0,0.0,0.59,0.0,0.0,0.0,0.0,0.0,0.0,0.59,253500000.0
2025-04-23,0.0,0.0,0.0,0.0,0.0,0.0,0.59,0.0,0.0,0.0,0.0,0.0,0.0,0.59,253500000.0
2025-04-22,0.0,0.0,0.0,0.0,0.0,0.0,0.59,0.0,0.0,0.0,0.0,0.0,0.0,0.59,253500000.0
2025-04-21,0.0,0.0,0.0,0.0,0.0,0.0,0.59,0.0,0.0,0.0,0.0,0.0,0.0,0.59,253500000.0
2025-04-20,0.0,0.0,0.0,0.0,0.0,0.0,0.59,0.0,0.0,0.0,0.0,0.0,0.0,0.59,253500000.0
2025-04-19,0.0,0.0,0.0,0.0,0.0,0.0,0.59,0.0,0.0,0.0,0.0,0.0,0.0,0.59,253500000.0
2025-04-18,0.0,0.0,0.0,0.0,0.0,0.0,0.59,0.0,0.0,0.0,0.0,0.0,0.0,0.59,253500000.0
2025-04-17,0.0,0.0,0.0,0.0,0.0,0.0,0.59,0.0,0.0,0.0,0.0,0.0,0.0,0.59,253500000.0
2025-04-16,0.0,0.0,0.0,0.0,0.0,0.0,0.59,0.0,0.0,0.0,0.0,0.0,0.0,0.59,253500000.0
2025-04-15,0.0,0.0,0.0,0.0,0.0,0.0,0.59,0.0,0.0,0.0,0.0,0.0,0.0,0.59,253500000.0
2025-04-14,0.0,0.0,0.0,0.0,0.0,0.0,0.59,0.0,0.0,0.0,0.0,0.0,0.0,0.59,253500000.0
2025-04-13,0.0,0.0,0.0,0.0,0.0,0.0,0.59,0.0,0.0,0.0,0.0,0.0,0.0,0.59,253500000.0
2025-04-12,0.0,0.0,0.0,0.0,0.0,0.0,0.59,0.0,0.0,0.0,0.0,0.0,0.0,0.59,253500000.0
2025-04-11,0.0,0.0,0.0,0.0,0.0,0.0,0.59,0.0,0.0,0.0,0.0,0.0,0.0,0.59,253500000.0
2025-04-10,0.0,0.0,0.0,0.0,0.0,0.0,0.59,0.0,0.0,0.0,0.0,0.0,0.0,0.59,253500000.0
2025-04-09,0.0,0.0,0.0,0.0,0.0,0.0,0.59,0.0,0.0,0.0,0.0,0.0,0.0,0.59,253500000.0
2025-04-08,0.0,0.0,0.0,0.0,0.0,0.0,0.59,0.0,0.0,0.0,0.0,0.0,0.0,0.59,253500000.0
2025-04-07,0.0,0.0,0.0,0.0,0.0,0.0,0.59,0.0,0.0,0.0,0.0,0.0,0.0,0.59,253500000.0
2025-04-06,0.0,0.0,0.0,0.0,0.0,0.0,0.59,0.0,0.0,0.0,0.0,0.0,0.0,0.59,253500000.0
2025-04-05,0.0,0.0,0.0,0.0,0.0,0.0,0.59,0.0,0.0,0.0,0.0,0.0,0.0,0.59,253500000.0
2025-04-04,0.0,0.0,0.0,0.0,0.0,0.0,0.59,0.0,0.0,0.0,0.0,0.0,0.0,0.59,253500000.0
2025-04-03,0.0,0.0,0.0,0.0,0.0,0.0,0.59,0.0,0.0,0.0,0.0,0.0,0.0,0.59,253500000.0
2025-04-02,0.0,0.0,0.0,0.0,0.0,0.0,0.59,0.0,1.09,0.0,0.0,0.0,0.0,1.6800000000000002,253500000.0
2025-04-01,0.0,0.0,0.0,0.0,0.0,0.0,0.59,0.0,1.09,0.0,0.0,0.0,0.0,1.6800000000000002,253500000.0
2025-03-31,0.0,0.0,0.0,0.0,0.0,0.0,0.59,0.0,1.09,0.0,0.0,0.0,0.0,1.6800000000000002,253500000.0
2025-03-30,0.0,0.0,0.0,0.0,0.0,0.0,0.59,0.0,1.09,0.0,0.0,0.0,0.0,1.6800000000000002,253500000.0
2025-03-29,0.0,0.0,0.0,0.0,0.0,0.0,0.59,0.0,1.09,0.0,0.0,0.0,0.0,1.6800000000000002,253500000.0
2025-03-28,0.0,0.0,0.0,0.0,0.0,0.0,0.59,0.0,1.09,0.0,0.0,0.0,0.0,1.6800000000000002,253500000.0
2025-03-27,0.0,0.0,0.0,0.0,0.0,0.0,0.59,0.0,1.09,0.0,0.0,0.0,0.0,1.6800000000000002,253500000.0
2025-03-26,0.0,0.0,0.0,0.0,0.0,0.0,0.59,0.0,1.09,0.0,0.0,0.0,0.0,1.6800000000000002,253500000.0
2025-03-25,0.0,0.0,0.0,0.0,0.0,0.0,0.59,0.0,1.09,0.0,0.0,0.0,0.0,1.6800000000000002,253500000.0
2025-03-24,0.0,0.0,0.0,0.0,0.0,0.0,0.59,0.0,1.09,0.0,0.0,0.0,0.0,1.6800000000000002,253500000.0
2025-03-23,0.0,0.0,0.0,0.0,0.0,0.0,0.59,0.0,1.09,0.0,0.0,0.0,0.0,1.6800000000000002,253500000.0
2025-03-22,0.0,0.0,0.0,0.0,0.0,0.0,0.59,0.0,1.09,0.0,0.0,0.0,0.0,1.6800000000000002,253500000.0
2025-03-21,0.0,0.0,0.0,0.0,0.0,0.0,0.59,0.0,1.09,0.0,0.0,0.0,0.0,1.6800000000000002,253500000.0
2025-03-20,0.0,0.0,0.0,0.0,0.0,0.0,0.59,0.0,1.09,0.0,0.0,0.0,0.0,1.6800000000000002,253500000.0
2025-03-19,0.0,0.0,0.0,0.0,0.0,0.0,0.59,0.0,1.09,0.0,0.0,0.0,0.0,1.6800000000000002,253500000.0
2025-03-18,0.0,0.0,0.0,0.0,0.0,0.0,0.59,0.0,1.09,0.0,0.0,0.0,0.0,1.6800000000000002,253500000.0
2025-03-17,0.0,0.0,0.0,0.0,0.0,0.0,0.59,0.0,1.09,0.0,0.0,0.0,0.0,1.6800000000000002,253500000.0
2025-03-16,0.0,0.0,0.0,0.0,0.0,0.0,0.59,0.0,1.09,0.0,0.0,0.0,0.0,1.6800000000000002,253500000.0
2025-03-15,0.0,0.0,0.0,0.0,0.0,0.0,0.59,0.0,1.09,0.0,0.0,0.0,0.0,1.6800000000000002,253500000.0
2025-03-14,0.0,0.0,0.0,0.0,0.0,0.0,0.59,0.0,1.09,0.0,0.0,0.0,0.0,1.6800000000000002,253500000.0
2025-03-13,0.0,0.0,0.0,0.0,0.0,0.0,0.59,0.0,1.09,0.0,0.0,0.0,0.0,1.6800000000000002,253500000.0
2025-03-12,0.0,0.0,0.0,0.0,0.0,0.0,0.59,0.0,1.17,0.0,0.0,0.0,0.0,1.7599999999999998,253500000.0
2025-03-11,0.0,0.0,0.0,0.0,0.0,0.0,0.59,0.0,1.17,0.0,0.0,0.0,0.0,1.7599999999999998,253500000.0
2025-03-10,0.0,0.0,0.0,0.0,0.0,0.0,0.59,0.0,1.17,0.0,0.0,0.0,0.0,1.7599999999999998,253500000.0
2025-03-09,0.0,0.0,0.0,0.0,0.0,0.0,0.59,0.0,1.17,0.0,0.0,0.0,0.0,1.7599999999999998,253500000.0
2025-03-08,0.0,0.0,0.0,0.0,0.0,0.0,0.59,0.0,1.17,0.0,0.0,0.0,0.0,1.7599999999999998,253500000.0
2025-03-07,0.0,0.0,0.0,0.0,0.0,0.0,0.59,0.0,1.17,0.0,0.0,0.0,0.0,1.7599999999999998,253500000.0
2025-03-06,0.0,0.0,0.0,0.0,0.0,0.0,0.59,0.0,1.17,0.0,0.0,0.0,0.0,1.7599999999999998,253500000.0
2025-03-05,0.0,0.0,0.0,0.0,0.0,0.0,0.59,0.0,1.17,0.0,0.0,0.0,0.0,1.7599999999999998,253500000.0
2025-03-04,0.0,0.0,0.0,0.0,0.0,0.0,0.69,0.0,1.17,0.0,0.0,0.0,0.0,1.8599999999999999,253500000.0
2025-03-03,0.0,0.0,0.0,0.0,0.0,0.0,0.69,0.0,1.2,0.0,0.0,0.0,0.0,1.89,253500000.0
2025-03-02,0.0,0.0,0.0,0.0,0.0,0.0,0.69,0.0,1.2,0.0,0.0,0.0,0.0,1.89,253500000.0
2025-03-01,0.0,0.0,0.0,0.0,0.0,0.0,0.69,0.0,1.2,0.0,0.0,0.0,0.0,1.89,253500000.0
2025-02-28,0.0,0.0,0.0,0.0,0.0,0.0,0.69,0.0,1.2,0.0,0.0,0.0,0.0,1.89,253500000.0
2025-02-27,0.0,0.0,0.0,0.0,0.0,0.0,0.69,0.0,1.2,0.0,0.0,0.0,0.0,1.89,253500000.0
2025-02-26,0.0,0.0,0.0,0.0,0.0,0.0,0.69,0.0,1.2,0.0,0.0,0.0,0.0,1.89,253500000.0
2025-02-25,0.0,0.0,0.0,0.0,0.0,0.0,0.69,0.0,1.2,0.0,0.0,0.0,0.0,1.89,253500000.0
2025-02-24,0.0,0.0,0.0,0.0,0.0,0.0,0.69,0.0,1.2,0.0,0.0,0.0,0.0,1.89,253500000.0
2025-02-23,0.0,0.0,0.0,0.0,0.0,0.0,0.69,0.0,1.2,0.0,0.0,0.0,0.0,1.89,253500000.0
2025-02-22,0.0,0.0,0.0,0.0,0.0,0.0,0.69,0.0,1.2,0.0,0.0,0.0,0.0,1.89,253500000.0
2025-02-21,0.0,0.0,0.0,0.0,0.0,0.0,0.69,0.0,1.2,0.0,0.0,0.0,0.0,1.89,253500000.0
2025-02-20,0.0,0.0,0.0,0.0,0.0,0.0,0.69,0.0,1.2,0.0,0.0,0.0,0.0,1.89,253500000.0
2025-02-19,0.0,0.0,0.0,0.0,0.0,0.0,0.69,0.0,1.2,0.0,0.0,0.0,0.0,1.89,253500000.0
2025-02-18,0.0,0.0,0.0,0.0,0.0,0.0,0.69,0.0,1.2,0.0,0.0,0.0,0.0,1.89,253500000.0
2025-02-17,0.0,0.0,0.0,0.0,0.0,0.0,0.69,0.0,1.2,0.0,0.0,0.0,0.0,1.89,253500000.0
2025-02-16,0.0,0.0,0.0,0.0,0.0,0.0,0.69,0.0,1.2,0.0,0.0,0.0,0.0,1.89,253500000.0
2025-02-15,0.0,0.0,0.0,0.0,0.0,0.0,0.69,0.0,1.2,0.0,0.0,0.0,0.0,1.89,253500000.0
2025-02-14,0.0,0.0,0.0,0.0,0.0,0.0,0.69,0.0,1.2,0.0,0.0,0.0,0.0,1.89,253500000.0
2025-02-13,0.0,0.0,0.0,0.0,0.0,0.0,0.69,0.0,1.2,0.0,0.0,0.0,0.0,1.89,253500000.0
2025-02-12,0.0,0.0,0.0,0.0,0.0,0.0,0.69,0.0,1.2,0.0,0.0,0.0,0.0,1.89,253500000.0
2025-02-11,0.0,0.0,0.0,0.0,0.0,0.0,0.69,0.0,1.2,0.0,0.0,0.0,0.0,1.89,253500000.0
2025-02-10,0.0,0.0,0.0,0.0,0.0,0.0,0.69,0.0,1.2,0.0,0.0,0.0,0.0,1.89,253500000.0
2025-02-09,0.0,0.0,0.0,0.0,0.0,0.0,0.69,0.0,1.19,0.0,0.0,0.0,0.0,1.88,253500000.0
2025-02-08,0.0,0.0,0.0,0.0,0.0,0.0,0.69,0.0,1.19,0.0,0.0,0.0,0.0,1.88,253500000.0
2025-02-07,0.0,0.0,0.0,0.0,0.0,0.0,0.69,0.0,1.19,0.0,0.0,0.0,0.0,1.88,253500000.0
2025-02-06,0.0,0.0,0.0,0.0,0.0,0.0,0.69,0.0,1.19,0.0,0.0,0.0,0.0,1.88,253500000.0
2025-02-05,0.0,0.0,0.0,0.0,0.0,0.0,0.69,0.0,1.19,0.0,0.0,0.0,0.0,1.88,253500000.0
2025-02-04,0.0,0.0,0.0,0.0,0.0,0.0,0.69,0.0,1.19,0.0,0.0,0.0,0.0,1.88,253500000.0
2025-02-03,0.0,0.0,0.0,0.0,0.0,0.0,0.69,0.0,1.19,0.0,0.0,0.0,0.0,1.88,253500000.0
2025-02-02,0.0,0.0,0.0,0.0,0.0,0.0,0.69,0.0,1.19,0.0,0.0,0.0,0.0,1.88,253500000.0
2025-02-01,0.0,0.0,0.0,0.0,0.0,0.0,0.69,0.0,1.19,0.0,0.0,0.0,0.0,1.88,253500000.0
2025-01-31,0.0,0.0,0.0,0.0,0.0,0.0,0.69,0.0,1.19,0.0,0.0,0.0,0.0,1.88,253500000.0
2025-01-30,0.0,0.0,0.0,0.0,0.0,0.0,0.69,0.0,1.2,0.0,0.0,0.0,0.0,1.89,253500000.0
2025-01-29,0.0,0.0,0.0,0.0,0.0,0.0,0.69,0.0,1.2,0.0,0.0,0.0,0.0,1.89,253500000.0
2025-01-28,0.0,0.0,0.0,0.49,0.0,0.0,0.69,0.0,1.2,0.0,0.0,0.0,0.0,2.38,253500000.0
2025-01-27,0.0,0.0,0.0,0.49,0.0,0.0,0.69,0.0,1.2,0.0,0.0,0.0,0.0,2.38,253500000.0
2025-01-26,0.0,0.0,0.0,0.49,0.0,0.0,0.69,0.0,1.2,0.0,0.0,0.0,0.0,2.38,253500000.0
2025-01-25,0.0,0.0,0.0,0.49,0.0,0.0,0.69,0.0,1.2,0.0,0.0,0.0,0.0,2.38,253500000.0
2025-01-24,0.0,0.0,0.0,0.49,0.0,0.0,0.69,0.0,1.2,0.0,0.0,0.0,0.0,2.38,253500000.0
2025-01-23,0.0,0.0,0.0,0.59,0.0,0.0,0.69,0.0,1.2,0.0,0.0,0.0,0.0,2.4799999999999995,253500000.0
2025-01-22,0.0,0.0,0.0,0.59,0.0,0.0,0.69,0.0,1.2,0.0,0.0,0.0,0.0,2.4799999999999995,253500000.0
2025-01-21,0.0,0.0,0.0,0.59,0.0,0.0,0.69,0.0,1.2,0.0,0.0,0.0,0.0,2.4799999999999995,253500000.0
2025-01-20,0.0,0.0,0.0,0.59,0.0,0.0,0.69,0.0,1.2,0.0,0.0,0.0,0.0,2.4799999999999995,253500000.0
2025-01-19,0.0,0.0,0.0,0.59,0.0,0.0,0.69,0.0,1.2,0.0,0.0,0.0,0.0,2.4799999999999995,253500000.0
2025-01-18,0.0,0.0,0.0,0.59,0.0,0.0,0.69,0.0,1.2,0.0,0.0,0.0,0.0,2.4799999999999995,253500000.0
2025-01-17,0.0,0.0,0.0,0.59,0.0,0.0,0.69,0.0,1.2,0.0,0.0,0.0,0.0,2.4799999999999995,253500000.0
2025-01-16,0.0,0.0,0.0,0.59,0.0,0.0,0.69,0.0,1.2,0.0,0.0,0.0,0.0,2.4799999999999995,253500000.0
2025-01-15,0.0,0.0,0.0,0.59,0.0,0.0,0.69,0.0,1.2,0.0,0.0,0.0,0.0,2.4799999999999995,253500000.0
2025-01-14,0.0,0.0,0.0,0.59,0.0,0.0,0.69,0.0,1.2,0.0,0.0,0.0,0.0,2.4799999999999995,253500000.0
2025-01-13,0.0,0.0,0.0,0.59,0.0,0.0,0.69,0.0,1.2,0.0,0.0,0.0,0.0,2.4799999999999995,253500000.0
2025-01-12,0.0,0.0,0.0,0.59,0.0,0.0,0.69,0.0,1.2,0.0,0.0,0.0,0.0,2.4799999999999995,253500000.0
2025-01-11,0.0,0.0,0.0,0.59,0.0,0.0,0.69,0.0,1.2,0.0,0.0,0.0,0.0,2.4799999999999995,253500000.0
2025-01-10,0.0,0.0,0.0,0.59,0.0,0.0,0.69,0.0,1.2,0.0,0.0,0.0,0.0,2.4799999999999995,253500000.0
2025-01-09,0.0,0.0,0.0,0.69,0.0,0.0,0.69,0.0,1.19,0.0,0.0,0.0,0.0,2.57,253500000.0
2025-01-08,0.0,0.0,0.0,0.69,0.0,0.0,0.69,0.0,1.2,0.0,0.0,0.0,0.0,2.58,253500000.0
2025-01-07,0.0,0.0,0.0,0.69,0.0,0.0,0.69,0.0,1.2,0.0,0.0,0.0,0.0,2.58,253500000.0
2025-01-06,0.0,0.0,0.0,0.69,0.0,0.0,0.69,0.0,1.2,0.0,0.0,0.0,0.0,2.58,253500000.0
2025-01-05,0.0,0.0,0.0,0.69,0.0,0.0,0.69,0.0,1.2,0.0,0.0,0.0,0.0,2.58,253500000.0
2025-01-04,0.0,0.0,0.0,0.69,0.0,0.0,0.69,0.0,1.2,0.0,0.0,0.0,0.0,2.58,253500000.0
2025-01-03,0.0,0.0,0.0,0.69,0.0,0.0,0.69,0.0,1.2,0.0,0.0,0.0,0.0,2.58,253500000.0
2025-01-02,0.0,0.0,0.0,0.71,0.0,0.0,0.69,0.0,1.2,0.0,0.0,0.0,0.0,2.5999999999999996,253500000.0
2025-01-01,0.0,0.0,0.0,0.71,0.0,0.0,0.69,0.0,1.2,0.0,0.0,0.0,0.0,2.5999999999999996,253500000.0
2024-12-31,0.0,0.0,0.0,0.71,0.0,0.0,0.69,0.0,1.2,0.0,0.0,0.0,0.0,2.5999999999999996,253500000.0
2024-12-30,0.0,0.0,0.0,0.71,0.0,0.0,0.69,0.0,1.2,0.0,0.0,0.0,0.0,2.5999999999999996,253500000.0
2024-12-29,0.0,0.0,0.0,0.61,0.0,0.0,0.69,0.0,1.2,0.0,0.0,0.0,0.0,2.5,253500000.0
2024-12-28,0.0,0.0,0.0,0.61,0.0,0.0,0.69,0.0,1.2,0.0,0.0,0.0,0.0,2.5,253500000.0
2024-12-27,0.0,0.0,0.0,0.61,0.0,0.0,0.69,0.0,1.2,0.0,0.0,0.0,0.0,2.5,253500000.0
2024-12-26,0.0,0.0,0.0,0.61,0.0,0.0,0.69,0.0,1.2,0.0,0.0,0.0,0.0,2.5,253500000.0
2024-12-25,0.0,0.0,0.0,0.61,0.0,0.0,0.69,0.0,1.2,0.0,0.0,0.0,0.0,2.5,253500000.0
2024-12-24,0.0,0.0,0.0,0.61,0.0,0.0,0.69,0.0,1.2,0.0,0.0,0.0,0.0,2.5,253500000.0
2024-12-23,0.0,0.0,0.0,0.61,0.0,0.0,0.69,0.0,1.2,0.0,0.0,0.0,0.0,2.5,253500000.0
2024-12-22,0.0,0.0,0.0,0.61,0.0,0.0,0.69,0.0,1.2,0.0,0.0,0.0,0.0,2.5,253500000.0
2024-12-21,0.0,0.0,0.0,0.61,0.0,0.0,0.69,0.0,1.2,0.0,0.0,0.0,0.0,2.5,253500000.0
2024-12-20,0.0,0.0,0.0,0.61,0.0,0.0,0.69,0.0,1.2,0.0,0.0,0.0,0.0,2.5,253500000.0
2024-12-19,0.0,0.0,0.0,0.61,0.0,0.0,0.69,0.0,1.2,0.0,0.0,0.0,0.0,2.5,253500000.0
2024-12-18,0.0,0.0,0.0,0.51,0.0,0.0,0.69,0.0,1.2,0.0,0.0,0.0,0.0,2.4,253500000.0
2024-12-17,0.0,0.0,0.0,0.51,0.0,0.0,0.69,0.0,1.2,0.0,0.0,0.0,0.0,2.4,253500000.0
2024-12-16,0.0,0.0,0.0,0.51,0.0,0.0,0.69,0.0,1.2,0.0,0.0,0.0,0.0,2.4,253500000.0
2024-12-15,0.0,0.0,0.0,0.51,0.0,0.0,0.69,0.0,1.2,0.0,0.0,0.0,0.0,2.4,253500000.0
2024-12-14,0.0,0.0,0.0,0.51,0.0,0.0,0.69,0.0,1.2,0.0,0.0,0.0,0.0,2.4,253500000.0
2024-12-13,0.0,0.0,0.0,0.51,0.0,0.0,0.69,0.0,1.2,0.0,0.0,0.0,0.0,2.4,253500000.0
2024-12-12,0.0,0.0,0.0,0.0,0.0,0.0,0.69,0.0,1.2,0.0,0.0,0.0,0.0,1.89,253500000.0
2024-12-11,0.0,0.0,0.0,0.0,0.0,0.0,0.69,0.0,1.2,0.0,0.0,0.0,0.0,1.89,253500000.0
2024-12-10,0.0,0.0,0.0,0.0,0.0,0.0,0.69,0.0,1.2,0.0,0.0,0.0,0.0,1.89,253500000.0
2024-12-09,0.0,0.0,0.0,0.0,0.0,0.0,0.69,0.0,1.19,0.0,0.0,0.0,0.0,1.88,253500000.0
2024-12-08,0.0,0.0,0.0,0.0,0.0,0.0,0.79,0.0,1.19,0.0,0.0,0.0,0.0,1.98,253500000.0
2024-12-07,0.0,0.0,0.0,0.0,0.0,0.0,0.79,0.0,1.19,0.0,0.0,0.0,0.0,1.98,253500000.0
2024-12-06,0.0,0.0,0.0,0.0,0.0,0.0,0.79,0.0,1.19,0.0,0.0,0.0,0.0,1.98,253500000.0
2024-12-05,0.0,0.0,0.0,0.0,0.0,0.0,0.79,0.0,1.19,0.0,0.0,0.0,0.0,1.98,253500000.0
2024-12-04,0.0,0.0,0.0,0.0,0.0,0.0,0.79,0.0,1.19,0.0,0.0,0.0,0.0,1.98,253500000.0
2024-12-03,0.0,0.0,0.0,0.0,0.0,0.0,0.79,0.0,1.19,0.0,0.0,0.0,0.0,1.98,253500000.0
2024-12-02,0.0,0.0,0.0,0.0,0.0,0.0,0.79,0.0,1.19,0.0,0.0,0.0,0.0,1.98,253500000.0
2024-12-01,0.0,0.0,0.0,0.0,0.0,0.0,0.0,0.0,1.19,0.0,0.0,0.0,0.0,1.19,253500000.0
2024-11-30,0.0,0.0,0.0,0.0,0.0,0.0,0.0,0.0,1.19,0.0,0.0,0.0,0.0,1.19,253500000.0
2024-11-29,0.0,0.0,0.0,0.0,0.0,0.0,0.0,0.0,1.19,0.0,0.0,0.0,0.0,1.19,253500000.0
2024-11-28,0.0,0.0,0.0,0.0,0.0,0.0,0.0,0.0,1.19,0.0,0.0,0.0,0.0,1.19,253500000.0
2024-11-27,0.0,0.0,0.0,0.0,0.0,0.0,0.0,0.0,1.19,0.0,0.0,0.0,0.0,1.19,253500000.0
2024-11-26,0.0,0.0,0.0,0.0,0.0,0.0,0.0,0.0,1.19,0.0,0.0,0.0,0.0,1.19,253500000.0
2024-11-25,0.0,0.0,0.0,0.0,0.0,0.0,0.0,0.0,1.19,0.0,0.0,0.0,0.0,1.19,253500000.0
2024-11-24,0.0,0.0,0.0,0.0,0.0,0.0,0.0,0.0,1.19,0.0,0.0,0.0,0.0,1.19,253500000.0
2024-11-23,0.0,0.0,0.0,0.0,0.0,0.0,0.82,0.0,1.19,0.0,0.0,0.0,0.0,2.01,253500000.0
2024-11-22,0.0,0.0,0.0,0.0,0.0,0.0,0.82,0.0,1.19,0.0,0.0,0.0,0.0,2.01,253500000.0
2024-11-21,0.0,0.0,0.0,0.0,0.0,0.0,0.82,0.0,1.19,0.0,0.0,0.0,0.0,2.01,253500000.0
2024-11-20,0.0,0.0,0.0,0.0,0.0,0.0,0.82,0.0,1.19,0.0,0.0,0.0,0.0,2.01,253500000.0
2024-11-19,0.0,0.0,0.0,0.0,0.0,0.0,0.82,0.0,1.19,0.0,0.0,0.0,0.0,2.01,253500000.0
2024-11-18,0.0,0.0,0.0,0.0,0.0,0.0,0.82,0.0,1.19,0.0,0.0,0.0,0.0,2.01,253500000.0
2024-11-17,0.0,0.0,0.0,0.0,0.0,0.0,0.82,0.0,1.19,0.0,0.0,0.0,0.0,2.01,253500000.0
2024-11-16,0.0,0.0,0.0,0.0,0.0,0.0,0.82,0.0,1.19,0.0,0.0,0.0,0.0,2.01,253500000.0
2024-11-15,0.0,0.0,0.0,0.0,0.0,0.0,0.82,0.0,1.19,0.0,0.0,0.0,0.0,2.01,253500000.0
2024-11-14,0.0,0.0,0.0,0.0,0.0,0.0,0.82,0.0,1.19,0.0,0.0,0.0,0.0,2.01,253500000.0
2024-11-13,0.0,0.0,0.0,0.0,0.0,0.0,0.82,0.0,1.19,0.0,0.0,0.0,0.0,2.01,253500000.0
2024-11-12,0.0,0.0,0.0,0.0,0.0,0.0,0.82,0.0,1.19,0.0,0.0,0.0,0.0,2.01,253500000.0
2024-11-11,0.0,0.0,0.0,0.0,0.0,0.0,0.82,0.0,1.19,0.0,0.0,0.0,0.0,2.01,253500000.0
2024-11-10,0.0,0.0,0.0,0.0,0.0,0.0,0.82,0.0,1.19,0.0,0.0,0.0,0.0,2.01,253500000.0
2024-11-09,0.0,0.0,0.0,0.0,0.0,0.0,0.82,0.0,1.19,0.0,0.0,0.0,0.0,2.01,253500000.0
2024-11-08,0.0,0.0,0.0,0.0,0.0,0.0,0.82,0.0,1.19,0.0,0.0,0.0,0.0,2.01,253500000.0
2024-11-07,0.0,0.0,0.0,0.0,0.0,0.0,0.82,0.0,1.19,0.0,0.0,0.0,0.0,2.01,253500000.0
2024-11-06,0.0,0.0,0.0,0.0,0.0,0.0,0.82,0.0,1.19,0.0,0.0,0.0,0.0,2.01,253500000.0
2024-11-05,0.0,0.0,0.0,0.0,0.0,0.0,0.82,0.0,1.19,0.0,0.0,0.0,0.0,2.01,253500000.0
2024-11-04,0.0,0.0,0.0,0.0,0.0,0.0,0.82,0.0,1.19,0.0,0.0,0.0,0.0,2.01,253500000.0
2024-11-03,0.0,0.0,0.0,0.0,0.0,0.0,0.82,0.0,1.19,0.0,0.0,0.0,0.0,2.01,253500000.0
2024-11-02,0.0,0.0,0.0,0.0,0.0,0.0,0.82,0.0,1.19,0.0,0.0,0.0,0.0,2.01,253500000.0
2024-11-01,0.0,0.0,0.49,0.0,0.0,0.0,0.82,0.0,1.19,0.0,0.0,0.0,0.0,2.5,253500000.0
2024-10-31,0.0,0.0,0.49,0.0,0.0,0.0,0.82,0.0,1.19,0.0,0.0,0.0,0.0,2.5,253500000.0
2024-10-30,0.0,0.0,0.49,0.0,0.0,0.0,0.82,0.0,1.19,0.0,0.0,0.0,0.0,2.5,253500000.0
2024-10-29,0.0,0.0,0.49,0.0,0.0,0.0,0.82,0.0,1.19,0.0,0.0,0.0,0.0,2.5,253500000.0
2024-10-28,0.0,0.0,0.59,0.0,0.0,0.0,0.82,0.0,1.19,0.0,0.0,0.0,0.0,2.5999999999999996,253500000.0
2024-10-27,0.0,0.0,0.59,0.0,0.0,0.0,0.82,0.0,1.2,0.0,0.0,0.0,0.0,2.61,253500000.0
2024-10-26,0.0,0.0,0.59,0.0,0.0,0.0,0.82,0.0,1.2,0.0,0.0,0.0,0.0,2.61,253500000.0
2024-10-25,0.0,0.0,0.59,0.0,0.0,0.0,0.82,0.0,1.2,0.0,0.0,0.0,0.0,2.61,253500000.0
2024-10-24,0.0,0.0,0.59,0.0,0.0,0.0,0.82,0.0,1.2,0.0,0.0,0.0,0.0,2.61,253500000.0
2024-10-23,0.0,0.0,0.59,0.0,0.0,0.0,0.82,0.0,1.2,0.0,0.0,0.0,0.0,2.61,253500000.0
2024-10-22,0.0,0.0,0.59,0.0,0.0,0.0,0.82,0.0,1.2,0.0,0.0,0.0,0.0,2.61,253500000.0
2024-10-21,0.0,0.0,0.59,0.0,0.0,0.0,0.82,0.0,1.2,0.0,0.0,0.0,0.0,2.61,253500000.0
2024-10-20,0.0,0.0,0.59,0.0,0.0,0.0,0.82,0.0,1.2,0.0,0.0,0.0,0.0,2.61,253500000.0
2024-10-19,0.0,0.0,0.59,0.0,0.0,0.0,0.82,0.0,1.2,0.0,0.0,0.0,0.0,2.61,253500000.0
2024-10-18,0.0,0.0,0.59,0.0,0.0,0.0,0.82,0.0,1.2,0.0,0.0,0.0,0.0,2.61,253500000.0
2024-10-17,0.0,0.0,0.59,0.0,0.0,0.0,0.82,0.0,1.2,0.0,0.0,0.0,0.0,2.61,253500000.0
2024-10-16,0.0,0.0,0.59,0.0,0.0,0.0,0.82,0.0,1.2,0.0,0.0,0.0,0.0,2.61,253500000.0
2024-10-15,0.0,0.0,0.59,0.0,0.0,0.0,0.82,0.0,1.2,0.0,0.0,0.0,0.0,2.61,253500000.0
2024-10-14,0.0,0.0,0.59,0.0,0.0,0.0,0.82,0.0,1.2,0.0,0.0,0.0,0.0,2.61,253500000.0
2024-10-13,0.0,0.0,0.59,0.0,0.0,0.0,0.82,0.0,1.2,0.0,0.0,0.0,0.0,2.61,253500000.0
2024-10-12,0.0,0.0,0.59,0.0,0.0,0.0,0.82,0.0,1.2,0.0,0.0,0.0,0.0,2.61,253500000.0
2024-10-11,0.0,0.0,0.59,0.0,0.0,0.0,0.82,0.0,1.2,0.0,0.0,0.0,0.0,2.61,253500000.0
2024-10-10,0.0,0.0,0.59,0.0,0.0,0.0,0.82,0.0,1.2,0.0,0.0,0.0,0.0,2.61,253500000.0
2024-10-09,0.0,0.0,0.59,0.0,0.0,0.0,0.82,0.0,1.2,0.0,0.0,0.0,0.0,2.61,253500000.0
2024-10-08,0.0,0.0,0.59,0.0,0.0,0.0,0.82,0.0,1.2,0.0,0.0,0.0,0.0,2.61,253500000.0
2024-10-07,0.0,0.0,0.59,0.0,0.0,0.0,0.82,0.0,1.2,0.0,0.0,0.0,0.0,2.61,253500000.0
2024-10-06,0.0,0.0,0.59,0.0,0.0,0.0,0.82,0.0,1.2,0.0,0.0,0.0,0.0,2.61,253500000.0
2024-10-05,0.0,0.0,0.59,0.0,0.0,0.0,0.82,0.0,1.2,0.0,0.0,0.0,0.0,2.61,253500000.0
2024-10-04,0.0,0.0,0.59,0.0,0.0,0.0,0.82,0.0,1.2,0.0,0.0,0.0,0.0,2.61,253500000.0
2024-10-03,0.0,0.0,0.59,0.0,0.0,0.0,0.82,0.0,1.2,0.0,0.0,0.0,0.0,2.61,253500000.0
2024-10-02,0.0,0.0,0.59,0.0,0.0,0.0,0.82,0.0,1.2,0.0,0.0,0.0,0.0,2.61,253500000.0
2024-10-01,0.0,0.0,0.59,0.0,0.0,0.0,0.82,0.0,1.2,0.0,0.0,0.0,0.0,2.61,253500000.0
2024-09-30,0.0,0.0,0.59,0.0,0.0,0.0,0.82,0.0,1.2,0.0,0.0,0.0,0.0,2.61,253500000.0
2024-09-29,0.0,0.0,0.59,0.0,0.0,0.0,0.82,0.0,1.2,0.0,0.0,0.0,0.0,2.61,253500000.0
2024-09-28,0.0,0.0,0.59,0.0,0.0,0.0,0.82,0.0,1.2,0.0,0.0,0.0,0.0,2.61,253500000.0
2024-09-27,0.0,0.0,0.59,0.0,0.0,0.0,0.82,0.0,1.2,0.0,0.0,0.0,0.0,2.61,253500000.0
2024-09-26,0.0,0.0,0.59,0.0,0.0,0.0,0.82,0.0,1.2,0.0,0.0,0.0,0.0,2.61,253500000.0
2024-09-25,0.0,0.0,0.59,0.0,0.0,0.0,0.82,0.0,1.2,0.0,0.0,0.0,0.0,2.61,253500000.0
2024-09-24,0.0,0.0,0.59,0.0,0.2,0.0,0.82,0.0,1.2,0.0,0.0,0.0,0.0,2.8099999999999996,253500000.0
2024-09-23,0.0,0.0,0.61,0.0,0.2,0.0,0.82,0.0,1.19,0.0,0.0,0.0,0.0,2.82,253500000.0
2024-09-22,0.0,0.0,0.61,0.0,0.2,0.0,0.82,0.0,1.19,0.0,0.0,0.0,0.0,2.82,253500000.0
2024-09-21,0.0,0.0,0.61,0.0,0.2,0.0,0.82,0.0,1.19,0.0,0.0,0.0,0.0,2.82,253500000.0
2024-09-20,0.0,0.0,0.61,0.0,0.2,0.0,0.82,0.0,1.19,0.0,0.0,0.0,0.0,2.82,253500000.0
2024-09-19,0.0,0.0,0.61,0.0,0.8,0.0,0.82,0.0,1.19,0.0,0.0,0.0,0.0,3.42,253500000.0
2024-09-18,0.0,0.0,0.61,0.0,0.8,0.0,0.82,0.0,1.19,0.0,0.0,0.0,0.0,3.42,253500000.0
2024-09-17,0.0,0.0,0.61,0.0,0.8,0.0,0.82,0.0,1.19,0.0,0.0,0.0,0.0,3.42,253500000.0
2024-09-16,0.0,0.0,0.61,0.0,0.72,0.0,0.82,0.0,1.19,0.0,0.0,0.0,0.0,3.34,253500000.0
2024-09-15,0.0,0.0,0.61,0.0,0.72,0.0,0.82,0.0,1.19,0.0,0.0,0.0,0.0,3.34,253500000.0
2024-09-14,0.0,0.0,0.61,0.0,0.72,0.0,0.82,0.0,1.19,0.0,0.0,0.0,0.0,3.34,253500000.0
2024-09-13,0.0,0.0,0.61,0.0,0.72,0.0,0.82,0.0,1.19,0.0,0.0,0.0,0.0,3.34,253500000.0
2024-09-12,0.0,0.0,0.61,0.0,0.72,0.0,0.82,0.0,1.19,0.0,0.0,0.0,0.0,3.34,253500000.0
2024-09-11,0.0,0.0,0.61,0.0,0.61,0.0,0.82,0.0,1.19,0.0,0.0,0.0,0.0,3.23,253500000.0
2024-09-10,0.0,0.0,0.61,0.0,0.61,0.0,0.82,0.0,1.19,0.0,0.0,0.0,0.0,3.23,253500000.0
2024-09-09,0.0,0.0,0.61,0.0,0.61,0.0,0.82,0.0,1.19,0.0,0.0,0.0,0.0,3.23,253500000.0
2024-09-08,0.0,0.0,0.61,0.0,0.51,0.0,0.82,0.0,1.19,0.0,0.0,0.0,0.0,3.13,253500000.0
2024-09-07,0.0,0.0,0.61,0.0,0.51,0.0,0.82,0.0,1.19,0.0,0.0,0.0,0.0,3.13,253500000.0
2024-09-06,0.0,0.0,0.61,0.0,0.51,0.0,0.82,0.0,1.19,0.0,0.0,0.0,0.0,3.13,253500000.0
2024-09-05,0.0,0.0,0.61,0.0,0.51,0.0,0.82,0.0,1.19,0.0,0.0,0.0,0.0,3.13,253500000.0
2024-09-04,0.0,0.0,0.59,0.0,0.51,0.0,0.82,0.0,1.19,0.0,0.0,0.0,0.0,3.11,253500000.0
2024-09-03,0.0,0.0,0.59,0.0,0.0,0.0,0.82,0.0,1.19,0.0,0.0,0.0,0.0,2.5999999999999996,253500000.0
2024-09-02,0.0,0.0,0.59,0.0,0.0,0.0,0.82,0.0,1.19,0.0,0.0,0.0,0.0,2.5999999999999996,253500000.0
2024-09-01,0.0,0.0,0.59,0.0,0.0,0.0,0.82,0.0,1.19,0.0,0.0,0.0,0.0,2.5999999999999996,253500000.0
2024-08-31,0.0,0.0,0.59,0.0,0.0,0.0,0.82,0.0,1.19,0.0,0.0,0.0,0.0,2.5999999999999996,253500000.0
2024-08-30,0.0,0.0,0.59,0.0,0.0,0.0,0.82,0.49,1.19,0.0,0.0,0.0,0.0,3.09,253500000.0
2024-08-29,0.0,0.0,0.59,0.0,0.0,0.0,0.82,0.49,1.19,0.0,0.0,0.0,0.0,3.09,253500000.0
2024-08-28,0.0,0.0,0.59,0.0,0.0,0.0,0.82,0.49,1.19,0.0,0.0,0.0,0.0,3.09,253500000.0
2024-08-27,0.0,0.0,0.59,0.0,0.0,0.0,0.82,0.58,1.19,0.0,0.0,0.0,0.0,3.1799999999999997,253500000.0
2024-08-26,0.0,0.0,0.59,0.0,0.0,0.49,0.82,0.58,1.2,0.0,0.0,0.0,0.0,3.6799999999999997,253500000.0
2024-08-25,0.0,0.0,0.59,0.0,0.0,0.49,0.82,0.58,1.2,0.0,0.0,0.0,0.0,3.6799999999999997,253500000.0
2024-08-24,0.0,0.0,0.59,0.0,0.0,0.49,0.82,0.58,1.2,0.0,0.0,0.0,0.0,3.6799999999999997,253500000.0
2024-08-23,0.0,0.0,0.59,0.0,0.0,0.49,0.82,0.58,1.2,0.0,0.0,0.0,0.0,3.6799999999999997,253500000.0
2024-08-22,0.0,0.0,0.69,0.0,0.0,0.49,0.82,0.58,1.2,0.0,0.0,0.0,0.0,3.7800000000000002,253500000.0
2024-08-21,0.0,0.0,0.69,0.0,0.0,0.58,0.82,0.58,1.2,0.0,0.0,0.0,0.0,3.87,253500000.0
2024-08-20,0.0,0.0,0.69,0.0,0.0,0.58,0.82,0.58,1.2,0.0,0.0,0.0,0.0,3.87,253500000.0
2024-08-19,0.0,0.0,0.69,0.0,0.0,0.58,0.82,0.58,1.2,0.0,0.0,0.0,0.0,3.87,253500000.0
2024-08-18,0.0,0.0,0.69,0.0,0.0,0.58,0.82,0.58,1.2,0.0,0.0,0.0,0.0,3.87,253500000.0
2024-08-17,0.0,0.0,0.69,0.0,0.0,0.58,0.82,0.58,1.2,0.0,0.0,0.0,0.0,3.87,253500000.0
2024-08-16,0.0,0.0,0.69,0.0,0.0,0.58,0.82,0.58,1.2,0.0,0.0,0.0,0.0,3.87,253500000.0
2024-08-15,0.0,0.0,0.69,0.0,0.0,0.58,0.82,0.58,1.2,0.0,0.0,0.0,0.0,3.87,253500000.0
2024-08-14,0.0,0.0,0.69,0.0,0.0,0.58,0.82,0.69,1.2,0.0,0.0,0.0,0.0,3.9799999999999995,253500000.0
2024-08-13,0.0,0.0,0.69,0.0,0.0,0.58,0.82,0.69,1.2,0.0,0.0,0.0,0.0,3.9799999999999995,253500000.0
2024-08-12,0.0,0.0,0.69,0.0,0.0,0.58,0.82,0.69,1.2,0.0,0.0,0.0,0.0,3.9799999999999995,253500000.0
2024-08-11,0.0,0.0,0.69,0.0,0.0,0.58,0.82,0.69,1.2,0.0,0.0,0.0,0.0,3.9799999999999995,253500000.0
2024-08-10,0.0,0.0,0.69,0.0,0.0,0.58,0.82,0.69,1.2,0.0,0.0,0.0,0.0,3.9799999999999995,253500000.0
2024-08-09,0.0,0.0,0.69,0.0,0.0,0.58,0.82,0.69,1.2,0.0,0.0,0.0,0.0,3.9799999999999995,253500000.0
2024-08-08,0.0,0.0,0.69,0.0,0.0,0.58,0.82,0.69,1.2,0.0,0.0,0.48,0.0,4.459999999999999,253500000.0
2024-08-07,0.0,0.0,0.69,0.0,0.0,0.58,0.82,0.69,1.18,0.0,0.0,0.48,0.0,4.4399999999999995,253500000.0
2024-08-06,0.0,0.0,0.69,0.0,0.0,0.58,0.82,0.79,1.18,0.0,0.0,0.48,0.0,4.539999999999999,253500000.0
2024-08-05,0.0,0.0,0.69,0.0,0.0,0.58,0.82,0.79,1.18,0.0,0.0,0.51,0.0,4.569999999999999,253500000.0
2024-08-04,0.0,0.0,0.69,0.0,0.0,0.58,0.82,0.79,1.18,0.0,0.0,0.51,0.0,4.569999999999999,253500000.0
2024-08-03,0.0,0.0,0.69,0.0,0.0,0.58,0.82,0.79,1.18,0.0,0.0,0.51,0.0,4.569999999999999,253500000.0
2024-08-02,0.0,0.0,0.69,0.0,0.0,0.58,0.82,0.79,1.18,0.0,0.0,0.51,0.49,5.06,253500000.0
2024-08-01,0.0,0.0,0.69,0.0,0.0,0.58,0.82,0.79,1.18,0.0,0.0,0.51,0.49,5.06,253500000.0
2024-07-31,0.0,0.0,0.69,0.0,0.0,0.58,0.82,0.79,1.18,0.0,0.0,0.51,0.49,5.06,253500000.0
2024-07-30,0.0,0.0,0.69,0.0,0.0,0.58,0.82,0.79,1.18,0.0,0.0,0.51,0.5,5.069999999999999,253500000.0
2024-07-29,0.0,0.0,0.69,0.0,0.0,0.58,0.82,0.79,1.18,0.0,0.0,0.51,0.5,5.069999999999999,253500000.0
2024-07-28,0.0,0.0,0.69,0.0,0.0,0.58,0.82,0.79,1.18,0.0,0.0,0.51,0.5,5.069999999999999,253500000.0
2024-07-27,0.0,0.0,0.69,0.0,0.0,0.58,0.82,0.79,1.18,0.0,0.0,0.51,0.5,5.069999999999999,253500000.0
2024-07-26,0.0,0.0,0.69,0.0,0.0,0.58,0.82,0.79,1.18,0.0,0.0,0.51,0.5,5.069999999999999,253500000.0
2024-07-25,0.0,0.0,0.69,0.0,0.0,0.58,0.82,0.79,1.18,0.0,0.0,0.51,0.5,5.069999999999999,253500000.0
2024-07-24,0.0,0.0,0.69,0.0,0.0,0.69,0.82,0.79,1.18,0.0,0.0,0.51,0.5,5.18,253500000.0
2024-07-23,0.0,0.0,0.69,0.0,0.0,0.69,0.71,0.79,1.18,0.0,0.0,0.51,0.0,4.569999999999999,253500000.0
2024-07-22,0.0,0.0,0.69,0.0,0.0,0.69,0.71,0.79,1.18,0.0,0.0,0.51,0.0,4.569999999999999,253500000.0
2024-07-21,0.0,0.0,0.69,0.0,0.0,0.69,0.71,0.79,1.18,0.0,0.0,0.51,0.0,4.569999999999999,253500000.0
2024-07-20,0.0,0.0,0.69,0.0,0.0,0.69,0.71,0.79,1.18,0.0,0.0,0.51,0.0,4.569999999999999,253500000.0
2024-07-19,0.0,0.0,0.69,0.0,0.0,0.69,0.71,0.79,1.18,0.0,0.0,0.51,0.0,4.569999999999999,253500000.0
2024-07-18,0.0,0.0,0.79,0.0,0.0,0.69,0.71,0.79,1.18,0.0,0.0,0.51,0.0,4.67,253500000.0
2024-07-17,0.0,0.0,0.79,0.0,0.0,0.69,0.71,0.79,1.18,0.0,0.0,0.51,0.0,4.67,253500000.0
2024-07-16,0.0,0.0,0.79,0.0,0.0,0.69,0.71,0.79,1.18,0.0,0.0,0.51,0.0,4.67,253500000.0
2024-07-15,0.0,0.0,0.79,0.0,0.0,0.69,0.71,0.79,1.18,0.0,0.0,0.51,0.0,4.67,253500000.0
2024-07-14,0.0,0.0,0.79,0.0,0.0,0.69,0.71,0.79,1.18,0.0,0.0,0.51,0.0,4.67,253500000.0
2024-07-13,0.0,0.0,0.79,0.0,0.0,0.69,0.71,0.79,1.18,0.0,0.0,0.51,0.0,4.67,253500000.0
2024-07-12,0.0,0.0,0.79,0.48,0.0,0.69,0.71,0.79,1.18,0.0,0.0,0.51,0.0,5.1499999999999995,253500000.0
2024-07-11,0.0,0.0,0.79,0.48,0.0,0.69,0.71,0.79,1.18,0.0,0.0,0.51,0.0,5.1499999999999995,253500000.0
2024-07-10,0.0,0.0,0.79,0.48,0.0,0.78,0.6,0.79,1.18,0.0,0.0,0.51,0.0,5.13,253500000.0
2024-07-09,0.0,0.0,0.79,0.58,0.0,0.78,0.6,0.79,1.18,0.0,0.0,0.51,0.0,5.23,253500000.0
2024-07-08,0.0,0.0,0.79,0.58,0.0,0.78,0.6,0.79,1.18,0.0,0.0,0.51,0.0,5.23,253500000.0
2024-07-07,0.0,0.0,0.79,0.58,0.0,0.78,0.6,0.79,1.18,0.0,0.0,0.51,0.0,5.23,253500000.0
2024-07-06,0.0,0.0,0.79,0.58,0.0,0.78,0.6,0.79,1.18,0.0,0.0,0.51,0.0,5.23,253500000.0
2024-07-05,0.0,0.0,0.79,0.58,0.0,0.78,0.6,0.79,1.18,0.0,0.0,0.51,0.0,5.23,253500000.0
2024-07-04,0.0,0.0,0.79,0.58,0.0,0.78,0.6,0.79,1.18,0.0,0.0,0.51,0.0,5.23,253500000.0
2024-07-03,0.0,0.0,0.79,0.58,0.0,0.78,0.6,0.79,1.18,0.0,0.0,0.51,0.0,5.23,253500000.0
2024-07-02,0.0,0.0,0.79,0.6,0.0,0.84,0.6,0.79,1.18,0.0,0.0,0.51,0.0,5.31,253500000.0
2024-07-01,0.0,0.0,0.79,0.6,0.0,0.84,0.6,0.79,1.18,0.0,0.0,0.51,0.0,5.31,253500000.0
2024-06-30,0.0,0.0,0.79,0.6,0.0,0.84,0.6,0.79,1.18,0.0,0.0,0.51,0.0,5.31,253500000.0
2024-06-29,0.0,0.0,0.79,0.6,0.0,0.84,0.6,0.79,1.18,0.0,0.0,0.51,0.0,5.31,253500000.0
2024-06-28,0.0,0.0,0.79,0.6,0.0,0.84,0.6,0.79,1.18,0.0,0.0,0.51,0.0,5.31,253500000.0
2024-06-27,0.0,0.0,0.79,0.6,0.0,0.84,0.6,0.79,1.18,0.0,0.0,0.51,0.0,5.31,253500000.0
2024-06-26,0.0,0.0,0.79,0.6,0.0,0.79,0.6,0.79,1.18,0.0,0.0,0.51,0.0,5.26,253500000.0
2024-06-25,0.0,0.0,0.79,0.6,0.0,0.79,0.6,0.79,1.18,0.0,0.0,0.51,0.0,5.26,253500000.0
2024-06-24,0.0,0.0,0.79,0.6,0.0,0.89,0.6,0.79,1.18,0.0,0.0,0.51,0.0,5.36,253500000.0
2024-06-23,0.0,0.0,0.79,0.6,0.0,0.89,0.6,0.79,1.18,0.0,0.0,0.51,0.0,5.36,253500000.0
2024-06-22,0.0,0.0,0.79,0.6,0.0,0.89,0.6,0.79,1.18,0.0,0.0,0.51,0.0,5.36,253500000.0
2024-06-21,0.0,0.0,0.79,0.6,0.0,0.89,0.6,0.79,1.18,0.0,0.0,0.51,0.0,5.36,253500000.0
2024-06-20,0.0,0.0,0.79,0.6,0.0,0.89,0.6,0.79,1.24,0.0,0.0,0.51,0.0,5.42,253500000.0
2024-06-19,0.0,0.0,0.79,0.6,0.0,0.89,0.52,0.87,1.24,0.0,0.0,0.51,0.0,5.42,253500000.0
2024-06-18,0.0,0.0,0.79,0.5,0.0,0.89,0.52,0.87,1.24,0.0,0.0,0.51,0.0,5.32,253500000.0
2024-06-17,0.0,0.0,0.79,0.5,0.0,0.89,0.52,0.87,1.24,0.0,0.0,0.51,0.0,5.32,253500000.0
2024-06-16,0.0,0.0,0.79,0.5,0.0,0.89,0.0,0.87,1.24,0.0,0.0,0.51,0.0,4.8,253500000.0
2024-06-15,0.0,0.0,0.79,0.5,0.0,0.89,0.0,0.87,1.24,0.0,0.0,0.51,0.0,4.8,253500000.0
2024-06-14,0.0,0.0,0.79,0.5,0.0,0.89,0.0,0.87,1.24,0.0,0.0,0.51,0.0,4.8,253500000.0
2024-06-13,0.0,0.0,0.79,0.5,0.0,0.9,0.0,0.87,1.24,0.0,0.0,0.51,0.0,4.81,253500000.0
2024-06-12,0.0,0.0,0.79,0.0,0.0,0.85,0.0,0.87,1.24,0.0,0.0,0.51,0.0,4.26,253500000.0
2024-06-11,0.0,0.0,0.79,0.0,0.0,0.85,0.0,0.87,1.24,0.0,0.0,0.51,0.0,4.26,253500000.0
2024-06-10,0.0,0.0,0.79,0.0,0.0,0.85,0.0,0.87,1.24,0.0,0.0,0.51,0.0,4.26,253500000.0
2024-06-09,0.0,0.0,0.79,0.0,0.0,0.85,0.0,0.87,1.24,0.0,0.0,0.51,0.0,4.26,253500000.0
2024-06-08,0.0,0.0,0.79,0.0,0.0,0.85,0.0,0.87,1.24,0.0,0.0,0.51,0.0,4.26,253500000.0
2024-06-07,0.0,0.0,0.79,0.0,0.0,0.85,0.0,0.87,1.24,0.0,0.0,0.51,0.0,4.26,253500000.0
2024-06-06,0.0,0.0,0.79,0.0,0.0,0.77,0.0,0.87,1.24,0.0,0.0,0.51,0.0,4.18,253500000.0
2024-06-05,0.0,0.0,0.81,0.0,0.0,0.77,0.0,0.87,1.24,0.0,0.0,0.51,0.0,4.2,253500000.0
2024-06-04,0.0,0.0,0.81,0.0,0.25,0.77,0.0,0.87,1.24,0.0,0.0,0.51,0.0,4.45,253500000.0
2024-06-03,0.0,0.0,0.81,0.0,0.25,0.77,0.0,0.87,1.24,0.0,0.0,0.51,0.0,4.45,253500000.0
2024-06-02,0.0,0.0,0.81,0.0,0.25,0.77,0.0,0.87,1.24,0.0,0.0,0.51,0.0,4.45,253500000.0
2024-06-01,0.0,0.0,0.81,0.0,0.25,0.77,0.0,0.87,1.24,0.0,0.0,0.51,0.0,4.45,253500000.0
2024-05-31,0.0,0.0,0.81,0.0,0.25,0.77,0.0,0.87,1.24,0.0,0.0,0.51,0.0,4.45,253500000.0
2024-05-30,0.0,0.0,0.81,0.47,0.8,0.77,0.0,0.87,1.02,0.0,0.0,0.51,0.0,5.25,253500000.0
2024-05-29,0.0,0.0,0.81,0.47,0.72,0.77,0.0,0.87,1.02,0.0,0.0,0.51,0.0,5.17,253500000.0
2024-05-28,0.0,0.0,0.81,0.47,0.72,0.77,0.0,0.87,1.02,0.0,0.0,0.51,0.0,5.17,253500000.0
2024-05-27,0.0,0.0,0.81,0.58,0.61,0.77,0.0,0.87,1.02,0.0,0.49,0.51,0.0,5.66,253500000.0
2024-05-26,0.0,0.0,0.81,0.58,0.61,0.77,0.0,0.87,1.02,0.0,0.49,0.51,0.0,5.66,253500000.0
2024-05-25,0.0,0.0,0.81,0.58,0.61,0.77,0.0,0.87,1.02,0.0,0.49,0.51,0.0,5.66,253500000.0
2024-05-24,0.0,0.0,0.81,0.58,0.61,0.77,0.0,0.87,1.02,0.0,0.49,0.51,0.0,5.66,253500000.0
2024-05-23,0.0,0.0,0.81,0.58,0.61,0.77,0.0,0.87,1.02,0.0,0.49,0.51,0.0,5.66,253500000.0
2024-05-22,0.0,0.0,0.99,0.69,0.5,0.89,0.0,0.87,1.02,0.0,0.59,0.51,0.0,6.06,253500000.0
2024-05-21,0.0,0.0,0.99,0.69,0.5,0.89,0.0,0.87,1.02,0.0,0.59,0.51,0.0,6.06,253500000.0
2024-05-20,0.0,0.0,0.99,0.69,0.5,0.89,0.0,0.87,1.02,0.0,0.59,0.51,0.0,6.06,253500000.0
2024-05-19,0.0,0.0,0.99,0.69,0.0,0.89,0.0,0.87,1.02,0.0,0.59,0.51,0.0,5.56,253500000.0
2024-05-18,0.0,0.0,0.99,0.69,0.0,0.89,0.0,0.87,1.02,0.0,0.59,0.51,0.0,5.56,253500000.0
2024-05-17,0.0,0.0,0.99,0.69,0.0,0.89,0.0,0.87,1.02,0.0,0.59,0.51,0.0,5.56,253500000.0
2024-05-16,0.0,0.0,1.08,0.7,0.0,0.89,0.0,0.87,1.02,0.0,0.59,0.51,0.0,5.66,253500000.0
2024-05-15,0.0,0.0,1.08,0.7,0.0,0.89,0.0,0.87,1.02,0.0,0.59,0.51,0.0,5.66,253500000.0
2024-05-14,0.0,0.0,1.08,0.7,0.0,0.89,0.0,0.87,1.02,0.0,0.59,0.51,0.0,5.66,253500000.0
2024-05-13,0.0,0.0,1.08,0.7,0.0,0.89,0.0,0.87,1.02,0.0,0.59,0.51,0.0,5.66,253500000.0
2024-05-12,0.0,0.0,1.08,0.7,0.0,0.89,0.0,0.87,1.02,0.0,0.68,0.51,0.0,5.75,253500000.0
2024-05-11,0.0,0.0,1.08,0.7,0.0,0.89,0.0,0.87,1.02,0.0,0.68,0.51,0.0,5.75,253500000.0
2024-05-10,0.0,0.0,1.08,0.7,0.0,0.89,0.0,0.87,1.02,0.0,0.68,0.51,0.0,5.75,253500000.0
2024-05-09,0.0,0.0,1.08,0.69,0.0,0.89,0.0,0.87,1.02,0.0,0.68,0.0,0.0,5.23,253500000.0
2024-05-08,0.0,0.0,1.08,0.69,0.0,0.89,0.0,0.87,1.02,0.0,0.68,0.0,0.0,5.23,253500000.0
2024-05-07,0.0,0.0,1.08,0.69,0.0,0.89,0.0,0.87,1.02,0.0,0.68,0.0,0.0,5.23,253500000.0
2024-05-06,0.0,0.0,1.08,0.69,0.0,0.89,0.0,0.87,1.02,0.0,0.68,0.0,0.0,5.23,253500000.0
2024-05-05,0.0,0.0,1.08,0.69,0.0,0.89,0.0,0.87,1.02,0.0,0.68,0.0,0.0,5.23,253500000.0
2024-05-04,0.0,0.0,1.08,0.69,0.0,0.89,0.0,0.87,1.02,0.0,0.68,0.0,0.0,5.23,253500000.0
2024-05-03,0.0,0.0,1.08,0.69,0.0,0.89,0.0,0.87,1.02,0.0,0.68,0.0,0.0,5.23,253500000.0
2024-05-02,0.0,0.0,1.08,0.69,0.0,0.89,0.0,0.87,1.02,0.0,0.68,0.0,0.0,5.23,253500000.0
2024-05-01,0.0,0.0,1.08,0.69,0.0,0.89,0.0,0.87,1.02,0.0,0.77,0.0,0.0,5.32,253500000.0
2024-04-30,0.0,0.0,1.08,0.69,0.0,0.89,0.0,0.87,1.02,0.0,0.77,0.0,0.0,5.32,253500000.0
2024-04-29,0.0,0.0,1.08,0.69,0.0,0.89,0.0,0.87,1.02,0.0,0.77,0.0,0.0,5.32,253500000.0
2024-04-28,0.0,0.0,1.08,0.77,0.0,0.89,0.0,0.87,1.02,0.0,0.77,0.0,0.0,5.4,253500000.0
2024-04-27,0.0,0.0,1.08,0.77,0.0,0.89,0.0,0.87,1.02,0.0,0.77,0.0,0.0,5.4,253500000.0
2024-04-26,0.0,0.0,1.08,0.77,0.0,0.89,0.0,0.87,1.02,0.0,0.77,0.0,0.0,5.4,253500000.0
2024-04-25,0.0,0.0,1.08,0.77,0.0,0.89,0.0,0.87,1.02,0.0,0.77,0.0,0.0,5.4,253500000.0
2024-04-24,0.0,0.0,1.08,0.77,0.0,0.9,0.0,0.87,1.02,0.0,0.77,0.0,0.0,5.41,253500000.0
2024-04-23,0.0,0.0,1.08,0.77,0.0,0.9,0.0,0.87,1.02,0.0,0.77,0.0,0.0,5.41,253500000.0
2024-04-22,0.0,0.0,1.08,0.77,0.0,0.88,0.0,0.87,1.02,0.0,0.77,0.0,0.0,5.390000000000001,253500000.0
2024-04-21,0.0,0.0,1.08,0.77,0.0,0.88,0.0,0.87,1.02,0.0,0.77,0.0,0.0,5.390000000000001,253500000.0
2024-04-20,0.0,0.0,1.08,0.77,0.0,0.88,0.0,0.87,1.02,0.0,0.77,0.0,0.0,5.390000000000001,253500000.0
2024-04-19,0.0,0.0,1.08,0.77,0.0,0.88,0.48,0.87,1.02,0.0,0.77,0.0,0.0,5.869999999999999,253500000.0
2024-04-18,0.0,0.0,1.08,0.77,0.0,0.9,0.48,0.87,0.9,0.47,0.77,0.0,0.0,6.24,253500000.0
2024-04-17,0.0,0.0,1.08,0.77,0.0,0.84,0.48,0.87,0.9,0.47,0.77,0.0,0.0,6.18,253500000.0
2024-04-16,0.0,0.0,1.08,0.77,0.0,0.84,0.52,0.87,0.9,0.47,0.77,0.0,0.0,6.220000000000001,253500000.0
2024-04-15,0.0,0.0,1.08,0.77,0.0,0.84,0.52,0.87,0.9,0.52,0.77,0.0,0.0,6.27,253500000.0
2024-04-14,0.0,0.0,1.08,0.77,0.0,0.84,0.52,0.87,0.9,0.52,0.77,0.0,0.0,6.27,253500000.0
2024-04-13,0.0,0.0,1.08,0.77,0.0,0.84,0.52,0.87,0.9,0.52,0.77,0.0,0.0,6.27,253500000.0
2024-04-12,0.0,0.0,1.08,0.77,0.0,0.84,0.52,0.87,0.9,0.52,0.77,0.0,0.0,6.27,253500000.0
2024-04-11,0.0,0.0,1.08,0.77,0.0,0.75,0.52,0.87,0.9,0.52,0.77,0.0,0.0,6.18,253500000.0
2024-04-10,0.0,0.0,1.08,0.77,0.0,0.75,0.52,0.87,0.9,0.52,0.77,0.0,0.0,6.18,253500000.0
2024-04-09,0.0,0.0,1.08,0.77,0.0,0.61,0.52,0.87,0.9,0.52,0.81,0.0,0.0,6.08,253500000.0
2024-04-08,0.0,0.0,1.08,0.77,0.0,0.61,0.52,0.87,0.88,0.52,0.81,0.0,0.0,6.0600000000000005,253500000.0
2024-04-07,0.0,0.0,1.08,0.77,0.0,0.61,0.52,0.87,0.88,0.52,0.81,0.0,0.0,6.0600000000000005,253500000.0
2024-04-06,0.0,0.0,1.08,0.77,0.0,0.61,0.52,0.87,0.88,0.52,0.81,0.0,0.0,6.0600000000000005,253500000.0
2024-04-05,0.0,0.0,1.08,0.77,0.0,0.61,0.52,0.87,0.88,0.52,0.81,0.0,0.0,6.0600000000000005,253500000.0
2024-04-04,0.0,0.0,1.08,0.77,0.0,0.61,0.52,0.87,0.88,0.52,0.71,0.0,0.0,5.96,253500000.0
2024-04-03,0.0,0.0,1.08,0.77,0.0,0.61,0.52,0.87,0.88,0.52,0.71,0.0,0.0,5.96,253500000.0
2024-04-02,0.0,0.0,1.08,0.77,0.0,0.61,0.52,0.87,0.88,0.52,0.71,0.0,0.0,5.96,253500000.0
2024-04-01,0.0,0.0,1.08,0.77,0.0,0.59,0.52,0.87,0.88,0.52,0.71,0.0,0.0,5.94,253500000.0
2024-03-31,0.0,0.0,1.08,0.77,0.0,0.59,0.52,0.87,0.88,0.52,0.71,0.0,0.0,5.94,253500000.0
2024-03-30,0.0,0.0,1.08,0.77,0.0,0.59,0.52,0.87,0.88,0.52,0.71,0.0,0.0,5.94,253500000.0
2024-03-29,0.0,0.0,1.08,0.77,0.0,0.59,0.52,0.87,0.88,0.52,0.71,0.0,0.0,5.94,253500000.0
2024-03-28,0.0,0.0,1.08,0.77,0.0,0.59,0.52,0.87,0.88,0.52,0.71,0.0,0.0,5.94,253500000.0
2024-03-27,0.0,0.0,1.08,0.84,0.0,0.59,0.52,0.87,0.88,0.52,0.6,0.0,0.0,5.9,253500000.0
2024-03-26,0.0,0.0,1.08,0.84,0.0,0.59,0.52,0.87,0.88,0.52,0.6,0.0,0.0,5.9,253500000.0
2024-03-25,0.0,0.0,1.08,0.97,0.48,0.63,0.49,0.87,0.88,0.52,0.6,0.0,0.0,6.52,253500000.0
2024-03-24,0.0,0.0,1.08,0.97,0.48,0.72,0.57,0.87,0.88,0.52,0.6,0.0,0.0,6.6899999999999995,253500000.0
2024-03-23,0.0,0.0,1.08,0.97,0.48,0.72,0.57,0.87,0.88,0.52,0.6,0.0,0.0,6.6899999999999995,253500000.0
2024-03-22,0.0,0.0,1.08,0.97,0.48,0.72,0.57,0.87,0.88,0.52,0.6,0.0,0.0,6.6899999999999995,253500000.0
2024-03-21,0.0,0.0,1.08,1.04,0.48,0.72,0.57,0.87,0.99,0.0,0.5,0.0,0.0,6.25,253500000.0
2024-03-20,0.0,0.0,1.08,1.15,0.51,0.6,0.57,0.87,0.99,0.0,0.5,0.0,0.0,6.2700000000000005,253500000.0
2024-03-19,0.0,0.0,1.08,1.15,0.51,0.6,0.69,0.87,0.99,0.0,0.5,0.0,0.0,6.390000000000001,253500000.0
2024-03-18,0.0,0.0,1.08,1.15,0.51,0.6,0.69,0.87,1.06,0.0,0.5,0.0,0.0,6.460000000000001,253500000.0
2024-03-17,0.0,0.0,1.08,1.15,0.51,0.6,0.69,0.77,1.06,0.0,0.0,0.0,0.0,5.860000000000001,253500000.0
2024-03-16,0.0,0.0,1.08,1.15,0.51,0.6,0.69,0.77,1.06,0.0,0.0,0.0,0.0,5.860000000000001,253500000.0
2024-03-15,0.0,0.0,1.08,1.15,0.51,0.6,0.69,0.77,1.06,0.0,0.0,0.0,0.0,5.860000000000001,253500000.0
2024-03-14,0.0,0.0,1.08,1.15,0.0,0.59,0.69,0.63,0.72,0.0,0.0,0.0,0.0,4.859999999999999,253500000.0
2024-03-13,0.0,0.0,1.08,1.15,0.0,0.59,0.69,0.63,0.72,0.48,0.0,0.0,0.0,5.34,253500000.0
2024-03-12,0.0,0.0,1.12,1.02,0.0,0.59,0.76,0.5,0.72,0.48,0.0,0.0,0.0,5.1899999999999995,253500000.0
2024-03-11,0.0,0.0,1.12,1.02,0.0,0.59,0.76,0.5,0.72,0.48,0.0,0.0,0.0,5.1899999999999995,253500000.0
2024-03-10,0.0,0.0,1.12,0.94,0.0,0.65,0.76,0.5,0.72,0.52,0.0,0.0,0.0,5.209999999999999,253500000.0
2024-03-09,0.0,0.0,1.12,0.94,0.0,0.65,0.76,0.5,0.72,0.52,0.0,0.0,0.0,5.209999999999999,253500000.0
2024-03-08,0.0,0.0,1.12,0.94,0.0,0.65,0.76,0.5,0.72,0.52,0.0,0.0,0.0,5.209999999999999,253500000.0
2024-03-07,0.0,0.0,1.12,0.81,0.0,0.65,0.76,0.5,0.65,0.52,0.0,0.0,0.0,5.01,253500000.0
2024-03-06,0.0,0.0,1.12,0.81,0.0,0.71,0.76,0.5,0.65,0.52,0.0,0.0,0.0,5.07,253500000.0
2024-03-05,0.0,0.0,1.12,0.73,0.0,0.82,0.76,0.5,0.65,0.0,0.0,0.0,0.0,4.58,253500000.0
2024-03-04,0.21,0.0,1.23,0.67,0.0,0.82,0.69,0.5,0.65,0.0,0.0,0.0,0.0,4.77,253500000.0
2024-03-03,0.21,0.0,1.31,0.59,0.0,0.98,0.69,0.5,0.65,0.0,0.0,0.0,0.0,4.93,253500000.0
2024-03-02,0.21,0.0,1.31,0.59,0.0,0.98,0.69,0.5,0.65,0.0,0.0,0.0,0.0,4.93,253500000.0
2024-03-01,0.21,0.0,1.31,0.59,0.0,0.98,0.69,0.5,0.65,0.0,0.0,0.0,0.0,4.93,253500000.0
2024-02-29,0.21,0.0,1.47,0.59,0.0,0.98,0.69,0.5,0.65,0.0,0.0,0.0,0.0,5.09,253500000.0
2024-02-28,0.9,0.0,1.39,0.59,0.0,1.02,0.52,0.5,0.0,0.0,0.0,0.0,0.0,4.92,253500000.0
2024-02-27,0.9,0.0,1.48,0.59,0.0,1.02,0.52,0.5,0.0,0.0,0.0,0.0,0.0,5.01,253500000.0
2024-02-26,0.9,0.0,1.48,0.59,0.0,1.14,0.52,0.0,0.0,0.0,0.0,0.0,0.0,4.629999999999999,253500000.0
2024-02-25,0.9,0.0,1.59,0.59,0.0,1.14,0.52,0.0,0.0,0.0,0.0,0.0,0.0,4.74,253500000.0
2024-02-24,0.9,0.0,1.59,0.59,0.0,1.14,0.52,0.0,0.0,0.0,0.0,0.0,0.0,4.74,253500000.0
2024-02-23,0.9,0.0,1.59,0.59,0.0,1.14,0.52,0.0,0.0,0.0,0.0,0.0,0.0,4.74,253500000.0
2024-02-22,0.9,0.0,1.59,0.59,0.0,1.29,0.52,0.0,0.0,0.0,0.0,0.0,0.0,4.890000000000001,253500000.0
2024-02-21,0.9,0.0,1.59,0.59,0.0,1.29,0.52,0.0,0.0,0.0,0.0,0.0,0.0,4.890000000000001,253500000.0
2024-02-20,0.9,0.0,1.59,0.59,0.0,1.29,0.52,0.0,0.0,0.0,0.0,0.0,0.0,4.890000000000001,253500000.0
2024-02-19,0.9,0.0,1.6,0.59,0.0,1.29,0.52,0.0,0.0,0.0,0.0,0.0,0.0,4.9,253500000.0
2024-02-18,0.9,0.0,1.6,0.59,0.0,1.29,0.52,0.0,0.0,0.0,0.0,0.0,0.0,4.9,253500000.0
2024-02-17,0.9,0.0,1.6,0.59,0.0,1.29,0.52,0.0,0.0,0.0,0.0,0.0,0.0,4.9,253500000.0
2024-02-16,0.9,0.0,1.6,0.59,0.0,1.29,0.52,0.0,0.0,0.0,0.0,0.0,0.0,4.9,253500000.0
2024-02-15,0.9,0.0,1.6,0.59,0.0,1.29,0.52,0.0,0.0,0.0,0.0,0.0,0.0,4.9,253500000.0
2024-02-14,0.9,0.0,1.6,0.59,0.0,1.32,0.52,0.0,0.0,0.0,0.0,0.0,0.0,4.93,253500000.0
2024-02-13,0.9,0.0,1.5,0.59,0.0,1.32,0.52,0.0,0.0,0.0,0.0,0.0,0.0,4.83,253500000.0
2024-02-12,0.9,0.0,1.5,0.59,0.0,1.32,0.52,0.0,0.0,0.0,0.0,0.0,0.0,4.83,253500000.0
2024-02-11,0.9,0.0,1.5,0.59,0.0,1.32,0.52,0.0,0.0,0.0,0.0,0.0,0.0,4.83,253500000.0
2024-02-10,0.9,0.0,1.5,0.59,0.0,1.32,0.52,0.0,0.0,0.0,0.0,0.0,0.0,4.83,253500000.0
2024-02-09,0.9,0.0,1.5,0.59,0.0,1.32,0.52,0.0,0.0,0.0,0.0,0.0,0.0,4.83,253500000.0
2024-02-08,0.9,0.0,1.5,0.59,0.0,1.32,0.52,0.0,0.0,0.0,0.0,0.0,0.0,4.83,253500000.0
2024-02-07,0.9,0.0,1.5,0.59,0.0,1.32,0.52,0.0,0.0,0.0,0.0,0.0,0.0,4.83,253500000.0
2024-02-06,0.9,0.0,1.5,0.59,0.0,1.32,0.52,0.0,0.0,0.0,0.0,0.0,0.0,4.83,253500000.0
2024-02-05,0.9,0.0,1.5,0.59,0.0,1.32,0.52,0.0,0.0,0.0,0.0,0.0,0.0,4.83,253500000.0
2024-02-04,0.9,0.0,1.5,0.59,0.0,1.32,0.52,0.0,0.0,0.0,0.0,0.0,0.0,4.83,253500000.0
2024-02-03,0.9,0.0,1.5,0.59,0.0,1.32,0.52,0.0,0.0,0.0,0.0,0.0,0.0,4.83,253500000.0
2024-02-02,0.9,0.0,1.5,0.59,0.0,1.32,0.52,0.0,0.0,0.0,0.0,0.0,0.0,4.83,253500000.0
2024-02-01,0.9,0.0,1.5,0.59,0.0,1.32,0.52,0.0,0.0,0.0,0.0,0.0,0.0,4.83,253500000.0
2024-01-31,0.9,0.0,1.45,0.59,0.0,1.32,0.52,0.0,0.0,0.0,0.0,0.0,0.0,4.779999999999999,253500000.0
2024-01-30,0.9,0.0,1.45,0.59,0.0,1.23,0.52,0.0,0.0,0.0,0.0,0.0,0.0,4.6899999999999995,253500000.0
2024-01-29,0.9,0.0,1.45,0.59,0.0,1.23,0.52,0.0,0.0,0.0,0.0,0.0,0.0,4.6899999999999995,253500000.0
2024-01-28,0.9,0.0,1.32,0.6,0.0,1.23,0.52,0.0,0.0,0.0,0.0,0.0,0.0,4.57,253500000.0
2024-01-27,0.9,0.0,1.32,0.6,0.0,1.23,0.52,0.0,0.0,0.0,0.0,0.0,0.0,4.57,253500000.0
2024-01-26,0.9,0.0,1.32,0.6,0.0,1.23,0.52,0.0,0.0,0.0,0.0,0.0,0.0,4.57,253500000.0
2024-01-25,0.9,0.0,1.32,0.6,0.0,1.23,0.52,0.0,0.0,0.0,0.0,0.0,0.0,4.57,253500000.0
2024-01-24,0.9,0.0,1.32,0.6,0.0,1.23,0.0,0.0,0.0,0.0,0.0,0.0,0.0,4.050000000000001,253500000.0
2024-01-23,0.9,0.0,1.32,0.6,0.0,1.23,0.0,0.0,0.0,0.0,0.0,0.0,0.0,4.050000000000001,253500000.0
2024-01-22,0.9,0.0,1.24,0.6,0.0,1.1,0.0,0.0,0.0,0.0,0.0,0.0,0.0,3.8400000000000003,253500000.0
2024-01-21,0.9,0.0,1.24,0.6,0.0,1.1,0.0,0.0,0.0,0.0,0.0,0.0,0.0,3.8400000000000003,253500000.0
2024-01-20,0.9,0.0,1.24,0.6,0.0,1.1,0.0,0.0,0.0,0.0,0.0,0.0,0.0,3.8400000000000003,253500000.0
2024-01-19,0.9,0.0,1.24,0.6,0.0,1.1,0.0,0.0,0.0,0.0,0.0,0.0,0.0,3.8400000000000003,253500000.0
2024-01-18,0.9,0.0,1.24,0.6,0.0,1.1,0.0,0.0,0.0,0.0,0.0,0.0,0.0,3.8400000000000003,253500000.0
2024-01-17,0.9,0.0,1.24,0.6,0.0,1.1,0.0,0.0,0.0,0.0,0.0,0.0,0.0,3.8400000000000003,253500000.0
2024-01-16,0.9,0.0,1.24,0.59,0.0,1.04,0.0,0.0,0.0,0.0,0.0,0.0,0.0,3.77,253500000.0
2024-01-15,0.9,0.0,1.24,0.6,0.0,1.04,0.0,0.0,0.0,0.0,0.0,0.0,0.0,3.7800000000000002,253500000.0
2024-01-14,0.9,0.0,1.24,0.57,0.0,1.04,0.0,0.0,0.0,0.0,0.0,0.0,0.0,3.75,253500000.0
2024-01-13,0.9,0.0,1.24,0.57,0.0,1.04,0.0,0.0,0.0,0.0,0.0,0.0,0.0,3.75,253500000.0
2024-01-12,0.9,0.0,1.24,0.57,0.0,1.04,0.0,0.0,0.0,0.0,0.0,0.0,0.0,3.75,253500000.0
2024-01-11,0.9,0.0,1.24,0.57,0.0,1.04,0.0,0.0,0.0,0.0,0.0,0.0,0.0,3.75,253500000.0
2024-01-10,0.9,0.0,1.24,0.57,0.0,1.04,0.0,0.0,0.0,0.0,0.0,0.0,0.0,3.75,253500000.0
2024-01-09,0.9,0.0,1.24,0.57,0.0,0.92,0.0,0.0,0.0,0.0,0.0,0.0,0.0,3.63,253500000.0
2024-01-08,0.9,0.0,1.24,0.57,0.0,0.92,0.0,0.0,0.0,0.0,0.0,0.0,0.0,3.63,253500000.0
2024-01-07,0.9,0.0,1.24,0.57,0.0,0.92,0.0,0.0,0.0,0.0,0.0,0.0,0.0,3.63,253500000.0
2024-01-06,0.9,0.0,1.24,0.57,0.0,0.92,0.0,0.0,0.0,0.0,0.0,0.0,0.0,3.63,253500000.0
2024-01-05,0.9,0.0,1.24,0.57,0.0,0.92,0.0,0.0,0.0,0.0,0.0,0.0,0.0,3.63,253500000.0
2024-01-04,0.9,0.0,1.1,0.57,0.0,0.92,0.0,0.0,0.0,0.0,0.0,0.0,0.0,3.4899999999999998,253500000.0
2024-01-03,0.9,0.0,1.1,0.68,0.0,0.92,0.0,0.0,0.0,0.0,0.0,0.0,0.0,3.6,253500000.0
2024-01-02,0.9,0.0,1.1,0.68,0.0,0.92,0.0,0.0,0.0,0.0,0.0,0.0,0.0,3.6,253500000.0
2024-01-01,0.9,0.0,1.1,0.68,0.0,0.92,0.0,0.0,0.0,0.0,0.0,0.0,0.0,3.6,253500000.0
2023-12-31,0.9,0.0,1.1,0.68,0.0,0.92,0.0,0.0,0.0,0.0,0.0,0.0,0.0,3.6,253500000.0
2023-12-30,0.9,0.0,1.1,0.68,0.0,0.92,0.0,0.0,0.0,0.0,0.0,0.0,0.0,3.6,253500000.0
2023-12-29,0.9,0.0,1.1,0.68,0.0,0.92,0.0,0.0,0.0,0.0,0.0,0.0,0.0,3.6,253500000.0
2023-12-28,0.9,0.0,1.1,0.68,0.0,0.92,0.0,0.0,0.0,0.0,0.0,0.0,0.0,3.6,253500000.0
2023-12-27,0.9,0.0,1.1,0.77,0.0,0.82,0.0,0.0,0.0,0.0,0.0,0.0,0.0,3.59,253500000.0
2023-12-26,0.9,0.0,1.1,0.77,0.0,0.82,0.0,0.0,0.0,0.0,0.0,0.0,0.0,3.59,253500000.0
2023-12-25,0.9,0.0,1.1,0.77,0.0,0.82,0.0,0.0,0.0,0.0,0.0,0.0,0.0,3.59,253500000.0
2023-12-24,0.9,0.0,1.1,0.77,0.0,0.82,0.0,0.0,0.0,0.0,0.0,0.0,0.0,3.59,253500000.0
2023-12-23,0.9,0.0,1.1,0.77,0.0,0.82,0.0,0.0,0.0,0.0,0.0,0.0,0.0,3.59,253500000.0
2023-12-22,0.9,0.0,1.1,0.77,0.0,0.82,0.0,0.0,0.0,0.0,0.0,0.0,0.0,3.59,253500000.0
2023-12-21,0.9,0.0,1.1,0.77,0.0,0.82,0.0,0.0,0.0,0.0,0.0,0.0,0.0,3.59,253500000.0
2023-12-20,0.9,0.0,1.1,0.77,0.0,0.73,0.0,0.0,0.0,0.0,0.0,0.0,0.0,3.5,253500000.0
2023-12-19,0.9,0.0,1.1,0.88,0.0,0.73,0.0,0.0,0.0,0.0,0.0,0.0,0.0,3.61,253500000.0
2023-12-18,0.9,0.0,1.1,0.88,0.0,0.73,0.0,0.0,0.0,0.0,0.0,0.0,0.0,3.61,253500000.0
2023-12-17,0.9,0.0,1.1,0.88,0.0,0.73,0.0,0.0,0.0,0.0,0.0,0.0,0.0,3.61,253500000.0
2023-12-16,0.9,0.0,1.1,0.88,0.0,0.73,0.0,0.0,0.0,0.0,0.0,0.0,0.0,3.61,253500000.0
2023-12-15,0.9,0.0,1.1,0.88,0.0,0.73,0.0,0.0,0.0,0.0,0.0,0.0,0.0,3.61,253500000.0
2023-12-14,0.9,0.0,1.1,0.88,0.0,0.73,0.0,0.0,0.0,0.0,0.0,0.0,0.0,3.61,253500000.0
2023-12-13,0.9,0.0,1.1,0.88,0.0,0.73,0.0,0.0,0.0,0.0,0.0,0.0,0.0,3.61,253500000.0
2023-12-12,0.9,0.0,1.1,0.88,0.0,0.73,0.0,0.0,0.0,0.0,0.0,0.0,0.0,3.61,253500000.0
2023-12-11,0.9,0.0,1.1,0.88,0.0,0.73,0.0,0.0,0.0,0.0,0.0,0.0,0.0,3.61,253500000.0
2023-12-10,0.9,0.0,1.1,0.88,0.0,0.73,0.0,0.0,0.0,0.0,0.0,0.0,0.0,3.61,253500000.0
2023-12-09,0.9,0.0,1.1,0.88,0.0,0.73,0.0,0.0,0.0,0.0,0.0,0.0,0.0,3.61,253500000.0
2023-12-08,0.9,0.0,1.1,0.88,0.0,0.73,0.0,0.0,0.0,0.0,0.0,0.0,0.0,3.61,253500000.0
2023-12-07,0.9,0.0,1.1,0.88,0.0,0.69,0.0,0.0,0.0,0.0,0.0,0.0,0.0,3.57,253500000.0
2023-12-06,0.9,0.0,1.02,0.88,0.0,0.69,0.0,0.0,0.0,0.0,0.0,0.0,0.0,3.4899999999999998,253500000.0
2023-12-05,0.9,0.0,1.02,0.88,0.0,0.69,0.0,0.0,0.0,0.0,0.0,0.0,0.0,3.4899999999999998,253500000.0
2023-12-04,0.9,0.0,1.02,0.88,0.0,0.53,0.0,0.0,0.0,0.0,0.0,0.0,0.0,3.33,253500000.0
2023-12-03,0.9,0.0,0.91,0.88,0.0,0.0,0.0,0.0,0.0,0.0,0.0,0.0,0.0,2.69,253500000.0
2023-12-02,0.9,0.0,0.91,0.88,0.0,0.0,0.0,0.0,0.0,0.0,0.0,0.0,0.0,2.69,253500000.0
2023-12-01,0.9,0.0,0.91,0.88,0.0,0.0,0.0,0.0,0.0,0.0,0.0,0.0,0.0,2.69,253500000.0
2023-11-30,0.9,0.0,0.91,0.88,0.0,0.0,0.0,0.0,0.0,0.0,0.0,0.0,0.0,2.69,253500000.0
2023-11-29,0.9,0.0,0.91,0.88,0.0,0.0,0.0,0.0,0.0,0.0,0.0,0.0,0.0,2.69,253500000.0
2023-11-28,0.9,0.0,0.91,0.88,0.0,0.0,0.0,0.0,0.0,0.0,0.0,0.0,0.0,2.69,253500000.0
2023-11-27,0.9,0.0,0.91,0.88,0.0,0.0,0.0,0.0,0.0,0.0,0.0,0.0,0.0,2.69,253500000.0
2023-11-26,0.9,0.0,0.91,0.98,0.0,0.0,0.0,0.0,0.0,0.0,0.0,0.0,0.0,2.79,253500000.0
2023-11-25,0.9,0.0,0.91,0.98,0.0,0.0,0.0,0.0,0.0,0.0,0.0,0.0,0.0,2.79,253500000.0
2023-11-24,0.9,0.0,0.91,0.98,0.48,0.0,0.0,0.0,0.0,0.0,0.0,0.0,0.0,3.27,253500000.0
2023-11-23,0.9,0.0,0.91,0.98,0.48,0.0,0.0,0.0,0.0,0.0,0.0,0.0,0.0,3.27,253500000.0
2023-11-22,0.9,0.0,0.8,0.98,0.48,0.0,0.0,0.0,0.0,0.0,0.0,0.0,0.0,3.16,253500000.0
2023-11-21,0.9,0.0,0.8,0.98,0.51,0.0,0.0,0.0,0.0,0.0,0.0,0.0,0.0,3.1900000000000004,253500000.0
2023-11-20,0.9,0.0,0.8,0.98,0.51,0.0,0.0,0.0,0.0,0.0,0.0,0.0,0.0,3.1900000000000004,253500000.0
2023-11-19,0.9,0.0,0.7,0.98,0.51,0.0,0.0,0.0,0.0,0.0,0.0,0.0,0.0,3.09,253500000.0
2023-11-18,0.9,0.0,0.7,0.98,0.51,0.0,0.0,0.0,0.0,0.0,0.0,0.0,0.0,3.09,253500000.0
2023-11-17,0.9,0.0,0.7,0.98,0.51,0.0,0.0,0.0,0.0,0.0,0.0,0.0,0.0,3.09,253500000.0
2023-11-16,0.9,0.0,0.7,0.98,0.51,0.0,0.0,0.0,0.0,0.0,0.0,0.0,0.0,3.09,253500000.0
2023-11-15,0.9,0.0,0.7,0.98,0.51,0.0,0.0,0.0,0.0,0.0,0.0,0.0,0.0,3.09,253500000.0
2023-11-14,0.9,0.0,0.7,1.08,0.51,0.0,0.0,0.0,0.0,0.0,0.0,0.0,0.0,3.1900000000000004,253500000.0
2023-11-13,0.9,0.0,0.7,1.08,0.51,0.0,0.0,0.0,0.0,0.0,0.0,0.0,0.0,3.1900000000000004,253500000.0
2023-11-12,0.9,0.0,0.7,1.08,0.51,0.0,0.0,0.0,0.0,0.0,0.0,0.0,0.0,3.1900000000000004,253500000.0
2023-11-11,0.9,0.0,0.7,1.08,0.51,0.0,0.0,0.0,0.0,0.0,0.0,0.0,0.0,3.1900000000000004,253500000.0
2023-11-10,0.9,0.0,0.7,1.08,0.51,0.0,0.0,0.0,0.0,0.0,0.0,0.0,0.0,3.1900000000000004,253500000.0
2023-11-09,0.9,0.0,0.68,1.08,0.51,0.0,0.0,0.0,0.0,0.0,0.0,0.0,0.0,3.17,253500000.0
2023-11-08,0.9,0.0,0.68,1.17,0.0,0.0,0.0,0.0,0.0,0.0,0.0,0.0,0.0,2.75,253500000.0
2023-11-07,0.9,0.0,0.7,1.17,0.0,0.0,0.0,0.0,0.0,0.0,0.0,0.0,0.0,2.77,253500000.0
2023-11-06,0.9,0.0,0.7,1.17,0.0,0.0,0.0,0.0,0.0,0.0,0.0,0.0,0.0,2.77,253500000.0
2023-11-05,0.9,0.0,0.63,1.22,0.0,0.0,0.0,0.0,0.0,0.0,0.0,0.0,0.0,2.75,253500000.0
2023-11-04,0.9,0.0,0.63,1.22,0.0,0.0,0.0,0.0,0.0,0.0,0.0,0.0,0.0,2.75,253500000.0
2023-11-03,0.9,0.0,0.63,1.22,0.0,0.0,0.0,0.0,0.0,0.0,0.0,0.0,0.0,2.75,253500000.0
2023-11-02,0.9,0.0,0.63,1.13,0.0,0.0,0.0,0.0,0.0,0.0,0.0,0.0,0.0,2.66,253500000.0
2023-11-01,0.9,0.0,0.63,1.13,0.0,0.0,0.0,0.0,0.0,0.0,0.0,0.0,0.0,2.66,253500000.0
2023-10-31,0.9,0.0,0.63,1.06,0.0,0.0,0.0,0.0,0.0,0.0,0.0,0.0,0.0,2.59,253500000.0
2023-10-30,0.9,0.0,0.63,0.95,0.0,0.0,0.0,0.0,0.0,0.0,0.0,0.0,0.0,2.48,253500000.0
2023-10-29,0.9,0.0,0.5,0.95,0.0,0.0,0.0,0.0,0.0,0.0,0.0,0.0,0.0,2.3499999999999996,253500000.0
2023-10-28,0.9,0.0,0.5,0.95,0.0,0.0,0.0,0.0,0.0,0.0,0.0,0.0,0.0,2.3499999999999996,253500000.0
2023-10-27,0.9,0.0,0.5,0.95,0.0,0.0,0.0,0.0,0.0,0.0,0.0,0.0,0.0,2.3499999999999996,253500000.0
2023-10-26,0.9,0.0,0.5,0.82,0.0,0.0,0.0,0.0,0.0,0.0,0.0,0.0,0.0,2.2199999999999998,253500000.0
2023-10-25,0.9,0.0,0.5,0.82,0.0,0.0,0.0,0.0,0.0,0.0,0.0,0.0,0.0,2.2199999999999998,253500000.0
2023-10-24,0.9,0.0,0.0,0.73,0.0,0.0,0.0,0.0,0.0,0.0,0.0,0.0,0.0,1.63,253500000.0
2023-10-23,0.9,0.0,0.0,0.73,0.0,0.0,0.0,0.0,0.0,0.0,0.0,0.0,0.0,1.63,253500000.0
2023-10-22,0.9,0.0,0.0,0.62,0.0,0.0,0.0,0.0,0.0,0.0,0.0,0.0,0.0,1.52,253500000.0
2023-10-21,0.9,0.0,0.0,0.62,0.0,0.0,0.0,0.0,0.0,0.0,0.0,0.0,0.0,1.52,253500000.0
2023-10-20,0.9,0.0,0.0,0.62,0.0,0.0,0.0,0.0,0.0,0.0,0.0,0.0,0.0,1.52,253500000.0
2023-10-19,0.9,0.0,0.0,0.62,0.0,0.0,0.0,0.0,0.0,0.0,0.0,0.0,0.0,1.52,253500000.0
2023-10-18,0.9,0.0,0.0,0.55,0.0,0.0,0.0,0.0,0.0,0.0,0.0,0.0,0.0,1.4500000000000002,253500000.0
2023-10-17,0.9,0.0,0.0,0.0,0.0,0.0,0.0,0.0,0.0,0.0,0.0,0.0,0.0,0.9,253500000.0
2023-10-16,0.9,0.0,0.0,0.0,0.0,0.0,0.0,0.0,0.0,0.0,0.0,0.0,0.0,0.9,253500000.0
2023-10-15,0.9,0.0,0.0,0.0,0.0,0.0,0.0,0.0,0.0,0.0,0.0,0.0,0.0,0.9,253500000.0
2023-10-14,0.9,0.0,0.0,0.0,0.0,0.0,0.0,0.0,0.0,0.0,0.0,0.0,0.0,0.9,253500000.0
2023-10-13,0.9,0.0,0.41,0.0,0.0,0.0,0.0,0.0,0.0,0.0,0.0,0.0,0.0,1.31,253500000.0
2023-10-12,0.9,0.0,0.41,0.0,0.0,0.0,0.0,0.0,0.0,0.0,0.0,0.0,0.0,1.31,253500000.0
2023-10-11,0.9,0.0,0.41,0.0,0.0,0.0,0.0,0.0,0.0,0.0,0.0,0.0,0.0,1.31,253500000.0
2023-10-10,0.9,0.0,0.68,0.0,0.0,0.0,0.0,0.0,0.0,0.0,0.0,0.0,0.0,1.58,253500000.0
2023-10-09,0.9,0.0,0.0,0.0,0.0,0.0,0.0,0.0,0.0,0.0,0.0,0.0,0.0,0.9,253500000.0
2023-10-08,0.9,0.0,0.0,0.0,0.0,0.0,0.0,0.0,0.0,0.0,0.0,0.0,0.0,0.9,253500000.0
2023-10-07,0.9,0.0,0.0,0.0,0.0,0.0,0.0,0.0,0.0,0.0,0.0,0.0,0.0,0.9,253500000.0
2023-10-06,0.9,0.0,0.0,0.0,0.0,0.0,0.0,0.0,0.0,0.0,0.0,0.0,0.0,0.9,253500000.0
2023-10-05,0.9,0.0,0.0,0.0,0.0,0.0,0.0,0.0,0.0,0.0,0.0,0.0,0.0,0.9,253500000.0
2023-10-04,0.9,0.0,0.0,0.0,0.0,0.0,0.0,0.0,0.0,0.0,0.0,0.0,0.0,0.9,253500000.0
2023-10-03,0.9,0.0,0.0,0.0,0.0,0.0,0.0,0.0,0.0,0.0,0.0,0.0,0.0,0.9,253500000.0
2023-10-02,0.9,0.0,0.0,0.0,0.0,0.0,0.0,0.0,0.0,0.0,0.0,0.0,0.0,0.9,253500000.0
2023-10-01,0.9,0.0,0.0,0.0,0.0,0.0,0.0,0.0,0.0,0.0,0.0,0.0,0.0,0.9,253500000.0
2023-09-30,0.9,0.0,0.0,0.0,0.0,0.0,0.0,0.0,0.0,0.0,0.0,0.0,0.0,0.9,253500000.0
2023-09-29,0.9,0.0,0.0,0.0,0.0,0.0,0.0,0.0,0.0,0.0,0.0,0.0,0.0,0.9,253500000.0
2023-09-28,0.9,0.0,0.0,0.0,0.0,0.0,0.0,0.0,0.0,0.0,0.0,0.0,0.0,0.9,253500000.0
2023-09-27,0.9,0.0,0.0,0.0,0.0,0.0,0.0,0.0,0.0,0.0,0.0,0.0,0.0,0.9,253500000.0
2023-09-26,0.9,0.0,0.0,0.0,0.0,0.0,0.0,0.0,0.0,0.0,0.0,0.0,0.0,0.9,253500000.0
2023-09-25,0.9,0.0,0.0,0.0,0.0,0.0,0.0,0.0,0.0,0.0,0.0,0.0,0.0,0.9,253500000.0
2023-09-24,0.9,0.0,0.0,0.0,0.0,0.0,0.0,0.0,0.0,0.0,0.0,0.0,0.0,0.9,253500000.0
2023-09-23,0.9,0.0,0.0,0.0,0.0,0.0,0.0,0.0,0.0,0.0,0.0,0.0,0.0,0.9,253500000.0
2023-09-22,0.9,0.0,0.0,0.0,0.0,0.0,0.0,0.0,0.0,0.0,0.0,0.0,0.0,0.9,253500000.0
2023-09-21,0.9,0.0,0.0,0.0,0.0,0.0,0.0,0.0,0.0,0.0,0.0,0.0,0.0,0.9,253500000.0
2023-09-20,0.9,0.0,0.0,0.0,0.0,0.0,0.0,0.0,0.0,0.0,0.0,0.0,0.0,0.9,253500000.0
2023-09-19,0.9,0.0,0.0,0.0,0.0,0.0,0.0,0.0,0.0,0.0,0.0,0.0,0.0,0.9,253500000.0
2023-09-18,0.9,0.0,0.0,0.0,0.0,0.0,0.0,0.0,0.0,0.0,0.0,0.0,0.0,0.9,253500000.0
2023-09-17,0.9,0.0,0.0,0.0,0.0,0.0,0.0,0.0,0.0,0.0,0.0,0.0,0.0,0.9,253500000.0
2023-09-16,0.9,0.0,0.0,0.0,0.0,0.0,0.0,0.0,0.0,0.0,0.0,0.0,0.0,0.9,253500000.0
2023-09-15,0.9,0.0,0.0,0.0,0.0,0.0,0.0,0.0,0.0,0.0,0.0,0.0,0.0,0.9,253500000.0
2023-09-14,0.9,0.0,0.0,0.0,0.0,0.0,0.0,0.0,0.0,0.0,0.0,0.0,0.0,0.9,253500000.0
2023-09-13,0.9,0.0,0.0,0.0,0.0,0.0,0.0,0.0,0.0,0.0,0.0,0.0,0.0,0.9,253500000.0
2023-09-12,0.9,0.0,0.0,0.0,0.0,0.0,0.0,0.0,0.0,0.0,0.0,0.0,0.0,0.9,253500000.0
2023-09-11,0.9,0.0,0.0,0.0,0.0,0.0,0.0,0.0,0.0,0.0,0.0,0.0,0.0,0.9,253500000.0
2023-09-10,0.9,0.0,0.0,0.0,0.0,0.0,0.0,0.0,0.0,0.0,0.0,0.0,0.0,0.9,253500000.0
2023-09-09,0.9,0.0,0.0,0.0,0.0,0.0,0.0,0.0,0.0,0.0,0.0,0.0,0.0,0.9,253500000.0
2023-09-08,0.9,0.0,0.0,0.0,0.0,0.0,0.0,0.0,0.0,0.0,0.0,0.0,0.0,0.9,253500000.0
2023-09-07,0.9,0.0,0.0,0.0,0.0,0.0,0.0,0.0,0.0,0.0,0.0,0.0,0.0,0.9,253500000.0
2023-09-06,0.9,0.0,0.0,0.0,0.0,0.0,0.0,0.0,0.0,0.0,0.0,0.0,0.0,0.9,253500000.0
2023-09-05,0.9,0.0,0.0,0.0,0.0,0.0,0.0,0.0,0.0,0.0,0.0,0.0,0.0,0.9,253500000.0
2023-09-04,0.9,0.0,0.0,0.0,0.0,0.0,0.0,0.0,0.0,0.0,0.0,0.0,0.0,0.9,253500000.0
2023-09-03,0.9,0.0,0.0,0.0,0.0,0.0,0.0,0.0,0.0,0.0,0.0,0.0,0.0,0.9,253500000.0
2023-09-02,0.9,0.0,0.0,0.0,0.0,0.0,0.0,0.0,0.0,0.0,0.0,0.0,0.0,0.9,253500000.0
2023-09-01,0.9,0.0,0.0,0.0,0.0,0.0,0.0,0.0,0.0,0.0,0.0,0.0,0.0,0.9,253500000.0
2023-08-31,0.9,0.0,0.0,0.0,0.0,0.0,0.0,0.0,0.0,0.0,0.0,0.0,0.0,0.9,253500000.0
2023-08-30,0.9,0.0,0.0,0.0,0.0,0.0,0.0,0.0,0.0,0.0,0.0,0.0,0.0,0.9,253500000.0
2023-08-29,0.9,0.0,0.47,0.0,0.0,0.0,0.0,0.0,0.0,0.0,0.0,0.0,0.0,1.37,253500000.0
2023-08-28,0.9,0.0,0.47,0.0,0.0,0.0,0.0,0.0,0.0,0.0,0.0,0.0,0.0,1.37,253500000.0
2023-08-27,0.9,0.0,0.47,0.0,0.0,0.0,0.0,0.0,0.0,0.0,0.0,0.0,0.0,1.37,253500000.0
2023-08-26,0.9,0.0,0.47,0.0,0.0,0.0,0.0,0.0,0.0,0.0,0.0,0.0,0.0,1.37,253500000.0
2023-08-25,0.9,0.0,0.47,0.0,0.0,0.0,0.0,0.0,0.0,0.0,0.0,0.0,0.0,1.37,253500000.0
2023-08-24,0.9,0.0,0.5,0.0,0.0,0.0,0.0,0.0,0.0,0.0,0.0,0.0,0.0,1.4,253500000.0
2023-08-23,0.9,0.0,0.5,0.0,0.0,0.0,0.0,0.0,0.0,0.0,0.0,0.0,0.0,1.4,253500000.0
2023-08-22,0.9,0.0,0.5,0.0,0.0,0.0,0.0,0.0,0.0,0.0,0.0,0.0,0.0,1.4,253500000.0
2023-08-21,0.9,0.0,0.5,0.0,0.0,0.0,0.0,0.0,0.0,0.0,0.0,0.0,0.0,1.4,253500000.0
2023-08-20,0.9,0.0,0.5,0.0,0.0,0.0,0.0,0.0,0.0,0.0,0.0,0.0,0.0,1.4,253500000.0
2023-08-19,0.9,0.0,0.5,0.0,0.0,0.0,0.0,0.0,0.0,0.0,0.0,0.0,0.0,1.4,253500000.0
2023-08-18,0.9,0.0,0.5,0.0,0.0,0.0,0.0,0.0,0.0,0.0,0.0,0.0,0.0,1.4,253500000.0
2023-08-17,0.9,0.0,0.5,0.0,0.0,0.0,0.0,0.0,0.0,0.0,0.0,0.0,0.0,1.4,253500000.0
2023-08-16,0.9,0.0,0.5,0.0,0.0,0.0,0.0,0.0,0.0,0.0,0.0,0.0,0.0,1.4,253500000.0
2023-08-15,0.9,0.0,0.5,0.0,0.0,0.0,0.0,0.0,0.0,0.0,0.0,0.0,0.0,1.4,253500000.0
2023-08-14,0.9,0.0,0.5,0.0,0.0,0.0,0.0,0.0,0.0,0.0,0.0,0.0,0.0,1.4,253500000.0
2023-08-13,0.9,0.0,0.5,0.0,0.0,0.0,0.0,0.0,0.0,0.0,0.0,0.0,0.0,1.4,253500000.0
2023-08-12,0.9,0.0,0.5,0.0,0.0,0.0,0.0,0.0,0.0,0.0,0.0,0.0,0.0,1.4,253500000.0
2023-08-11,0.9,0.0,0.5,0.0,0.0,0.0,0.0,0.0,0.0,0.0,0.0,0.0,0.0,1.4,253500000.0
2023-08-10,0.9,0.0,0.5,0.0,0.0,0.0,0.0,0.0,0.0,0.0,0.0,0.0,0.0,1.4,253500000.0
2023-08-09,0.9,0.0,0.5,0.0,0.0,0.0,0.0,0.0,0.0,0.0,0.0,0.0,0.0,1.4,253500000.0
2023-08-08,0.9,0.0,0.5,0.0,0.0,0.0,0.0,0.0,0.0,0.0,0.0,0.0,0.0,1.4,253500000.0
2023-08-07,0.9,0.0,0.5,0.0,0.0,0.0,0.0,0.0,0.0,0.0,0.0,0.0,0.0,1.4,253500000.0
2023-08-06,0.9,0.0,0.5,0.0,0.0,0.0,0.0,0.0,0.0,0.0,0.0,0.0,0.0,1.4,253500000.0
2023-08-05,0.9,0.0,0.5,0.0,0.0,0.0,0.0,0.0,0.0,0.0,0.0,0.0,0.0,1.4,253500000.0
2023-08-04,0.9,0.0,0.5,0.0,0.0,0.0,0.0,0.0,0.0,0.0,0.0,0.0,0.0,1.4,253500000.0
2023-08-03,0.9,0.0,0.5,0.0,0.0,0.0,0.0,0.0,0.0,0.0,0.0,0.0,0.0,1.4,253500000.0
2023-08-02,0.9,0.0,0.5,0.0,0.0,0.0,0.0,0.0,0.0,0.0,0.0,0.0,0.0,1.4,253500000.0
2023-08-01,0.9,0.0,0.5,0.0,0.0,0.0,0.0,0.0,0.0,0.0,0.0,0.0,0.0,1.4,253500000.0
2023-07-31,1.1,0.0,0.5,0.0,0.0,0.0,0.0,0.0,0.0,0.0,0.0,0.0,0.0,1.6,253500000.0
2023-07-30,1.1,0.0,0.5,0.0,0.0,0.0,0.0,0.0,0.0,0.0,0.0,0.0,0.0,1.6,253500000.0
2023-07-29,1.1,0.0,0.5,0.0,0.0,0.0,0.0,0.0,0.0,0.0,0.0,0.0,0.0,1.6,253500000.0
2023-07-28,1.1,0.0,0.5,0.0,0.0,0.0,0.0,0.0,0.0,0.0,0.0,0.0,0.0,1.6,253500000.0
2023-07-27,1.1,0.0,0.5,0.0,0.0,0.0,0.0,0.0,0.0,0.0,0.0,0.0,0.0,1.6,253500000.0
2023-07-26,1.1,0.0,0.5,0.0,0.0,0.0,0.0,0.0,0.0,0.0,0.0,0.0,0.0,1.6,253500000.0
2023-07-25,1.1,0.0,0.5,0.0,0.0,0.0,0.0,0.0,0.0,0.0,0.0,0.0,0.0,1.6,253500000.0
2023-07-24,1.1,0.0,0.5,0.0,0.0,0.0,0.0,0.0,0.0,0.0,0.0,0.0,0.0,1.6,253500000.0
2023-07-23,1.1,0.0,0.5,0.0,0.0,0.0,0.0,0.0,0.0,0.0,0.0,0.0,0.0,1.6,253500000.0
2023-07-22,1.1,0.0,0.5,0.0,0.0,0.0,0.0,0.0,0.0,0.0,0.0,0.0,0.0,1.6,253500000.0
2023-07-21,1.1,0.0,0.5,0.0,0.0,0.0,0.0,0.0,0.0,0.0,0.0,0.0,0.0,1.6,253500000.0
2023-07-20,1.1,0.0,0.5,0.0,0.0,0.0,0.0,0.0,0.0,0.0,0.0,0.0,0.0,1.6,253500000.0
2023-07-19,1.1,0.0,0.5,0.0,0.0,0.0,0.0,0.0,0.0,0.0,0.0,0.0,0.0,1.6,253500000.0
2023-07-18,1.1,0.0,0.5,0.0,0.0,0.0,0.0,0.0,0.0,0.0,0.0,0.0,0.0,1.6,253500000.0
2023-07-17,1.1,0.0,0.5,0.0,0.0,0.0,0.0,0.0,0.0,0.0,0.0,0.0,0.0,1.6,253500000.0
2023-07-16,1.1,0.0,0.5,0.0,0.0,0.0,0.0,0.0,0.0,0.0,0.0,0.0,0.0,1.6,253500000.0
2023-07-15,1.1,0.0,0.5,0.0,0.0,0.0,0.0,0.0,0.0,0.0,0.0,0.0,0.0,1.6,253500000.0
2023-07-14,1.1,0.0,0.5,0.0,0.0,0.0,0.0,0.0,0.0,0.0,0.0,0.0,0.0,1.6,253500000.0
2023-07-13,1.1,0.0,0.5,0.0,0.0,0.0,0.0,0.0,0.0,0.0,0.0,0.0,0.0,1.6,253500000.0
2023-07-12,1.1,0.0,0.5,0.0,0.0,0.0,0.0,0.0,0.0,0.0,0.0,0.0,0.0,1.6,253500000.0
2023-07-11,1.1,0.0,0.5,0.0,0.0,0.0,0.0,0.0,0.0,0.0,0.0,0.0,0.0,1.6,253500000.0
2023-07-10,1.1,0.0,0.5,0.0,0.0,0.0,0.0,0.0,0.0,0.0,0.0,0.0,0.0,1.6,253500000.0
2023-07-09,1.1,0.0,0.5,0.0,0.0,0.0,0.0,0.0,0.0,0.0,0.0,0.0,0.0,1.6,253500000.0
2023-07-08,1.1,0.0,0.5,0.0,0.0,0.0,0.0,0.0,0.0,0.0,0.0,0.0,0.0,1.6,253500000.0
2023-07-07,1.1,0.0,0.5,0.0,0.0,0.0,0.0,0.0,0.0,0.0,0.0,0.0,0.0,1.6,253500000.0
2023-07-06,1.1,0.0,0.5,0.0,0.0,0.0,0.0,0.0,0.0,0.0,0.0,0.0,0.0,1.6,253500000.0
2023-07-05,1.1,0.0,0.5,0.0,0.0,0.0,0.0,0.0,0.0,0.0,0.0,0.0,0.0,1.6,253500000.0
2023-07-04,1.1,0.0,0.5,0.0,0.0,0.0,0.0,0.0,0.0,0.0,0.0,0.0,0.0,1.6,253500000.0
2023-07-03,1.1,0.47,0.0,0.0,0.0,0.0,0.0,0.0,0.0,0.0,0.0,0.0,0.0,1.57,253500000.0
2023-07-02,1.1,0.47,0.0,0.0,0.0,0.0,0.0,0.0,0.0,0.0,0.0,0.0,0.0,1.57,253500000.0
2023-07-01,1.1,0.47,0.0,0.0,0.0,0.0,0.0,0.0,0.0,0.0,0.0,0.0,0.0,1.57,253500000.0
2023-06-30,1.1,0.47,0.0,0.0,0.0,0.0,0.0,0.0,0.0,0.0,0.0,0.0,0.0,1.57,253500000.0
2023-06-29,1.1,0.47,0.0,0.0,0.0,0.0,0.0,0.0,0.0,0.0,0.0,0.0,0.0,1.57,253500000.0
2023-06-28,1.1,0.59,0.0,0.0,0.0,0.0,0.0,0.0,0.0,0.0,0.0,0.0,0.0,1.69,253500000.0
2023-06-27,1.1,0.59,0.0,0.0,0.0,0.0,0.0,0.0,0.0,0.0,0.0,0.0,0.0,1.69,253500000.0
2023-06-26,1.1,0.59,0.0,0.0,0.0,0.0,0.0,0.0,0.0,0.0,0.0,0.0,0.0,1.69,253500000.0
2023-06-25,1.1,0.59,0.0,0.0,0.0,0.0,0.0,0.0,0.0,0.0,0.0,0.0,0.0,1.69,253500000.0
2023-06-24,1.1,0.59,0.0,0.0,0.0,0.0,0.0,0.0,0.0,0.0,0.0,0.0,0.0,1.69,253500000.0
2023-06-23,1.1,0.59,0.0,0.0,0.0,0.0,0.0,0.0,0.0,0.0,0.0,0.0,0.0,1.69,253500000.0
2023-06-22,1.1,0.59,0.0,0.0,0.0,0.0,0.0,0.0,0.0,0.0,0.0,0.0,0.0,1.69,253500000.0
2023-06-21,1.1,0.59,0.0,0.0,0.0,0.0,0.0,0.0,0.0,0.0,0.0,0.0,0.0,1.69,253500000.0
2023-06-20,1.1,0.59,0.0,0.0,0.0,0.0,0.0,0.0,0.0,0.0,0.0,0.0,0.0,1.69,253500000.0
2023-06-19,1.1,0.59,0.0,0.0,0.0,0.0,0.0,0.0,0.0,0.0,0.0,0.0,0.0,1.69,253500000.0
2023-06-18,1.1,0.59,0.0,0.0,0.0,0.0,0.0,0.0,0.0,0.0,0.0,0.0,0.0,1.69,253500000.0
2023-06-17,1.1,0.59,0.0,0.0,0.0,0.0,0.0,0.0,0.0,0.0,0.0,0.0,0.0,1.69,253500000.0
2023-06-16,1.1,0.59,0.0,0.0,0.0,0.0,0.0,0.0,0.0,0.0,0.0,0.0,0.0,1.69,253500000.0
2023-06-15,1.1,0.59,0.0,0.0,0.0,0.0,0.0,0.0,0.0,0.0,0.0,0.0,0.0,1.69,253500000.0
2023-06-14,1.1,0.59,0.0,0.0,0.0,0.0,0.0,0.0,0.0,0.0,0.0,0.0,0.0,1.69,253500000.0
2023-06-13,1.1,0.59,0.0,0.0,0.0,0.0,0.0,0.0,0.0,0.0,0.0,0.0,0.0,1.69,253500000.0
2023-06-12,1.1,0.59,0.0,0.0,0.0,0.0,0.0,0.0,0.0,0.0,0.0,0.0,0.0,1.69,253500000.0
2023-06-11,1.1,0.59,0.0,0.0,0.0,0.0,0.0,0.0,0.0,0.0,0.0,0.0,0.0,1.69,253500000.0
2023-06-10,1.1,0.59,0.0,0.0,0.0,0.0,0.0,0.0,0.0,0.0,0.0,0.0,0.0,1.69,253500000.0
2023-06-09,1.1,0.59,0.0,0.0,0.0,0.0,0.0,0.0,0.0,0.0,0.0,0.0,0.0,1.69,253500000.0
2023-06-08,1.1,0.59,0.0,0.0,0.0,0.0,0.0,0.0,0.0,0.0,0.0,0.0,0.0,1.69,253500000.0
2023-06-07,1.1,0.59,0.0,0.0,0.0,0.0,0.0,0.0,0.0,0.0,0.0,0.0,0.0,1.69,253500000.0
2023-06-06,1.1,0.59,0.0,0.0,0.0,0.0,0.0,0.0,0.0,0.0,0.0,0.0,0.0,1.69,253500000.0
2023-06-05,1.1,0.59,0.0,0.0,0.0,0.0,0.0,0.0,0.0,0.0,0.0,0.0,0.0,1.69,253500000.0
2023-06-04,1.1,0.61,0.0,0.0,0.0,0.0,0.0,0.0,0.0,0.0,0.0,0.0,0.0,1.71,253500000.0
2023-06-03,1.1,0.61,0.0,0.0,0.0,0.0,0.0,0.0,0.0,0.0,0.0,0.0,0.0,1.71,253500000.0
2023-06-02,1.1,0.61,0.0,0.0,0.0,0.0,0.0,0.0,0.0,0.0,0.0,0.0,0.0,1.71,253500000.0
2023-06-01,1.1,0.61,0.0,0.0,0.0,0.0,0.0,0.0,0.0,0.0,0.0,0.0,0.0,1.71,253500000.0
2023-05-31,1.1,0.61,0.0,0.0,0.0,0.0,0.0,0.0,0.0,0.0,0.0,0.0,0.0,1.71,253500000.0
2023-05-30,1.1,0.61,0.0,0.0,0.0,0.0,0.0,0.0,0.0,0.0,0.0,0.0,0.0,1.71,253500000.0
2023-05-29,1.1,0.59,0.0,0.0,0.0,0.0,0.0,0.0,0.0,0.0,0.0,0.0,0.0,1.69,253500000.0
2023-05-28,1.1,0.59,0.0,0.0,0.0,0.0,0.0,0.0,0.0,0.0,0.0,0.0,0.0,1.69,253500000.0
2023-05-27,1.1,0.59,0.0,0.0,0.0,0.0,0.0,0.0,0.0,0.0,0.0,0.0,0.0,1.69,253500000.0
2023-05-26,1.1,0.59,0.0,0.0,0.0,0.0,0.0,0.0,0.0,0.0,0.0,0.0,0.0,1.69,253500000.0
2023-05-25,1.1,0.59,0.0,0.0,0.0,0.0,0.0,0.0,0.0,0.0,0.0,0.0,0.0,1.69,253500000.0
2023-05-24,1.1,0.59,0.49,0.0,0.0,0.0,0.0,0.0,0.0,0.0,0.0,0.0,0.0,2.1799999999999997,253500000.0
2023-05-23,1.1,0.59,0.49,0.0,0.0,0.0,0.0,0.0,0.0,0.0,0.0,0.0,0.0,2.1799999999999997,253500000.0
2023-05-22,1.1,0.59,0.49,0.0,0.0,0.0,0.0,0.0,0.0,0.0,0.0,0.0,0.0,2.1799999999999997,253500000.0
2023-05-21,1.1,0.59,0.5,0.0,0.0,0.0,0.0,0.0,0.0,0.0,0.0,0.0,0.0,2.19,253500000.0
2023-05-20,1.1,0.59,0.5,0.0,0.0,0.0,0.0,0.0,0.0,0.0,0.0,0.0,0.0,2.19,253500000.0
2023-05-19,1.1,0.59,0.5,0.0,0.0,0.0,0.0,0.0,0.0,0.0,0.0,0.0,0.0,2.19,253500000.0
2023-05-18,1.1,0.59,0.5,0.0,0.0,0.0,0.0,0.0,0.0,0.0,0.0,0.0,0.0,2.19,253500000.0
2023-05-17,1.1,0.59,0.5,0.0,0.0,0.0,0.0,0.0,0.0,0.0,0.0,0.0,0.0,2.19,253500000.0
2023-05-16,1.1,0.59,0.5,0.0,0.0,0.0,0.0,0.0,0.0,0.0,0.0,0.0,0.0,2.19,253500000.0
2023-05-15,1.1,0.59,0.49,0.0,0.0,0.0,0.0,0.0,0.0,0.0,0.0,0.0,0.0,2.1799999999999997,253500000.0
2023-05-14,1.1,0.66,0.49,0.0,0.0,0.0,0.0,0.0,0.0,0.0,0.0,0.0,0.0,2.25,253500000.0
2023-05-13,1.1,0.66,0.49,0.0,0.0,0.0,0.0,0.0,0.0,0.0,0.0,0.0,0.0,2.25,253500000.0
2023-05-12,1.1,0.66,0.49,0.0,0.0,0.0,0.0,0.0,0.0,0.0,0.0,0.0,0.0,2.25,253500000.0
2023-05-11,1.1,0.66,0.49,0.0,0.0,0.0,0.0,0.0,0.0,0.0,0.0,0.0,0.0,2.25,253500000.0
2023-05-10,1.1,0.66,0.5,0.0,0.0,0.0,0.0,0.0,0.0,0.0,0.0,0.0,0.0,2.2600000000000002,253500000.0
2023-05-09,1.1,0.66,0.5,0.0,0.0,0.0,0.0,0.0,0.0,0.0,0.0,0.0,0.0,2.2600000000000002,253500000.0
2023-05-08,1.1,0.66,0.0,0.0,0.0,0.0,0.0,0.0,0.0,0.0,0.0,0.0,0.0,1.7600000000000002,253500000.0
2023-05-07,1.1,0.66,0.0,0.0,0.0,0.0,0.0,0.0,0.0,0.0,0.0,0.0,0.0,1.7600000000000002,253500000.0
2023-05-06,1.1,0.66,0.0,0.0,0.0,0.0,0.0,0.0,0.0,0.0,0.0,0.0,0.0,1.7600000000000002,253500000.0
2023-05-05,1.1,0.66,0.0,0.0,0.0,0.0,0.0,0.0,0.0,0.0,0.0,0.0,0.0,1.7600000000000002,253500000.0
2023-05-04,1.1,0.66,0.49,0.0,0.0,0.0,0.0,0.0,0.0,0.0,0.0,0.0,0.0,2.25,253500000.0
2023-05-03,1.1,0.66,0.49,0.0,0.0,0.0,0.0,0.0,0.0,0.0,0.0,0.0,0.0,2.25,253500000.0
2023-05-02,1.1,0.66,0.49,0.0,0.0,0.0,0.0,0.0,0.0,0.0,0.0,0.0,0.0,2.25,253500000.0
2023-05-01,1.1,0.66,0.5,0.0,0.0,0.0,0.0,0.0,0.0,0.0,0.0,0.0,0.0,2.2600000000000002,253500000.0
2023-04-30,1.1,0.66,0.5,0.0,0.0,0.0,0.0,0.0,0.0,0.0,0.0,0.0,0.0,2.2600000000000002,253500000.0
