,549300DCU7KOL83B3B08,6BS8JLEICI3VGJ264L55,Q0HK1ORK3JOMOF7R6K47,549300KKLDTNOIW0NU52,549300WTVI4KO4GEJN54,549300ARVD4LVNCUBN81,2138001GBION41P49M96,213800DIZ3J3XWDIN165,-077-,Total,Market_capitalization
2025-05-08,0.0,0.73,0.0,1.23,0.0,0.0,0.57,1.67,0.0,4.199999999999999,353760000.0
2025-05-07,0.0,0.73,0.0,1.23,0.0,0.0,0.57,1.67,0.0,4.199999999999999,353760000.0
2025-05-06,0.0,0.73,0.0,1.23,0.0,0.0,0.57,1.67,0.0,4.199999999999999,353760000.0
2025-05-05,0.0,0.73,0.0,1.23,0.0,0.0,0.57,1.67,0.0,4.199999999999999,353760000.0
2025-05-04,0.0,0.73,0.0,1.23,0.0,0.0,0.57,1.67,0.0,4.199999999999999,353760000.0
2025-05-03,0.0,0.73,0.0,1.23,0.0,0.0,0.57,1.67,0.0,4.199999999999999,353760000.0
2025-05-02,0.0,0.73,0.0,1.23,0.0,0.0,0.57,1.67,0.0,4.199999999999999,353760000.0
2025-05-01,0.0,0.73,0.0,1.23,0.0,0.0,0.57,1.67,0.0,4.199999999999999,353760000.0
2025-04-30,0.0,0.73,0.0,1.23,0.0,0.0,0.57,1.67,0.0,4.199999999999999,353760000.0
2025-04-29,0.0,0.73,0.0,1.23,0.0,0.0,0.57,1.67,0.0,4.199999999999999,353760000.0
2025-04-28,0.0,0.73,0.0,1.23,0.0,0.0,0.57,1.67,0.0,4.199999999999999,353760000.0
2025-04-27,0.0,0.73,0.0,1.23,0.0,0.0,0.57,1.67,0.0,4.199999999999999,353760000.0
2025-04-26,0.0,0.73,0.0,1.23,0.0,0.0,0.57,1.67,0.0,4.199999999999999,353760000.0
2025-04-25,0.0,0.73,0.0,1.23,0.0,0.0,0.57,1.67,0.0,4.199999999999999,353760000.0
2025-04-24,0.0,0.73,0.0,1.23,0.0,0.0,0.57,1.67,0.0,4.199999999999999,353760000.0
2025-04-23,0.0,0.73,0.0,1.23,0.0,0.0,0.57,1.67,0.0,4.199999999999999,353760000.0
2025-04-22,0.0,0.73,0.0,1.23,0.0,0.0,0.57,1.67,0.0,4.199999999999999,353760000.0
2025-04-21,0.0,0.73,0.0,1.23,0.0,0.0,0.57,1.67,0.0,4.199999999999999,353760000.0
2025-04-20,0.0,0.73,0.0,1.23,0.0,0.0,0.57,1.67,0.0,4.199999999999999,353760000.0
2025-04-19,0.0,0.73,0.0,1.23,0.0,0.0,0.57,1.67,0.0,4.199999999999999,353760000.0
2025-04-18,0.0,0.73,0.0,1.23,0.0,0.0,0.57,1.67,0.0,4.199999999999999,353760000.0
2025-04-17,0.0,0.73,0.0,1.23,0.0,0.0,0.57,1.67,0.0,4.199999999999999,353760000.0
2025-04-16,0.0,0.73,0.0,1.23,0.0,0.0,0.57,1.67,0.0,4.199999999999999,353760000.0
2025-04-15,0.0,0.73,0.0,1.23,0.0,0.0,0.57,1.67,0.0,4.199999999999999,353760000.0
2025-04-14,0.0,0.73,0.0,1.23,0.0,0.0,0.57,1.67,0.0,4.199999999999999,353760000.0
2025-04-13,0.0,0.73,0.0,1.23,0.0,0.0,0.57,1.67,0.0,4.199999999999999,353760000.0
2025-04-12,0.0,0.73,0.0,1.23,0.0,0.0,0.57,1.67,0.0,4.199999999999999,353760000.0
2025-04-11,0.0,0.73,0.0,1.23,0.0,0.0,0.57,1.67,0.0,4.199999999999999,353760000.0
2025-04-10,0.0,0.73,0.0,1.23,0.0,0.0,0.57,1.67,0.0,4.199999999999999,353760000.0
2025-04-09,0.0,0.73,0.0,1.23,0.0,0.0,0.57,1.67,0.0,4.199999999999999,353760000.0
2025-04-08,0.0,0.73,0.0,1.1,0.0,0.0,0.57,1.06,0.0,3.46,353760000.0
2025-04-07,0.0,0.73,0.0,1.1,0.0,0.0,0.57,0.77,0.0,3.17,353760000.0
2025-04-06,0.0,0.65,0.0,0.93,0.0,0.0,0.57,0.0,0.0,2.15,353760000.0
2025-04-05,0.0,0.65,0.0,0.93,0.0,0.0,0.57,0.0,0.0,2.15,353760000.0
2025-04-04,0.0,0.65,0.0,0.93,0.0,0.0,0.57,0.0,0.0,2.15,353760000.0
2025-04-03,0.0,0.52,0.0,0.93,0.0,0.0,0.57,0.0,0.0,2.02,353760000.0
2025-04-02,0.0,0.52,0.0,0.93,0.0,0.0,0.57,0.0,0.0,2.02,353760000.0
2025-04-01,0.0,0.52,0.0,0.93,0.0,0.0,0.57,0.0,0.0,2.02,353760000.0
2025-03-31,0.0,0.52,0.0,0.93,0.0,0.0,0.57,0.0,0.0,2.02,353760000.0
2025-03-30,0.0,0.52,0.0,0.93,0.0,0.0,0.57,0.0,0.0,2.02,353760000.0
2025-03-29,0.0,0.52,0.0,0.93,0.0,0.0,0.57,0.0,0.0,2.02,353760000.0
2025-03-28,0.0,0.52,0.0,0.93,0.0,0.0,0.57,0.0,0.0,2.02,353760000.0
2025-03-27,0.0,0.52,0.0,0.93,0.0,0.0,0.57,0.0,0.0,2.02,353760000.0
2025-03-26,0.0,0.52,0.0,0.93,0.0,0.0,0.57,0.0,0.0,2.02,353760000.0
2025-03-25,0.0,0.52,0.0,0.93,0.0,0.0,0.57,0.0,0.0,2.02,353760000.0
2025-03-24,0.0,0.52,0.0,0.93,0.0,0.0,0.57,0.0,0.0,2.02,353760000.0
2025-03-23,0.0,0.49,0.0,0.93,0.0,0.0,0.57,0.0,0.0,1.9899999999999998,353760000.0
2025-03-22,0.0,0.49,0.0,0.93,0.0,0.0,0.57,0.0,0.0,1.9899999999999998,353760000.0
2025-03-21,0.0,0.49,0.0,0.93,0.0,0.0,0.57,0.0,0.0,1.9899999999999998,353760000.0
2025-03-20,0.0,0.49,0.0,0.93,0.0,0.0,0.57,0.0,0.0,1.9899999999999998,353760000.0
2025-03-19,0.0,0.57,0.0,0.93,0.0,0.0,0.57,0.0,0.0,2.07,353760000.0
2025-03-18,0.0,0.78,0.0,0.93,0.0,0.0,0.57,0.0,0.0,2.28,353760000.0
2025-03-17,0.0,0.78,0.0,0.93,0.0,0.0,0.57,0.0,0.0,2.28,353760000.0
2025-03-16,0.0,0.78,0.0,0.93,0.0,0.0,0.57,0.0,0.0,2.28,353760000.0
2025-03-15,0.0,0.78,0.0,0.93,0.0,0.0,0.57,0.0,0.0,2.28,353760000.0
2025-03-14,0.0,0.78,0.0,0.93,0.0,0.0,0.57,0.0,0.0,2.28,353760000.0
2025-03-13,0.0,0.78,0.0,0.93,0.0,0.0,0.57,0.0,0.0,2.28,353760000.0
2025-03-12,0.0,0.78,0.0,0.93,0.0,0.0,0.57,0.0,0.0,2.28,353760000.0
2025-03-11,0.0,0.78,0.0,0.93,0.0,0.0,0.57,0.0,0.0,2.28,353760000.0
2025-03-10,0.0,0.78,0.0,0.93,0.0,0.0,0.57,0.0,0.0,2.28,353760000.0
2025-03-09,0.0,0.78,0.0,0.82,0.0,0.0,0.57,0.0,0.0,2.17,353760000.0
2025-03-08,0.0,0.78,0.0,0.82,0.0,0.0,0.57,0.0,0.0,2.17,353760000.0
2025-03-07,0.0,0.78,0.0,0.82,0.0,0.0,0.57,0.0,0.0,2.17,353760000.0
2025-03-06,0.0,0.78,0.0,0.82,0.0,0.0,0.57,0.0,0.0,2.17,353760000.0
2025-03-05,0.0,0.78,0.0,0.82,0.0,0.0,0.57,0.0,0.0,2.17,353760000.0
2025-03-04,0.0,0.88,0.0,0.82,0.0,0.0,0.57,0.0,0.0,2.27,353760000.0
2025-03-03,0.0,0.88,0.0,0.82,0.0,0.0,0.57,0.0,0.0,2.27,353760000.0
2025-03-02,0.0,0.93,0.0,0.82,0.0,0.0,0.57,0.0,0.0,2.32,353760000.0
2025-03-01,0.0,0.93,0.0,0.82,0.0,0.0,0.57,0.0,0.0,2.32,353760000.0
2025-02-28,0.0,0.93,0.0,0.82,0.0,0.0,0.57,0.0,0.0,2.32,353760000.0
2025-02-27,0.0,0.93,0.0,0.82,0.0,0.0,0.57,0.0,0.0,2.32,353760000.0
2025-02-26,0.0,0.93,0.0,0.82,0.0,0.0,0.57,0.0,0.0,2.32,353760000.0
2025-02-25,0.0,0.93,0.0,0.73,0.0,0.0,0.57,0.0,0.0,2.23,353760000.0
2025-02-24,0.0,0.93,0.0,0.73,0.0,0.0,0.57,0.0,0.0,2.23,353760000.0
2025-02-23,0.0,0.86,0.0,0.73,0.0,0.0,0.57,0.0,0.0,2.1599999999999997,353760000.0
2025-02-22,0.0,0.86,0.0,0.73,0.0,0.0,0.57,0.0,0.0,2.1599999999999997,353760000.0
2025-02-21,0.0,0.86,0.0,0.73,0.0,0.0,0.57,0.0,0.0,2.1599999999999997,353760000.0
2025-02-20,0.0,0.86,0.0,0.73,0.0,0.0,0.57,0.0,0.0,2.1599999999999997,353760000.0
2025-02-19,0.0,0.93,0.0,0.62,0.0,0.0,0.57,0.0,0.0,2.12,353760000.0
2025-02-18,0.0,0.93,0.0,0.62,0.0,0.0,0.57,0.0,0.0,2.12,353760000.0
2025-02-17,0.0,0.93,0.0,0.62,0.0,0.0,0.57,0.0,0.0,2.12,353760000.0
2025-02-16,0.0,0.93,0.0,0.62,0.0,0.0,0.57,0.0,0.0,2.12,353760000.0
2025-02-15,0.0,0.93,0.0,0.62,0.0,0.0,0.57,0.0,0.0,2.12,353760000.0
2025-02-14,0.0,0.93,0.0,0.62,0.0,0.0,0.57,0.0,0.0,2.12,353760000.0
2025-02-13,0.0,0.93,0.0,0.62,0.0,0.0,0.57,0.0,0.0,2.12,353760000.0
2025-02-12,0.0,0.93,0.0,0.62,0.0,0.0,0.57,0.0,0.0,2.12,353760000.0
2025-02-11,0.0,0.93,0.0,0.62,0.0,0.0,0.57,0.0,0.0,2.12,353760000.0
2025-02-10,0.0,0.93,0.0,0.62,0.0,0.0,0.57,0.0,0.0,2.12,353760000.0
2025-02-09,0.0,0.93,0.0,0.62,0.0,0.0,0.57,0.0,0.0,2.12,353760000.0
2025-02-08,0.0,0.93,0.0,0.62,0.0,0.0,0.57,0.0,0.0,2.12,353760000.0
2025-02-07,0.0,0.93,0.0,0.62,0.0,0.0,0.57,0.0,0.0,2.12,353760000.0
2025-02-06,0.0,0.93,0.0,0.5,0.0,0.0,0.57,0.0,0.0,2.0,353760000.0
2025-02-05,0.0,0.93,0.0,0.5,0.0,0.0,0.57,0.0,0.0,2.0,353760000.0
2025-02-04,0.0,0.93,0.0,0.5,0.0,0.0,0.57,0.0,0.0,2.0,353760000.0
2025-02-03,0.0,0.93,0.0,0.5,0.0,0.0,0.57,0.0,0.0,2.0,353760000.0
2025-02-02,0.0,0.93,0.0,0.5,0.0,0.0,0.57,0.0,0.0,2.0,353760000.0
2025-02-01,0.0,0.93,0.0,0.5,0.0,0.0,0.57,0.0,0.0,2.0,353760000.0
2025-01-31,0.0,0.93,0.0,0.5,0.0,0.0,0.57,0.0,0.0,2.0,353760000.0
2025-01-30,0.0,0.8,0.0,0.5,0.0,0.0,0.57,0.0,0.0,1.87,353760000.0
2025-01-29,0.0,0.8,0.0,0.5,0.0,0.0,0.61,0.0,0.0,1.9100000000000001,353760000.0
2025-01-28,0.0,0.8,0.0,0.5,0.0,0.0,0.56,0.0,0.0,1.86,353760000.0
2025-01-27,0.0,0.7,0.0,0.5,0.0,0.0,0.11,0.0,0.0,1.31,353760000.0
2025-01-26,0.0,0.7,0.0,0.5,0.0,0.0,0.11,0.0,0.0,1.31,353760000.0
2025-01-25,0.0,0.7,0.0,0.5,0.0,0.0,0.11,0.0,0.0,1.31,353760000.0
2025-01-24,0.0,0.7,0.0,0.5,0.0,0.0,0.11,0.0,0.0,1.31,353760000.0
2025-01-23,0.06,0.7,0.0,0.0,0.0,0.0,0.11,0.0,0.0,0.87,353760000.0
2025-01-22,0.06,0.7,0.0,0.0,0.0,0.0,0.5,0.0,0.0,1.26,353760000.0
2025-01-21,0.06,0.7,0.0,0.0,0.0,0.0,0.49,0.0,0.0,1.25,353760000.0
2025-01-20,2.01,0.69,0.0,0.0,0.0,0.0,0.51,0.0,0.0,3.21,353760000.0
2025-01-19,2.01,0.79,0.0,0.0,0.0,0.0,1.39,0.0,0.0,4.1899999999999995,353760000.0
2025-01-18,2.01,0.79,0.0,0.0,0.0,0.0,1.39,0.0,0.0,4.1899999999999995,353760000.0
2025-01-17,2.01,0.79,0.0,0.0,0.0,0.0,1.39,0.0,0.0,4.1899999999999995,353760000.0
2025-01-16,1.91,0.79,0.0,0.0,0.0,0.0,1.39,0.0,0.0,4.09,353760000.0
2025-01-15,1.91,0.79,0.0,0.0,0.0,0.0,1.39,0.0,0.0,4.09,353760000.0
2025-01-14,1.91,0.79,0.0,0.0,0.0,0.0,1.4,0.0,0.0,4.1,353760000.0
2025-01-13,1.83,0.79,0.0,0.0,0.0,0.0,1.87,0.0,0.0,4.49,353760000.0
2025-01-12,1.83,0.79,0.0,0.0,0.0,0.0,1.87,0.0,0.0,4.49,353760000.0
2025-01-11,1.83,0.79,0.0,0.0,0.0,0.0,1.87,0.0,0.0,4.49,353760000.0
2025-01-10,1.83,0.79,0.0,0.0,0.0,0.0,1.87,0.0,0.0,4.49,353760000.0
2025-01-09,1.96,0.79,0.0,0.0,0.0,0.0,1.57,0.0,0.0,4.32,353760000.0
2025-01-08,1.96,0.79,0.0,0.0,0.0,0.0,1.57,0.0,0.0,4.32,353760000.0
2025-01-07,1.96,0.86,0.0,0.0,0.0,0.0,1.57,0.0,0.0,4.39,353760000.0
2025-01-06,1.96,0.86,0.0,0.0,0.0,0.0,1.8,0.0,0.0,4.62,353760000.0
2025-01-05,1.96,0.86,0.0,0.0,0.0,0.0,1.91,0.0,0.0,4.7299999999999995,353760000.0
2025-01-04,1.96,0.86,0.0,0.0,0.0,0.0,1.91,0.0,0.0,4.7299999999999995,353760000.0
2025-01-03,1.96,0.86,0.0,0.0,0.0,0.0,1.91,0.0,0.0,4.7299999999999995,353760000.0
2025-01-02,1.96,0.86,0.0,0.0,0.0,0.0,1.91,0.0,0.0,4.7299999999999995,353760000.0
2025-01-01,1.96,0.86,0.0,0.0,0.0,0.0,2.14,0.0,0.0,4.96,353760000.0
2024-12-31,1.96,0.86,0.0,0.0,0.0,0.0,2.14,0.0,0.0,4.96,364290000.0
2024-12-30,1.96,0.86,0.0,0.0,0.0,0.0,2.14,0.0,0.0,4.96,364290000.0
2024-12-29,1.96,0.86,0.0,0.0,0.0,0.0,2.14,0.0,0.0,4.96,364290000.0
2024-12-28,1.96,0.86,0.0,0.0,0.0,0.0,2.14,0.0,0.0,4.96,364290000.0
2024-12-27,1.96,0.86,0.0,0.0,0.0,0.0,2.14,0.0,0.0,4.96,364290000.0
2024-12-26,2.03,0.86,0.0,0.0,0.0,0.0,2.21,0.0,0.0,5.1,364290000.0
2024-12-25,2.03,0.86,0.0,0.0,0.0,0.0,2.21,0.0,0.0,5.1,364290000.0
2024-12-24,2.03,0.86,0.0,0.0,0.0,0.45,2.21,0.0,0.0,5.55,364290000.0
2024-12-23,2.03,0.86,0.0,0.0,0.0,0.45,2.17,0.0,0.0,5.51,364290000.0
2024-12-22,2.03,0.86,0.0,0.0,0.0,0.45,2.17,0.0,0.0,5.51,364290000.0
2024-12-21,2.03,0.86,0.0,0.0,0.0,0.45,2.17,0.0,0.0,5.51,364290000.0
2024-12-20,2.03,0.86,0.0,0.0,0.0,0.45,2.17,0.0,0.0,5.51,364290000.0
2024-12-19,2.03,0.86,0.0,0.0,0.0,0.56,2.17,0.0,0.0,5.619999999999999,364290000.0
2024-12-18,2.03,0.86,0.0,0.0,0.0,0.56,0.17,0.0,0.0,3.6199999999999997,364290000.0
2024-12-17,2.03,0.86,0.0,0.0,0.0,0.56,1.61,0.0,0.0,5.06,364290000.0
2024-12-16,2.03,0.86,0.0,0.0,0.0,0.61,1.61,0.0,0.0,5.109999999999999,364290000.0
2024-12-15,2.03,0.86,0.0,0.0,0.0,0.5,1.61,0.0,0.0,5.0,364290000.0
2024-12-14,2.03,0.86,0.0,0.0,0.0,0.5,1.61,0.0,0.0,5.0,364290000.0
2024-12-13,2.03,0.86,0.0,0.0,0.0,0.5,1.61,0.0,0.0,5.0,364290000.0
2024-12-12,1.92,0.86,0.0,0.0,0.0,0.5,1.61,0.0,0.0,4.89,364290000.0
2024-12-11,1.92,0.86,0.0,0.0,0.0,0.5,1.61,0.0,0.0,4.89,364290000.0
2024-12-10,1.92,0.86,0.0,0.0,0.0,0.5,1.61,0.0,0.0,4.89,364290000.0
2024-12-09,1.92,0.86,0.0,0.0,0.0,0.5,0.0,0.0,0.0,3.28,364290000.0
2024-12-08,1.92,0.86,0.0,0.0,0.0,0.0,0.0,0.0,0.0,2.78,364290000.0
2024-12-07,1.92,0.86,0.0,0.0,0.0,0.0,0.0,0.0,0.0,2.78,364290000.0
2024-12-06,1.92,0.86,0.0,0.0,0.0,0.0,0.0,0.0,0.0,2.78,364290000.0
2024-12-05,1.84,0.86,0.0,0.0,0.0,0.0,0.0,0.0,0.0,2.7,364290000.0
2024-12-04,1.84,0.86,0.0,0.0,0.0,0.0,0.0,0.0,0.0,2.7,364290000.0
2024-12-03,1.94,0.86,0.0,0.0,0.0,0.0,0.0,0.0,0.0,2.8,364290000.0
2024-12-02,1.94,0.86,0.0,0.0,0.0,0.0,0.0,0.0,0.0,2.8,364290000.0
2024-12-01,1.94,0.86,0.0,0.0,0.0,0.0,0.0,0.0,0.0,2.8,364290000.0
2024-11-30,1.94,0.86,0.0,0.0,0.0,0.0,0.0,0.0,1.45,4.25,364290000.0
2024-11-29,1.94,0.86,0.0,0.0,0.0,0.0,0.0,0.0,1.45,4.25,364290000.0
2024-11-28,1.94,0.86,0.0,0.0,0.0,0.0,0.0,0.0,1.45,4.25,364290000.0
2024-11-27,1.94,0.86,0.0,0.0,0.0,0.0,0.0,0.0,1.45,4.25,364290000.0
2024-11-26,1.83,0.86,0.0,0.0,0.0,0.0,0.0,0.0,1.45,4.14,364290000.0
2024-11-25,1.83,0.86,0.0,0.0,0.0,0.0,0.0,0.0,1.45,4.14,364290000.0
2024-11-24,1.83,0.86,0.0,0.0,0.0,0.0,0.0,0.0,1.45,4.14,364290000.0
2024-11-23,1.83,0.86,0.0,0.0,0.0,0.0,0.0,0.0,1.45,4.14,364290000.0
2024-11-22,1.83,0.86,0.0,0.0,0.0,0.0,0.0,0.0,1.45,4.14,364290000.0
2024-11-21,1.83,0.86,0.0,0.0,0.0,0.0,0.0,0.0,1.45,4.14,364290000.0
2024-11-20,1.83,0.86,0.0,0.0,0.0,0.0,0.0,0.0,1.45,4.14,364290000.0
2024-11-19,1.83,0.86,0.0,0.0,0.0,0.0,0.0,0.0,1.45,4.14,364290000.0
2024-11-18,1.83,0.86,0.0,0.0,0.0,0.0,0.0,0.0,1.45,4.14,364290000.0
2024-11-17,1.91,0.99,0.0,0.0,0.0,0.0,0.0,0.0,1.45,4.35,364290000.0
2024-11-16,1.91,0.99,0.0,0.0,0.0,0.0,0.0,0.0,1.45,4.35,364290000.0
2024-11-15,1.91,0.99,0.0,0.0,0.0,0.0,0.0,0.0,1.45,4.35,364290000.0
2024-11-14,1.91,0.99,0.0,0.0,0.0,0.0,0.0,0.0,1.45,4.35,364290000.0
2024-11-13,1.91,0.99,0.0,0.0,0.0,0.0,0.0,0.0,1.45,4.35,364290000.0
2024-11-12,1.91,0.99,0.0,0.0,0.0,0.0,0.0,0.0,1.45,4.35,364290000.0
2024-11-11,1.91,0.99,0.0,0.0,0.0,0.0,0.0,0.0,1.45,4.35,364290000.0
2024-11-10,1.91,0.99,0.0,0.0,0.0,0.0,0.0,0.0,1.45,4.35,364290000.0
2024-11-09,1.91,0.99,0.0,0.0,0.0,0.0,0.0,0.0,1.45,4.35,364290000.0
2024-11-08,1.91,0.99,0.0,0.0,0.0,0.0,0.0,0.0,1.45,4.35,364290000.0
2024-11-07,1.88,0.99,0.0,0.0,0.0,0.0,0.0,0.0,1.45,4.32,364290000.0
2024-11-06,1.91,0.99,0.0,0.0,0.0,0.0,0.0,0.0,1.45,4.35,364290000.0
2024-11-05,2.1,0.99,0.0,0.0,0.0,0.0,0.0,0.0,1.45,4.54,364290000.0
2024-11-04,2.1,0.99,0.0,0.0,0.0,0.0,0.0,0.0,1.45,4.54,364290000.0
2024-11-03,2.09,0.99,0.0,0.0,0.0,0.0,0.0,0.0,1.45,4.53,364290000.0
2024-11-02,2.09,0.99,0.0,0.0,0.0,0.0,0.0,0.0,1.45,4.53,364290000.0
2024-11-01,2.09,0.99,0.0,0.0,0.0,0.0,0.0,0.0,1.45,4.53,364290000.0
2024-10-31,2.09,0.99,0.0,0.0,0.0,0.0,0.0,0.0,1.45,4.53,364290000.0
2024-10-30,2.09,0.99,0.0,0.0,0.0,0.0,0.0,0.0,1.45,4.53,364290000.0
2024-10-29,2.09,0.99,0.0,0.0,0.47,0.0,0.0,0.0,1.45,5.0,364290000.0
2024-10-28,2.09,0.99,0.0,0.0,0.47,0.0,0.0,0.0,1.45,5.0,364290000.0
2024-10-27,2.09,0.99,0.0,0.0,0.47,0.0,0.0,0.0,1.45,5.0,364290000.0
2024-10-26,2.09,0.99,0.0,0.0,0.47,0.0,0.0,0.0,1.45,5.0,364290000.0
2024-10-25,2.09,0.99,0.0,0.0,0.47,0.0,0.0,0.0,1.45,5.0,364290000.0
2024-10-24,2.09,0.99,0.0,0.0,0.57,0.0,0.0,0.0,1.45,5.1,364290000.0
2024-10-23,2.09,0.99,0.0,0.0,0.57,0.0,0.0,0.0,1.45,5.1,364290000.0
2024-10-22,2.09,0.99,0.0,0.0,0.57,0.0,0.0,0.0,1.45,5.1,364290000.0
2024-10-21,2.09,0.99,0.0,0.0,0.57,0.0,0.0,0.0,1.45,5.1,364290000.0
2024-10-20,2.11,0.99,0.0,0.0,0.57,0.0,0.0,0.0,1.45,5.119999999999999,364290000.0
2024-10-19,2.11,0.99,0.0,0.0,0.57,0.0,0.0,0.0,1.45,5.119999999999999,364290000.0
2024-10-18,2.11,0.99,0.0,0.0,0.57,0.0,0.0,0.0,1.45,5.119999999999999,364290000.0
2024-10-17,2.09,0.99,0.0,0.0,0.57,0.0,0.0,0.0,1.45,5.1,364290000.0
2024-10-16,2.1,0.99,0.0,0.0,0.57,0.0,0.0,0.0,1.45,5.109999999999999,364290000.0
2024-10-15,2.1,0.99,0.0,0.0,0.57,0.0,0.0,0.0,1.45,5.109999999999999,364290000.0
2024-10-14,2.09,0.99,0.0,0.0,0.57,0.0,0.0,0.0,1.45,5.1,364290000.0
2024-10-13,2.09,0.99,0.0,0.0,0.57,0.0,0.0,0.0,1.45,5.1,364290000.0
2024-10-12,2.09,0.99,0.0,0.0,0.57,0.0,0.0,0.0,1.45,5.1,364290000.0
2024-10-11,2.09,0.99,0.0,0.0,0.57,0.0,0.0,0.0,1.45,5.1,364290000.0
2024-10-10,2.09,0.99,0.0,0.0,0.57,0.0,0.0,0.0,1.45,5.1,364290000.0
2024-10-09,2.09,0.99,0.0,0.0,0.57,0.0,0.0,0.0,1.45,5.1,364290000.0
2024-10-08,2.09,0.99,0.0,0.0,0.57,0.0,0.0,0.0,1.45,5.1,364290000.0
2024-10-07,2.09,0.99,0.0,0.0,0.57,0.0,0.0,0.0,1.45,5.1,364290000.0
2024-10-06,2.09,0.99,0.0,0.0,0.57,0.0,0.0,0.0,1.45,5.1,364290000.0
2024-10-05,2.09,0.99,0.0,0.0,0.57,0.0,0.0,0.0,1.45,5.1,364290000.0
2024-10-04,2.09,0.99,0.0,0.0,0.57,0.0,0.0,0.0,1.45,5.1,364290000.0
2024-10-03,2.18,0.99,0.0,0.0,0.57,0.0,0.0,0.0,1.45,5.1899999999999995,364290000.0
2024-10-02,2.18,0.99,0.0,0.0,0.57,0.0,0.0,0.0,1.45,5.1899999999999995,364290000.0
2024-10-01,2.18,0.99,0.0,0.0,0.57,0.0,0.0,0.0,1.45,5.1899999999999995,364290000.0
2024-09-30,2.18,0.99,0.0,0.0,0.57,0.0,0.0,0.0,1.45,5.1899999999999995,233740000.0
2024-09-29,2.18,0.99,0.0,0.0,0.57,0.0,0.0,0.0,1.45,5.1899999999999995,233740000.0
2024-09-28,2.18,0.99,0.0,0.0,0.57,0.0,0.0,0.0,1.45,5.1899999999999995,233740000.0
2024-09-27,2.18,0.99,0.0,0.0,0.57,0.0,0.0,0.0,1.45,5.1899999999999995,233740000.0
2024-09-26,2.18,0.99,0.0,0.0,0.57,0.0,0.0,0.0,1.45,5.1899999999999995,233740000.0
2024-09-25,2.18,0.99,0.0,0.0,0.6,0.0,0.0,0.0,1.45,5.22,233740000.0
2024-09-24,2.18,0.99,0.0,0.0,0.6,0.0,0.0,0.0,1.45,5.22,233740000.0
2024-09-23,2.18,0.99,0.0,0.0,0.51,0.0,0.0,0.0,1.45,5.13,233740000.0
2024-09-22,2.18,0.99,0.0,0.0,0.51,0.0,0.0,0.0,1.45,5.13,233740000.0
2024-09-21,2.18,0.99,0.0,0.0,0.51,0.0,0.0,0.0,1.45,5.13,233740000.0
2024-09-20,2.18,0.99,0.0,0.48,0.51,0.0,0.0,0.0,1.45,5.61,233740000.0
2024-09-19,2.18,0.99,0.0,0.48,0.51,0.0,0.0,0.0,1.45,5.61,233740000.0
2024-09-18,2.18,0.99,0.0,0.48,0.51,0.0,0.0,0.0,1.45,5.61,233740000.0
2024-09-17,2.18,0.99,0.0,0.54,0.51,0.0,0.0,0.0,1.45,5.67,233740000.0
2024-09-16,2.18,0.99,0.0,0.54,0.51,0.0,0.0,0.0,1.45,5.67,233740000.0
2024-09-15,2.18,0.99,0.0,0.54,0.51,0.0,0.0,0.0,1.45,5.67,233740000.0
2024-09-14,2.18,0.99,0.0,0.54,0.51,0.0,0.0,0.0,1.45,5.67,233740000.0
2024-09-13,2.18,0.99,0.0,0.54,0.51,0.0,0.0,0.0,1.45,5.67,233740000.0
2024-09-12,2.18,0.99,0.0,0.54,0.51,0.0,0.0,0.0,1.45,5.67,233740000.0
2024-09-11,2.18,0.99,0.0,0.54,0.51,0.0,0.0,0.0,1.45,5.67,233740000.0
2024-09-10,2.18,0.99,0.0,0.54,0.51,0.0,0.0,0.0,1.45,5.67,233740000.0
2024-09-09,2.18,0.99,0.0,0.54,0.0,0.0,0.0,0.0,1.45,5.16,233740000.0
2024-09-08,2.18,0.99,0.0,0.54,0.0,0.0,0.0,0.0,1.45,5.16,233740000.0
2024-09-07,2.18,0.99,0.0,0.54,0.0,0.0,0.0,0.0,1.45,5.16,233740000.0
2024-09-06,2.18,0.99,0.0,0.54,0.0,0.0,0.0,0.0,1.45,5.16,233740000.0
2024-09-05,2.18,0.99,0.0,0.54,0.0,0.0,0.0,0.0,1.45,5.16,233740000.0
2024-09-04,2.26,0.99,0.0,0.54,0.0,0.0,0.0,0.0,1.45,5.24,233740000.0
2024-09-03,2.26,0.99,0.0,0.54,0.0,0.0,0.0,0.0,1.45,5.24,233740000.0
2024-09-02,2.26,0.99,0.0,0.54,0.0,0.0,0.0,0.0,1.45,5.24,233740000.0
2024-09-01,2.26,0.99,0.0,0.54,0.0,0.0,0.0,0.0,1.45,5.24,233740000.0
2024-08-31,2.26,0.99,0.0,0.54,0.0,0.0,0.0,0.0,1.45,5.24,233740000.0
2024-08-30,2.26,0.99,0.0,0.54,0.0,0.0,0.0,0.0,1.45,5.24,233740000.0
2024-08-29,2.26,0.99,0.0,0.54,0.0,0.0,0.0,0.0,1.45,5.24,233740000.0
2024-08-28,2.26,0.99,0.0,0.0,0.0,0.0,0.0,0.0,1.45,4.7,233740000.0
2024-08-27,2.26,0.99,0.0,0.0,0.0,0.0,0.0,0.0,1.45,4.7,233740000.0
2024-08-26,2.26,0.99,0.0,0.0,0.0,0.0,0.0,0.0,1.45,4.7,233740000.0
2024-08-25,2.26,0.99,0.0,0.0,0.0,0.0,0.0,0.0,1.45,4.7,233740000.0
2024-08-24,2.26,0.99,0.0,0.0,0.0,0.0,0.0,0.0,1.45,4.7,233740000.0
2024-08-23,2.26,0.99,0.0,0.0,0.0,0.0,0.0,0.0,1.45,4.7,233740000.0
2024-08-22,2.26,0.99,0.0,0.0,0.0,0.0,0.0,0.0,1.45,4.7,233740000.0
2024-08-21,2.26,0.99,0.0,0.0,0.0,0.0,0.0,0.0,1.45,4.7,233740000.0
2024-08-20,2.26,0.99,0.0,0.0,0.0,0.0,0.0,0.0,1.45,4.7,233740000.0
2024-08-19,2.26,0.99,0.0,0.0,0.0,0.0,0.0,0.0,1.45,4.7,233740000.0
2024-08-18,2.26,1.07,0.0,0.0,0.0,0.0,0.0,0.0,1.45,4.78,233740000.0
2024-08-17,2.26,1.07,0.0,0.0,0.0,0.0,0.0,0.0,1.45,4.78,233740000.0
2024-08-16,2.26,1.07,0.0,0.0,0.0,0.0,0.0,0.0,1.45,4.78,233740000.0
2024-08-15,2.26,1.07,0.47,0.0,0.0,0.0,0.0,0.0,1.45,5.25,233740000.0
2024-08-14,2.26,1.07,0.47,0.0,0.0,0.0,0.0,0.0,1.45,5.25,233740000.0
2024-08-13,2.26,1.07,0.47,0.0,0.0,0.0,0.0,0.0,1.45,5.25,233740000.0
2024-08-12,2.26,1.07,0.55,0.0,0.0,0.0,0.0,0.0,1.45,5.33,233740000.0
2024-08-11,2.26,1.07,0.55,0.0,0.0,0.0,0.0,0.0,1.45,5.33,233740000.0
2024-08-10,2.26,1.07,0.55,0.0,0.0,0.0,0.0,0.0,1.45,5.33,233740000.0
2024-08-09,2.26,1.07,0.55,0.0,0.0,0.0,0.0,0.0,1.45,5.33,233740000.0
2024-08-08,2.32,1.07,0.55,0.0,0.0,0.0,0.0,0.0,0.0,3.9399999999999995,233740000.0
2024-08-07,2.32,1.1,0.55,0.0,0.0,0.0,0.0,0.0,0.0,3.9699999999999998,233740000.0
2024-08-06,2.32,1.1,0.55,0.0,0.0,0.0,0.0,0.0,0.0,3.9699999999999998,233740000.0
2024-08-05,2.24,1.1,0.55,0.0,0.0,0.0,0.0,0.0,0.0,3.8900000000000006,233740000.0
2024-08-04,2.24,1.1,0.66,0.0,0.0,0.0,0.0,0.0,0.0,4.0,233740000.0
2024-08-03,2.24,1.1,0.66,0.0,0.0,0.0,0.0,0.0,0.0,4.0,233740000.0
2024-08-02,2.24,1.1,0.66,0.0,0.0,0.0,0.0,0.0,0.0,4.0,233740000.0
2024-08-01,2.12,1.05,0.66,0.0,0.0,0.0,0.0,0.0,0.0,3.83,233740000.0
2024-07-31,2.04,0.98,0.0,0.0,0.0,0.0,0.0,0.0,1.45,4.47,233740000.0
2024-07-30,2.04,1.09,0.0,0.0,0.0,0.0,0.0,0.0,0.0,3.13,233740000.0
2024-07-29,0.0,0.0,0.0,0.0,0.0,0.0,0.0,0.0,0.0,0.0,233740000.0
2024-07-28,0.0,0.0,0.0,0.0,0.0,0.0,0.0,0.0,0.0,0.0,233740000.0
2024-07-27,0.0,0.0,0.0,0.0,0.0,0.0,0.0,0.0,0.0,0.0,233740000.0
2024-07-26,0.0,0.0,0.0,0.0,0.0,0.0,0.0,0.0,0.0,0.0,233740000.0
2024-07-25,0.0,0.0,0.0,0.0,0.0,0.0,0.0,0.0,0.0,0.0,233740000.0
2024-07-24,0.0,0.0,0.0,0.0,0.0,0.0,0.0,0.0,0.0,0.0,233740000.0
2024-07-23,0.0,0.0,0.0,0.0,0.0,0.0,0.0,0.0,0.0,0.0,233740000.0
2024-07-22,0.0,0.0,0.0,0.0,0.0,0.0,0.0,0.0,0.0,0.0,233740000.0
2024-07-21,0.0,0.0,0.0,0.0,0.0,0.0,0.0,0.0,0.0,0.0,233740000.0
2024-07-20,0.0,0.0,0.0,0.0,0.0,0.0,0.0,0.0,0.0,0.0,233740000.0
2024-07-19,0.0,0.0,0.0,0.0,0.0,0.0,0.0,0.0,0.0,0.0,233740000.0
2024-07-18,0.0,0.0,0.0,0.0,0.0,0.0,0.0,0.0,0.0,0.0,233740000.0
2024-07-17,0.0,0.0,0.0,0.0,0.0,0.0,0.0,0.0,0.0,0.0,233740000.0
2024-07-16,0.0,0.0,0.0,0.0,0.0,0.0,0.0,0.0,0.0,0.0,233740000.0
2024-07-15,0.0,0.0,0.0,0.0,0.0,0.0,0.0,0.0,0.0,0.0,233740000.0
2024-07-14,0.0,0.0,0.0,0.0,0.0,0.0,0.0,0.0,0.0,0.0,233740000.0
2024-07-13,0.0,0.0,0.0,0.0,0.0,0.0,0.0,0.0,0.0,0.0,233740000.0
2024-07-12,0.0,0.0,0.0,0.0,0.0,0.0,0.0,0.0,0.0,0.0,233740000.0
2024-07-11,0.0,0.0,0.0,0.0,0.0,0.0,0.0,0.0,0.0,0.0,233740000.0
2024-07-10,0.0,0.0,0.0,0.0,0.0,0.0,0.0,0.0,0.0,0.0,233740000.0
2024-07-09,0.0,0.0,0.0,0.0,0.0,0.0,0.0,0.0,0.0,0.0,233740000.0
2024-07-08,0.0,0.0,0.0,0.0,0.0,0.0,0.0,0.0,0.0,0.0,233740000.0
2024-07-07,0.0,0.0,0.0,0.0,0.0,0.0,0.0,0.0,0.0,0.0,233740000.0
2024-07-06,0.0,0.0,0.0,0.0,0.0,0.0,0.0,0.0,0.0,0.0,233740000.0
2024-07-05,0.0,0.0,0.0,0.0,0.0,0.0,0.0,0.0,0.0,0.0,233740000.0
2024-07-04,0.0,0.0,0.0,0.0,0.0,0.0,0.0,0.0,0.0,0.0,233740000.0
2024-07-03,0.0,0.0,0.0,0.0,0.0,0.0,0.0,0.0,0.0,0.0,233740000.0
2024-07-02,0.0,0.0,0.0,0.0,0.0,0.0,0.0,0.0,0.0,0.0,233740000.0
2024-07-01,0.0,0.0,0.0,0.0,0.0,0.0,0.0,0.0,0.0,0.0,233740000.0
2024-06-30,0.0,0.0,0.0,0.0,0.0,0.0,0.0,0.0,0.0,0.0,341660000.0
2024-06-29,0.0,0.0,0.0,0.0,0.0,0.0,0.0,0.0,0.0,0.0,341660000.0
2024-06-28,0.0,0.0,0.0,0.0,0.0,0.0,0.0,0.0,0.0,0.0,341660000.0
2024-06-27,0.0,0.0,0.0,0.0,0.0,0.0,0.0,0.0,0.0,0.0,341660000.0
2024-06-26,0.0,0.0,0.0,0.0,0.0,0.0,0.0,0.0,0.0,0.0,341660000.0
2024-06-25,0.0,0.0,0.0,0.0,0.0,0.0,0.0,0.0,0.0,0.0,341660000.0
2024-06-24,0.0,0.0,0.0,0.0,0.0,0.0,0.0,0.0,0.0,0.0,341660000.0
2024-06-23,0.0,0.0,0.0,0.0,0.0,0.0,0.0,0.0,0.0,0.0,341660000.0
2024-06-22,0.0,0.0,0.0,0.0,0.0,0.0,0.0,0.0,0.0,0.0,341660000.0
2024-06-21,0.0,0.0,0.0,0.0,0.0,0.0,0.0,0.0,0.0,0.0,341660000.0
2024-06-20,0.0,0.0,0.0,0.0,0.0,0.0,0.0,0.0,0.0,0.0,341660000.0
2024-06-19,0.0,0.0,0.0,0.0,0.0,0.0,0.0,0.0,0.0,0.0,341660000.0
2024-06-18,0.0,0.0,0.0,0.0,0.0,0.0,0.0,0.0,0.0,0.0,341660000.0
2024-06-17,0.0,0.0,0.0,0.0,0.0,0.0,0.0,0.0,0.0,0.0,341660000.0
2024-06-16,0.0,0.0,0.0,0.0,0.0,0.0,0.0,0.0,0.0,0.0,341660000.0
2024-06-15,0.0,0.0,0.0,0.0,0.0,0.0,0.0,0.0,0.0,0.0,341660000.0
2024-06-14,0.0,0.0,0.0,0.0,0.0,0.0,0.0,0.0,0.0,0.0,341660000.0
2024-06-13,0.0,0.0,0.0,0.0,0.0,0.0,0.0,0.0,0.0,0.0,341660000.0
2024-06-12,0.0,0.0,0.0,0.0,0.0,0.0,0.0,0.0,0.0,0.0,341660000.0
2024-06-11,0.0,0.0,0.0,0.0,0.0,0.0,0.0,0.0,0.0,0.0,341660000.0
2024-06-10,0.0,0.0,0.0,0.0,0.0,0.0,0.0,0.0,0.0,0.0,341660000.0
2024-06-09,0.0,0.0,0.0,0.0,0.0,0.0,0.0,0.0,0.0,0.0,341660000.0
2024-06-08,0.0,0.0,0.0,0.0,0.0,0.0,0.0,0.0,0.0,0.0,341660000.0
2024-06-07,0.0,0.0,0.0,0.0,0.0,0.0,0.0,0.0,0.0,0.0,341660000.0
2024-06-06,0.0,0.0,0.0,0.0,0.0,0.0,0.0,0.0,0.0,0.0,341660000.0
2024-06-05,0.0,0.0,0.0,0.0,0.0,0.0,0.0,0.0,0.0,0.0,341660000.0
2024-06-04,0.0,0.0,0.0,0.0,0.0,0.0,0.0,0.0,0.0,0.0,341660000.0
2024-06-03,0.0,0.0,0.0,0.0,0.0,0.0,0.0,0.0,0.0,0.0,341660000.0
2024-06-02,0.0,0.0,0.0,0.0,0.0,0.0,0.0,0.0,0.0,0.0,341660000.0
2024-06-01,0.0,0.0,0.0,0.0,0.0,0.0,0.0,0.0,0.0,0.0,341660000.0
2024-05-31,0.0,0.0,0.0,0.0,0.0,0.0,0.0,0.0,0.0,0.0,341660000.0
2024-05-30,0.0,0.0,0.0,0.0,0.0,0.0,0.0,0.0,0.0,0.0,341660000.0
2024-05-29,0.0,0.0,0.0,0.0,0.0,0.0,0.0,0.0,0.0,0.0,341660000.0
2024-05-28,0.0,0.0,0.0,0.0,0.0,0.0,0.0,0.0,0.0,0.0,341660000.0
2024-05-27,0.0,0.0,0.0,0.0,0.0,0.0,0.0,0.0,0.0,0.0,341660000.0
2024-05-26,0.0,0.0,0.0,0.0,0.0,0.0,0.0,0.0,0.0,0.0,341660000.0
2024-05-25,0.0,0.0,0.0,0.0,0.0,0.0,0.0,0.0,0.0,0.0,341660000.0
2024-05-24,0.0,0.0,0.0,0.0,0.0,0.0,0.0,0.0,0.0,0.0,341660000.0
2024-05-23,0.0,0.0,0.0,0.0,0.0,0.0,0.0,0.0,0.0,0.0,341660000.0
2024-05-22,0.0,0.0,0.0,0.0,0.0,0.0,0.0,0.0,0.0,0.0,341660000.0
2024-05-21,0.0,0.0,0.0,0.0,0.0,0.0,0.0,0.0,0.0,0.0,341660000.0
2024-05-20,0.0,0.0,0.0,0.0,0.0,0.0,0.0,0.0,0.0,0.0,341660000.0
2024-05-19,0.0,0.0,0.0,0.0,0.0,0.0,0.0,0.0,0.0,0.0,341660000.0
2024-05-18,0.0,0.0,0.0,0.0,0.0,0.0,0.0,0.0,0.0,0.0,341660000.0
2024-05-17,0.0,0.0,0.0,0.0,0.0,0.0,0.0,0.0,0.0,0.0,341660000.0
2024-05-16,0.0,0.0,0.0,0.0,0.0,0.0,0.0,0.0,0.0,0.0,341660000.0
2024-05-15,0.0,0.0,0.0,0.0,0.0,0.0,0.0,0.0,0.0,0.0,341660000.0
2024-05-14,0.0,0.0,0.0,0.0,0.0,0.0,0.0,0.0,0.0,0.0,341660000.0
2024-05-13,0.0,0.0,0.0,0.0,0.0,0.0,0.0,0.0,0.0,0.0,341660000.0
2024-05-12,0.0,0.0,0.0,0.0,0.0,0.0,0.0,0.0,0.0,0.0,341660000.0
2024-05-11,0.0,0.0,0.0,0.0,0.0,0.0,0.0,0.0,0.0,0.0,341660000.0
2024-05-10,0.0,0.0,0.0,0.0,0.0,0.0,0.0,0.0,0.0,0.0,341660000.0
2024-05-09,0.0,0.0,0.0,0.0,0.0,0.0,0.0,0.0,0.0,0.0,341660000.0
2024-05-08,0.0,0.0,0.0,0.0,0.0,0.0,0.0,0.0,0.0,0.0,341660000.0
2024-05-07,0.0,0.0,0.0,0.0,0.0,0.0,0.0,0.0,0.0,0.0,341660000.0
2024-05-06,0.0,0.0,0.0,0.0,0.0,0.0,0.0,0.0,0.0,0.0,341660000.0
2024-05-05,0.0,0.0,0.0,0.0,0.0,0.0,0.0,0.0,0.0,0.0,341660000.0
2024-05-04,0.0,0.0,0.0,0.0,0.0,0.0,0.0,0.0,0.0,0.0,341660000.0
2024-05-03,0.0,0.0,0.0,0.0,0.0,0.0,0.0,0.0,0.0,0.0,341660000.0
2024-05-02,0.0,0.0,0.0,0.0,0.0,0.0,0.0,0.0,0.0,0.0,341660000.0
2024-05-01,0.0,0.0,0.0,0.0,0.0,0.0,0.0,0.0,0.0,0.0,341660000.0
2024-04-30,0.0,0.0,0.0,0.0,0.0,0.0,0.0,0.0,0.0,0.0,341660000.0
2024-04-29,0.0,0.0,0.0,0.0,0.0,0.0,0.0,0.0,0.0,0.0,341660000.0
2024-04-28,0.0,0.0,0.0,0.0,0.0,0.0,0.0,0.0,0.0,0.0,341660000.0
2024-04-27,0.0,0.0,0.0,0.0,0.0,0.0,0.0,0.0,0.0,0.0,341660000.0
2024-04-26,0.0,0.0,0.0,0.0,0.0,0.0,0.0,0.0,0.0,0.0,341660000.0
2024-04-25,0.0,0.0,0.0,0.0,0.0,0.0,0.0,0.0,0.0,0.0,341660000.0
2024-04-24,0.0,0.0,0.0,0.0,0.0,0.0,0.0,0.0,0.0,0.0,341660000.0
2024-04-23,0.0,0.0,0.0,0.0,0.0,0.0,0.0,0.0,0.0,0.0,341660000.0
2024-04-22,0.0,0.0,0.0,0.0,0.0,0.0,0.0,0.0,0.0,0.0,341660000.0
2024-04-21,0.0,0.0,0.0,0.0,0.0,0.0,0.0,0.0,0.0,0.0,341660000.0
2024-04-20,0.0,0.0,0.0,0.0,0.0,0.0,0.0,0.0,0.0,0.0,341660000.0
2024-04-19,0.0,0.0,0.0,0.0,0.0,0.0,0.0,0.0,0.0,0.0,341660000.0
2024-04-18,0.0,0.0,0.0,0.0,0.0,0.0,0.0,0.0,0.0,0.0,341660000.0
2024-04-17,0.0,0.0,0.0,0.0,0.0,0.0,0.0,0.0,0.0,0.0,341660000.0
2024-04-16,0.0,0.0,0.0,0.0,0.0,0.0,0.0,0.0,0.0,0.0,341660000.0
2024-04-15,0.0,0.0,0.0,0.0,0.0,0.0,0.0,0.0,0.0,0.0,341660000.0
2024-04-14,0.0,0.0,0.0,0.0,0.0,0.0,0.0,0.0,0.0,0.0,341660000.0
2024-04-13,0.0,0.0,0.0,0.0,0.0,0.0,0.0,0.0,0.0,0.0,341660000.0
2024-04-12,0.0,0.0,0.0,0.0,0.0,0.0,0.0,0.0,0.0,0.0,341660000.0
2024-04-11,0.0,0.0,0.0,0.0,0.0,0.0,0.0,0.0,0.0,0.0,341660000.0
2024-04-10,0.0,0.0,0.0,0.0,0.0,0.0,0.0,0.0,0.0,0.0,341660000.0
2024-04-09,0.0,0.0,0.0,0.0,0.0,0.0,0.0,0.0,0.0,0.0,341660000.0
2024-04-08,0.0,0.0,0.0,0.0,0.0,0.0,0.0,0.0,0.0,0.0,341660000.0
2024-04-07,0.0,0.0,0.0,0.0,0.0,0.0,0.0,0.0,0.0,0.0,341660000.0
2024-04-06,0.0,0.0,0.0,0.0,0.0,0.0,0.0,0.0,0.0,0.0,341660000.0
2024-04-05,0.0,0.0,0.0,0.0,0.0,0.0,0.0,0.0,0.0,0.0,341660000.0
2024-04-04,0.0,0.0,0.0,0.0,0.0,0.0,0.0,0.0,0.0,0.0,341660000.0
2024-04-03,0.0,0.0,0.0,0.0,0.0,0.0,0.0,0.0,0.0,0.0,341660000.0
2024-04-02,0.0,0.0,0.0,0.0,0.0,0.0,0.0,0.0,0.0,0.0,341660000.0
2024-04-01,0.0,0.0,0.0,0.0,0.0,0.0,0.0,0.0,0.0,0.0,341660000.0
2024-03-31,0.0,0.0,0.0,0.0,0.0,0.0,0.0,0.0,0.0,0.0,286750000.0
2024-03-30,0.0,0.0,0.0,0.0,0.0,0.0,0.0,0.0,0.0,0.0,286750000.0
2024-03-29,0.0,0.0,0.0,0.0,0.0,0.0,0.0,0.0,0.0,0.0,286750000.0
2024-03-28,0.0,0.0,0.0,0.0,0.0,0.0,0.0,0.0,0.0,0.0,286750000.0
2024-03-27,0.0,0.0,0.0,0.0,0.0,0.0,0.0,0.0,0.0,0.0,286750000.0
2024-03-26,0.0,0.0,0.0,0.0,0.0,0.0,0.0,0.0,0.0,0.0,286750000.0
2024-03-25,0.0,0.0,0.0,0.0,0.0,0.0,0.0,0.0,0.0,0.0,286750000.0
2024-03-24,0.0,0.0,0.0,0.0,0.0,0.0,0.0,0.0,0.0,0.0,286750000.0
2024-03-23,0.0,0.0,0.0,0.0,0.0,0.0,0.0,0.0,0.0,0.0,286750000.0
2024-03-22,0.0,0.0,0.0,0.0,0.0,0.0,0.0,0.0,0.0,0.0,286750000.0
2024-03-21,0.0,0.0,0.0,0.0,0.0,0.0,0.0,0.0,0.0,0.0,286750000.0
2024-03-20,0.0,0.0,0.0,0.0,0.0,0.0,0.0,0.0,0.0,0.0,286750000.0
2024-03-19,0.0,0.0,0.0,0.0,0.0,0.0,0.0,0.0,0.0,0.0,286750000.0
2024-03-18,0.0,0.0,0.0,0.0,0.0,0.0,0.0,0.0,0.0,0.0,286750000.0
2024-03-17,0.0,0.0,0.0,0.0,0.0,0.0,0.0,0.0,0.0,0.0,286750000.0
2024-03-16,0.0,0.0,0.0,0.0,0.0,0.0,0.0,0.0,0.0,0.0,286750000.0
2024-03-15,0.0,0.0,0.0,0.0,0.0,0.0,0.0,0.0,0.0,0.0,286750000.0
2024-03-14,0.0,0.0,0.0,0.0,0.0,0.0,0.0,0.0,0.0,0.0,286750000.0
2024-03-13,0.0,0.0,0.0,0.0,0.0,0.0,0.0,0.0,0.0,0.0,286750000.0
2024-03-12,0.0,0.0,0.0,0.0,0.0,0.0,0.0,0.0,0.0,0.0,286750000.0
2024-03-11,0.0,0.0,0.0,0.0,0.0,0.0,0.0,0.0,0.0,0.0,286750000.0
2024-03-10,0.0,0.0,0.0,0.0,0.0,0.0,0.0,0.0,0.0,0.0,286750000.0
2024-03-09,0.0,0.0,0.0,0.0,0.0,0.0,0.0,0.0,0.0,0.0,286750000.0
2024-03-08,0.0,0.0,0.0,0.0,0.0,0.0,0.0,0.0,0.0,0.0,286750000.0
2024-03-07,0.0,0.0,0.0,0.0,0.0,0.0,0.0,0.0,0.0,0.0,286750000.0
2024-03-06,0.0,0.0,0.0,0.0,0.0,0.0,0.0,0.0,0.0,0.0,286750000.0
2024-03-05,0.0,0.0,0.0,0.0,0.0,0.0,0.0,0.0,0.0,0.0,286750000.0
2024-03-04,0.0,0.0,0.0,0.0,0.0,0.0,0.0,0.0,0.0,0.0,286750000.0
2024-03-03,0.0,0.0,0.0,0.0,0.0,0.0,0.0,0.0,0.0,0.0,286750000.0
2024-03-02,0.0,0.0,0.0,0.0,0.0,0.0,0.0,0.0,0.0,0.0,286750000.0
2024-03-01,0.0,0.0,0.0,0.0,0.0,0.0,0.0,0.0,0.0,0.0,286750000.0
2024-02-29,0.0,0.0,0.0,0.0,0.0,0.0,0.0,0.0,0.0,0.0,286750000.0
2024-02-28,0.0,0.0,0.0,0.0,0.0,0.0,0.0,0.0,0.0,0.0,286750000.0
2024-02-27,0.0,0.0,0.0,0.0,0.0,0.0,0.0,0.0,0.0,0.0,286750000.0
2024-02-26,0.0,0.0,0.0,0.0,0.0,0.0,0.0,0.0,0.0,0.0,286750000.0
2024-02-25,0.0,0.0,0.0,0.0,0.0,0.0,0.0,0.0,0.0,0.0,286750000.0
2024-02-24,0.0,0.0,0.0,0.0,0.0,0.0,0.0,0.0,0.0,0.0,286750000.0
2024-02-23,0.0,0.0,0.0,0.0,0.0,0.0,0.0,0.0,0.0,0.0,286750000.0
2024-02-22,0.0,0.0,0.0,0.0,0.0,0.0,0.0,0.0,0.0,0.0,286750000.0
2024-02-21,0.0,0.0,0.0,0.0,0.0,0.0,0.0,0.0,0.0,0.0,286750000.0
2024-02-20,0.0,0.0,0.0,0.0,0.0,0.0,0.0,0.0,0.0,0.0,286750000.0
2024-02-19,0.0,0.0,0.0,0.0,0.0,0.0,0.0,0.0,0.0,0.0,286750000.0
2024-02-18,0.0,0.0,0.0,0.0,0.0,0.0,0.0,0.0,0.0,0.0,286750000.0
2024-02-17,0.0,0.0,0.0,0.0,0.0,0.0,0.0,0.0,0.0,0.0,286750000.0
2024-02-16,0.0,0.0,0.0,0.0,0.0,0.0,0.0,0.0,0.0,0.0,286750000.0
2024-02-15,0.0,0.0,0.0,0.0,0.0,0.0,0.0,0.0,0.0,0.0,286750000.0
2024-02-14,0.0,0.0,0.0,0.0,0.0,0.0,0.0,0.0,0.0,0.0,286750000.0
2024-02-13,0.0,0.0,0.0,0.0,0.0,0.0,0.0,0.0,0.0,0.0,286750000.0
2024-02-12,0.0,0.0,0.0,0.0,0.0,0.0,0.0,0.0,0.0,0.0,286750000.0
2024-02-11,0.0,0.0,0.0,0.0,0.0,0.0,0.0,0.0,0.0,0.0,286750000.0
2024-02-10,0.0,0.0,0.0,0.0,0.0,0.0,0.0,0.0,0.0,0.0,286750000.0
2024-02-09,0.0,0.0,0.0,0.0,0.0,0.0,0.0,0.0,0.0,0.0,286750000.0
2024-02-08,0.0,0.0,0.0,0.0,0.0,0.0,0.0,0.0,0.0,0.0,286750000.0
2024-02-07,0.0,0.0,0.0,0.0,0.0,0.0,0.0,0.0,0.0,0.0,286750000.0
2024-02-06,0.0,0.0,0.0,0.0,0.0,0.0,0.0,0.0,0.0,0.0,286750000.0
2024-02-05,0.0,0.0,0.0,0.0,0.0,0.0,0.0,0.0,0.0,0.0,286750000.0
2024-02-04,0.0,0.0,0.0,0.0,0.0,0.0,0.0,0.0,0.0,0.0,286750000.0
2024-02-03,0.0,0.0,0.0,0.0,0.0,0.0,0.0,0.0,0.0,0.0,286750000.0
2024-02-02,0.0,0.0,0.0,0.0,0.0,0.0,0.0,0.0,0.0,0.0,286750000.0
2024-02-01,0.0,0.0,0.0,0.0,0.0,0.0,0.0,0.0,0.0,0.0,286750000.0
2024-01-31,0.0,0.0,0.0,0.0,0.0,0.0,0.0,0.0,0.0,0.0,286750000.0
2024-01-30,0.0,0.0,0.0,0.0,0.0,0.0,0.0,0.0,0.0,0.0,286750000.0
2024-01-29,0.0,0.0,0.0,0.0,0.0,0.0,0.0,0.0,0.0,0.0,286750000.0
2024-01-28,0.0,0.0,0.0,0.0,0.0,0.0,0.0,0.0,0.0,0.0,286750000.0
2024-01-27,0.0,0.0,0.0,0.0,0.0,0.0,0.0,0.0,0.0,0.0,286750000.0
2024-01-26,0.0,0.0,0.0,0.0,0.0,0.0,0.0,0.0,0.0,0.0,286750000.0
2024-01-25,0.0,0.0,0.0,0.0,0.0,0.0,0.0,0.0,0.0,0.0,286750000.0
2024-01-24,0.0,0.0,0.0,0.0,0.0,0.0,0.0,0.0,0.0,0.0,286750000.0
2024-01-23,0.0,0.0,0.0,0.0,0.0,0.0,0.0,0.0,0.0,0.0,286750000.0
2024-01-22,0.0,0.0,0.0,0.0,0.0,0.0,0.0,0.0,0.0,0.0,286750000.0
2024-01-21,0.0,0.0,0.0,0.0,0.0,0.0,0.0,0.0,0.0,0.0,286750000.0
2024-01-20,0.0,0.0,0.0,0.0,0.0,0.0,0.0,0.0,0.0,0.0,286750000.0
2024-01-19,0.0,0.0,0.0,0.0,0.0,0.0,0.0,0.0,0.0,0.0,286750000.0
2024-01-18,0.0,0.0,0.0,0.0,0.0,0.0,0.0,0.0,0.0,0.0,286750000.0
2024-01-17,0.0,0.0,0.0,0.0,0.0,0.0,0.0,0.0,0.0,0.0,286750000.0
2024-01-16,0.0,0.0,0.0,0.0,0.0,0.0,0.0,0.0,0.0,0.0,286750000.0
2024-01-15,0.0,0.0,0.0,0.0,0.0,0.0,0.0,0.0,0.0,0.0,286750000.0
2024-01-14,0.0,0.0,0.0,0.0,0.0,0.0,0.0,0.0,0.0,0.0,286750000.0
2024-01-13,0.0,0.0,0.0,0.0,0.0,0.0,0.0,0.0,0.0,0.0,286750000.0
2024-01-12,0.0,0.0,0.0,0.0,0.0,0.0,0.0,0.0,0.0,0.0,286750000.0
2024-01-11,0.0,0.0,0.0,0.0,0.0,0.0,0.0,0.0,0.0,0.0,286750000.0
2024-01-10,0.0,0.0,0.0,0.0,0.0,0.0,0.0,0.0,0.0,0.0,286750000.0
2024-01-09,0.0,0.0,0.0,0.0,0.0,0.0,0.0,0.0,0.0,0.0,286750000.0
2024-01-08,0.0,0.0,0.0,0.0,0.0,0.0,0.0,0.0,0.0,0.0,286750000.0
2024-01-07,0.0,0.0,0.0,0.0,0.0,0.0,0.0,0.0,0.0,0.0,286750000.0
2024-01-06,0.0,0.0,0.0,0.0,0.0,0.0,0.0,0.0,0.0,0.0,286750000.0
2024-01-05,0.0,0.0,0.0,0.0,0.0,0.0,0.0,0.0,0.0,0.0,286750000.0
2024-01-04,0.0,0.0,0.0,0.0,0.0,0.0,0.0,0.0,0.0,0.0,286750000.0
2024-01-03,0.0,0.0,0.0,0.0,0.0,0.0,0.0,0.0,0.0,0.0,286750000.0
2024-01-02,0.0,0.0,0.0,0.0,0.0,0.0,0.0,0.0,0.0,0.0,286750000.0
2024-01-01,0.0,0.0,0.0,0.0,0.0,0.0,0.0,0.0,0.0,0.0,286750000.0
2023-12-31,0.0,0.0,0.0,0.0,0.0,0.0,0.0,0.0,0.0,0.0,426760000.0
2023-12-30,0.0,0.0,0.0,0.0,0.0,0.0,0.0,0.0,0.0,0.0,426760000.0
2023-12-29,0.0,0.0,0.0,0.0,0.0,0.0,0.0,0.0,0.0,0.0,426760000.0
2023-12-28,0.0,0.0,0.0,0.0,0.0,0.0,0.0,0.0,0.0,0.0,426760000.0
2023-12-27,0.0,0.0,0.0,0.0,0.0,0.0,0.0,0.0,0.0,0.0,426760000.0
2023-12-26,0.0,0.0,0.0,0.0,0.0,0.0,0.0,0.0,0.0,0.0,426760000.0
2023-12-25,0.0,0.0,0.0,0.0,0.0,0.0,0.0,0.0,0.0,0.0,426760000.0
2023-12-24,0.0,0.0,0.0,0.0,0.0,0.0,0.0,0.0,0.0,0.0,426760000.0
2023-12-23,0.0,0.0,0.0,0.0,0.0,0.0,0.0,0.0,0.0,0.0,426760000.0
2023-12-22,0.0,0.0,0.0,0.0,0.0,0.0,0.0,0.0,0.0,0.0,426760000.0
2023-12-21,0.0,0.0,0.0,0.0,0.0,0.0,0.0,0.0,0.0,0.0,426760000.0
2023-12-20,0.0,0.0,0.0,0.0,0.0,0.0,0.0,0.0,0.0,0.0,426760000.0
2023-12-19,0.0,0.0,0.0,0.0,0.0,0.0,0.0,0.0,0.0,0.0,426760000.0
2023-12-18,0.0,0.0,0.0,0.0,0.0,0.0,0.0,0.0,0.0,0.0,426760000.0
2023-12-17,0.0,0.0,0.0,0.0,0.0,0.0,0.0,0.0,0.0,0.0,426760000.0
2023-12-16,0.0,0.0,0.0,0.0,0.0,0.0,0.0,0.0,0.0,0.0,426760000.0
2023-12-15,0.0,0.0,0.0,0.0,0.0,0.0,0.0,0.0,0.0,0.0,426760000.0
2023-12-14,0.0,0.0,0.0,0.0,0.0,0.0,0.0,0.0,0.0,0.0,426760000.0
2023-12-13,0.0,0.0,0.0,0.0,0.0,0.0,0.0,0.0,0.0,0.0,426760000.0
2023-12-12,0.0,0.0,0.0,0.0,0.0,0.0,0.0,0.0,0.0,0.0,426760000.0
2023-12-11,0.0,0.0,0.0,0.0,0.0,0.0,0.0,0.0,0.0,0.0,426760000.0
2023-12-10,0.0,0.0,0.0,0.0,0.0,0.0,0.0,0.0,0.0,0.0,426760000.0
2023-12-09,0.0,0.0,0.0,0.0,0.0,0.0,0.0,0.0,0.0,0.0,426760000.0
2023-12-08,0.0,0.0,0.0,0.0,0.0,0.0,0.0,0.0,0.0,0.0,426760000.0
2023-12-07,0.0,0.0,0.0,0.0,0.0,0.0,0.0,0.0,0.0,0.0,426760000.0
2023-12-06,0.0,0.0,0.0,0.0,0.0,0.0,0.0,0.0,0.0,0.0,426760000.0
2023-12-05,0.0,0.0,0.0,0.0,0.0,0.0,0.0,0.0,0.0,0.0,426760000.0
2023-12-04,0.0,0.0,0.0,0.0,0.0,0.0,0.0,0.0,0.0,0.0,426760000.0
2023-12-03,0.0,0.0,0.0,0.0,0.0,0.0,0.0,0.0,0.0,0.0,426760000.0
2023-12-02,0.0,0.0,0.0,0.0,0.0,0.0,0.0,0.0,0.0,0.0,426760000.0
2023-12-01,0.0,0.0,0.0,0.0,0.0,0.0,0.0,0.0,0.0,0.0,426760000.0
2023-11-30,0.0,0.0,0.0,0.0,0.0,0.0,0.0,0.0,0.0,0.0,426760000.0
2023-11-29,0.0,0.0,0.0,0.0,0.0,0.0,0.0,0.0,0.0,0.0,426760000.0
2023-11-28,0.0,0.0,0.0,0.0,0.0,0.0,0.0,0.0,0.0,0.0,426760000.0
2023-11-27,0.0,0.0,0.0,0.0,0.0,0.0,0.0,0.0,0.0,0.0,426760000.0
2023-11-26,0.0,0.0,0.0,0.0,0.0,0.0,0.0,0.0,0.0,0.0,426760000.0
2023-11-25,0.0,0.0,0.0,0.0,0.0,0.0,0.0,0.0,0.0,0.0,426760000.0
2023-11-24,0.0,0.0,0.0,0.0,0.0,0.0,0.0,0.0,0.0,0.0,426760000.0
2023-11-23,0.0,0.0,0.0,0.0,0.0,0.0,0.0,0.0,0.0,0.0,426760000.0
2023-11-22,0.0,0.0,0.0,0.0,0.0,0.0,0.0,0.0,0.0,0.0,426760000.0
2023-11-21,0.0,0.0,0.0,0.0,0.0,0.0,0.0,0.0,0.0,0.0,426760000.0
2023-11-20,0.0,0.0,0.0,0.0,0.0,0.0,0.0,0.0,0.0,0.0,426760000.0
2023-11-19,0.0,0.0,0.0,0.0,0.0,0.0,0.0,0.0,0.0,0.0,426760000.0
2023-11-18,0.0,0.0,0.0,0.0,0.0,0.0,0.0,0.0,0.0,0.0,426760000.0
2023-11-17,0.0,0.0,0.0,0.0,0.0,0.0,0.0,0.0,0.0,0.0,426760000.0
2023-11-16,0.0,0.0,0.0,0.0,0.0,0.0,0.0,0.0,0.0,0.0,426760000.0
2023-11-15,0.0,0.0,0.0,0.0,0.0,0.0,0.0,0.0,0.0,0.0,426760000.0
2023-11-14,0.0,0.0,0.0,0.0,0.0,0.0,0.0,0.0,0.0,0.0,426760000.0
2023-11-13,0.0,0.0,0.0,0.0,0.0,0.0,0.0,0.0,0.0,0.0,426760000.0
2023-11-12,0.0,0.0,0.0,0.0,0.0,0.0,0.0,0.0,0.0,0.0,426760000.0
2023-11-11,0.0,0.0,0.0,0.0,0.0,0.0,0.0,0.0,0.0,0.0,426760000.0
2023-11-10,0.0,0.0,0.0,0.0,0.0,0.0,0.0,0.0,0.0,0.0,426760000.0
2023-11-09,0.0,0.0,0.0,0.0,0.0,0.0,0.0,0.0,0.0,0.0,426760000.0
2023-11-08,0.0,0.0,0.0,0.0,0.0,0.0,0.0,0.0,0.0,0.0,426760000.0
2023-11-07,0.0,0.0,0.0,0.0,0.0,0.0,0.0,0.0,0.0,0.0,426760000.0
2023-11-06,0.0,0.0,0.0,0.0,0.0,0.0,0.0,0.0,0.0,0.0,426760000.0
2023-11-05,0.0,0.0,0.0,0.0,0.0,0.0,0.0,0.0,0.0,0.0,426760000.0
2023-11-04,0.0,0.0,0.0,0.0,0.0,0.0,0.0,0.0,0.0,0.0,426760000.0
2023-11-03,0.0,0.0,0.0,0.0,0.0,0.0,0.0,0.0,0.0,0.0,426760000.0
2023-11-02,0.0,0.0,0.0,0.0,0.0,0.0,0.0,0.0,0.0,0.0,426760000.0
2023-11-01,0.0,0.0,0.0,0.0,0.0,0.0,0.0,0.0,0.0,0.0,426760000.0
2023-10-31,0.0,0.0,0.0,0.0,0.0,0.0,0.0,0.0,0.0,0.0,426760000.0
2023-10-30,0.0,0.0,0.0,0.0,0.0,0.0,0.0,0.0,0.0,0.0,426760000.0
2023-10-29,0.0,0.0,0.0,0.0,0.0,0.0,0.0,0.0,0.0,0.0,426760000.0
2023-10-28,0.0,0.0,0.0,0.0,0.0,0.0,0.0,0.0,0.0,0.0,426760000.0
2023-10-27,0.0,0.0,0.0,0.0,0.0,0.0,0.0,0.0,0.0,0.0,426760000.0
2023-10-26,0.0,0.0,0.0,0.0,0.0,0.0,0.0,0.0,0.0,0.0,426760000.0
2023-10-25,0.0,0.0,0.0,0.0,0.0,0.0,0.0,0.0,0.0,0.0,426760000.0
2023-10-24,0.0,0.0,0.0,0.0,0.0,0.0,0.0,0.0,0.0,0.0,426760000.0
2023-10-23,0.0,0.0,0.0,0.0,0.0,0.0,0.0,0.0,0.0,0.0,426760000.0
2023-10-22,0.0,0.0,0.0,0.0,0.0,0.0,0.0,0.0,0.0,0.0,426760000.0
2023-10-21,0.0,0.0,0.0,0.0,0.0,0.0,0.0,0.0,0.0,0.0,426760000.0
2023-10-20,0.0,0.0,0.0,0.0,0.0,0.0,0.0,0.0,0.0,0.0,426760000.0
2023-10-19,0.0,0.0,0.0,0.0,0.0,0.0,0.0,0.0,0.0,0.0,426760000.0
2023-10-18,0.0,0.0,0.0,0.0,0.0,0.0,0.0,0.0,0.0,0.0,426760000.0
2023-10-17,0.0,0.0,0.0,0.0,0.0,0.0,0.0,0.0,0.0,0.0,426760000.0
2023-10-16,0.0,0.0,0.0,0.0,0.0,0.0,0.0,0.0,0.0,0.0,426760000.0
2023-10-15,0.0,0.0,0.0,0.0,0.0,0.0,0.0,0.0,0.0,0.0,426760000.0
2023-10-14,0.0,0.0,0.0,0.0,0.0,0.0,0.0,0.0,0.0,0.0,426760000.0
2023-10-13,0.0,0.0,0.0,0.0,0.0,0.0,0.0,0.0,0.0,0.0,426760000.0
2023-10-12,0.0,0.0,0.0,0.0,0.0,0.0,0.0,0.0,0.0,0.0,426760000.0
2023-10-11,0.0,0.0,0.0,0.0,0.0,0.0,0.0,0.0,0.0,0.0,426760000.0
2023-10-10,0.0,0.0,0.0,0.0,0.0,0.0,0.0,0.0,0.0,0.0,426760000.0
2023-10-09,0.0,0.0,0.0,0.0,0.0,0.0,0.0,0.0,0.0,0.0,426760000.0
2023-10-08,0.0,0.0,0.0,0.0,0.0,0.0,0.0,0.0,0.0,0.0,426760000.0
2023-10-07,0.0,0.0,0.0,0.0,0.0,0.0,0.0,0.0,0.0,0.0,426760000.0
2023-10-06,0.0,0.0,0.0,0.0,0.0,0.0,0.0,0.0,0.0,0.0,426760000.0
2023-10-05,0.0,0.0,0.0,0.0,0.0,0.0,0.0,0.0,0.0,0.0,426760000.0
2023-10-04,0.0,0.0,0.0,0.0,0.0,0.0,0.0,0.0,0.0,0.0,426760000.0
2023-10-03,0.0,0.0,0.0,0.0,0.0,0.0,0.0,0.0,0.0,0.0,426760000.0
2023-10-02,0.0,0.0,0.0,0.0,0.0,0.0,0.0,0.0,0.0,0.0,426760000.0
2023-10-01,0.0,0.0,0.0,0.0,0.0,0.0,0.0,0.0,0.0,0.0,426760000.0
2023-09-30,0.0,0.0,0.0,0.0,0.0,0.0,0.0,0.0,0.0,0.0,426760000.0
2023-09-29,0.0,0.0,0.0,0.0,0.0,0.0,0.0,0.0,0.0,0.0,426760000.0
2023-09-28,0.0,0.0,0.0,0.0,0.0,0.0,0.0,0.0,0.0,0.0,426760000.0
2023-09-27,0.0,0.0,0.0,0.0,0.0,0.0,0.0,0.0,0.0,0.0,426760000.0
2023-09-26,0.0,0.0,0.0,0.0,0.0,0.0,0.0,0.0,0.0,0.0,426760000.0
2023-09-25,0.0,0.0,0.0,0.0,0.0,0.0,0.0,0.0,0.0,0.0,426760000.0
2023-09-24,0.0,0.0,0.0,0.0,0.0,0.0,0.0,0.0,0.0,0.0,426760000.0
2023-09-23,0.0,0.0,0.0,0.0,0.0,0.0,0.0,0.0,0.0,0.0,426760000.0
2023-09-22,0.0,0.0,0.0,0.0,0.0,0.0,0.0,0.0,0.0,0.0,426760000.0
2023-09-21,0.0,0.0,0.0,0.0,0.0,0.0,0.0,0.0,0.0,0.0,426760000.0
2023-09-20,0.0,0.0,0.0,0.0,0.0,0.0,0.0,0.0,0.0,0.0,426760000.0
2023-09-19,0.0,0.0,0.0,0.0,0.0,0.0,0.0,0.0,0.0,0.0,426760000.0
2023-09-18,0.0,0.0,0.0,0.0,0.0,0.0,0.0,0.0,0.0,0.0,426760000.0
2023-09-17,0.0,0.0,0.0,0.0,0.0,0.0,0.0,0.0,0.0,0.0,426760000.0
2023-09-16,0.0,0.0,0.0,0.0,0.0,0.0,0.0,0.0,0.0,0.0,426760000.0
2023-09-15,0.0,0.0,0.0,0.0,0.0,0.0,0.0,0.0,0.0,0.0,426760000.0
2023-09-14,0.0,0.0,0.0,0.0,0.0,0.0,0.0,0.0,0.0,0.0,426760000.0
2023-09-13,0.0,0.0,0.0,0.0,0.0,0.0,0.0,0.0,0.0,0.0,426760000.0
2023-09-12,0.0,0.0,0.0,0.0,0.0,0.0,0.0,0.0,0.0,0.0,426760000.0
2023-09-11,0.0,0.0,0.0,0.0,0.0,0.0,0.0,0.0,0.0,0.0,426760000.0
2023-09-10,0.0,0.0,0.0,0.0,0.0,0.0,0.0,0.0,0.0,0.0,426760000.0
2023-09-09,0.0,0.0,0.0,0.0,0.0,0.0,0.0,0.0,0.0,0.0,426760000.0
2023-09-08,0.0,0.0,0.0,0.0,0.0,0.0,0.0,0.0,0.0,0.0,426760000.0
2023-09-07,0.0,0.0,0.0,0.0,0.0,0.0,0.0,0.0,0.0,0.0,426760000.0
2023-09-06,0.0,0.0,0.0,0.0,0.0,0.0,0.0,0.0,0.0,0.0,426760000.0
2023-09-05,0.0,0.0,0.0,0.0,0.0,0.0,0.0,0.0,0.0,0.0,426760000.0
2023-09-04,0.0,0.0,0.0,0.0,0.0,0.0,0.0,0.0,0.0,0.0,426760000.0
2023-09-03,0.0,0.0,0.0,0.0,0.0,0.0,0.0,0.0,0.0,0.0,426760000.0
2023-09-02,0.0,0.0,0.0,0.0,0.0,0.0,0.0,0.0,0.0,0.0,426760000.0
2023-09-01,0.0,0.0,0.0,0.0,0.0,0.0,0.0,0.0,0.0,0.0,426760000.0
2023-08-31,0.0,0.0,0.0,0.0,0.0,0.0,0.0,0.0,0.0,0.0,426760000.0
2023-08-30,0.0,0.0,0.0,0.0,0.0,0.0,0.0,0.0,0.0,0.0,426760000.0
2023-08-29,0.0,0.0,0.0,0.0,0.0,0.0,0.0,0.0,0.0,0.0,426760000.0
2023-08-28,0.0,0.0,0.0,0.0,0.0,0.0,0.0,0.0,0.0,0.0,426760000.0
2023-08-27,0.0,0.0,0.0,0.0,0.0,0.0,0.0,0.0,0.0,0.0,426760000.0
2023-08-26,0.0,0.0,0.0,0.0,0.0,0.0,0.0,0.0,0.0,0.0,426760000.0
2023-08-25,0.0,0.0,0.0,0.0,0.0,0.0,0.0,0.0,0.0,0.0,426760000.0
2023-08-24,0.0,0.0,0.0,0.0,0.0,0.0,0.0,0.0,0.0,0.0,426760000.0
2023-08-23,0.0,0.0,0.0,0.0,0.0,0.0,0.0,0.0,0.0,0.0,426760000.0
2023-08-22,0.0,0.0,0.0,0.0,0.0,0.0,0.0,0.0,0.0,0.0,426760000.0
2023-08-21,0.0,0.0,0.0,0.0,0.0,0.0,0.0,0.0,0.0,0.0,426760000.0
2023-08-20,0.0,0.0,0.0,0.0,0.0,0.0,0.0,0.0,0.0,0.0,426760000.0
2023-08-19,0.0,0.0,0.0,0.0,0.0,0.0,0.0,0.0,0.0,0.0,426760000.0
2023-08-18,0.0,0.0,0.0,0.0,0.0,0.0,0.0,0.0,0.0,0.0,426760000.0
2023-08-17,0.0,0.0,0.0,0.0,0.0,0.0,0.0,0.0,0.0,0.0,426760000.0
2023-08-16,0.0,0.0,0.0,0.0,0.0,0.0,0.0,0.0,0.0,0.0,426760000.0
2023-08-15,0.0,0.0,0.0,0.0,0.0,0.0,0.0,0.0,0.0,0.0,426760000.0
2023-08-14,0.0,0.0,0.0,0.0,0.0,0.0,0.0,0.0,0.0,0.0,426760000.0
2023-08-13,0.0,0.0,0.0,0.0,0.0,0.0,0.0,0.0,0.0,0.0,426760000.0
2023-08-12,0.0,0.0,0.0,0.0,0.0,0.0,0.0,0.0,0.0,0.0,426760000.0
2023-08-11,0.0,0.0,0.0,0.0,0.0,0.0,0.0,0.0,0.0,0.0,426760000.0
2023-08-10,0.0,0.0,0.0,0.0,0.0,0.0,0.0,0.0,0.0,0.0,426760000.0
2023-08-09,0.0,0.0,0.0,0.0,0.0,0.0,0.0,0.0,0.0,0.0,426760000.0
2023-08-08,0.0,0.0,0.0,0.0,0.0,0.0,0.0,0.0,0.0,0.0,426760000.0
2023-08-07,0.0,0.0,0.0,0.0,0.0,0.0,0.0,0.0,0.0,0.0,426760000.0
2023-08-06,0.0,0.0,0.0,0.0,0.0,0.0,0.0,0.0,0.0,0.0,426760000.0
2023-08-05,0.0,0.0,0.0,0.0,0.0,0.0,0.0,0.0,0.0,0.0,426760000.0
2023-08-04,0.0,0.0,0.0,0.0,0.0,0.0,0.0,0.0,0.0,0.0,426760000.0
2023-08-03,0.0,0.0,0.0,0.0,0.0,0.0,0.0,0.0,0.0,0.0,426760000.0
2023-08-02,0.0,0.0,0.0,0.0,0.0,0.0,0.0,0.0,0.0,0.0,426760000.0
2023-08-01,0.0,0.0,0.0,0.0,0.0,0.0,0.0,0.0,0.0,0.0,426760000.0
2023-07-31,0.0,0.0,0.0,0.0,0.0,0.0,0.0,0.0,0.0,0.0,426760000.0
2023-07-30,0.0,0.0,0.0,0.0,0.0,0.0,0.0,0.0,0.0,0.0,426760000.0
2023-07-29,0.0,0.0,0.0,0.0,0.0,0.0,0.0,0.0,0.0,0.0,426760000.0
2023-07-28,0.0,0.0,0.0,0.0,0.0,0.0,0.0,0.0,0.0,0.0,426760000.0
2023-07-27,0.0,0.0,0.0,0.0,0.0,0.0,0.0,0.0,0.0,0.0,426760000.0
2023-07-26,0.0,0.0,0.0,0.0,0.0,0.0,0.0,0.0,0.0,0.0,426760000.0
2023-07-25,0.0,0.0,0.0,0.0,0.0,0.0,0.0,0.0,0.0,0.0,426760000.0
2023-07-24,0.0,0.0,0.0,0.0,0.0,0.0,0.0,0.0,0.0,0.0,426760000.0
2023-07-23,0.0,0.0,0.0,0.0,0.0,0.0,0.0,0.0,0.0,0.0,426760000.0
2023-07-22,0.0,0.0,0.0,0.0,0.0,0.0,0.0,0.0,0.0,0.0,426760000.0
2023-07-21,0.0,0.0,0.0,0.0,0.0,0.0,0.0,0.0,0.0,0.0,426760000.0
2023-07-20,0.0,0.0,0.0,0.0,0.0,0.0,0.0,0.0,0.0,0.0,426760000.0
2023-07-19,0.0,0.0,0.0,0.0,0.0,0.0,0.0,0.0,0.0,0.0,426760000.0
2023-07-18,0.0,0.0,0.0,0.0,0.0,0.0,0.0,0.0,0.0,0.0,426760000.0
2023-07-17,0.0,0.0,0.0,0.0,0.0,0.0,0.0,0.0,0.0,0.0,426760000.0
2023-07-16,0.0,0.0,0.0,0.0,0.0,0.0,0.0,0.0,0.0,0.0,426760000.0
2023-07-15,0.0,0.0,0.0,0.0,0.0,0.0,0.0,0.0,0.0,0.0,426760000.0
2023-07-14,0.0,0.0,0.0,0.0,0.0,0.0,0.0,0.0,0.0,0.0,426760000.0
2023-07-13,0.0,0.0,0.0,0.0,0.0,0.0,0.0,0.0,0.0,0.0,426760000.0
2023-07-12,0.0,0.0,0.0,0.0,0.0,0.0,0.0,0.0,0.0,0.0,426760000.0
2023-07-11,0.0,0.0,0.0,0.0,0.0,0.0,0.0,0.0,0.0,0.0,426760000.0
2023-07-10,0.0,0.0,0.0,0.0,0.0,0.0,0.0,0.0,0.0,0.0,426760000.0
2023-07-09,0.0,0.0,0.0,0.0,0.0,0.0,0.0,0.0,0.0,0.0,426760000.0
2023-07-08,0.0,0.0,0.0,0.0,0.0,0.0,0.0,0.0,0.0,0.0,426760000.0
2023-07-07,0.0,0.0,0.0,0.0,0.0,0.0,0.0,0.0,0.0,0.0,426760000.0
2023-07-06,0.0,0.0,0.0,0.0,0.0,0.0,0.0,0.0,0.0,0.0,426760000.0
2023-07-05,0.0,0.0,0.0,0.0,0.0,0.0,0.0,0.0,0.0,0.0,426760000.0
2023-07-04,0.0,0.0,0.0,0.0,0.0,0.0,0.0,0.0,0.0,0.0,426760000.0
2023-07-03,0.0,0.0,0.0,0.0,0.0,0.0,0.0,0.0,0.0,0.0,426760000.0
2023-07-02,0.0,0.0,0.0,0.0,0.0,0.0,0.0,0.0,0.0,0.0,426760000.0
2023-07-01,0.0,0.0,0.0,0.0,0.0,0.0,0.0,0.0,0.0,0.0,426760000.0
2023-06-30,0.0,0.0,0.0,0.0,0.0,0.0,0.0,0.0,0.0,0.0,426760000.0
2023-06-29,0.0,0.0,0.0,0.0,0.0,0.0,0.0,0.0,0.0,0.0,426760000.0
2023-06-28,0.0,0.0,0.0,0.0,0.0,0.0,0.0,0.0,0.0,0.0,426760000.0
2023-06-27,0.0,0.0,0.0,0.0,0.0,0.0,0.0,0.0,0.0,0.0,426760000.0
2023-06-26,0.0,0.0,0.0,0.0,0.0,0.0,0.0,0.0,0.0,0.0,426760000.0
2023-06-25,0.0,0.0,0.0,0.0,0.0,0.0,0.0,0.0,0.0,0.0,426760000.0
2023-06-24,0.0,0.0,0.0,0.0,0.0,0.0,0.0,0.0,0.0,0.0,426760000.0
2023-06-23,0.0,0.0,0.0,0.0,0.0,0.0,0.0,0.0,0.0,0.0,426760000.0
2023-06-22,0.0,0.0,0.0,0.0,0.0,0.0,0.0,0.0,0.0,0.0,426760000.0
2023-06-21,0.0,0.0,0.0,0.0,0.0,0.0,0.0,0.0,0.0,0.0,426760000.0
2023-06-20,0.0,0.0,0.0,0.0,0.0,0.0,0.0,0.0,0.0,0.0,426760000.0
2023-06-19,0.0,0.0,0.0,0.0,0.0,0.0,0.0,0.0,0.0,0.0,426760000.0
2023-06-18,0.0,0.0,0.0,0.0,0.0,0.0,0.0,0.0,0.0,0.0,426760000.0
2023-06-17,0.0,0.0,0.0,0.0,0.0,0.0,0.0,0.0,0.0,0.0,426760000.0
2023-06-16,0.0,0.0,0.0,0.0,0.0,0.0,0.0,0.0,0.0,0.0,426760000.0
2023-06-15,0.0,0.0,0.0,0.0,0.0,0.0,0.0,0.0,0.0,0.0,426760000.0
2023-06-14,0.0,0.0,0.0,0.0,0.0,0.0,0.0,0.0,0.0,0.0,426760000.0
2023-06-13,0.0,0.0,0.0,0.0,0.0,0.0,0.0,0.0,0.0,0.0,426760000.0
2023-06-12,0.0,0.0,0.0,0.0,0.0,0.0,0.0,0.0,0.0,0.0,426760000.0
2023-06-11,0.0,0.0,0.0,0.0,0.0,0.0,0.0,0.0,0.0,0.0,426760000.0
2023-06-10,0.0,0.0,0.0,0.0,0.0,0.0,0.0,0.0,0.0,0.0,426760000.0
2023-06-09,0.0,0.0,0.0,0.0,0.0,0.0,0.0,0.0,0.0,0.0,426760000.0
2023-06-08,0.0,0.0,0.0,0.0,0.0,0.0,0.0,0.0,0.0,0.0,426760000.0
2023-06-07,0.0,0.0,0.0,0.0,0.0,0.0,0.0,0.0,0.0,0.0,426760000.0
2023-06-06,0.0,0.0,0.0,0.0,0.0,0.0,0.0,0.0,0.0,0.0,426760000.0
2023-06-05,0.0,0.0,0.0,0.0,0.0,0.0,0.0,0.0,0.0,0.0,426760000.0
2023-06-04,0.0,0.0,0.0,0.0,0.0,0.0,0.0,0.0,0.0,0.0,426760000.0
2023-06-03,0.0,0.0,0.0,0.0,0.0,0.0,0.0,0.0,0.0,0.0,426760000.0
2023-06-02,0.0,0.0,0.0,0.0,0.0,0.0,0.0,0.0,0.0,0.0,426760000.0
2023-06-01,0.0,0.0,0.0,0.0,0.0,0.0,0.0,0.0,0.0,0.0,426760000.0
2023-05-31,0.0,0.0,0.0,0.0,0.0,0.0,0.0,0.0,0.0,0.0,426760000.0
2023-05-30,0.0,0.0,0.0,0.0,0.0,0.0,0.0,0.0,0.0,0.0,426760000.0
2023-05-29,0.0,0.0,0.0,0.0,0.0,0.0,0.0,0.0,0.0,0.0,426760000.0
2023-05-28,0.0,0.0,0.0,0.0,0.0,0.0,0.0,0.0,0.0,0.0,426760000.0
2023-05-27,0.0,0.0,0.0,0.0,0.0,0.0,0.0,0.0,0.0,0.0,426760000.0
2023-05-26,0.0,0.0,0.0,0.0,0.0,0.0,0.0,0.0,0.0,0.0,426760000.0
2023-05-25,0.0,0.0,0.0,0.0,0.0,0.0,0.0,0.0,0.0,0.0,426760000.0
2023-05-24,0.0,0.0,0.0,0.0,0.0,0.0,0.0,0.0,0.0,0.0,426760000.0
2023-05-23,0.0,0.0,0.0,0.0,0.0,0.0,0.0,0.0,0.0,0.0,426760000.0
2023-05-22,0.0,0.0,0.0,0.0,0.0,0.0,0.0,0.0,0.0,0.0,426760000.0
2023-05-21,0.0,0.0,0.0,0.0,0.0,0.0,0.0,0.0,0.0,0.0,426760000.0
2023-05-20,0.0,0.0,0.0,0.0,0.0,0.0,0.0,0.0,0.0,0.0,426760000.0
2023-05-19,0.0,0.0,0.0,0.0,0.0,0.0,0.0,0.0,0.0,0.0,426760000.0
2023-05-18,0.0,0.0,0.0,0.0,0.0,0.0,0.0,0.0,0.0,0.0,426760000.0
2023-05-17,0.0,0.0,0.0,0.0,0.0,0.0,0.0,0.0,0.0,0.0,426760000.0
2023-05-16,0.0,0.0,0.0,0.0,0.0,0.0,0.0,0.0,0.0,0.0,426760000.0
2023-05-15,0.0,0.0,0.0,0.0,0.0,0.0,0.0,0.0,0.0,0.0,426760000.0
2023-05-14,0.0,0.0,0.0,0.0,0.0,0.0,0.0,0.0,0.0,0.0,426760000.0
2023-05-13,0.0,0.0,0.0,0.0,0.0,0.0,0.0,0.0,0.0,0.0,426760000.0
2023-05-12,0.0,0.0,0.0,0.0,0.0,0.0,0.0,0.0,0.0,0.0,426760000.0
2023-05-11,0.0,0.0,0.0,0.0,0.0,0.0,0.0,0.0,0.0,0.0,426760000.0
2023-05-10,0.0,0.0,0.0,0.0,0.0,0.0,0.0,0.0,0.0,0.0,426760000.0
