,5493003FS3JD468P6Z37,549300I3U59T2U620T86,6BS8JLEICI3VGJ264L55,549300RZS21MS2DKVC77,549300C4RWHVOOSD9T96,549300EJ1ZB4YYIOMD56,549300KKLDTNOIW0NU52,TNWE6LERP1CI9IDAZB80,0M6M8M9HXLW8D3AU0N32,549300ARVD4LVNCUBN81,549300DCU7KOL83B3B08,549300SHI4D0QGWI8X45,549300GC5MDF1KXYMP06,549300RK1FB0VMTPD087,549300A1ZLHM70N6U553,Q0HK1ORK3JOMOF7R6K47,Total,Market_capitalization
2025-04-28,0.0,0.0,0.51,0.0,0.0,0.0,0.87,0.0,0.0,0.0,0.0,0.0,0.0,0.0,0.0,0.0,1.38,2010000000.0
2025-04-27,0.0,0.0,0.51,0.0,0.0,0.0,0.87,0.0,0.0,0.0,0.0,0.0,0.0,0.0,0.0,0.0,1.38,2010000000.0
2025-04-26,0.0,0.0,0.51,0.0,0.0,0.0,0.87,0.0,0.0,0.0,0.0,0.0,0.0,0.0,0.0,0.0,1.38,2010000000.0
2025-04-25,0.0,0.0,0.51,0.0,0.0,0.0,0.87,0.0,0.0,0.0,0.0,0.0,0.0,0.0,0.0,0.0,1.38,2010000000.0
2025-04-24,0.0,0.0,0.51,0.0,0.0,0.0,0.87,0.0,0.0,0.0,0.0,0.0,0.0,0.0,0.0,0.0,1.38,2010000000.0
2025-04-23,0.0,0.0,0.51,0.0,0.0,0.0,0.87,0.0,0.0,0.0,0.0,0.0,0.0,0.0,0.0,0.0,1.38,2010000000.0
2025-04-22,0.0,0.0,0.51,0.0,0.0,0.0,0.87,0.0,0.0,0.0,0.0,0.0,0.0,0.0,0.0,0.0,1.38,2010000000.0
2025-04-21,0.0,0.0,0.51,0.0,0.0,0.0,0.87,0.0,0.0,0.0,0.0,0.0,0.0,0.0,0.0,0.0,1.38,2010000000.0
2025-04-20,0.0,0.0,0.51,0.0,0.0,0.0,0.87,0.0,0.0,0.0,0.0,0.0,0.0,0.0,0.0,0.0,1.38,2010000000.0
2025-04-19,0.0,0.0,0.51,0.0,0.0,0.0,0.87,0.0,0.0,0.0,0.0,0.0,0.0,0.0,0.0,0.0,1.38,2010000000.0
2025-04-18,0.0,0.0,0.51,0.0,0.0,0.0,0.87,0.0,0.0,0.0,0.0,0.0,0.0,0.0,0.0,0.0,1.38,2010000000.0
2025-04-17,0.0,0.0,0.51,0.0,0.0,0.0,0.87,0.0,0.0,0.0,0.0,0.0,0.0,0.0,0.0,0.0,1.38,2010000000.0
2025-04-16,0.0,0.0,0.51,0.0,0.0,0.0,0.87,0.0,0.0,0.0,0.0,0.0,0.0,0.0,0.0,0.0,1.38,2010000000.0
2025-04-15,0.0,0.0,0.51,0.0,0.0,0.0,0.87,0.0,0.0,0.0,0.0,0.0,0.0,0.0,0.0,0.0,1.38,2010000000.0
2025-04-14,0.0,0.0,0.51,0.0,0.0,0.0,0.87,0.0,0.0,0.0,0.0,0.0,0.0,0.0,0.0,0.0,1.38,2010000000.0
2025-04-13,0.0,0.0,0.51,0.0,0.0,0.0,0.87,0.0,0.0,0.0,0.0,0.0,0.0,0.0,0.0,0.0,1.38,2010000000.0
2025-04-12,0.0,0.0,0.51,0.0,0.0,0.0,0.87,0.0,0.0,0.0,0.0,0.0,0.0,0.0,0.0,0.0,1.38,2010000000.0
2025-04-11,0.0,0.0,0.51,0.0,0.0,0.0,0.87,0.0,0.0,0.0,0.0,0.0,0.0,0.0,0.0,0.0,1.38,2010000000.0
2025-04-10,0.0,0.0,0.51,0.0,0.0,0.0,0.87,0.0,0.0,0.0,0.0,0.0,0.0,0.0,0.0,0.0,1.38,2010000000.0
2025-04-09,0.0,0.0,0.51,0.0,0.0,0.0,0.87,0.0,0.0,0.0,0.0,0.0,0.0,0.0,0.0,0.0,1.38,2010000000.0
2025-04-08,0.0,0.0,0.47,0.0,0.0,0.0,0.87,0.0,0.0,0.0,0.0,0.0,0.0,0.0,0.0,0.0,1.3399999999999999,2010000000.0
2025-04-07,0.0,0.0,0.5,0.0,0.0,0.0,0.87,0.0,0.0,0.0,0.0,0.0,0.0,0.0,0.0,0.0,1.37,2010000000.0
2025-04-06,0.0,0.0,0.5,0.0,0.0,0.0,0.87,0.0,0.0,0.0,0.0,0.0,0.0,0.0,0.0,0.0,1.37,2010000000.0
2025-04-05,0.0,0.0,0.5,0.0,0.0,0.0,0.87,0.0,0.0,0.0,0.0,0.0,0.0,0.0,0.0,0.0,1.37,2010000000.0
2025-04-04,0.0,0.0,0.5,0.0,0.0,0.0,0.87,0.0,0.0,0.0,0.0,0.0,0.0,0.0,0.0,0.0,1.37,2010000000.0
2025-04-03,0.0,0.0,0.0,0.0,0.0,0.0,0.9,0.0,0.0,0.0,0.0,0.0,0.0,0.0,0.0,0.0,0.9,2010000000.0
2025-04-02,0.0,0.0,0.0,0.0,0.0,0.0,0.9,0.0,0.0,0.0,0.0,0.0,0.0,0.0,0.0,0.0,0.9,2010000000.0
2025-04-01,0.0,0.0,0.0,0.0,0.0,0.0,0.9,0.0,0.0,0.0,0.0,0.0,0.0,0.0,0.0,0.0,0.9,2010000000.0
2025-03-31,0.0,0.0,0.0,0.0,0.0,0.0,0.89,0.0,0.0,0.0,0.0,0.0,0.0,0.0,0.0,0.0,0.89,2010000000.0
2025-03-30,0.0,0.0,0.0,0.0,0.0,0.0,0.89,0.0,0.0,0.0,0.0,0.0,0.0,0.0,0.0,0.0,0.89,2010000000.0
2025-03-29,0.0,0.0,0.0,0.0,0.0,0.0,0.89,0.0,0.0,0.0,0.0,0.0,0.0,0.0,0.0,0.0,0.89,2010000000.0
2025-03-28,0.0,0.0,0.0,0.0,0.0,0.0,0.89,0.0,0.0,0.0,0.0,0.0,0.0,0.0,0.0,0.0,0.89,2010000000.0
2025-03-27,0.0,0.0,0.0,0.0,0.0,0.0,0.89,0.0,0.0,0.0,0.0,0.0,0.0,0.0,0.0,0.0,0.89,2010000000.0
2025-03-26,0.0,0.0,0.0,0.0,0.0,0.0,0.89,0.0,0.0,0.0,0.0,0.0,0.0,0.0,0.0,0.0,0.89,2010000000.0
2025-03-25,0.0,0.0,0.0,0.0,0.0,0.0,0.97,0.0,0.0,0.0,0.0,0.0,0.0,0.0,0.0,0.0,0.97,2010000000.0
2025-03-24,0.0,0.0,0.49,0.0,0.0,0.0,0.97,0.0,0.0,0.0,0.0,0.0,0.0,0.0,0.0,0.0,1.46,2010000000.0
2025-03-23,0.0,0.0,0.49,0.0,0.0,0.0,0.97,0.0,0.0,0.0,0.0,0.0,0.0,0.0,0.0,0.0,1.46,2010000000.0
2025-03-22,0.0,0.0,0.49,0.0,0.0,0.0,0.97,0.0,0.0,0.0,0.0,0.0,0.0,0.0,0.0,0.0,1.46,2010000000.0
2025-03-21,0.0,0.0,0.49,0.0,0.0,0.0,0.97,0.0,0.0,0.0,0.0,0.0,0.0,0.0,0.0,0.0,1.46,2010000000.0
2025-03-20,0.0,0.0,0.49,0.0,0.0,0.0,0.97,0.0,0.0,0.0,0.0,0.0,0.0,0.0,0.0,0.0,1.46,2010000000.0
2025-03-19,0.0,0.0,0.59,0.0,0.0,0.0,0.97,0.0,0.0,0.0,0.0,0.0,0.0,0.0,0.0,0.0,1.56,2010000000.0
2025-03-18,0.0,0.0,0.59,0.0,0.0,0.0,0.97,0.0,0.0,0.0,0.0,0.0,0.0,0.0,0.0,0.0,1.56,2010000000.0
2025-03-17,0.0,0.0,0.59,0.0,0.0,0.0,0.97,0.0,0.0,0.0,0.0,0.0,0.0,0.0,0.0,0.0,1.56,2010000000.0
2025-03-16,0.0,0.0,0.6,0.0,0.0,0.0,0.97,0.0,0.0,0.0,0.0,0.0,0.0,0.0,0.0,0.0,1.5699999999999998,2010000000.0
2025-03-15,0.0,0.0,0.6,0.0,0.0,0.0,0.97,0.0,0.0,0.0,0.0,0.0,0.0,0.0,0.0,0.0,1.5699999999999998,2010000000.0
2025-03-14,0.0,0.0,0.6,0.0,0.0,0.0,0.97,0.0,0.0,0.0,0.0,0.0,0.0,0.0,0.0,0.0,1.5699999999999998,2010000000.0
2025-03-13,0.0,0.0,0.6,0.0,0.0,0.0,0.97,0.0,0.0,0.0,0.0,0.0,0.0,0.49,0.0,0.0,2.0599999999999996,2010000000.0
2025-03-12,0.0,0.0,0.56,0.0,0.0,0.0,0.97,0.0,0.0,0.0,0.0,0.0,0.0,0.49,0.0,0.0,2.02,2010000000.0
2025-03-11,0.0,0.0,0.65,0.0,0.0,0.0,0.97,0.0,0.0,0.0,0.0,0.0,0.0,0.49,0.0,0.0,2.1100000000000003,2010000000.0
2025-03-10,0.0,0.0,0.65,0.0,0.0,0.0,0.97,0.0,0.0,0.0,0.0,0.0,0.0,0.5,0.0,0.0,2.12,2010000000.0
2025-03-09,0.0,0.0,0.74,0.0,0.0,0.0,0.97,0.0,0.0,0.0,0.0,0.0,0.0,0.5,0.0,0.0,2.21,2010000000.0
2025-03-08,0.0,0.0,0.74,0.0,0.0,0.0,0.97,0.0,0.0,0.0,0.0,0.0,0.0,0.5,0.0,0.0,2.21,2010000000.0
2025-03-07,0.0,0.0,0.74,0.0,0.0,0.0,0.97,0.0,0.0,0.0,0.0,0.0,0.0,0.5,0.0,0.0,2.21,2010000000.0
2025-03-06,0.0,0.0,0.89,0.0,0.0,0.0,1.05,0.0,0.0,0.0,0.0,0.0,0.0,0.5,0.0,0.0,2.44,2010000000.0
2025-03-05,0.0,0.0,0.89,0.0,0.0,0.0,1.05,0.0,0.0,0.0,0.0,0.0,0.0,0.5,0.0,0.0,2.44,2010000000.0
2025-03-04,0.0,0.0,0.95,0.0,0.0,0.0,1.05,0.0,0.0,0.0,0.0,0.0,0.0,0.5,0.0,0.0,2.5,2010000000.0
2025-03-03,0.0,0.0,0.95,0.0,0.0,0.0,1.05,0.0,0.0,0.0,0.0,0.0,0.0,0.5,0.0,0.0,2.5,2010000000.0
2025-03-02,0.0,0.0,0.95,0.0,0.0,0.0,1.05,0.0,0.0,0.0,0.0,0.0,0.0,0.5,0.0,0.0,2.5,2010000000.0
2025-03-01,0.0,0.0,0.95,0.0,0.0,0.0,1.05,0.0,0.0,0.0,0.0,0.0,0.0,0.5,0.0,0.0,2.5,2010000000.0
2025-02-28,0.0,0.0,0.95,0.0,0.0,0.0,1.05,0.0,0.0,0.0,0.0,0.0,0.0,0.5,0.0,0.0,2.5,2010000000.0
2025-02-27,0.0,0.0,0.95,0.0,0.0,0.0,1.05,0.0,0.0,0.0,0.0,0.0,0.0,0.5,0.0,0.0,2.5,2010000000.0
2025-02-26,0.0,0.0,0.95,0.0,0.0,0.0,1.05,0.0,0.0,0.0,0.0,0.0,0.0,0.5,0.0,0.0,2.5,2010000000.0
2025-02-25,0.0,0.0,0.95,0.0,0.0,0.0,1.05,0.0,0.0,0.0,0.0,0.0,0.0,0.5,0.0,0.0,2.5,2010000000.0
2025-02-24,0.0,0.0,0.95,0.0,0.0,0.0,1.05,0.0,0.0,0.0,0.0,0.0,0.0,0.5,0.0,0.0,2.5,2010000000.0
2025-02-23,0.0,0.0,0.95,0.0,0.0,0.0,1.05,0.0,0.0,0.0,0.0,0.0,0.0,0.5,0.0,0.0,2.5,2010000000.0
2025-02-22,0.0,0.0,0.95,0.0,0.0,0.0,1.05,0.0,0.0,0.0,0.0,0.0,0.0,0.5,0.0,0.0,2.5,2010000000.0
2025-02-21,0.0,0.0,0.95,0.0,0.0,0.0,1.05,0.0,0.0,0.0,0.0,0.0,0.0,0.5,0.0,0.0,2.5,2010000000.0
2025-02-20,0.0,0.0,0.95,0.0,0.0,0.0,1.05,0.0,0.0,0.0,0.0,0.0,0.0,0.5,0.0,0.0,2.5,2010000000.0
2025-02-19,0.0,0.0,0.95,0.0,0.0,0.0,1.05,0.0,0.0,0.0,0.0,0.0,0.0,0.5,0.0,0.0,2.5,2010000000.0
2025-02-18,0.0,0.0,0.95,0.0,0.0,0.0,1.05,0.0,0.0,0.0,0.0,0.0,0.0,0.5,0.0,0.0,2.5,2010000000.0
2025-02-17,0.0,0.0,0.95,0.0,0.0,0.0,1.05,0.0,0.0,0.0,0.0,0.0,0.0,0.5,0.0,0.0,2.5,2010000000.0
2025-02-16,0.0,0.0,0.95,0.0,0.0,0.0,1.05,0.0,0.0,0.0,0.0,0.0,0.0,0.5,0.0,0.0,2.5,2010000000.0
2025-02-15,0.0,0.0,0.95,0.0,0.0,0.0,1.05,0.0,0.0,0.0,0.0,0.0,0.0,0.5,0.0,0.0,2.5,2010000000.0
2025-02-14,0.0,0.0,0.95,0.0,0.0,0.0,1.05,0.0,0.0,0.0,0.0,0.0,0.0,0.5,0.0,0.0,2.5,2010000000.0
2025-02-13,0.0,0.0,0.95,0.0,0.0,0.0,1.05,0.0,0.0,0.0,0.0,0.0,0.0,0.5,0.0,0.0,2.5,2010000000.0
2025-02-12,0.0,0.0,0.95,0.0,0.0,0.0,1.05,0.0,0.0,0.0,0.0,0.0,0.0,0.5,0.0,0.0,2.5,2010000000.0
2025-02-11,0.0,0.0,0.8,0.0,0.0,0.0,1.05,0.0,0.0,0.0,0.0,0.0,0.0,0.5,0.0,0.0,2.35,2010000000.0
2025-02-10,0.0,0.0,0.8,0.0,0.0,0.49,1.05,0.0,0.0,0.0,0.0,0.0,0.0,0.5,0.0,0.0,2.84,2010000000.0
2025-02-09,0.0,0.0,0.8,0.0,0.0,0.49,1.05,0.0,0.0,0.0,0.0,0.0,0.0,0.5,0.0,0.0,2.84,2010000000.0
2025-02-08,0.0,0.0,0.8,0.0,0.0,0.49,1.05,0.0,0.0,0.0,0.0,0.0,0.0,0.5,0.0,0.0,2.84,2010000000.0
2025-02-07,0.0,0.0,0.8,0.0,0.0,0.49,1.05,0.0,0.0,0.0,0.0,0.0,0.0,0.5,0.0,0.0,2.84,2010000000.0
2025-02-06,0.0,0.0,0.8,0.0,0.0,0.49,1.05,0.0,0.0,0.0,0.0,0.0,0.0,0.5,0.0,0.0,2.84,2010000000.0
2025-02-05,0.0,0.0,0.8,0.0,0.0,0.55,1.05,0.0,0.0,0.0,0.0,0.0,0.0,0.5,0.0,0.0,2.9000000000000004,2010000000.0
2025-02-04,0.0,0.0,0.79,0.0,0.0,0.55,1.05,0.0,0.0,0.0,0.0,0.0,0.0,0.5,0.0,0.0,2.89,2010000000.0
2025-02-03,0.0,0.0,0.79,0.0,0.0,0.55,1.11,0.0,0.0,0.48,0.0,0.0,0.0,0.5,0.0,0.0,3.43,2010000000.0
2025-02-02,0.0,0.0,0.8,0.0,0.0,0.55,1.11,0.0,0.0,0.48,0.0,0.0,0.0,0.5,0.0,0.0,3.44,2010000000.0
2025-02-01,0.0,0.0,0.8,0.0,0.0,0.55,1.11,0.0,0.0,0.48,0.0,0.0,0.0,0.5,0.0,0.0,3.44,2010000000.0
2025-01-31,0.0,0.0,0.8,0.0,0.0,0.55,1.11,0.0,0.0,0.48,0.0,0.0,0.0,0.5,0.0,0.0,3.44,2010000000.0
2025-01-30,0.0,0.0,0.72,0.0,0.0,0.55,1.11,0.0,0.49,0.48,0.0,0.0,0.0,0.5,0.0,0.0,3.85,2010000000.0
2025-01-29,0.0,0.0,0.72,0.0,0.0,0.69,1.11,0.0,0.49,0.58,0.0,0.0,0.0,0.5,0.0,0.0,4.09,2010000000.0
2025-01-28,0.0,0.0,0.72,0.0,0.0,0.69,1.11,0.0,0.49,0.58,0.0,0.0,0.0,0.5,0.0,0.44,4.53,2010000000.0
2025-01-27,0.0,0.0,0.72,0.0,0.0,0.69,1.11,0.0,0.5,0.58,0.0,0.0,0.0,0.5,0.0,0.44,4.54,2010000000.0
2025-01-26,0.0,0.0,0.72,0.0,0.0,0.69,1.11,0.0,0.5,0.58,0.0,0.0,0.0,0.5,0.0,0.44,4.54,2010000000.0
2025-01-25,0.0,0.0,0.72,0.0,0.0,0.69,1.11,0.0,0.5,0.58,0.0,0.0,0.0,0.5,0.0,0.44,4.54,2010000000.0
2025-01-24,0.0,0.0,0.72,0.0,0.0,0.69,1.11,0.0,0.5,0.58,0.0,0.0,0.0,0.5,0.0,0.44,4.54,2010000000.0
2025-01-23,0.0,0.0,0.72,0.0,0.0,0.69,1.11,0.0,0.5,0.58,0.08,0.0,0.0,0.5,0.0,0.51,4.6899999999999995,2010000000.0
2025-01-22,0.0,0.0,0.68,0.0,0.0,0.69,1.11,0.0,0.5,0.58,0.08,0.0,0.0,0.5,0.0,0.51,4.65,2010000000.0
2025-01-21,0.0,0.0,0.68,0.0,0.0,0.69,1.11,0.0,0.5,0.58,0.08,0.0,0.0,0.5,0.49,0.0,4.630000000000001,2010000000.0
2025-01-20,0.0,0.0,0.68,0.0,0.0,0.69,1.11,0.0,0.5,0.67,2.23,0.0,0.0,0.5,0.49,0.0,6.870000000000001,2010000000.0
2025-01-19,0.0,0.0,0.68,0.0,0.0,0.72,1.11,0.0,0.5,0.67,2.23,0.0,0.0,0.5,0.49,0.0,6.9,2010000000.0
2025-01-18,0.0,0.0,0.68,0.0,0.0,0.72,1.11,0.0,0.5,0.67,2.23,0.0,0.0,0.5,0.49,0.0,6.9,2010000000.0
2025-01-17,0.0,0.0,0.68,0.0,0.0,0.72,1.11,0.0,0.5,0.67,2.23,0.0,0.0,0.5,0.49,0.0,6.9,2010000000.0
2025-01-16,0.0,0.0,0.68,0.0,0.0,0.72,1.11,0.0,0.5,0.7,2.23,0.0,0.0,0.5,0.51,0.0,6.949999999999999,2010000000.0
2025-01-15,0.0,0.0,0.68,0.0,0.0,0.72,1.11,0.0,0.5,0.7,2.23,0.0,0.0,0.5,0.0,0.0,6.4399999999999995,2010000000.0
2025-01-14,0.0,0.0,0.68,0.0,0.0,0.72,1.11,0.0,0.5,0.7,2.23,0.0,0.0,0.5,0.0,0.0,6.4399999999999995,2010000000.0
2025-01-13,0.0,0.0,0.68,0.0,0.0,0.72,1.11,0.0,0.5,0.65,2.3,0.0,0.0,0.5,0.0,0.0,6.459999999999999,2010000000.0
2025-01-12,0.0,0.0,0.76,0.0,0.0,0.72,1.07,0.0,0.0,0.65,2.22,0.0,0.0,0.5,0.0,0.0,5.92,2010000000.0
2025-01-11,0.0,0.0,0.76,0.0,0.0,0.72,1.07,0.0,0.0,0.65,2.22,0.0,0.0,0.5,0.0,0.0,5.92,2010000000.0
2025-01-10,0.0,0.0,0.76,0.0,0.0,0.72,1.07,0.0,0.0,0.65,2.22,0.0,0.0,0.5,0.0,0.0,5.92,2010000000.0
2025-01-09,0.0,0.0,0.76,0.0,0.0,0.63,1.07,0.0,0.0,0.65,2.22,0.0,0.0,0.5,0.0,0.0,5.83,2010000000.0
2025-01-08,0.0,0.0,0.76,0.0,0.0,0.63,1.07,0.0,0.0,0.52,2.19,0.0,0.0,0.5,0.0,0.0,5.67,2010000000.0
2025-01-07,0.0,0.0,0.76,0.0,0.0,0.63,1.07,0.0,0.0,0.52,2.19,0.0,0.0,0.0,0.0,0.0,5.17,2010000000.0
2025-01-06,0.0,0.0,0.89,0.0,0.0,0.63,1.07,0.0,0.0,0.0,2.21,0.0,0.0,0.48,0.0,0.0,5.279999999999999,2010000000.0
2025-01-05,0.0,0.0,0.89,0.0,0.0,0.63,1.07,0.0,0.0,0.0,2.21,0.0,0.0,0.48,0.0,0.0,5.279999999999999,2010000000.0
2025-01-04,0.0,0.0,0.89,0.0,0.0,0.63,1.07,0.0,0.0,0.0,2.21,0.0,0.0,0.48,0.0,0.0,5.279999999999999,2010000000.0
2025-01-03,0.0,0.0,0.89,0.0,0.0,0.63,1.07,0.0,0.0,0.0,2.21,0.0,0.0,0.48,0.0,0.0,5.279999999999999,2010000000.0
2025-01-02,0.0,0.0,0.92,0.0,0.0,0.59,1.07,0.0,0.0,0.0,1.98,0.0,0.0,0.48,0.0,0.0,5.040000000000001,2010000000.0
2025-01-01,0.0,0.0,0.92,0.0,0.0,0.59,1.07,0.0,0.0,0.0,1.98,0.0,0.0,0.52,0.0,0.0,5.08,2010000000.0
2024-12-31,0.0,0.0,0.92,0.0,0.0,0.59,1.07,0.0,0.0,0.0,1.98,0.0,0.0,0.52,0.0,0.0,5.08,2130000000.0
2024-12-30,0.0,0.0,0.92,0.0,0.0,0.59,1.07,0.0,0.0,0.0,1.98,0.0,0.0,0.52,0.0,0.0,5.08,2130000000.0
2024-12-29,0.0,0.0,0.92,0.0,0.0,0.59,1.07,0.0,0.0,0.0,1.98,0.0,0.0,0.52,0.0,0.0,5.08,2130000000.0
2024-12-28,0.0,0.0,0.92,0.0,0.0,0.59,1.07,0.0,0.0,0.0,1.98,0.0,0.0,0.52,0.0,0.0,5.08,2130000000.0
2024-12-27,0.0,0.0,0.92,0.0,0.0,0.59,1.07,0.0,0.0,0.48,1.98,0.0,0.0,0.52,0.0,0.0,5.5600000000000005,2130000000.0
2024-12-26,0.0,0.0,0.92,0.0,0.0,0.59,1.07,0.0,0.0,0.48,1.98,0.0,0.0,0.52,0.0,0.0,5.5600000000000005,2130000000.0
2024-12-25,0.0,0.0,0.92,0.0,0.0,0.59,1.07,0.0,0.0,0.48,1.98,0.0,0.0,0.52,0.0,0.0,5.5600000000000005,2130000000.0
2024-12-24,0.0,0.0,0.92,0.0,0.0,0.59,1.07,0.0,0.0,0.48,1.98,0.0,0.0,0.52,0.0,0.0,5.5600000000000005,2130000000.0
2024-12-23,0.0,0.0,0.92,0.0,0.0,0.59,1.07,0.0,0.0,0.48,1.98,0.0,0.0,0.52,0.0,0.0,5.5600000000000005,2130000000.0
2024-12-22,0.0,0.0,0.92,0.0,0.0,0.59,1.07,0.0,0.0,0.5,1.98,0.0,0.0,0.52,0.0,0.0,5.58,2130000000.0
2024-12-21,0.0,0.0,0.92,0.0,0.0,0.59,1.07,0.0,0.0,0.5,1.98,0.0,0.0,0.52,0.0,0.0,5.58,2130000000.0
2024-12-20,0.0,0.0,0.92,0.0,0.0,0.59,1.07,0.0,0.0,0.5,1.98,0.0,0.0,0.52,0.0,0.0,5.58,2130000000.0
2024-12-19,0.0,0.0,1.01,0.0,0.0,0.59,1.07,0.0,0.49,0.5,1.84,0.0,0.0,0.52,0.0,0.0,6.02,2130000000.0
2024-12-18,0.0,0.0,1.01,0.0,0.0,0.59,1.07,0.0,0.49,0.5,1.75,0.0,0.0,0.52,0.0,0.0,5.93,2130000000.0
2024-12-17,0.0,0.0,0.9,0.0,0.0,0.59,1.07,0.0,0.49,0.5,1.75,0.0,0.49,0.52,0.0,0.0,6.3100000000000005,2130000000.0
2024-12-16,0.0,0.0,0.9,0.0,0.0,0.6,1.07,0.0,0.51,0.5,1.66,0.0,0.49,0.52,0.0,0.0,6.25,2130000000.0
2024-12-15,0.0,0.0,0.9,0.0,0.0,0.6,1.07,0.0,0.51,0.5,1.57,0.0,0.49,0.52,0.0,0.0,6.16,2130000000.0
2024-12-14,0.0,0.0,0.9,0.0,0.0,0.6,1.07,0.0,0.51,0.5,1.57,0.0,0.49,0.52,0.0,0.0,6.16,2130000000.0
2024-12-13,0.0,0.0,0.9,0.0,0.0,0.6,1.07,0.0,0.51,0.5,1.57,0.0,0.49,0.52,0.0,0.0,6.16,2130000000.0
2024-12-12,0.0,0.0,0.9,0.0,0.0,0.6,1.07,0.0,0.51,0.5,1.48,0.0,0.55,0.52,0.0,0.0,6.130000000000001,2130000000.0
2024-12-11,0.0,0.0,0.9,0.0,0.0,0.6,1.07,0.0,0.51,0.5,1.53,0.0,0.6,0.52,0.0,0.0,6.23,2130000000.0
2024-12-10,0.0,0.0,0.9,0.0,0.0,0.6,1.07,0.0,0.51,0.49,1.53,0.0,0.6,0.52,0.0,0.0,6.220000000000001,2130000000.0
2024-12-09,0.0,0.0,0.9,0.0,0.0,0.6,1.07,0.0,0.51,0.49,1.53,0.0,0.6,0.52,0.0,0.0,6.220000000000001,2130000000.0
2024-12-08,0.0,0.0,0.9,0.0,0.0,0.6,1.07,0.0,0.51,0.49,1.53,0.0,0.6,0.52,0.0,0.0,6.220000000000001,2130000000.0
2024-12-07,0.0,0.0,0.9,0.0,0.0,0.6,1.07,0.0,0.51,0.49,1.53,0.0,0.6,0.52,0.0,0.0,6.220000000000001,2130000000.0
2024-12-06,0.0,0.0,0.9,0.0,0.0,0.6,1.07,0.0,0.51,0.49,1.53,0.0,0.6,0.52,0.0,0.0,6.220000000000001,2130000000.0
2024-12-05,0.0,0.0,0.9,0.0,0.0,0.6,1.07,0.0,0.51,0.53,1.67,0.0,0.6,0.52,0.0,0.0,6.4,2130000000.0
2024-12-04,0.0,0.0,0.9,0.0,0.0,0.6,1.07,0.0,0.51,0.53,1.83,0.0,0.6,0.52,0.0,0.0,6.5600000000000005,2130000000.0
2024-12-03,0.0,0.0,0.9,0.0,0.0,0.6,1.07,0.0,0.51,0.53,1.83,0.0,0.6,0.52,0.0,0.0,6.5600000000000005,2130000000.0
2024-12-02,0.0,0.0,0.9,0.0,0.0,0.51,1.07,0.0,0.51,0.53,1.83,0.0,0.6,0.52,0.0,0.0,6.470000000000001,2130000000.0
2024-12-01,0.0,0.0,0.9,0.0,0.0,0.51,1.07,0.0,0.51,0.53,1.83,0.0,0.6,0.52,0.0,0.0,6.470000000000001,2130000000.0
2024-11-30,0.0,0.0,0.9,0.0,0.0,0.51,1.07,0.0,0.51,0.53,1.83,0.0,0.6,0.52,0.0,0.0,6.470000000000001,2130000000.0
2024-11-29,0.0,0.0,0.9,0.0,0.0,0.51,1.07,0.0,0.51,0.53,1.83,0.0,0.6,0.52,0.0,0.0,6.470000000000001,2130000000.0
2024-11-28,0.0,0.0,0.9,0.0,0.0,0.51,1.07,0.0,0.51,0.53,1.83,0.0,0.6,0.52,0.0,0.0,6.470000000000001,2130000000.0
2024-11-27,0.0,0.0,0.9,0.0,0.0,0.51,1.07,0.0,0.51,0.53,1.83,0.0,0.6,0.52,0.0,0.0,6.470000000000001,2130000000.0
2024-11-26,0.0,0.0,0.8,0.0,0.0,0.51,1.07,0.0,0.51,0.53,1.73,0.0,0.6,0.52,0.0,0.0,6.27,2130000000.0
2024-11-25,0.0,0.0,0.8,0.0,0.0,0.51,1.07,0.0,0.51,0.53,1.73,0.0,0.6,0.52,0.0,0.0,6.27,2130000000.0
2024-11-24,0.0,0.0,0.7,0.0,0.0,0.51,1.07,0.0,0.51,0.53,1.82,0.0,0.6,0.52,0.0,0.0,6.26,2130000000.0
2024-11-23,0.0,0.0,0.7,0.0,0.0,0.51,1.07,0.0,0.51,0.53,1.82,0.0,0.6,0.52,0.0,0.0,6.26,2130000000.0
2024-11-22,0.0,0.0,0.7,0.0,0.0,0.51,1.07,0.0,0.51,0.53,1.82,0.0,0.6,0.52,0.0,0.0,6.26,2130000000.0
2024-11-21,0.0,0.0,0.7,0.0,0.0,0.51,1.07,0.0,0.51,0.53,1.72,0.0,0.6,0.52,0.0,0.0,6.16,2130000000.0
2024-11-20,0.0,0.0,0.67,0.0,0.0,0.51,1.07,0.0,0.51,0.53,1.72,0.0,0.6,0.52,0.0,0.0,6.129999999999999,2130000000.0
2024-11-19,0.0,0.0,0.67,0.0,0.0,0.51,1.07,0.0,0.51,0.53,1.72,0.0,0.6,0.52,0.0,0.0,6.129999999999999,2130000000.0
2024-11-18,0.0,0.0,0.67,0.0,0.0,0.51,1.07,0.0,0.51,0.53,1.67,0.0,0.6,0.52,0.0,0.0,6.08,2130000000.0
2024-11-17,0.0,0.0,0.67,0.0,0.0,0.51,1.07,0.0,0.51,0.53,1.67,0.0,0.6,0.52,0.0,0.0,6.08,2130000000.0
2024-11-16,0.0,0.0,0.67,0.0,0.0,0.51,1.07,0.0,0.51,0.53,1.67,0.0,0.6,0.52,0.0,0.0,6.08,2130000000.0
2024-11-15,0.0,0.0,0.67,0.0,0.0,0.51,1.07,0.0,0.51,0.53,1.67,0.0,0.6,0.52,0.0,0.0,6.08,2130000000.0
2024-11-14,0.0,0.0,0.67,0.0,0.0,0.51,1.07,0.0,0.51,0.0,1.67,0.0,0.6,0.52,0.0,0.0,5.549999999999999,2130000000.0
2024-11-13,0.0,0.0,0.74,0.0,0.0,0.51,1.07,0.0,0.51,0.0,1.74,0.0,0.6,0.52,0.0,0.0,5.6899999999999995,2130000000.0
2024-11-12,0.0,0.0,0.74,0.0,0.0,0.51,1.07,0.0,0.51,0.0,1.74,0.0,0.6,0.52,0.0,0.0,5.6899999999999995,2130000000.0
2024-11-11,0.0,0.0,0.62,0.0,0.0,0.51,1.07,0.0,0.51,0.0,1.62,0.0,0.6,0.52,0.0,0.0,5.449999999999999,2130000000.0
2024-11-10,0.0,0.0,0.55,0.0,0.0,0.51,1.07,0.0,0.51,0.0,1.5,0.0,0.6,0.52,0.0,0.0,5.26,2130000000.0
2024-11-09,0.0,0.0,0.55,0.0,0.0,0.51,1.07,0.0,0.51,0.0,1.5,0.0,0.6,0.52,0.0,0.0,5.26,2130000000.0
2024-11-08,0.0,0.0,0.55,0.0,0.0,0.51,1.07,0.0,0.51,0.0,1.5,0.0,0.6,0.52,0.0,0.0,5.26,2130000000.0
2024-11-07,0.0,0.0,0.0,0.0,0.0,0.51,1.07,0.0,0.51,0.0,1.5,0.0,0.6,0.52,0.0,0.0,4.709999999999999,2130000000.0
2024-11-06,0.0,0.0,0.0,0.0,0.0,0.51,1.07,0.0,0.0,0.0,1.22,0.0,0.6,0.52,0.0,0.0,3.92,2130000000.0
2024-11-05,0.0,0.0,0.0,0.0,0.0,0.51,1.07,0.0,0.0,0.0,1.22,0.0,0.6,0.52,0.0,0.0,3.92,2130000000.0
2024-11-04,0.0,0.0,0.0,0.0,0.0,0.51,1.07,0.0,0.0,0.0,1.22,0.0,0.6,0.52,0.0,0.0,3.92,2130000000.0
2024-11-03,0.0,0.0,0.0,0.0,0.0,0.51,1.07,0.0,0.0,0.0,1.22,0.0,0.6,0.52,0.0,0.0,3.92,2130000000.0
2024-11-02,0.0,0.0,0.0,0.0,0.0,0.51,1.07,0.0,0.0,0.0,1.22,0.0,0.6,0.52,0.0,0.0,3.92,2130000000.0
2024-11-01,0.0,0.0,0.0,0.0,0.0,0.51,1.07,0.0,0.0,0.0,1.22,0.0,0.6,0.52,0.0,0.0,3.92,2130000000.0
2024-10-31,0.0,0.0,0.0,0.0,0.0,0.51,1.07,0.0,0.0,0.0,1.22,0.0,0.6,0.52,0.0,0.0,3.92,2130000000.0
2024-10-30,0.0,0.0,0.0,0.0,0.0,0.51,1.07,0.0,0.0,0.0,1.22,0.0,0.6,0.52,0.0,0.0,3.92,2130000000.0
2024-10-29,0.0,0.0,0.0,0.0,0.0,0.51,1.07,0.0,0.0,0.0,1.22,0.0,0.6,0.52,0.0,0.0,3.92,2130000000.0
2024-10-28,0.0,0.0,0.0,0.0,0.0,0.51,1.07,0.0,0.0,0.0,1.1,0.0,0.6,0.52,0.0,0.0,3.8000000000000003,2130000000.0
2024-10-27,0.0,0.0,0.0,0.0,0.0,0.51,1.07,0.0,0.0,0.0,1.1,0.0,0.6,0.52,0.0,0.0,3.8000000000000003,2130000000.0
2024-10-26,0.0,0.0,0.0,0.0,0.0,0.51,1.07,0.0,0.0,0.0,1.1,0.0,0.6,0.52,0.0,0.0,3.8000000000000003,2130000000.0
2024-10-25,0.0,0.0,0.49,0.0,0.0,0.51,1.07,0.0,0.0,0.0,1.1,0.0,0.6,0.52,0.0,0.0,4.290000000000001,2130000000.0
2024-10-24,0.0,0.0,0.49,0.0,0.0,0.51,1.07,0.0,0.0,0.0,1.1,0.0,0.6,0.52,0.0,0.0,4.290000000000001,2130000000.0
2024-10-23,0.0,0.0,0.49,0.0,0.0,0.51,1.07,0.0,0.0,0.0,1.08,0.0,0.6,0.52,0.0,0.0,4.2700000000000005,2130000000.0
2024-10-22,0.0,0.0,0.58,0.0,0.0,0.51,1.07,0.0,0.0,0.0,1.08,0.0,0.6,0.52,0.0,0.0,4.36,2130000000.0
2024-10-21,0.0,0.0,0.58,0.0,0.0,0.51,1.07,0.0,0.0,0.0,1.1,0.0,0.6,0.52,0.0,0.0,4.380000000000001,2130000000.0
2024-10-20,0.0,0.0,0.68,0.0,0.0,0.51,1.07,0.0,0.0,0.0,1.1,0.0,0.6,0.52,0.0,0.0,4.48,2130000000.0
2024-10-19,0.0,0.0,0.68,0.0,0.0,0.51,1.07,0.0,0.0,0.0,1.1,0.0,0.6,0.52,0.0,0.0,4.48,2130000000.0
2024-10-18,0.0,0.0,0.68,0.0,0.0,0.51,1.07,0.0,0.0,0.0,1.1,0.0,0.6,0.52,0.0,0.0,4.48,2130000000.0
2024-10-17,0.0,0.0,0.68,0.0,0.0,0.51,1.07,0.0,0.0,0.0,1.08,0.0,0.6,0.52,0.0,0.0,4.46,2130000000.0
2024-10-16,0.0,0.0,0.9,0.0,0.0,0.51,1.07,0.0,0.0,0.0,1.08,0.0,0.6,0.52,0.0,0.0,4.68,2130000000.0
2024-10-15,0.0,0.0,1.0,0.0,0.0,0.51,1.07,0.0,0.0,0.0,1.08,0.0,0.6,0.52,0.0,0.0,4.779999999999999,2130000000.0
2024-10-14,0.0,0.0,1.17,0.0,0.0,0.51,1.07,0.0,0.0,0.0,1.1,0.0,0.6,0.52,0.0,0.0,4.970000000000001,2130000000.0
2024-10-13,0.0,0.0,1.17,0.0,0.0,0.51,1.07,0.0,0.0,0.0,1.1,0.0,0.6,0.52,0.0,0.0,4.970000000000001,2130000000.0
2024-10-12,0.0,0.0,1.17,0.0,0.0,0.51,1.07,0.0,0.0,0.0,1.1,0.0,0.6,0.52,0.0,0.0,4.970000000000001,2130000000.0
2024-10-11,0.0,0.0,1.17,0.0,0.0,0.51,1.07,0.0,0.0,0.0,1.1,0.0,0.6,0.52,0.0,0.0,4.970000000000001,2130000000.0
2024-10-10,0.0,0.0,1.28,0.0,0.0,0.51,1.07,0.0,0.0,0.0,1.09,0.0,0.6,0.52,0.0,0.0,5.07,2130000000.0
2024-10-09,0.0,0.0,1.28,0.0,0.0,0.51,1.07,0.0,0.0,0.0,1.09,0.0,0.6,0.52,0.0,0.0,5.07,2130000000.0
2024-10-08,0.0,0.0,1.28,0.0,0.0,0.51,1.07,0.0,0.0,0.0,1.12,0.0,0.6,0.52,0.0,0.0,5.1,2130000000.0
2024-10-07,0.0,0.0,1.28,0.0,0.0,0.51,1.07,0.0,0.0,0.0,1.08,0.0,0.6,0.52,0.0,0.0,5.0600000000000005,2130000000.0
2024-10-06,0.0,0.0,1.34,0.0,0.0,0.51,1.07,0.0,0.0,0.0,1.15,0.0,0.6,0.52,0.0,0.0,5.1899999999999995,2130000000.0
2024-10-05,0.0,0.0,1.34,0.0,0.0,0.51,1.07,0.0,0.0,0.0,1.15,0.0,0.6,0.52,0.0,0.0,5.1899999999999995,2130000000.0
2024-10-04,0.0,0.0,1.34,0.0,0.0,0.51,1.07,0.0,0.0,0.0,1.15,0.0,0.6,0.52,0.0,0.0,5.1899999999999995,2130000000.0
2024-10-03,0.0,0.0,1.43,0.0,0.0,0.51,1.07,0.0,0.0,0.0,1.21,0.0,0.6,0.0,0.0,0.0,4.819999999999999,2130000000.0
2024-10-02,0.0,0.0,1.56,0.0,0.0,0.51,1.07,0.0,0.0,0.0,1.12,0.0,0.6,0.0,0.0,0.0,4.86,2130000000.0
2024-10-01,0.0,0.0,1.77,0.0,0.0,0.51,1.07,0.0,0.0,0.0,1.12,0.0,0.6,0.0,0.0,0.0,5.07,2130000000.0
2024-09-30,0.0,0.0,1.77,0.0,0.0,0.51,1.07,0.0,0.0,0.0,1.12,0.0,0.6,0.0,0.0,0.0,5.07,2370000000.0
2024-09-29,0.0,0.0,1.85,0.0,0.0,0.51,1.07,0.0,0.0,0.0,1.12,0.0,0.6,0.0,0.0,0.0,5.15,2370000000.0
2024-09-28,0.0,0.0,1.85,0.0,0.0,0.51,1.07,0.0,0.0,0.0,1.12,0.0,0.6,0.0,0.0,0.0,5.15,2370000000.0
2024-09-27,0.0,0.0,1.85,0.0,0.0,0.51,1.07,0.0,0.45,0.0,1.12,0.0,0.6,0.0,0.0,0.0,5.6000000000000005,2370000000.0
2024-09-26,0.0,0.0,1.85,0.0,0.0,0.51,1.16,0.0,0.45,0.0,1.12,0.0,0.6,0.0,0.0,0.0,5.69,2370000000.0
2024-09-25,0.0,0.0,1.85,0.0,0.0,0.51,1.16,0.0,0.45,0.0,1.12,0.0,0.6,0.0,0.0,0.0,5.69,2370000000.0
2024-09-24,0.0,0.0,1.85,0.0,0.0,0.51,1.16,0.0,0.59,0.0,1.26,0.0,0.6,0.0,0.0,0.0,5.97,2370000000.0
2024-09-23,0.0,0.0,1.85,0.0,0.0,0.51,1.16,0.0,0.59,0.0,1.26,0.0,0.6,0.0,0.0,0.0,5.97,2370000000.0
2024-09-22,0.0,0.0,1.85,0.0,0.0,0.51,1.16,0.0,0.59,0.0,1.12,0.0,0.6,0.0,0.0,0.0,5.83,2370000000.0
2024-09-21,0.0,0.0,1.85,0.0,0.0,0.51,1.16,0.0,0.59,0.0,1.12,0.0,0.6,0.0,0.0,0.0,5.83,2370000000.0
2024-09-20,0.0,0.0,1.85,0.0,0.0,0.51,1.16,0.0,0.59,0.0,1.12,0.0,0.6,0.0,0.0,0.0,5.83,2370000000.0
2024-09-19,0.0,0.0,1.85,0.0,0.0,0.51,1.16,0.0,0.59,0.49,1.12,0.0,0.6,0.0,0.0,0.0,6.32,2370000000.0
2024-09-18,0.0,0.0,1.85,0.0,0.0,0.51,0.0,0.0,0.59,0.49,1.0,0.0,0.6,0.0,0.0,0.0,5.04,2370000000.0
2024-09-17,0.0,0.0,1.85,0.0,0.0,0.51,0.0,0.0,0.59,0.49,1.0,0.0,0.6,0.0,0.0,0.0,5.04,2370000000.0
2024-09-16,0.0,0.0,1.77,0.0,0.0,0.51,0.0,0.0,0.59,0.58,1.0,0.0,0.6,0.0,0.0,0.0,5.05,2370000000.0
2024-09-15,0.0,0.0,1.77,0.0,0.0,0.51,0.0,0.0,0.59,0.58,1.0,0.0,0.5,0.0,0.0,0.0,4.95,2370000000.0
2024-09-14,0.0,0.0,1.77,0.0,0.0,0.51,0.0,0.0,0.59,0.58,1.0,0.0,0.5,0.0,0.0,0.0,4.95,2370000000.0
2024-09-13,0.0,0.0,1.77,0.0,0.0,0.51,0.0,0.0,0.59,0.58,1.0,0.0,0.5,0.0,0.0,0.0,4.95,2370000000.0
2024-09-12,0.0,0.0,1.77,0.0,0.0,0.51,0.0,0.0,0.59,0.58,1.0,0.0,0.5,0.0,0.0,0.0,4.95,2370000000.0
2024-09-11,0.0,0.0,1.77,0.0,0.0,0.51,0.0,0.0,0.59,0.58,1.0,0.0,0.5,0.0,0.0,0.0,4.95,2370000000.0
2024-09-10,0.0,0.0,1.77,0.0,0.0,0.51,0.0,0.0,0.59,0.58,1.0,0.0,0.5,0.0,0.0,0.0,4.95,2370000000.0
2024-09-09,0.0,0.0,1.77,0.0,0.0,0.51,0.0,0.0,0.59,0.69,0.91,0.0,0.5,0.0,0.0,0.0,4.97,2370000000.0
2024-09-08,0.0,0.0,1.77,0.0,0.0,0.51,0.0,0.0,0.59,0.69,0.91,0.0,0.5,0.0,0.0,0.0,4.97,2370000000.0
2024-09-07,0.0,0.0,1.77,0.0,0.0,0.51,0.0,0.0,0.59,0.69,0.91,0.0,0.5,0.0,0.0,0.0,4.97,2370000000.0
2024-09-06,0.0,0.0,1.77,0.0,0.0,0.51,0.0,0.0,0.59,0.69,0.91,0.0,0.5,0.0,0.0,0.0,4.97,2370000000.0
2024-09-05,0.0,0.0,1.77,0.0,0.0,0.51,0.0,0.0,0.59,0.69,0.91,0.0,0.5,0.0,0.0,0.0,4.97,2370000000.0
2024-09-04,0.0,0.0,1.77,0.0,0.0,0.51,0.0,0.0,0.59,0.69,0.91,0.0,0.5,0.0,0.0,0.0,4.97,2370000000.0
2024-09-03,0.0,0.0,1.77,0.0,0.0,0.51,0.0,0.0,0.59,0.69,0.91,0.0,0.5,0.0,0.0,0.0,4.97,2370000000.0
2024-09-02,0.0,0.0,1.89,0.0,0.0,0.51,0.0,0.0,0.59,0.69,0.8,0.0,0.0,0.0,0.0,0.0,4.4799999999999995,2370000000.0
2024-09-01,0.0,0.0,1.89,0.0,0.0,0.51,0.0,0.0,0.59,0.69,0.8,0.0,0.0,0.0,0.0,0.0,4.4799999999999995,2370000000.0
2024-08-31,0.0,0.0,1.89,0.0,0.0,0.51,0.0,0.0,0.59,0.69,0.8,0.0,0.0,0.0,0.0,0.0,4.4799999999999995,2370000000.0
2024-08-30,0.0,0.0,1.89,0.0,0.0,0.51,0.0,0.0,0.59,0.69,0.8,0.0,0.0,0.0,0.0,0.0,4.4799999999999995,2370000000.0
2024-08-29,0.0,0.0,1.89,0.0,0.0,0.51,0.0,0.0,0.59,0.69,0.8,0.0,0.0,0.0,0.0,0.0,4.4799999999999995,2370000000.0
2024-08-28,0.0,0.0,1.89,0.0,0.0,0.51,0.0,0.0,0.59,0.69,0.77,0.0,0.0,0.0,0.0,0.0,4.449999999999999,2370000000.0
2024-08-27,0.0,0.0,1.89,0.0,0.0,0.51,0.0,0.0,0.59,0.69,0.77,0.0,0.0,0.0,0.0,0.0,4.449999999999999,2370000000.0
2024-08-26,0.0,0.0,1.89,0.0,0.0,0.51,0.0,0.0,0.59,0.69,0.77,0.0,0.0,0.0,0.0,0.0,4.449999999999999,2370000000.0
2024-08-25,0.0,0.0,1.89,0.0,0.0,0.51,0.0,0.0,0.59,0.69,0.77,0.0,0.0,0.0,0.0,0.0,4.449999999999999,2370000000.0
2024-08-24,0.0,0.0,1.89,0.0,0.0,0.51,0.0,0.0,0.59,0.69,0.77,0.0,0.0,0.0,0.0,0.0,4.449999999999999,2370000000.0
2024-08-23,0.0,0.0,1.89,0.0,0.0,0.51,0.0,0.0,0.59,0.69,0.77,0.0,0.0,0.0,0.0,0.0,4.449999999999999,2370000000.0
2024-08-22,0.0,0.0,1.89,0.0,0.0,0.51,0.0,0.0,0.59,0.69,0.88,0.0,0.0,0.0,0.0,0.0,4.56,2370000000.0
2024-08-21,0.0,0.0,1.89,0.0,0.0,0.51,0.0,0.0,0.59,0.69,0.88,0.0,0.0,0.0,0.0,0.0,4.56,2370000000.0
2024-08-20,0.0,0.0,1.89,0.0,0.0,0.51,0.0,0.0,0.59,0.71,0.88,0.0,0.0,0.0,0.0,0.0,4.58,2370000000.0
2024-08-19,0.0,0.0,1.89,0.0,0.0,0.51,0.0,0.0,0.59,0.71,0.88,0.0,0.0,0.0,0.0,0.0,4.58,2370000000.0
2024-08-18,0.0,0.0,1.89,0.0,0.0,0.0,0.0,0.0,0.59,0.71,0.88,0.0,0.0,0.0,0.0,0.0,4.07,2370000000.0
2024-08-17,0.0,0.0,1.89,0.0,0.0,0.0,0.0,0.0,0.59,0.71,0.88,0.0,0.0,0.0,0.0,0.0,4.07,2370000000.0
2024-08-16,0.0,0.0,1.89,0.0,0.0,0.0,0.0,0.0,0.59,0.71,0.88,0.0,0.0,0.0,0.0,0.0,4.07,2370000000.0
2024-08-15,0.0,0.0,1.89,0.0,0.0,0.0,0.0,0.0,0.59,0.71,0.88,0.0,0.0,0.0,0.0,0.0,4.07,2370000000.0
2024-08-14,0.0,0.0,1.89,0.0,0.0,0.0,0.0,0.0,0.59,0.71,0.88,0.0,0.0,0.0,0.0,0.0,4.07,2370000000.0
2024-08-13,0.0,0.0,1.89,0.0,0.0,0.0,0.0,0.0,0.59,0.71,0.88,0.0,0.0,0.0,0.0,0.0,4.07,2370000000.0
2024-08-12,0.0,0.0,1.89,0.0,0.0,0.0,0.0,0.0,0.59,0.71,0.88,0.0,0.0,0.0,0.0,0.0,4.07,2370000000.0
2024-08-11,0.0,0.0,1.89,0.0,0.0,0.0,0.0,0.0,0.59,0.71,0.88,0.0,0.0,0.0,0.0,0.0,4.07,2370000000.0
2024-08-10,0.0,0.0,1.89,0.0,0.0,0.0,0.0,0.0,0.59,0.71,0.88,0.0,0.0,0.0,0.0,0.0,4.07,2370000000.0
2024-08-09,0.0,0.0,1.89,0.0,0.0,0.0,0.0,0.0,0.59,0.71,0.88,0.0,0.0,0.0,0.0,0.0,4.07,2370000000.0
2024-08-08,0.0,0.0,1.89,0.0,0.0,0.0,0.0,0.0,0.59,0.71,0.88,0.0,0.0,0.0,0.0,0.0,4.07,2370000000.0
2024-08-07,0.0,0.0,1.89,0.0,0.0,0.0,0.0,0.0,0.59,0.61,0.88,0.0,0.0,0.0,0.0,0.0,3.9699999999999998,2370000000.0
2024-08-06,0.0,0.0,1.99,0.0,0.0,0.0,0.0,0.0,0.59,0.61,0.88,0.0,0.0,0.0,0.0,0.0,4.07,2370000000.0
2024-08-05,0.0,0.0,1.99,0.0,0.0,0.0,0.0,0.0,0.59,0.61,0.88,0.0,0.0,0.0,0.0,0.0,4.07,2370000000.0
2024-08-04,0.0,0.0,1.99,0.0,0.0,0.0,0.0,0.0,0.59,0.61,0.88,0.0,0.0,0.0,0.0,0.0,4.07,2370000000.0
2024-08-03,0.0,0.0,1.99,0.0,0.0,0.0,0.0,0.0,0.59,0.61,0.88,0.0,0.0,0.0,0.0,0.0,4.07,2370000000.0
2024-08-02,0.0,0.0,1.99,0.0,0.0,0.0,0.0,0.0,0.59,0.61,0.88,0.0,0.0,0.0,0.0,0.0,4.07,2370000000.0
2024-08-01,0.0,0.0,1.99,0.0,0.0,0.0,0.0,0.0,0.59,0.58,0.88,0.0,0.0,0.0,0.0,0.0,4.04,2370000000.0
2024-07-31,0.0,0.0,1.99,0.0,0.0,0.0,0.0,0.0,0.59,0.58,0.78,0.0,0.0,0.0,0.0,0.0,3.9400000000000004,2370000000.0
2024-07-30,0.0,0.0,1.99,0.0,0.0,0.0,0.0,0.0,0.59,0.58,0.8,0.0,0.0,0.0,0.0,0.0,3.96,2370000000.0
2024-07-29,0.0,0.0,1.99,0.0,0.0,0.0,0.0,0.0,0.59,0.58,0.76,0.0,0.0,0.0,0.0,0.0,3.92,2370000000.0
2024-07-28,0.0,0.0,1.99,0.0,0.0,0.0,0.0,0.0,0.59,0.58,0.76,0.0,0.0,0.0,0.0,0.0,3.92,2370000000.0
2024-07-27,0.0,0.0,1.99,0.0,0.0,0.0,0.0,0.0,0.59,0.58,0.76,0.0,0.0,0.0,0.0,0.0,3.92,2370000000.0
2024-07-26,0.0,0.0,1.99,0.0,0.0,0.0,0.0,0.0,0.59,0.58,0.76,0.0,0.0,0.0,0.0,0.0,3.92,2370000000.0
2024-07-25,0.0,0.0,1.99,0.0,0.0,0.0,0.0,0.0,0.59,0.6,0.86,0.0,0.0,0.0,0.0,0.0,4.04,2370000000.0
2024-07-24,0.0,0.0,1.99,0.0,0.0,0.0,0.0,0.0,0.59,0.6,0.93,0.0,0.0,0.0,0.0,0.0,4.11,2370000000.0
2024-07-23,0.0,0.0,1.99,0.0,0.0,0.0,0.0,0.0,0.59,0.6,0.93,0.0,0.0,0.0,0.0,0.0,4.11,2370000000.0
2024-07-22,0.0,0.0,1.99,0.0,0.0,0.0,0.0,0.0,0.59,0.6,0.79,0.0,0.0,0.0,0.0,0.0,3.97,2370000000.0
2024-07-21,0.0,0.0,1.99,0.0,0.0,0.0,0.0,0.0,0.59,0.6,0.79,0.0,0.0,0.0,0.0,0.0,3.97,2370000000.0
2024-07-20,0.0,0.0,1.99,0.0,0.0,0.0,0.0,0.0,0.59,0.6,0.79,0.0,0.0,0.0,0.0,0.0,3.97,2370000000.0
2024-07-19,0.0,0.0,1.99,0.0,0.0,0.0,0.0,0.0,0.59,0.6,0.79,0.0,0.0,0.0,0.0,0.0,3.97,2370000000.0
2024-07-18,0.0,0.0,1.99,0.0,0.0,0.0,0.0,0.0,0.59,0.6,0.79,0.0,0.0,0.0,0.0,0.0,3.97,2370000000.0
2024-07-17,0.0,0.0,1.99,0.0,0.0,0.0,0.0,0.0,0.59,0.57,0.87,0.0,0.0,0.0,0.0,0.0,4.02,2370000000.0
2024-07-16,0.0,0.0,1.99,0.0,0.0,0.0,0.0,0.0,0.59,0.57,0.9,0.0,0.0,0.0,0.0,0.0,4.05,2370000000.0
2024-07-15,0.0,0.0,1.99,0.0,0.0,0.0,0.0,0.0,0.59,0.57,0.9,0.0,0.0,0.0,0.0,0.0,4.05,2370000000.0
2024-07-14,0.0,0.0,1.99,0.0,0.0,0.0,0.0,0.0,0.59,0.6,0.86,0.0,0.0,0.0,0.0,0.0,4.04,2370000000.0
2024-07-13,0.0,0.0,1.99,0.0,0.0,0.0,0.0,0.0,0.59,0.6,0.86,0.0,0.0,0.0,0.0,0.0,4.04,2370000000.0
2024-07-12,0.0,0.0,1.99,0.0,0.0,0.0,0.0,0.0,0.59,0.6,0.86,0.49,0.0,0.0,0.0,0.0,4.53,2370000000.0
2024-07-11,0.0,0.0,1.99,0.0,0.0,0.0,1.2,0.0,0.59,0.6,0.86,0.49,0.0,0.0,0.0,0.0,5.73,2370000000.0
2024-07-10,0.0,0.0,1.99,0.0,0.0,0.0,1.2,0.0,0.59,0.6,0.92,0.49,0.0,0.0,0.0,0.0,5.79,2370000000.0
2024-07-09,0.0,0.0,1.99,0.0,0.0,0.0,1.2,0.0,0.59,0.52,0.92,0.59,0.0,0.0,0.0,0.0,5.81,2370000000.0
2024-07-08,0.0,0.0,1.99,0.0,0.0,0.0,1.2,0.0,0.59,0.52,0.83,0.59,0.0,0.0,0.0,0.0,5.72,2370000000.0
2024-07-07,0.0,0.0,1.99,0.0,0.0,0.0,1.2,0.0,0.59,0.0,0.83,0.59,0.0,0.0,0.0,0.0,5.199999999999999,2370000000.0
2024-07-06,0.0,0.0,1.99,0.0,0.0,0.0,1.2,0.0,0.59,0.0,0.83,0.59,0.0,0.0,0.0,0.0,5.199999999999999,2370000000.0
2024-07-05,0.0,0.0,1.99,0.0,0.0,0.0,1.2,0.0,0.59,0.0,0.83,0.59,0.0,0.0,0.0,0.0,5.199999999999999,2370000000.0
2024-07-04,0.0,0.0,1.99,0.0,0.0,0.49,1.2,0.0,0.59,0.0,0.83,0.59,0.0,0.0,0.0,0.0,5.6899999999999995,2370000000.0
2024-07-03,0.0,0.0,1.99,0.0,0.0,0.49,1.2,0.0,0.59,0.0,0.83,0.59,0.0,0.0,0.0,0.0,5.6899999999999995,2370000000.0
2024-07-02,0.0,0.0,1.99,0.0,0.0,0.49,1.2,0.0,0.59,0.0,0.83,0.68,0.0,0.0,0.0,0.0,5.779999999999999,2370000000.0
2024-07-01,0.0,0.0,1.99,0.0,0.0,0.53,1.2,0.0,0.59,0.0,0.83,0.68,0.0,0.0,0.0,0.0,5.819999999999999,2370000000.0
2024-06-30,0.0,0.0,1.99,0.0,0.0,0.53,1.2,0.0,0.59,0.0,0.92,0.68,0.0,0.0,0.0,0.0,5.909999999999999,2160000000.0
2024-06-29,0.0,0.0,1.99,0.0,0.0,0.53,1.2,0.0,0.59,0.0,0.92,0.68,0.0,0.0,0.0,0.0,5.909999999999999,2160000000.0
2024-06-28,0.0,0.0,1.99,0.0,0.0,0.53,1.2,0.0,0.59,0.0,0.92,0.68,0.0,0.0,0.0,0.0,5.909999999999999,2160000000.0
2024-06-27,0.0,0.0,1.99,0.0,0.0,0.53,1.2,0.0,0.59,0.0,0.7,0.68,0.0,0.0,0.0,0.0,5.6899999999999995,2160000000.0
2024-06-26,0.0,0.0,1.99,0.0,0.0,0.53,1.2,0.0,0.59,0.0,0.7,0.68,0.0,0.0,0.0,0.0,5.6899999999999995,2160000000.0
2024-06-25,0.0,0.0,1.99,0.0,0.0,0.53,1.2,0.0,0.67,0.0,0.64,0.68,0.0,0.0,0.0,0.0,5.709999999999999,2160000000.0
2024-06-24,0.0,0.0,1.99,0.0,0.0,0.53,1.2,0.0,0.67,0.0,0.64,0.68,0.0,0.0,0.0,0.0,5.709999999999999,2160000000.0
2024-06-23,0.0,0.0,1.99,0.0,0.0,0.53,1.2,0.0,0.67,0.0,0.64,0.68,0.0,0.0,0.0,0.0,5.709999999999999,2160000000.0
2024-06-22,0.0,0.0,1.99,0.0,0.0,0.53,1.2,0.0,0.67,0.0,0.64,0.68,0.0,0.0,0.0,0.0,5.709999999999999,2160000000.0
2024-06-21,0.0,0.0,1.99,0.0,0.0,0.53,1.2,0.0,0.67,0.0,0.64,0.68,0.0,0.0,0.0,0.0,5.709999999999999,2160000000.0
2024-06-20,0.0,0.0,1.99,0.0,0.0,0.53,1.2,0.0,0.67,0.0,0.64,0.68,0.0,0.0,0.0,0.0,5.709999999999999,2160000000.0
2024-06-19,0.0,0.0,1.99,0.0,0.0,0.53,1.2,0.0,0.67,0.0,0.75,0.68,0.0,0.0,0.0,0.0,5.819999999999999,2160000000.0
2024-06-18,0.0,0.0,2.08,0.0,0.0,0.53,1.2,0.0,0.67,0.0,0.75,0.68,0.0,0.0,0.0,0.0,5.91,2160000000.0
2024-06-17,0.0,0.0,2.08,0.0,0.0,0.53,1.2,0.0,0.67,0.0,0.84,0.7,0.0,0.0,0.0,0.0,6.0200000000000005,2160000000.0
2024-06-16,0.0,0.0,2.08,0.0,0.0,0.53,1.2,0.0,0.67,0.0,0.74,0.7,0.0,0.0,0.0,0.0,5.920000000000001,2160000000.0
2024-06-15,0.0,0.0,2.08,0.0,0.0,0.53,1.2,0.0,0.67,0.0,0.74,0.7,0.0,0.0,0.0,0.0,5.920000000000001,2160000000.0
2024-06-14,0.0,0.0,2.08,0.0,0.0,0.53,1.2,0.0,0.67,0.0,0.74,0.7,0.0,0.0,0.0,0.0,5.920000000000001,2160000000.0
2024-06-13,0.0,0.0,2.08,0.0,0.0,0.53,1.2,0.0,0.67,0.0,0.74,0.63,0.0,0.0,0.0,0.0,5.8500000000000005,2160000000.0
2024-06-12,0.0,0.0,2.11,0.0,0.0,0.53,1.2,0.0,0.67,0.0,0.66,0.63,0.0,0.0,0.0,0.0,5.8,2160000000.0
2024-06-11,0.0,0.0,2.11,0.0,0.0,0.53,1.2,0.0,0.67,0.0,0.7,0.63,0.0,0.0,0.0,0.0,5.84,2160000000.0
2024-06-10,0.0,0.0,2.11,0.0,0.0,0.53,1.2,0.0,0.67,0.0,0.62,0.63,0.0,0.0,0.0,0.0,5.76,2160000000.0
2024-06-09,0.0,0.0,2.11,0.0,0.0,0.53,1.2,0.0,0.71,0.0,0.62,0.51,0.0,0.0,0.0,0.0,5.68,2160000000.0
2024-06-08,0.0,0.0,2.11,0.0,0.0,0.53,1.2,0.0,0.71,0.0,0.62,0.51,0.0,0.0,0.0,0.0,5.68,2160000000.0
2024-06-07,0.0,0.0,2.11,0.0,0.0,0.53,1.2,0.0,0.71,0.0,0.62,0.51,0.0,0.0,0.0,0.0,5.68,2160000000.0
2024-06-06,0.0,0.0,2.11,0.0,0.0,0.53,1.2,0.0,0.71,0.0,0.62,0.51,0.0,0.0,0.0,0.0,5.68,2160000000.0
2024-06-05,0.0,0.0,2.11,0.0,0.0,0.53,1.2,0.0,0.71,0.0,0.54,0.51,0.0,0.0,0.0,0.0,5.6,2160000000.0
2024-06-04,0.0,0.0,2.11,0.0,0.0,0.53,1.2,0.0,0.71,0.0,0.54,0.0,0.0,0.0,0.0,0.0,5.09,2160000000.0
2024-06-03,0.0,0.0,2.11,0.0,0.0,0.53,1.2,0.0,0.71,0.0,0.54,0.0,0.0,0.0,0.0,0.0,5.09,2160000000.0
2024-06-02,0.0,0.0,2.11,0.0,0.0,0.53,1.2,0.0,0.71,0.0,0.54,0.0,0.0,0.0,0.0,0.0,5.09,2160000000.0
2024-06-01,0.0,0.0,2.11,0.0,0.0,0.53,1.2,0.0,0.71,0.0,0.54,0.0,0.0,0.0,0.0,0.0,5.09,2160000000.0
2024-05-31,0.0,0.0,2.11,0.0,0.0,0.53,1.2,0.0,0.71,0.0,0.54,0.0,0.0,0.0,0.0,0.0,5.09,2160000000.0
2024-05-30,0.0,0.0,2.11,0.0,0.0,0.53,1.2,0.0,0.6,0.0,0.54,0.0,0.0,0.0,0.0,0.0,4.9799999999999995,2160000000.0
2024-05-29,0.0,0.0,2.11,0.0,0.0,0.53,1.2,0.0,0.6,0.0,0.0,0.0,0.0,0.0,0.0,0.0,4.4399999999999995,2160000000.0
2024-05-28,0.0,0.0,2.11,0.0,0.0,0.53,1.2,0.0,0.6,0.0,0.49,0.0,0.0,0.0,0.0,0.0,4.93,2160000000.0
2024-05-27,0.0,0.0,2.11,0.0,0.0,0.68,1.2,0.0,0.6,0.0,0.49,0.0,0.0,0.0,0.0,0.0,5.08,2160000000.0
2024-05-26,0.0,0.0,2.11,0.0,0.0,0.68,1.2,0.0,0.6,0.0,0.49,0.0,0.0,0.0,0.0,0.0,5.08,2160000000.0
2024-05-25,0.0,0.0,2.11,0.0,0.0,0.68,1.2,0.0,0.6,0.0,0.49,0.0,0.0,0.0,0.0,0.0,5.08,2160000000.0
2024-05-24,0.0,0.0,2.11,0.0,0.0,0.68,1.2,0.0,0.6,0.0,0.49,0.0,0.0,0.0,0.0,0.0,5.08,2160000000.0
2024-05-23,0.0,0.0,2.04,0.0,0.0,0.68,1.2,0.0,0.6,0.0,0.52,0.0,0.0,0.0,0.0,0.0,5.039999999999999,2160000000.0
2024-05-22,0.0,0.0,2.04,0.0,0.0,0.68,1.2,0.0,0.6,0.0,0.52,0.0,0.0,0.0,0.0,0.0,5.039999999999999,2160000000.0
2024-05-21,0.0,0.0,2.04,0.0,0.0,0.68,1.2,0.0,0.6,0.0,0.52,0.0,0.0,0.0,0.0,0.0,5.039999999999999,2160000000.0
2024-05-20,0.0,0.0,2.04,0.0,0.0,0.68,1.2,0.0,0.6,0.0,0.52,0.0,0.0,0.0,0.0,0.0,5.039999999999999,2160000000.0
2024-05-19,0.0,0.0,2.04,0.0,0.0,0.68,1.2,0.0,0.6,0.0,0.52,0.0,0.0,0.0,0.0,0.0,5.039999999999999,2160000000.0
2024-05-18,0.0,0.0,2.04,0.0,0.0,0.68,1.2,0.0,0.6,0.0,0.52,0.0,0.0,0.0,0.0,0.0,5.039999999999999,2160000000.0
2024-05-17,0.0,0.0,2.04,0.0,0.0,0.68,1.2,0.0,0.6,0.0,0.52,0.0,0.0,0.0,0.0,0.0,5.039999999999999,2160000000.0
2024-05-16,0.0,0.0,2.04,0.0,0.0,0.68,1.2,0.0,0.6,0.0,0.52,0.0,0.0,0.0,0.0,0.0,5.039999999999999,2160000000.0
2024-05-15,0.0,0.0,2.04,0.0,0.0,0.68,1.2,0.0,0.6,0.0,0.52,0.0,0.0,0.0,0.0,0.0,5.039999999999999,2160000000.0
2024-05-14,0.0,0.0,2.04,0.0,0.0,0.68,1.2,0.0,0.6,0.0,0.52,0.0,0.0,0.0,0.0,0.0,5.039999999999999,2160000000.0
2024-05-13,0.0,0.0,2.19,0.0,0.0,0.68,1.2,0.0,0.6,0.0,0.0,0.0,0.0,0.0,0.0,0.0,4.67,2160000000.0
2024-05-12,0.0,0.0,2.19,0.0,0.0,0.68,1.2,0.0,0.6,0.0,0.0,0.0,0.0,0.0,0.0,0.0,4.67,2160000000.0
2024-05-11,0.0,0.0,2.19,0.0,0.0,0.68,1.2,0.0,0.6,0.0,0.0,0.0,0.0,0.0,0.0,0.0,4.67,2160000000.0
2024-05-10,0.0,0.0,2.19,0.0,0.0,0.68,1.2,0.0,0.6,0.0,0.0,0.0,0.0,0.0,0.0,0.0,4.67,2160000000.0
2024-05-09,0.0,0.0,2.19,0.0,0.49,0.68,1.2,0.0,0.6,0.0,0.0,0.0,0.0,0.0,0.0,0.0,5.159999999999999,2160000000.0
2024-05-08,0.0,0.0,2.19,0.0,0.49,0.68,1.2,0.0,0.6,0.0,0.0,0.0,0.0,0.0,0.0,0.0,5.159999999999999,2160000000.0
2024-05-07,0.0,0.0,2.19,0.0,0.49,0.68,1.2,0.0,0.6,0.0,0.0,0.0,0.0,0.0,0.0,0.0,5.159999999999999,2160000000.0
2024-05-06,0.0,0.0,2.19,0.0,0.56,0.68,1.2,0.0,0.6,0.0,0.0,0.0,0.0,0.0,0.0,0.0,5.2299999999999995,2160000000.0
2024-05-05,0.0,0.0,2.19,0.0,0.56,0.68,1.2,0.0,0.6,0.0,0.0,0.0,0.0,0.0,0.0,0.0,5.2299999999999995,2160000000.0
2024-05-04,0.0,0.0,2.19,0.0,0.56,0.68,1.2,0.0,0.6,0.0,0.0,0.0,0.0,0.0,0.0,0.0,5.2299999999999995,2160000000.0
2024-05-03,0.0,0.0,2.19,0.0,0.56,0.68,1.2,0.0,0.6,0.0,0.0,0.0,0.0,0.0,0.0,0.0,5.2299999999999995,2160000000.0
2024-05-02,0.0,0.0,2.19,0.0,0.56,0.68,1.2,0.0,0.6,0.0,0.0,0.0,0.0,0.0,0.0,0.0,5.2299999999999995,2160000000.0
2024-05-01,0.0,0.0,2.19,0.0,0.56,0.68,1.2,0.0,0.6,0.0,0.0,0.0,0.0,0.0,0.0,0.0,5.2299999999999995,2160000000.0
2024-04-30,0.0,0.0,2.19,0.0,0.56,0.68,1.2,0.0,0.6,0.0,0.0,0.0,0.0,0.0,0.0,0.0,5.2299999999999995,2160000000.0
2024-04-29,0.0,0.0,2.19,0.0,0.56,0.68,1.2,0.0,0.6,0.48,0.0,0.0,0.0,0.0,0.0,0.0,5.709999999999999,2160000000.0
2024-04-28,0.0,0.0,2.19,0.0,0.56,0.72,1.2,0.0,0.6,0.48,0.0,0.0,0.0,0.0,0.0,0.0,5.75,2160000000.0
2024-04-27,0.0,0.0,2.19,0.0,0.56,0.72,1.2,0.0,0.6,0.48,0.0,0.0,0.0,0.0,0.0,0.0,5.75,2160000000.0
2024-04-26,0.0,0.0,2.19,0.0,0.56,0.72,1.2,0.0,0.6,0.48,0.0,0.0,0.0,0.0,0.0,0.0,5.75,2160000000.0
2024-04-25,0.0,0.0,2.19,0.0,0.56,0.72,1.2,0.0,0.6,0.48,0.0,0.0,0.0,0.0,0.0,0.0,5.75,2160000000.0
2024-04-24,0.0,0.0,2.19,0.0,0.56,0.72,1.2,0.0,0.6,0.59,0.0,0.0,0.0,0.0,0.0,0.0,5.859999999999999,2160000000.0
2024-04-23,0.0,0.0,2.19,0.0,0.56,0.72,1.2,0.0,0.6,0.59,0.0,0.0,0.0,0.0,0.0,0.0,5.859999999999999,2160000000.0
2024-04-22,0.0,0.0,2.19,0.0,0.56,0.72,1.2,0.0,0.6,0.59,0.0,0.0,0.0,0.0,0.0,0.0,5.859999999999999,2160000000.0
2024-04-21,0.0,0.0,2.19,0.0,0.56,0.72,1.2,0.0,0.6,0.59,0.0,0.0,0.0,0.0,0.0,0.0,5.859999999999999,2160000000.0
2024-04-20,0.0,0.0,2.19,0.0,0.56,0.72,1.2,0.0,0.6,0.59,0.0,0.0,0.0,0.0,0.0,0.0,5.859999999999999,2160000000.0
2024-04-19,0.0,0.0,2.19,0.0,0.56,0.72,1.2,0.0,0.6,0.59,0.0,0.0,0.0,0.0,0.0,0.0,5.859999999999999,2160000000.0
2024-04-18,0.0,0.0,2.19,0.0,0.56,0.72,1.2,0.0,0.59,0.59,0.0,0.0,0.0,0.0,0.0,0.0,5.85,2160000000.0
2024-04-17,0.0,0.0,2.19,0.0,0.56,0.72,1.2,0.0,0.59,0.61,0.0,0.0,0.0,0.0,0.0,0.0,5.87,2160000000.0
2024-04-16,0.0,0.0,2.19,0.0,0.56,0.72,1.2,0.0,0.59,0.52,0.0,0.0,0.0,0.0,0.0,0.0,5.779999999999999,2160000000.0
2024-04-15,0.0,0.0,2.19,0.0,0.56,0.72,1.2,0.0,0.59,0.52,0.0,0.0,0.0,0.0,0.0,0.0,5.779999999999999,2160000000.0
2024-04-14,0.0,0.0,2.19,0.0,0.56,0.68,1.2,0.0,0.62,0.52,0.0,0.0,0.0,0.0,0.0,0.0,5.77,2160000000.0
2024-04-13,0.0,0.0,2.19,0.0,0.56,0.68,1.2,0.0,0.62,0.52,0.0,0.0,0.0,0.0,0.0,0.0,5.77,2160000000.0
2024-04-12,0.0,0.0,2.19,0.0,0.56,0.68,1.2,0.0,0.62,0.52,0.0,0.0,0.0,0.0,0.0,0.0,5.77,2160000000.0
2024-04-11,0.0,0.0,2.19,0.0,0.56,0.68,1.2,0.0,0.62,0.52,0.0,0.0,0.0,0.0,0.0,0.0,5.77,2160000000.0
2024-04-10,0.0,0.0,2.19,0.0,0.56,0.68,1.2,0.0,0.62,0.52,0.0,0.0,0.0,0.0,0.0,0.0,5.77,2160000000.0
2024-04-09,0.0,0.0,2.19,0.0,0.56,0.68,1.2,0.0,0.62,0.52,0.0,0.0,0.0,0.0,0.0,0.0,5.77,2160000000.0
2024-04-08,0.0,0.0,2.19,0.0,0.56,0.68,1.2,0.0,0.62,0.52,0.0,0.0,0.0,0.0,0.0,0.0,5.77,2160000000.0
2024-04-07,0.0,0.0,2.19,0.0,0.56,0.68,1.2,0.0,0.62,0.52,0.0,0.0,0.0,0.0,0.0,0.0,5.77,2160000000.0
2024-04-06,0.0,0.0,2.19,0.0,0.56,0.68,1.2,0.0,0.62,0.52,0.0,0.0,0.0,0.0,0.0,0.0,5.77,2160000000.0
2024-04-05,0.0,0.0,2.19,0.0,0.56,0.68,1.2,0.0,0.62,0.52,0.0,0.0,0.0,0.0,0.0,0.0,5.77,2160000000.0
2024-04-04,0.0,0.0,2.19,0.0,0.56,0.68,1.2,0.0,0.62,0.52,0.0,0.0,0.0,0.0,0.0,0.0,5.77,2160000000.0
2024-04-03,0.0,0.0,2.19,0.0,0.56,0.68,1.2,0.0,0.62,0.52,0.0,0.0,0.0,0.0,0.0,0.0,5.77,2160000000.0
2024-04-02,0.0,0.0,2.19,0.0,0.56,0.68,1.2,0.0,0.59,0.49,0.0,0.0,0.0,0.0,0.0,0.0,5.71,2160000000.0
2024-04-01,0.0,0.0,2.19,0.0,0.56,0.68,1.2,0.0,0.61,0.52,0.0,0.0,0.0,0.0,0.0,0.0,5.76,2160000000.0
2024-03-31,0.0,0.0,2.19,0.0,0.56,0.68,1.2,0.0,0.61,0.52,0.0,0.0,0.0,0.0,0.0,0.0,5.76,2710000000.0
2024-03-30,0.0,0.0,2.19,0.0,0.56,0.68,1.2,0.0,0.61,0.52,0.0,0.0,0.0,0.0,0.0,0.0,5.76,2710000000.0
2024-03-29,0.0,0.0,2.19,0.0,0.56,0.68,1.2,0.0,0.61,0.52,0.0,0.0,0.0,0.0,0.0,0.0,5.76,2710000000.0
2024-03-28,0.0,0.0,2.19,0.0,0.56,0.68,1.2,0.0,0.61,0.52,0.0,0.0,0.0,0.0,0.0,0.0,5.76,2710000000.0
2024-03-27,0.0,0.0,2.19,0.0,0.56,0.68,1.2,0.0,0.61,0.52,0.0,0.0,0.0,0.0,0.0,0.0,5.76,2710000000.0
2024-03-26,0.0,0.0,2.24,0.0,0.56,0.68,1.2,0.0,0.61,0.52,0.0,0.0,0.0,0.0,0.0,0.0,5.8100000000000005,2710000000.0
2024-03-25,0.0,0.0,2.24,0.0,0.56,0.68,1.2,0.0,0.61,0.52,0.0,0.0,0.0,0.0,0.0,0.0,5.8100000000000005,2710000000.0
2024-03-24,0.0,0.0,2.24,0.0,0.56,0.68,1.2,0.0,0.61,0.52,0.0,0.0,0.0,0.0,0.0,0.0,5.8100000000000005,2710000000.0
2024-03-23,0.0,0.0,2.24,0.0,0.56,0.68,1.2,0.0,0.61,0.52,0.0,0.0,0.0,0.0,0.0,0.0,5.8100000000000005,2710000000.0
2024-03-22,0.0,0.0,2.24,0.0,0.56,0.68,1.2,0.0,0.61,0.52,0.0,0.0,0.0,0.0,0.0,0.0,5.8100000000000005,2710000000.0
2024-03-21,0.0,0.0,2.24,0.0,0.56,0.68,1.2,0.0,0.61,0.52,0.0,0.0,0.0,0.0,0.0,0.0,5.8100000000000005,2710000000.0
2024-03-20,0.0,0.0,2.24,0.0,0.67,0.73,1.2,0.48,0.53,0.52,0.0,0.0,0.0,0.0,0.0,0.0,6.370000000000001,2710000000.0
2024-03-19,0.0,0.0,2.24,0.0,0.67,0.73,1.2,0.48,0.53,0.52,0.0,0.0,0.0,0.0,0.0,0.0,6.370000000000001,2710000000.0
2024-03-18,0.0,0.0,2.24,0.0,0.67,0.73,1.2,0.48,0.53,0.52,0.0,0.0,0.0,0.0,0.0,0.0,6.370000000000001,2710000000.0
2024-03-17,0.0,0.0,2.24,0.0,0.67,0.73,1.2,0.5,0.53,0.49,0.0,0.0,0.0,0.0,0.0,0.0,6.36,2710000000.0
2024-03-16,0.0,0.0,2.24,0.0,0.67,0.73,1.2,0.5,0.53,0.49,0.0,0.0,0.0,0.0,0.0,0.0,6.36,2710000000.0
2024-03-15,0.0,0.0,2.24,0.0,0.67,0.73,1.2,0.5,0.53,0.49,0.0,0.0,0.0,0.0,0.0,0.0,6.36,2710000000.0
2024-03-14,0.0,0.0,2.24,0.0,0.67,0.73,1.2,0.5,0.53,0.52,0.0,0.0,0.0,0.0,0.0,0.0,6.390000000000001,2710000000.0
2024-03-13,0.41,0.0,2.24,0.0,0.67,0.73,1.2,0.5,0.53,0.52,0.0,0.0,0.0,0.0,0.0,0.0,6.800000000000001,2710000000.0
2024-03-12,0.41,0.0,2.24,0.0,0.67,0.73,1.2,0.5,0.53,0.52,0.0,0.0,0.0,0.0,0.0,0.0,6.800000000000001,2710000000.0
2024-03-11,0.41,0.0,2.24,0.0,0.67,0.73,1.2,0.5,0.53,0.52,0.0,0.0,0.0,0.0,0.0,0.0,6.800000000000001,2710000000.0
2024-03-10,0.56,0.0,2.24,0.0,0.67,0.73,1.14,0.5,0.53,0.0,0.0,0.0,0.0,0.0,0.0,0.0,6.37,2710000000.0
2024-03-09,0.56,0.0,2.24,0.0,0.67,0.73,1.14,0.5,0.53,0.0,0.0,0.0,0.0,0.0,0.0,0.0,6.37,2710000000.0
2024-03-08,0.56,0.0,2.24,0.0,0.67,0.73,1.14,0.5,0.53,0.0,0.0,0.0,0.0,0.0,0.0,0.0,6.37,2710000000.0
2024-03-07,0.56,0.0,2.24,0.0,0.67,0.73,1.14,0.5,0.53,0.0,0.0,0.0,0.0,0.0,0.0,0.0,6.37,2710000000.0
2024-03-06,0.56,0.0,2.24,0.0,0.67,0.73,1.0,0.5,0.53,0.0,0.0,0.0,0.0,0.0,0.0,0.0,6.23,2710000000.0
2024-03-05,0.56,0.0,2.24,0.0,0.67,0.73,1.0,0.5,0.53,0.0,0.0,0.0,0.0,0.0,0.0,0.0,6.23,2710000000.0
2024-03-04,0.56,0.0,2.11,0.0,0.67,0.73,1.0,0.5,0.53,0.0,0.0,0.0,0.0,0.0,0.0,0.0,6.1000000000000005,2710000000.0
2024-03-03,0.56,0.0,1.91,0.0,0.67,0.73,0.82,0.5,0.53,0.0,0.0,0.0,0.0,0.0,0.0,0.0,5.72,2710000000.0
2024-03-02,0.56,0.0,1.91,0.0,0.67,0.73,0.82,0.5,0.53,0.0,0.0,0.0,0.0,0.0,0.0,0.0,5.72,2710000000.0
2024-03-01,0.56,0.0,1.91,0.0,0.67,0.73,0.82,0.5,0.53,0.0,0.0,0.0,0.0,0.0,0.0,0.0,5.72,2710000000.0
2024-02-29,0.56,0.0,1.81,0.0,0.67,0.6,0.82,0.5,0.0,0.0,0.0,0.0,0.0,0.0,0.0,0.0,4.96,2710000000.0
2024-02-28,0.56,0.0,1.61,0.0,0.67,0.6,0.82,0.0,0.0,0.0,0.0,0.0,0.0,0.0,0.0,0.0,4.26,2710000000.0
2024-02-27,0.56,0.0,1.61,0.0,0.67,0.6,0.82,0.0,0.0,0.0,0.0,0.0,0.0,0.0,0.0,0.0,4.26,2710000000.0
2024-02-26,0.56,0.0,1.61,0.0,0.67,0.6,0.82,0.0,0.0,0.0,0.0,0.0,0.0,0.0,0.0,0.0,4.26,2710000000.0
2024-02-25,0.56,0.0,1.61,0.0,0.67,0.6,0.82,0.0,0.0,0.0,0.0,0.0,0.0,0.0,0.0,0.0,4.26,2710000000.0
2024-02-24,0.56,0.0,1.61,0.0,0.67,0.6,0.82,0.0,0.0,0.0,0.0,0.0,0.0,0.0,0.0,0.0,4.26,2710000000.0
2024-02-23,0.56,0.0,1.61,0.0,0.67,0.6,0.82,0.0,0.0,0.0,0.0,0.0,0.0,0.0,0.0,0.0,4.26,2710000000.0
2024-02-22,0.56,0.0,1.61,0.0,0.67,0.6,0.82,0.0,0.0,0.0,0.0,0.0,0.0,0.0,0.0,0.0,4.26,2710000000.0
2024-02-21,0.56,0.0,1.54,0.0,0.67,0.6,0.82,0.0,0.0,0.0,0.0,0.0,0.0,0.0,0.0,0.0,4.19,2710000000.0
2024-02-20,0.56,0.0,1.54,0.0,0.67,0.6,0.82,0.0,0.0,0.0,0.0,0.0,0.0,0.0,0.0,0.0,4.19,2710000000.0
2024-02-19,0.56,0.0,1.54,0.0,0.67,0.5,0.82,0.0,0.0,0.0,0.0,0.0,0.0,0.0,0.0,0.0,4.09,2710000000.0
2024-02-18,0.56,0.0,1.54,0.0,0.67,0.5,0.82,0.0,0.0,0.0,0.0,0.0,0.0,0.0,0.0,0.0,4.09,2710000000.0
2024-02-17,0.56,0.0,1.54,0.0,0.67,0.5,0.82,0.0,0.0,0.0,0.0,0.0,0.0,0.0,0.0,0.0,4.09,2710000000.0
2024-02-16,0.56,0.0,1.54,0.0,0.67,0.5,0.82,0.0,0.0,0.0,0.0,0.0,0.0,0.0,0.0,0.0,4.09,2710000000.0
2024-02-15,0.56,0.0,1.54,0.0,0.67,0.5,0.82,0.0,0.0,0.0,0.0,0.0,0.0,0.0,0.0,0.0,4.09,2710000000.0
2024-02-14,0.56,0.0,1.54,0.0,0.69,0.5,0.82,0.0,0.0,0.0,0.0,0.0,0.0,0.0,0.0,0.0,4.11,2710000000.0
2024-02-13,0.56,0.0,1.54,0.0,0.69,0.5,0.82,0.0,0.0,0.0,0.0,0.0,0.0,0.0,0.0,0.0,4.11,2710000000.0
2024-02-12,0.56,0.0,1.45,0.0,0.69,0.5,0.82,0.0,0.0,0.0,0.0,0.0,0.0,0.0,0.0,0.0,4.02,2710000000.0
2024-02-11,0.62,0.0,1.45,0.0,0.69,0.5,0.82,0.0,0.0,0.0,0.0,0.0,0.0,0.0,0.0,0.0,4.08,2710000000.0
2024-02-10,0.62,0.0,1.45,0.0,0.69,0.5,0.82,0.0,0.0,0.0,0.0,0.0,0.0,0.0,0.0,0.0,4.08,2710000000.0
2024-02-09,0.62,0.0,1.45,0.0,0.69,0.5,0.82,0.0,0.0,0.0,0.0,0.0,0.0,0.0,0.0,0.0,4.08,2710000000.0
2024-02-08,0.62,0.0,1.45,0.0,0.69,0.5,0.82,0.0,0.0,0.0,0.0,0.0,0.0,0.0,0.0,0.0,4.08,2710000000.0
2024-02-07,0.62,0.0,1.45,0.0,0.69,0.5,0.82,0.0,0.0,0.0,0.0,0.0,0.0,0.0,0.0,0.0,4.08,2710000000.0
2024-02-06,0.88,0.0,1.3,0.0,0.69,0.5,0.82,0.0,0.0,0.0,0.0,0.0,0.0,0.0,0.0,0.0,4.19,2710000000.0
2024-02-05,0.88,0.0,1.3,0.0,0.69,0.5,0.82,0.0,0.0,0.0,0.0,0.0,0.0,0.0,0.0,0.0,4.19,2710000000.0
2024-02-04,0.88,0.0,1.3,0.0,0.69,0.5,0.82,0.0,0.0,0.0,0.0,0.0,0.0,0.0,0.0,0.0,4.19,2710000000.0
2024-02-03,0.88,0.0,1.3,0.0,0.69,0.5,0.82,0.0,0.0,0.0,0.0,0.0,0.0,0.0,0.0,0.0,4.19,2710000000.0
2024-02-02,0.88,0.0,1.3,0.0,0.69,0.5,0.82,0.0,0.0,0.0,0.0,0.0,0.0,0.0,0.0,0.0,4.19,2710000000.0
2024-02-01,0.88,0.0,1.3,0.0,0.69,0.5,0.82,0.0,0.0,0.0,0.0,0.0,0.0,0.0,0.0,0.0,4.19,2710000000.0
2024-01-31,0.88,0.0,1.29,0.0,0.69,0.5,0.82,0.0,0.0,0.0,0.0,0.0,0.0,0.0,0.0,0.0,4.18,2710000000.0
2024-01-30,0.88,0.0,1.29,0.0,0.69,0.5,0.82,0.0,0.0,0.0,0.0,0.0,0.0,0.0,0.0,0.0,4.18,2710000000.0
2024-01-29,0.88,0.0,1.29,0.0,0.69,0.5,0.82,0.0,0.0,0.0,0.0,0.0,0.0,0.0,0.0,0.0,4.18,2710000000.0
2024-01-28,0.98,0.0,1.29,0.0,0.69,0.5,0.82,0.0,0.0,0.0,0.0,0.0,0.0,0.0,0.0,0.0,4.28,2710000000.0
2024-01-27,0.98,0.0,1.29,0.0,0.69,0.5,0.82,0.0,0.0,0.0,0.0,0.0,0.0,0.0,0.0,0.0,4.28,2710000000.0
2024-01-26,0.98,0.0,1.29,0.0,0.69,0.5,0.82,0.0,0.0,0.0,0.0,0.0,0.0,0.0,0.0,0.0,4.28,2710000000.0
2024-01-25,0.98,0.0,1.29,0.0,0.69,0.5,0.82,0.0,0.0,0.0,0.0,0.0,0.0,0.0,0.0,0.0,4.28,2710000000.0
2024-01-24,0.98,0.0,1.3,0.0,0.69,0.5,0.82,0.0,0.0,0.0,0.0,0.0,0.0,0.0,0.0,0.0,4.29,2710000000.0
2024-01-23,0.98,0.0,1.2,0.0,0.69,0.5,0.82,0.0,0.0,0.0,0.0,0.0,0.0,0.0,0.0,0.0,4.1899999999999995,2710000000.0
2024-01-22,0.98,0.0,1.2,0.0,0.69,0.5,0.82,0.0,0.0,0.0,0.0,0.0,0.0,0.0,0.0,0.0,4.1899999999999995,2710000000.0
2024-01-21,0.98,0.0,1.2,0.0,0.69,0.5,0.82,0.0,0.0,0.0,0.0,0.0,0.0,0.0,0.0,0.0,4.1899999999999995,2710000000.0
2024-01-20,0.98,0.0,1.2,0.0,0.69,0.5,0.82,0.0,0.0,0.0,0.0,0.0,0.0,0.0,0.0,0.0,4.1899999999999995,2710000000.0
2024-01-19,0.98,0.0,1.2,0.0,0.69,0.5,0.82,0.0,0.0,0.0,0.0,0.0,0.0,0.0,0.0,0.0,4.1899999999999995,2710000000.0
2024-01-18,0.98,0.0,1.2,0.0,0.69,0.5,0.82,0.0,0.0,0.0,0.0,0.0,0.0,0.0,0.0,0.0,4.1899999999999995,2710000000.0
2024-01-17,0.98,0.0,1.2,0.0,0.69,0.5,0.82,0.0,0.0,0.0,0.0,0.0,0.0,0.0,0.0,0.0,4.1899999999999995,2710000000.0
2024-01-16,0.98,0.0,1.2,0.0,0.69,0.5,0.82,0.0,0.0,0.0,0.0,0.0,0.0,0.0,0.0,0.0,4.1899999999999995,2710000000.0
2024-01-15,0.98,0.0,1.2,0.0,0.69,0.5,0.82,0.0,0.0,0.0,0.0,0.0,0.0,0.0,0.0,0.0,4.1899999999999995,2710000000.0
2024-01-14,0.98,0.0,1.2,0.0,0.69,0.5,0.82,0.0,0.0,0.0,0.0,0.0,0.0,0.0,0.0,0.0,4.1899999999999995,2710000000.0
2024-01-13,0.98,0.0,1.2,0.0,0.69,0.5,0.82,0.0,0.0,0.0,0.0,0.0,0.0,0.0,0.0,0.0,4.1899999999999995,2710000000.0
2024-01-12,0.98,0.0,1.2,0.0,0.69,0.5,0.82,0.0,0.0,0.0,0.0,0.0,0.0,0.0,0.0,0.0,4.1899999999999995,2710000000.0
2024-01-11,0.98,0.0,1.11,0.0,0.69,0.5,0.82,0.0,0.0,0.0,0.0,0.0,0.0,0.0,0.0,0.0,4.1,2710000000.0
2024-01-10,0.98,0.0,1.11,0.0,0.69,0.5,0.82,0.0,0.0,0.0,0.0,0.0,0.0,0.0,0.0,0.0,4.1,2710000000.0
2024-01-09,1.04,0.0,1.06,0.0,0.69,0.0,0.82,0.0,0.0,0.0,0.0,0.0,0.0,0.0,0.0,0.0,3.61,2710000000.0
2024-01-08,1.04,0.0,1.06,0.0,0.7,0.0,0.82,0.0,0.0,0.0,0.0,0.0,0.0,0.0,0.0,0.0,3.6199999999999997,2710000000.0
2024-01-07,1.04,0.0,1.06,0.0,0.7,0.0,0.82,0.0,0.0,0.0,0.0,0.0,0.0,0.0,0.0,0.0,3.6199999999999997,2710000000.0
2024-01-06,1.04,0.0,1.06,0.0,0.7,0.0,0.82,0.0,0.0,0.0,0.0,0.0,0.0,0.0,0.0,0.0,3.6199999999999997,2710000000.0
2024-01-05,1.04,0.0,1.06,0.0,0.7,0.0,0.82,0.0,0.0,0.0,0.0,0.0,0.0,0.0,0.0,0.0,3.6199999999999997,2710000000.0
2024-01-04,1.04,0.0,1.06,0.0,0.7,0.0,0.82,0.0,0.0,0.0,0.0,0.0,0.0,0.0,0.0,0.0,3.6199999999999997,2710000000.0
2024-01-03,1.04,0.0,1.15,0.0,0.7,0.0,0.82,0.0,0.0,0.0,0.0,0.0,0.0,0.0,0.0,0.0,3.7099999999999995,2710000000.0
2024-01-02,1.04,0.0,1.15,0.0,0.7,0.0,0.82,0.0,0.0,0.0,0.0,0.0,0.0,0.0,0.0,0.0,3.7099999999999995,2710000000.0
2024-01-01,1.04,0.0,1.15,0.0,0.7,0.0,0.82,0.0,0.0,0.0,0.0,0.0,0.0,0.0,0.0,0.0,3.7099999999999995,2710000000.0
2023-12-31,1.04,0.0,1.15,0.0,0.7,0.0,0.82,0.0,0.0,0.0,0.0,0.0,0.0,0.0,0.0,0.0,3.7099999999999995,3570000000.0
2023-12-30,1.04,0.0,1.15,0.0,0.7,0.0,0.82,0.0,0.0,0.0,0.0,0.0,0.0,0.0,0.0,0.0,3.7099999999999995,3570000000.0
2023-12-29,1.04,0.0,1.15,0.0,0.7,0.0,0.82,0.0,0.0,0.0,0.0,0.0,0.0,0.0,0.0,0.0,3.7099999999999995,3570000000.0
2023-12-28,1.04,0.0,1.15,0.0,0.7,0.0,0.82,0.0,0.0,0.0,0.0,0.0,0.0,0.0,0.0,0.0,3.7099999999999995,3570000000.0
2023-12-27,1.04,0.0,1.15,0.0,0.7,0.0,0.82,0.0,0.0,0.0,0.0,0.0,0.0,0.0,0.0,0.0,3.7099999999999995,3570000000.0
2023-12-26,1.04,0.0,1.21,0.0,0.7,0.0,0.82,0.0,0.0,0.0,0.0,0.0,0.0,0.0,0.0,0.0,3.77,3570000000.0
2023-12-25,1.04,0.0,1.21,0.0,0.7,0.0,0.82,0.0,0.0,0.0,0.0,0.0,0.0,0.0,0.0,0.0,3.77,3570000000.0
2023-12-24,1.04,0.0,1.21,0.0,0.7,0.0,0.82,0.0,0.0,0.0,0.0,0.0,0.0,0.0,0.0,0.0,3.77,3570000000.0
2023-12-23,1.04,0.0,1.21,0.0,0.7,0.0,0.82,0.0,0.0,0.0,0.0,0.0,0.0,0.0,0.0,0.0,3.77,3570000000.0
2023-12-22,1.04,0.0,1.21,0.0,0.7,0.0,0.82,0.0,0.0,0.0,0.0,0.0,0.0,0.0,0.0,0.0,3.77,3570000000.0
2023-12-21,1.04,0.0,1.21,0.0,0.7,0.0,0.82,0.0,0.0,0.0,0.0,0.0,0.0,0.0,0.0,0.0,3.77,3570000000.0
2023-12-20,1.04,0.0,1.21,0.0,0.7,0.0,0.82,0.0,0.0,0.0,0.0,0.0,0.0,0.0,0.0,0.0,3.77,3570000000.0
2023-12-19,1.04,0.0,1.21,0.0,0.7,0.0,0.82,0.0,0.0,0.0,0.0,0.0,0.0,0.0,0.0,0.0,3.77,3570000000.0
2023-12-18,1.04,0.0,1.18,0.0,0.7,0.0,0.82,0.0,0.0,0.0,0.0,0.0,0.0,0.0,0.0,0.0,3.7399999999999998,3570000000.0
2023-12-17,1.04,0.0,1.18,0.0,0.7,0.0,0.82,0.0,0.0,0.0,0.0,0.0,0.0,0.0,0.0,0.0,3.7399999999999998,3570000000.0
2023-12-16,1.04,0.0,1.18,0.0,0.7,0.0,0.82,0.0,0.0,0.0,0.0,0.0,0.0,0.0,0.0,0.0,3.7399999999999998,3570000000.0
2023-12-15,1.04,0.0,1.18,0.0,0.7,0.0,0.82,0.0,0.0,0.0,0.0,0.0,0.0,0.0,0.0,0.0,3.7399999999999998,3570000000.0
2023-12-14,1.04,0.0,1.2,0.0,0.7,0.0,0.82,0.0,0.0,0.0,0.0,0.0,0.0,0.0,0.0,0.0,3.7600000000000002,3570000000.0
2023-12-13,0.96,0.0,1.2,0.0,0.7,0.0,0.82,0.0,0.0,0.0,0.0,0.0,0.0,0.0,0.0,0.0,3.68,3570000000.0
2023-12-12,1.01,0.0,1.2,0.0,0.7,0.0,0.82,0.0,0.0,0.0,0.0,0.0,0.0,0.0,0.0,0.0,3.73,3570000000.0
2023-12-11,0.95,0.0,1.2,0.0,0.7,0.0,0.82,0.0,0.0,0.0,0.0,0.0,0.0,0.0,0.0,0.0,3.6699999999999995,3570000000.0
2023-12-10,0.95,0.0,1.2,0.0,0.7,0.0,0.82,0.0,0.0,0.0,0.0,0.0,0.0,0.0,0.0,0.0,3.6699999999999995,3570000000.0
2023-12-09,0.95,0.0,1.2,0.0,0.7,0.0,0.82,0.0,0.0,0.0,0.0,0.0,0.0,0.0,0.0,0.0,3.6699999999999995,3570000000.0
2023-12-08,0.95,0.0,1.2,0.0,0.7,0.0,0.82,0.0,0.0,0.0,0.0,0.0,0.0,0.0,0.0,0.0,3.6699999999999995,3570000000.0
2023-12-07,0.88,0.0,1.2,0.0,0.7,0.0,0.72,0.0,0.0,0.0,0.0,0.0,0.0,0.0,0.0,0.0,3.5,3570000000.0
2023-12-06,0.93,0.0,1.2,0.0,0.7,0.0,0.72,0.0,0.0,0.0,0.0,0.0,0.0,0.0,0.0,0.0,3.55,3570000000.0
2023-12-05,0.93,0.0,1.2,0.0,0.7,0.0,0.72,0.0,0.0,0.0,0.0,0.0,0.0,0.0,0.0,0.0,3.55,3570000000.0
2023-12-04,0.93,0.0,1.2,0.0,0.6,0.0,0.72,0.0,0.0,0.0,0.0,0.0,0.0,0.0,0.0,0.0,3.45,3570000000.0
2023-12-03,0.93,0.0,1.2,0.0,0.6,0.0,0.72,0.0,0.0,0.0,0.0,0.0,0.0,0.0,0.0,0.0,3.45,3570000000.0
2023-12-02,0.93,0.0,1.2,0.0,0.6,0.0,0.72,0.0,0.0,0.0,0.0,0.0,0.0,0.0,0.0,0.0,3.45,3570000000.0
2023-12-01,0.93,0.0,1.2,0.0,0.6,0.0,0.72,0.0,0.0,0.0,0.0,0.0,0.0,0.0,0.0,0.0,3.45,3570000000.0
2023-11-30,0.93,0.0,1.11,0.0,0.6,0.0,0.72,0.0,0.0,0.0,0.0,0.0,0.0,0.0,0.0,0.0,3.3600000000000003,3570000000.0
2023-11-29,0.93,0.0,1.11,0.0,0.6,0.0,0.6,0.0,0.0,0.0,0.0,0.0,0.0,0.0,0.0,0.0,3.24,3570000000.0
2023-11-28,0.93,0.0,1.11,0.0,0.6,0.0,0.6,0.0,0.0,0.0,0.0,0.0,0.0,0.0,0.0,0.0,3.24,3570000000.0
2023-11-27,0.93,0.0,1.11,0.0,0.6,0.0,0.6,0.0,0.0,0.0,0.0,0.0,0.0,0.0,0.0,0.0,3.24,3570000000.0
2023-11-26,0.93,0.0,1.11,0.0,0.6,0.0,0.6,0.0,0.0,0.0,0.0,0.0,0.0,0.0,0.0,0.0,3.24,3570000000.0
2023-11-25,0.93,0.0,1.11,0.0,0.6,0.0,0.6,0.0,0.0,0.0,0.0,0.0,0.0,0.0,0.0,0.0,3.24,3570000000.0
2023-11-24,0.93,0.0,1.11,0.0,0.6,0.0,0.6,0.0,0.0,0.0,0.0,0.0,0.0,0.0,0.0,0.0,3.24,3570000000.0
2023-11-23,0.93,0.0,1.01,0.0,0.6,0.0,0.6,0.0,0.0,0.0,0.0,0.0,0.0,0.0,0.0,0.0,3.14,3570000000.0
2023-11-22,0.93,0.0,1.01,0.0,0.6,0.0,0.6,0.0,0.0,0.0,0.0,0.0,0.0,0.0,0.0,0.0,3.14,3570000000.0
2023-11-21,0.93,0.0,0.9,0.0,0.6,0.0,0.6,0.0,0.0,0.0,0.0,0.0,0.0,0.0,0.0,0.0,3.0300000000000002,3570000000.0
2023-11-20,0.93,0.0,0.9,0.0,0.6,0.0,0.6,0.0,0.0,0.0,0.0,0.0,0.0,0.0,0.0,0.0,3.0300000000000002,3570000000.0
2023-11-19,0.93,0.0,0.88,0.0,0.6,0.0,0.6,0.0,0.0,0.0,0.0,0.0,0.0,0.0,0.0,0.0,3.0100000000000002,3570000000.0
2023-11-18,0.93,0.0,0.88,0.0,0.6,0.0,0.6,0.0,0.0,0.0,0.0,0.0,0.0,0.0,0.0,0.0,3.0100000000000002,3570000000.0
2023-11-17,0.93,0.0,0.88,0.0,0.6,0.0,0.6,0.0,0.0,0.0,0.0,0.0,0.0,0.0,0.0,0.0,3.0100000000000002,3570000000.0
2023-11-16,0.93,0.0,0.88,0.0,0.6,0.0,0.6,0.0,0.0,0.0,0.0,0.0,0.0,0.0,0.0,0.0,3.0100000000000002,3570000000.0
2023-11-15,0.93,0.0,0.9,0.0,0.6,0.0,0.6,0.0,0.0,0.0,0.0,0.0,0.0,0.0,0.0,0.0,3.0300000000000002,3570000000.0
2023-11-14,0.86,0.0,0.84,0.0,0.6,0.0,0.6,0.0,0.0,0.0,0.0,0.0,0.0,0.0,0.0,0.0,2.9,3570000000.0
2023-11-13,0.86,0.0,0.84,0.0,0.6,0.0,0.6,0.0,0.0,0.0,0.0,0.0,0.0,0.0,0.0,0.0,2.9,3570000000.0
2023-11-12,0.92,0.0,0.84,0.0,0.6,0.0,0.6,0.0,0.0,0.0,0.0,0.0,0.0,0.0,0.0,0.0,2.96,3570000000.0
2023-11-11,0.92,0.0,0.84,0.0,0.6,0.0,0.6,0.0,0.0,0.0,0.0,0.0,0.0,0.0,0.0,0.0,2.96,3570000000.0
2023-11-10,0.92,0.0,0.84,0.0,0.6,0.0,0.6,0.0,0.0,0.0,0.0,0.0,0.0,0.0,0.0,0.0,2.96,3570000000.0
2023-11-09,0.92,0.0,0.84,0.0,0.6,0.0,0.6,0.0,0.0,0.0,0.0,0.0,0.0,0.0,0.0,0.0,2.96,3570000000.0
2023-11-08,0.92,0.0,0.84,0.0,0.6,0.0,0.6,0.0,0.0,0.0,0.0,0.0,0.0,0.0,0.0,0.0,2.96,3570000000.0
2023-11-07,0.92,0.0,0.78,0.0,0.6,0.0,0.6,0.0,0.0,0.0,0.0,0.0,0.0,0.0,0.0,0.0,2.9000000000000004,3570000000.0
2023-11-06,0.92,0.0,0.78,0.0,0.6,0.0,0.6,0.0,0.0,0.0,0.0,0.0,0.0,0.0,0.0,0.0,2.9000000000000004,3570000000.0
2023-11-05,0.92,0.0,0.78,0.0,0.6,0.0,0.6,0.0,0.0,0.0,0.0,0.0,0.0,0.0,0.0,0.0,2.9000000000000004,3570000000.0
2023-11-04,0.92,0.0,0.78,0.0,0.6,0.0,0.6,0.0,0.0,0.0,0.0,0.0,0.0,0.0,0.0,0.0,2.9000000000000004,3570000000.0
2023-11-03,0.92,0.0,0.78,0.0,0.6,0.49,0.6,0.0,0.0,0.0,0.0,0.0,0.0,0.0,0.0,0.0,3.39,3570000000.0
2023-11-02,0.92,0.0,0.78,0.0,0.6,0.49,0.6,0.0,0.0,0.0,0.0,0.0,0.0,0.0,0.0,0.0,3.39,3570000000.0
2023-11-01,0.87,0.0,0.8,0.0,0.6,0.49,0.54,0.0,0.0,0.0,0.0,0.0,0.0,0.0,0.0,0.0,3.3,3570000000.0
2023-10-31,0.87,0.0,0.8,0.0,0.6,0.5,0.54,0.0,0.0,0.0,0.0,0.0,0.0,0.0,0.0,0.0,3.31,3570000000.0
2023-10-30,0.95,0.0,0.8,0.0,0.6,0.5,0.0,0.0,0.0,0.0,0.0,0.0,0.0,0.0,0.0,0.0,2.85,3570000000.0
2023-10-29,0.95,0.0,0.71,0.0,0.6,0.0,0.0,0.0,0.0,0.0,0.0,0.0,0.0,0.0,0.0,0.0,2.26,3570000000.0
2023-10-28,0.95,0.0,0.71,0.0,0.6,0.0,0.0,0.0,0.0,0.0,0.0,0.0,0.0,0.0,0.0,0.0,2.26,3570000000.0
2023-10-27,0.95,0.0,0.71,0.0,0.6,0.0,0.0,0.0,0.0,0.0,0.0,0.0,0.0,0.0,0.0,0.0,2.26,3570000000.0
2023-10-26,1.12,0.0,0.71,0.0,0.6,0.0,0.0,0.0,0.0,0.0,0.0,0.0,0.0,0.0,0.0,0.0,2.43,3570000000.0
2023-10-25,1.12,0.0,0.71,0.0,0.6,0.0,0.0,0.0,0.0,0.0,0.0,0.0,0.0,0.0,0.0,0.0,2.43,3570000000.0
2023-10-24,1.12,0.0,0.66,0.0,0.6,0.0,0.0,0.0,0.0,0.0,0.0,0.0,0.0,0.0,0.0,0.0,2.3800000000000003,3570000000.0
2023-10-23,1.12,0.0,0.66,0.0,0.6,0.0,0.0,0.0,0.0,0.0,0.0,0.0,0.0,0.0,0.0,0.0,2.3800000000000003,3570000000.0
2023-10-22,1.01,0.0,0.66,0.0,0.6,0.0,0.0,0.0,0.0,0.0,0.0,0.0,0.0,0.0,0.0,0.0,2.27,3570000000.0
2023-10-21,1.01,0.0,0.66,0.0,0.6,0.0,0.0,0.0,0.0,0.0,0.0,0.0,0.0,0.0,0.0,0.0,2.27,3570000000.0
2023-10-20,1.01,0.0,0.66,0.0,0.6,0.0,0.0,0.0,0.0,0.0,0.0,0.0,0.0,0.0,0.0,0.0,2.27,3570000000.0
2023-10-19,1.01,0.0,0.5,0.0,0.6,0.0,0.0,0.0,0.0,0.0,0.0,0.0,0.0,0.0,0.0,0.0,2.11,3570000000.0
2023-10-18,1.01,0.0,0.5,0.0,0.6,0.0,0.0,0.0,0.0,0.0,0.0,0.0,0.0,0.0,0.0,0.0,2.11,3570000000.0
2023-10-17,1.01,0.0,0.5,0.0,0.6,0.0,0.0,0.0,0.0,0.0,0.0,0.0,0.0,0.0,0.0,0.0,2.11,3570000000.0
2023-10-16,0.98,0.0,0.0,0.0,0.6,0.0,0.0,0.0,0.0,0.0,0.0,0.0,0.0,0.0,0.0,0.0,1.58,3570000000.0
2023-10-15,0.98,0.0,0.0,0.0,0.6,0.0,0.0,0.0,0.0,0.0,0.0,0.0,0.0,0.0,0.0,0.0,1.58,3570000000.0
2023-10-14,0.98,0.0,0.0,0.0,0.6,0.0,0.0,0.0,0.0,0.0,0.0,0.0,0.0,0.0,0.0,0.0,1.58,3570000000.0
2023-10-13,0.98,0.0,0.0,0.0,0.6,0.0,0.0,0.0,0.0,0.0,0.0,0.0,0.0,0.0,0.0,0.0,1.58,3570000000.0
2023-10-12,0.98,0.0,0.49,0.0,0.6,0.0,0.0,0.0,0.0,0.0,0.0,0.0,0.0,0.0,0.0,0.0,2.07,3570000000.0
2023-10-11,0.98,0.0,0.49,0.0,0.6,0.0,0.0,0.0,0.0,0.0,0.0,0.0,0.0,0.0,0.0,0.0,2.07,3570000000.0
2023-10-10,0.98,0.0,0.49,0.0,0.55,0.0,0.0,0.0,0.0,0.0,0.0,0.0,0.0,0.0,0.0,0.0,2.02,3570000000.0
2023-10-09,0.98,0.0,0.52,0.0,0.0,0.0,0.0,0.0,0.0,0.0,0.0,0.0,0.0,0.0,0.0,0.0,1.5,3570000000.0
2023-10-08,1.12,0.0,0.49,0.0,0.0,0.0,0.0,0.0,0.0,0.0,0.0,0.0,0.0,0.0,0.0,0.0,1.61,3570000000.0
2023-10-07,1.12,0.0,0.49,0.0,0.0,0.0,0.0,0.0,0.0,0.0,0.0,0.0,0.0,0.0,0.0,0.0,1.61,3570000000.0
2023-10-06,1.12,0.0,0.49,0.0,0.0,0.0,0.0,0.0,0.0,0.0,0.0,0.0,0.0,0.0,0.0,0.0,1.61,3570000000.0
2023-10-05,0.99,0.0,0.53,0.49,0.0,0.0,0.0,0.0,0.0,0.0,0.0,0.0,0.0,0.0,0.0,0.0,2.01,3570000000.0
2023-10-04,0.99,0.0,0.53,0.49,0.0,0.0,0.0,0.0,0.0,0.0,0.0,0.0,0.0,0.0,0.0,0.0,2.01,3570000000.0
2023-10-03,0.99,0.0,0.53,0.49,0.0,0.0,0.0,0.0,0.0,0.0,0.0,0.0,0.0,0.0,0.0,0.0,2.01,3570000000.0
2023-10-02,0.99,0.0,0.53,0.0,0.0,0.0,0.0,0.0,0.0,0.0,0.0,0.0,0.0,0.0,0.0,0.0,1.52,3570000000.0
2023-10-01,0.99,0.0,0.53,0.0,0.0,0.0,0.0,0.0,0.0,0.0,0.0,0.0,0.0,0.0,0.0,0.0,1.52,3570000000.0
2023-09-30,0.99,0.0,0.53,0.0,0.0,0.0,0.0,0.0,0.0,0.0,0.0,0.0,0.0,0.0,0.0,0.0,1.52,3570000000.0
2023-09-29,0.99,0.0,0.53,0.0,0.0,0.0,0.0,0.0,0.0,0.0,0.0,0.0,0.0,0.0,0.0,0.0,1.52,3570000000.0
2023-09-28,0.99,0.0,0.53,0.0,0.0,0.0,0.0,0.0,0.0,0.0,0.0,0.0,0.0,0.0,0.0,0.0,1.52,3570000000.0
2023-09-27,1.0,0.0,0.0,0.0,0.0,0.0,0.0,0.0,0.0,0.0,0.0,0.0,0.0,0.0,0.0,0.0,1.0,3570000000.0
2023-09-26,1.0,0.0,0.0,0.0,0.0,0.0,0.0,0.0,0.0,0.0,0.0,0.0,0.0,0.0,0.0,0.0,1.0,3570000000.0
2023-09-25,1.0,0.0,0.0,0.0,0.0,0.0,0.0,0.0,0.0,0.0,0.0,0.0,0.0,0.0,0.0,0.0,1.0,3570000000.0
2023-09-24,0.89,0.0,0.0,0.0,0.0,0.0,0.0,0.0,0.0,0.0,0.0,0.0,0.0,0.0,0.0,0.0,0.89,3570000000.0
2023-09-23,0.89,0.0,0.0,0.0,0.0,0.0,0.0,0.0,0.0,0.0,0.0,0.0,0.0,0.0,0.0,0.0,0.89,3570000000.0
2023-09-22,0.89,0.0,0.0,0.0,0.0,0.0,0.0,0.0,0.0,0.0,0.0,0.0,0.0,0.0,0.0,0.0,0.89,3570000000.0
2023-09-21,0.89,0.0,0.0,0.0,0.0,0.0,0.0,0.0,0.0,0.0,0.0,0.0,0.0,0.0,0.0,0.0,0.89,3570000000.0
2023-09-20,0.92,0.0,0.0,0.0,0.0,0.0,0.0,0.0,0.0,0.0,0.0,0.0,0.0,0.0,0.0,0.0,0.92,3570000000.0
2023-09-19,0.76,0.49,0.0,0.0,0.0,0.0,0.0,0.0,0.0,0.0,0.0,0.0,0.0,0.0,0.0,0.0,1.25,3570000000.0
2023-09-18,0.76,0.49,0.0,0.0,0.0,0.0,0.0,0.0,0.0,0.0,0.0,0.0,0.0,0.0,0.0,0.0,1.25,3570000000.0
2023-09-17,0.76,0.49,0.0,0.0,0.0,0.0,0.0,0.0,0.0,0.0,0.0,0.0,0.0,0.0,0.0,0.0,1.25,3570000000.0
2023-09-16,0.76,0.49,0.0,0.0,0.0,0.0,0.0,0.0,0.0,0.0,0.0,0.0,0.0,0.0,0.0,0.0,1.25,3570000000.0
2023-09-15,0.76,0.49,0.0,0.0,0.0,0.0,0.0,0.0,0.0,0.0,0.0,0.0,0.0,0.0,0.0,0.0,1.25,3570000000.0
2023-09-14,0.76,0.0,0.0,0.0,0.0,0.0,0.0,0.0,0.0,0.0,0.0,0.0,0.0,0.0,0.0,0.0,0.76,3570000000.0
2023-09-13,0.76,0.0,0.0,0.0,0.0,0.0,0.0,0.0,0.0,0.0,0.0,0.0,0.0,0.0,0.0,0.0,0.76,3570000000.0
2023-09-12,0.84,0.0,0.0,0.0,0.0,0.0,0.0,0.0,0.0,0.0,0.0,0.0,0.0,0.0,0.0,0.0,0.84,3570000000.0
2023-09-11,0.78,0.0,0.0,0.0,0.0,0.0,0.0,0.0,0.0,0.0,0.0,0.0,0.0,0.0,0.0,0.0,0.78,3570000000.0
2023-09-10,0.78,0.0,0.0,0.0,0.0,0.0,0.0,0.0,0.0,0.0,0.0,0.0,0.0,0.0,0.0,0.0,0.78,3570000000.0
2023-09-09,0.78,0.0,0.0,0.0,0.0,0.0,0.0,0.0,0.0,0.0,0.0,0.0,0.0,0.0,0.0,0.0,0.78,3570000000.0
2023-09-08,0.78,0.0,0.0,0.0,0.0,0.0,0.0,0.0,0.0,0.0,0.0,0.0,0.0,0.0,0.0,0.0,0.78,3570000000.0
2023-09-07,0.78,0.0,0.0,0.0,0.0,0.0,0.0,0.0,0.0,0.0,0.0,0.0,0.0,0.0,0.0,0.0,0.78,3570000000.0
2023-09-06,0.78,0.0,0.0,0.0,0.0,0.0,0.0,0.0,0.0,0.0,0.0,0.0,0.0,0.0,0.0,0.0,0.78,3570000000.0
2023-09-05,0.89,0.0,0.0,0.0,0.0,0.0,0.0,0.0,0.0,0.0,0.0,0.0,0.0,0.0,0.0,0.0,0.89,3570000000.0
2023-09-04,0.89,0.0,0.0,0.0,0.0,0.0,0.0,0.0,0.0,0.0,0.0,0.0,0.0,0.0,0.0,0.0,0.89,3570000000.0
2023-09-03,0.89,0.0,0.0,0.0,0.0,0.0,0.0,0.0,0.0,0.0,0.0,0.0,0.0,0.0,0.0,0.0,0.89,3570000000.0
2023-09-02,0.89,0.0,0.0,0.0,0.0,0.0,0.0,0.0,0.0,0.0,0.0,0.0,0.0,0.0,0.0,0.0,0.89,3570000000.0
2023-09-01,0.89,0.0,0.0,0.0,0.0,0.0,0.0,0.0,0.0,0.0,0.0,0.0,0.0,0.0,0.0,0.0,0.89,3570000000.0
2023-08-31,0.0,0.0,0.0,0.0,0.0,0.0,0.0,0.0,0.0,0.0,0.0,0.0,0.0,0.0,0.0,0.0,0.0,3570000000.0
2023-08-30,0.0,0.0,0.0,0.0,0.0,0.0,0.0,0.0,0.0,0.0,0.0,0.0,0.0,0.0,0.0,0.0,0.0,3570000000.0
2023-08-29,0.0,0.0,0.0,0.0,0.0,0.0,0.0,0.0,0.0,0.0,0.0,0.0,0.0,0.0,0.0,0.0,0.0,3570000000.0
2023-08-28,0.0,0.0,0.0,0.0,0.0,0.0,0.0,0.0,0.0,0.0,0.0,0.0,0.0,0.0,0.0,0.0,0.0,3570000000.0
2023-08-27,0.0,0.0,0.0,0.0,0.0,0.0,0.0,0.0,0.0,0.0,0.0,0.0,0.0,0.0,0.0,0.0,0.0,3570000000.0
2023-08-26,0.0,0.0,0.0,0.0,0.0,0.0,0.0,0.0,0.0,0.0,0.0,0.0,0.0,0.0,0.0,0.0,0.0,3570000000.0
2023-08-25,0.0,0.0,0.0,0.0,0.0,0.0,0.0,0.0,0.0,0.0,0.0,0.0,0.0,0.0,0.0,0.0,0.0,3570000000.0
2023-08-24,0.0,0.0,0.0,0.0,0.0,0.0,0.0,0.0,0.0,0.0,0.0,0.0,0.0,0.0,0.0,0.0,0.0,3570000000.0
2023-08-23,0.0,0.0,0.0,0.0,0.0,0.0,0.0,0.0,0.0,0.0,0.0,0.0,0.0,0.0,0.0,0.0,0.0,3570000000.0
2023-08-22,0.0,0.0,0.0,0.0,0.0,0.0,0.0,0.0,0.0,0.0,0.0,0.0,0.0,0.0,0.0,0.0,0.0,3570000000.0
2023-08-21,0.0,0.0,0.0,0.0,0.0,0.0,0.0,0.0,0.0,0.0,0.0,0.0,0.0,0.0,0.0,0.0,0.0,3570000000.0
2023-08-20,0.0,0.0,0.0,0.0,0.0,0.0,0.0,0.0,0.0,0.0,0.0,0.0,0.0,0.0,0.0,0.0,0.0,3570000000.0
2023-08-19,0.0,0.0,0.0,0.0,0.0,0.0,0.0,0.0,0.0,0.0,0.0,0.0,0.0,0.0,0.0,0.0,0.0,3570000000.0
2023-08-18,0.0,0.0,0.0,0.0,0.0,0.0,0.0,0.0,0.0,0.0,0.0,0.0,0.0,0.0,0.0,0.0,0.0,3570000000.0
2023-08-17,0.0,0.0,0.0,0.0,0.0,0.0,0.0,0.0,0.0,0.0,0.0,0.0,0.0,0.0,0.0,0.0,0.0,3570000000.0
2023-08-16,0.0,0.0,0.0,0.0,0.0,0.0,0.0,0.0,0.0,0.0,0.0,0.0,0.0,0.0,0.0,0.0,0.0,3570000000.0
2023-08-15,0.0,0.0,0.0,0.0,0.0,0.0,0.0,0.0,0.0,0.0,0.0,0.0,0.0,0.0,0.0,0.0,0.0,3570000000.0
2023-08-14,0.0,0.0,0.0,0.0,0.0,0.0,0.0,0.0,0.0,0.0,0.0,0.0,0.0,0.0,0.0,0.0,0.0,3570000000.0
2023-08-13,0.0,0.0,0.0,0.0,0.0,0.0,0.0,0.0,0.0,0.0,0.0,0.0,0.0,0.0,0.0,0.0,0.0,3570000000.0
2023-08-12,0.0,0.0,0.0,0.0,0.0,0.0,0.0,0.0,0.0,0.0,0.0,0.0,0.0,0.0,0.0,0.0,0.0,3570000000.0
2023-08-11,0.0,0.0,0.0,0.0,0.0,0.0,0.0,0.0,0.0,0.0,0.0,0.0,0.0,0.0,0.0,0.0,0.0,3570000000.0
2023-08-10,0.0,0.0,0.0,0.0,0.0,0.0,0.0,0.0,0.0,0.0,0.0,0.0,0.0,0.0,0.0,0.0,0.0,3570000000.0
2023-08-09,0.0,0.0,0.0,0.0,0.0,0.0,0.0,0.0,0.0,0.0,0.0,0.0,0.0,0.0,0.0,0.0,0.0,3570000000.0
2023-08-08,0.0,0.0,0.0,0.0,0.0,0.0,0.0,0.0,0.0,0.0,0.0,0.0,0.0,0.0,0.0,0.0,0.0,3570000000.0
2023-08-07,0.0,0.0,0.0,0.0,0.0,0.0,0.0,0.0,0.0,0.0,0.0,0.0,0.0,0.0,0.0,0.0,0.0,3570000000.0
2023-08-06,0.0,0.0,0.0,0.0,0.0,0.0,0.0,0.0,0.0,0.0,0.0,0.0,0.0,0.0,0.0,0.0,0.0,3570000000.0
2023-08-05,0.0,0.0,0.0,0.0,0.0,0.0,0.0,0.0,0.0,0.0,0.0,0.0,0.0,0.0,0.0,0.0,0.0,3570000000.0
2023-08-04,0.0,0.0,0.0,0.0,0.0,0.0,0.0,0.0,0.0,0.0,0.0,0.0,0.0,0.0,0.0,0.0,0.0,3570000000.0
2023-08-03,0.0,0.0,0.0,0.0,0.0,0.0,0.0,0.0,0.0,0.0,0.0,0.0,0.0,0.0,0.0,0.0,0.0,3570000000.0
2023-08-02,0.0,0.0,0.0,0.0,0.0,0.0,0.0,0.0,0.0,0.0,0.0,0.0,0.0,0.0,0.0,0.0,0.0,3570000000.0
2023-08-01,0.0,0.0,0.0,0.0,0.0,0.0,0.0,0.0,0.0,0.0,0.0,0.0,0.0,0.0,0.0,0.0,0.0,3570000000.0
2023-07-31,0.0,0.0,0.0,0.0,0.0,0.0,0.0,0.0,0.0,0.0,0.0,0.0,0.0,0.0,0.0,0.0,0.0,3570000000.0
2023-07-30,0.0,0.0,0.0,0.0,0.0,0.0,0.0,0.0,0.0,0.0,0.0,0.0,0.0,0.0,0.0,0.0,0.0,3570000000.0
2023-07-29,0.0,0.0,0.0,0.0,0.0,0.0,0.0,0.0,0.0,0.0,0.0,0.0,0.0,0.0,0.0,0.0,0.0,3570000000.0
2023-07-28,0.0,0.0,0.0,0.0,0.0,0.0,0.0,0.0,0.0,0.0,0.0,0.0,0.0,0.0,0.0,0.0,0.0,3570000000.0
2023-07-27,0.0,0.0,0.0,0.0,0.0,0.0,0.0,0.0,0.0,0.0,0.0,0.0,0.0,0.0,0.0,0.0,0.0,3570000000.0
2023-07-26,0.0,0.0,0.0,0.0,0.0,0.0,0.0,0.0,0.0,0.0,0.0,0.0,0.0,0.0,0.0,0.0,0.0,3570000000.0
2023-07-25,0.0,0.0,0.0,0.0,0.0,0.0,0.0,0.0,0.0,0.0,0.0,0.0,0.0,0.0,0.0,0.0,0.0,3570000000.0
2023-07-24,0.0,0.0,0.0,0.0,0.0,0.0,0.0,0.0,0.0,0.0,0.0,0.0,0.0,0.0,0.0,0.0,0.0,3570000000.0
2023-07-23,0.0,0.0,0.0,0.0,0.0,0.0,0.0,0.0,0.0,0.0,0.0,0.0,0.0,0.0,0.0,0.0,0.0,3570000000.0
2023-07-22,0.0,0.0,0.0,0.0,0.0,0.0,0.0,0.0,0.0,0.0,0.0,0.0,0.0,0.0,0.0,0.0,0.0,3570000000.0
2023-07-21,0.0,0.0,0.0,0.0,0.0,0.0,0.0,0.0,0.0,0.0,0.0,0.0,0.0,0.0,0.0,0.0,0.0,3570000000.0
2023-07-20,0.0,0.0,0.0,0.0,0.0,0.0,0.0,0.0,0.0,0.0,0.0,0.0,0.0,0.0,0.0,0.0,0.0,3570000000.0
2023-07-19,0.0,0.0,0.0,0.0,0.0,0.0,0.0,0.0,0.0,0.0,0.0,0.0,0.0,0.0,0.0,0.0,0.0,3570000000.0
2023-07-18,0.0,0.0,0.0,0.0,0.0,0.0,0.0,0.0,0.0,0.0,0.0,0.0,0.0,0.0,0.0,0.0,0.0,3570000000.0
2023-07-17,0.0,0.0,0.0,0.0,0.0,0.0,0.0,0.0,0.0,0.0,0.0,0.0,0.0,0.0,0.0,0.0,0.0,3570000000.0
2023-07-16,0.0,0.0,0.0,0.0,0.0,0.0,0.0,0.0,0.0,0.0,0.0,0.0,0.0,0.0,0.0,0.0,0.0,3570000000.0
2023-07-15,0.0,0.0,0.0,0.0,0.0,0.0,0.0,0.0,0.0,0.0,0.0,0.0,0.0,0.0,0.0,0.0,0.0,3570000000.0
2023-07-14,0.0,0.0,0.0,0.0,0.0,0.0,0.0,0.0,0.0,0.0,0.0,0.0,0.0,0.0,0.0,0.0,0.0,3570000000.0
2023-07-13,0.0,0.0,0.0,0.0,0.0,0.0,0.0,0.0,0.0,0.0,0.0,0.0,0.0,0.0,0.0,0.0,0.0,3570000000.0
2023-07-12,0.0,0.0,0.0,0.0,0.0,0.0,0.0,0.0,0.0,0.0,0.0,0.0,0.0,0.0,0.0,0.0,0.0,3570000000.0
2023-07-11,0.0,0.0,0.0,0.0,0.0,0.0,0.0,0.0,0.0,0.0,0.0,0.0,0.0,0.0,0.0,0.0,0.0,3570000000.0
2023-07-10,0.0,0.0,0.0,0.0,0.0,0.0,0.0,0.0,0.0,0.0,0.0,0.0,0.0,0.0,0.0,0.0,0.0,3570000000.0
2023-07-09,0.0,0.0,0.0,0.0,0.0,0.0,0.0,0.0,0.0,0.0,0.0,0.0,0.0,0.0,0.0,0.0,0.0,3570000000.0
2023-07-08,0.0,0.0,0.0,0.0,0.0,0.0,0.0,0.0,0.0,0.0,0.0,0.0,0.0,0.0,0.0,0.0,0.0,3570000000.0
2023-07-07,0.0,0.0,0.0,0.0,0.0,0.0,0.0,0.0,0.0,0.0,0.0,0.0,0.0,0.0,0.0,0.0,0.0,3570000000.0
2023-07-06,0.0,0.0,0.0,0.0,0.0,0.0,0.0,0.0,0.0,0.0,0.0,0.0,0.0,0.0,0.0,0.0,0.0,3570000000.0
2023-07-05,0.0,0.0,0.0,0.0,0.0,0.0,0.0,0.0,0.0,0.0,0.0,0.0,0.0,0.0,0.0,0.0,0.0,3570000000.0
2023-07-04,0.0,0.0,0.0,0.0,0.0,0.0,0.0,0.0,0.0,0.0,0.0,0.0,0.0,0.0,0.0,0.0,0.0,3570000000.0
2023-07-03,0.0,0.0,0.0,0.0,0.0,0.0,0.0,0.0,0.0,0.0,0.0,0.0,0.0,0.0,0.0,0.0,0.0,3570000000.0
2023-07-02,0.0,0.0,0.0,0.0,0.0,0.0,0.0,0.0,0.0,0.0,0.0,0.0,0.0,0.0,0.0,0.0,0.0,3570000000.0
2023-07-01,0.0,0.0,0.0,0.0,0.0,0.0,0.0,0.0,0.0,0.0,0.0,0.0,0.0,0.0,0.0,0.0,0.0,3570000000.0
2023-06-30,0.0,0.0,0.0,0.0,0.0,0.0,0.0,0.0,0.0,0.0,0.0,0.0,0.0,0.0,0.0,0.0,0.0,3570000000.0
2023-06-29,0.0,0.0,0.0,0.0,0.0,0.0,0.0,0.0,0.0,0.0,0.0,0.0,0.0,0.0,0.0,0.0,0.0,3570000000.0
2023-06-28,0.0,0.0,0.0,0.0,0.0,0.0,0.0,0.0,0.0,0.0,0.0,0.0,0.0,0.0,0.0,0.0,0.0,3570000000.0
2023-06-27,0.0,0.0,0.0,0.0,0.0,0.0,0.0,0.0,0.0,0.0,0.0,0.0,0.0,0.0,0.0,0.0,0.0,3570000000.0
2023-06-26,0.0,0.0,0.0,0.0,0.0,0.0,0.0,0.0,0.0,0.0,0.0,0.0,0.0,0.0,0.0,0.0,0.0,3570000000.0
2023-06-25,0.0,0.0,0.0,0.0,0.0,0.0,0.0,0.0,0.0,0.0,0.0,0.0,0.0,0.0,0.0,0.0,0.0,3570000000.0
2023-06-24,0.0,0.0,0.0,0.0,0.0,0.0,0.0,0.0,0.0,0.0,0.0,0.0,0.0,0.0,0.0,0.0,0.0,3570000000.0
2023-06-23,0.0,0.0,0.0,0.0,0.0,0.0,0.0,0.0,0.0,0.0,0.0,0.0,0.0,0.0,0.0,0.0,0.0,3570000000.0
2023-06-22,0.0,0.0,0.0,0.0,0.0,0.0,0.0,0.0,0.0,0.0,0.0,0.0,0.0,0.0,0.0,0.0,0.0,3570000000.0
2023-06-21,0.0,0.0,0.0,0.0,0.0,0.0,0.0,0.0,0.0,0.0,0.0,0.0,0.0,0.0,0.0,0.0,0.0,3570000000.0
2023-06-20,0.0,0.0,0.0,0.0,0.0,0.0,0.0,0.0,0.0,0.0,0.0,0.0,0.0,0.0,0.0,0.0,0.0,3570000000.0
2023-06-19,0.0,0.0,0.0,0.0,0.0,0.0,0.0,0.0,0.0,0.0,0.0,0.0,0.0,0.0,0.0,0.0,0.0,3570000000.0
2023-06-18,0.0,0.0,0.0,0.0,0.0,0.0,0.0,0.0,0.0,0.0,0.0,0.0,0.0,0.0,0.0,0.0,0.0,3570000000.0
2023-06-17,0.0,0.0,0.0,0.0,0.0,0.0,0.0,0.0,0.0,0.0,0.0,0.0,0.0,0.0,0.0,0.0,0.0,3570000000.0
2023-06-16,0.0,0.0,0.0,0.0,0.0,0.0,0.0,0.0,0.0,0.0,0.0,0.0,0.0,0.0,0.0,0.0,0.0,3570000000.0
2023-06-15,0.0,0.0,0.0,0.0,0.0,0.0,0.0,0.0,0.0,0.0,0.0,0.0,0.0,0.0,0.0,0.0,0.0,3570000000.0
2023-06-14,0.0,0.0,0.0,0.0,0.0,0.0,0.0,0.0,0.0,0.0,0.0,0.0,0.0,0.0,0.0,0.0,0.0,3570000000.0
2023-06-13,0.0,0.0,0.0,0.0,0.0,0.0,0.0,0.0,0.0,0.0,0.0,0.0,0.0,0.0,0.0,0.0,0.0,3570000000.0
2023-06-12,0.0,0.0,0.0,0.0,0.0,0.0,0.0,0.0,0.0,0.0,0.0,0.0,0.0,0.0,0.0,0.0,0.0,3570000000.0
2023-06-11,0.0,0.0,0.0,0.0,0.0,0.0,0.0,0.0,0.0,0.0,0.0,0.0,0.0,0.0,0.0,0.0,0.0,3570000000.0
2023-06-10,0.0,0.0,0.0,0.0,0.0,0.0,0.0,0.0,0.0,0.0,0.0,0.0,0.0,0.0,0.0,0.0,0.0,3570000000.0
2023-06-09,0.0,0.0,0.0,0.0,0.0,0.0,0.0,0.0,0.0,0.0,0.0,0.0,0.0,0.0,0.0,0.0,0.0,3570000000.0
2023-06-08,0.0,0.0,0.0,0.0,0.0,0.0,0.0,0.0,0.0,0.0,0.0,0.0,0.0,0.0,0.0,0.0,0.0,3570000000.0
2023-06-07,0.0,0.0,0.0,0.0,0.0,0.0,0.0,0.0,0.0,0.0,0.0,0.0,0.0,0.0,0.0,0.0,0.0,3570000000.0
2023-06-06,0.0,0.0,0.0,0.0,0.0,0.0,0.0,0.0,0.0,0.0,0.0,0.0,0.0,0.0,0.0,0.0,0.0,3570000000.0
2023-06-05,0.0,0.0,0.0,0.0,0.0,0.0,0.0,0.0,0.0,0.0,0.0,0.0,0.0,0.0,0.0,0.0,0.0,3570000000.0
2023-06-04,0.0,0.0,0.0,0.0,0.0,0.0,0.0,0.0,0.0,0.0,0.0,0.0,0.0,0.0,0.0,0.0,0.0,3570000000.0
2023-06-03,0.0,0.0,0.0,0.0,0.0,0.0,0.0,0.0,0.0,0.0,0.0,0.0,0.0,0.0,0.0,0.0,0.0,3570000000.0
2023-06-02,0.0,0.0,0.0,0.0,0.0,0.0,0.0,0.0,0.0,0.0,0.0,0.0,0.0,0.0,0.0,0.0,0.0,3570000000.0
2023-06-01,0.0,0.0,0.0,0.0,0.0,0.0,0.0,0.0,0.0,0.0,0.0,0.0,0.0,0.0,0.0,0.0,0.0,3570000000.0
2023-05-31,0.0,0.0,0.0,0.0,0.0,0.0,0.0,0.0,0.0,0.0,0.0,0.0,0.0,0.0,0.0,0.0,0.0,3570000000.0
2023-05-30,0.0,0.0,0.0,0.0,0.0,0.0,0.0,0.0,0.0,0.0,0.0,0.0,0.0,0.0,0.0,0.0,0.0,3570000000.0
2023-05-29,0.0,0.0,0.0,0.0,0.0,0.0,0.0,0.0,0.0,0.0,0.0,0.0,0.0,0.0,0.0,0.0,0.0,3570000000.0
2023-05-28,0.0,0.0,0.0,0.0,0.0,0.0,0.0,0.0,0.0,0.0,0.0,0.0,0.0,0.0,0.0,0.0,0.0,3570000000.0
2023-05-27,0.0,0.0,0.0,0.0,0.0,0.0,0.0,0.0,0.0,0.0,0.0,0.0,0.0,0.0,0.0,0.0,0.0,3570000000.0
2023-05-26,0.0,0.0,0.0,0.0,0.0,0.0,0.0,0.0,0.0,0.0,0.0,0.0,0.0,0.0,0.0,0.0,0.0,3570000000.0
2023-05-25,0.0,0.0,0.0,0.0,0.0,0.0,0.0,0.0,0.0,0.0,0.0,0.0,0.0,0.0,0.0,0.0,0.0,3570000000.0
2023-05-24,0.0,0.0,0.0,0.0,0.0,0.0,0.0,0.0,0.0,0.0,0.0,0.0,0.0,0.0,0.0,0.0,0.0,3570000000.0
2023-05-23,0.0,0.0,0.0,0.0,0.0,0.0,0.0,0.0,0.0,0.0,0.0,0.0,0.0,0.0,0.0,0.0,0.0,3570000000.0
2023-05-22,0.0,0.0,0.0,0.0,0.0,0.0,0.0,0.0,0.0,0.0,0.0,0.0,0.0,0.0,0.0,0.0,0.0,3570000000.0
2023-05-21,0.0,0.0,0.0,0.0,0.0,0.0,0.0,0.0,0.0,0.0,0.0,0.0,0.0,0.0,0.0,0.0,0.0,3570000000.0
2023-05-20,0.0,0.0,0.0,0.0,0.0,0.0,0.0,0.0,0.0,0.0,0.0,0.0,0.0,0.0,0.0,0.0,0.0,3570000000.0
2023-05-19,0.0,0.0,0.0,0.0,0.0,0.0,0.0,0.0,0.0,0.0,0.0,0.0,0.0,0.0,0.0,0.0,0.0,3570000000.0
2023-05-18,0.0,0.0,0.0,0.0,0.0,0.0,0.0,0.0,0.0,0.0,0.0,0.0,0.0,0.0,0.0,0.0,0.0,3570000000.0
2023-05-17,0.0,0.0,0.0,0.0,0.0,0.0,0.0,0.0,0.0,0.0,0.0,0.0,0.0,0.0,0.0,0.0,0.0,3570000000.0
2023-05-16,0.0,0.0,0.0,0.0,0.0,0.0,0.0,0.0,0.0,0.0,0.0,0.0,0.0,0.0,0.0,0.0,0.0,3570000000.0
2023-05-15,0.0,0.0,0.0,0.0,0.0,0.0,0.0,0.0,0.0,0.0,0.0,0.0,0.0,0.0,0.0,0.0,0.0,3570000000.0
2023-05-14,0.0,0.0,0.0,0.0,0.0,0.0,0.0,0.0,0.0,0.0,0.0,0.0,0.0,0.0,0.0,0.0,0.0,3570000000.0
2023-05-13,0.0,0.0,0.0,0.0,0.0,0.0,0.0,0.0,0.0,0.0,0.0,0.0,0.0,0.0,0.0,0.0,0.0,3570000000.0
2023-05-12,0.0,0.0,0.0,0.0,0.0,0.0,0.0,0.0,0.0,0.0,0.0,0.0,0.0,0.0,0.0,0.0,0.0,3570000000.0
2023-05-11,0.0,0.0,0.0,0.0,0.0,0.0,0.0,0.0,0.0,0.0,0.0,0.0,0.0,0.0,0.0,0.0,0.0,3570000000.0
2023-05-10,0.0,0.0,0.0,0.0,0.0,0.0,0.0,0.0,0.0,0.0,0.0,0.0,0.0,0.0,0.0,0.0,0.0,3570000000.0
2023-05-09,0.0,0.0,0.0,0.0,0.0,0.0,0.0,0.0,0.0,0.0,0.0,0.0,0.0,0.0,0.0,0.0,0.0,3570000000.0
2023-05-08,0.0,0.0,0.0,0.0,0.0,0.0,0.0,0.0,0.0,0.0,0.0,0.0,0.0,0.0,0.0,0.0,0.0,3570000000.0
2023-05-07,0.0,0.0,0.0,0.0,0.0,0.0,0.0,0.0,0.0,0.0,0.0,0.0,0.0,0.0,0.0,0.0,0.0,3570000000.0
2023-05-06,0.0,0.0,0.0,0.0,0.0,0.0,0.0,0.0,0.0,0.0,0.0,0.0,0.0,0.0,0.0,0.0,0.0,3570000000.0
2023-05-05,0.0,0.0,0.0,0.0,0.0,0.0,0.0,0.0,0.0,0.0,0.0,0.0,0.0,0.0,0.0,0.0,0.0,3570000000.0
2023-05-04,0.0,0.0,0.0,0.0,0.0,0.0,0.0,0.0,0.0,0.0,0.0,0.0,0.0,0.0,0.0,0.0,0.0,3570000000.0
2023-05-03,0.0,0.0,0.0,0.0,0.0,0.0,0.0,0.0,0.0,0.0,0.0,0.0,0.0,0.0,0.0,0.0,0.0,3570000000.0
2023-05-02,0.0,0.0,0.0,0.0,0.0,0.0,0.0,0.0,0.0,0.0,0.0,0.0,0.0,0.0,0.0,0.0,0.0,3570000000.0
2023-05-01,0.0,0.0,0.0,0.0,0.0,0.0,0.0,0.0,0.0,0.0,0.0,0.0,0.0,0.0,0.0,0.0,0.0,3570000000.0
2023-04-30,0.0,0.0,0.0,0.0,0.0,0.0,0.0,0.0,0.0,0.0,0.0,0.0,0.0,0.0,0.0,0.0,0.0,3570000000.0
