,-unknown-,<05,<1,<2,<5,>=5,CA,FR,GB,HK,IE,IT,JE,KY,Market_capitalization,NL,US,Total
2025-05-08,0.03,32,12,13,8,1,0.01,0.04,0.44,0.0,0.0,0.0,0.0,0.0,523887860000.0,0.0,0.14,0.66
2025-05-07,0.03,32,12,13,8,1,0.01,0.04,0.44,0.0,0.0,0.0,0.0,0.0,523887860000.0,0.0,0.14,0.66
2025-05-06,0.03,32,12,13,8,1,0.01,0.04,0.44,0.0,0.0,0.0,0.0,0.0,523887860000.0,0.0,0.14,0.66
2025-05-05,0.03,33,11,13,8,1,0.01,0.04,0.44,0.0,0.0,0.0,0.0,0.0,523887860000.0,0.0,0.14,0.66
2025-05-04,0.03,33,11,13,8,1,0.01,0.04,0.44,0.0,0.0,0.0,0.0,0.0,523887860000.0,0.0,0.14,0.66
2025-05-03,0.03,33,11,13,8,1,0.01,0.04,0.44,0.0,0.0,0.0,0.0,0.0,523887860000.0,0.0,0.14,0.66
2025-05-02,0.03,34,10,13,8,1,0.0,0.04,0.44,0.0,0.0,0.0,0.0,0.0,523887860000.0,0.0,0.14,0.65
2025-05-01,0.03,34,10,13,8,1,0.0,0.04,0.44,0.0,0.0,0.0,0.0,0.0,523887860000.0,0.0,0.14,0.65
2025-04-30,0.03,34,10,13,8,1,0.0,0.04,0.45,0.0,0.0,0.0,0.0,0.0,523887860000.0,0.0,0.14,0.66
2025-04-29,0.03,35,9,13,8,1,0.0,0.04,0.46,0.0,0.0,0.0,0.0,0.0,523887860000.0,0.0,0.14,0.67
2025-04-28,0.03,35,9,14,7,1,0.0,0.04,0.46,0.0,0.0,0.0,0.0,0.0,523887860000.0,0.0,0.14,0.67
2025-04-27,0.03,34,10,14,7,1,0.0,0.04,0.46,0.0,0.0,0.0,0.0,0.0,523887860000.0,0.0,0.14,0.67
2025-04-26,0.03,34,10,14,7,1,0.0,0.04,0.46,0.0,0.0,0.0,0.0,0.0,523887860000.0,0.0,0.14,0.67
2025-04-25,0.03,34,10,14,7,1,0.0,0.04,0.46,0.0,0.0,0.0,0.0,0.0,523887860000.0,0.0,0.14,0.67
2025-04-24,0.03,34,10,13,8,1,0.01,0.04,0.46,0.0,0.0,0.0,0.0,0.0,523887860000.0,0.0,0.14,0.68
2025-04-23,0.03,34,10,13,8,1,0.01,0.04,0.46,0.0,0.0,0.0,0.0,0.0,523887860000.0,0.0,0.14,0.68
2025-04-22,0.03,34,10,13,8,1,0.01,0.04,0.46,0.0,0.0,0.0,0.0,0.0,523887860000.0,0.0,0.14,0.68
2025-04-21,0.03,33,11,13,8,1,0.01,0.04,0.44,0.0,0.0,0.0,0.0,0.0,523887860000.0,0.0,0.14,0.66
2025-04-20,0.03,33,11,13,8,1,0.01,0.04,0.44,0.0,0.0,0.0,0.0,0.0,523887860000.0,0.0,0.14,0.66
2025-04-19,0.03,33,11,13,8,1,0.01,0.04,0.44,0.0,0.0,0.0,0.0,0.0,523887860000.0,0.0,0.14,0.66
2025-04-18,0.03,33,11,13,8,1,0.01,0.04,0.44,0.0,0.0,0.0,0.0,0.0,523887860000.0,0.0,0.14,0.66
2025-04-17,0.03,33,11,13,8,1,0.01,0.04,0.44,0.0,0.0,0.0,0.0,0.0,523887860000.0,0.0,0.14,0.66
2025-04-16,0.03,34,10,14,7,1,0.01,0.04,0.44,0.0,0.0,0.0,0.0,0.0,523887860000.0,0.0,0.14,0.66
2025-04-15,0.03,34,10,13,8,1,0.01,0.04,0.44,0.0,0.0,0.0,0.0,0.0,523887860000.0,0.0,0.14,0.66
2025-04-14,0.03,34,10,13,8,1,0.01,0.04,0.44,0.0,0.0,0.0,0.0,0.0,523887860000.0,0.0,0.14,0.66
2025-04-13,0.03,34,10,15,6,1,0.01,0.04,0.44,0.0,0.0,0.0,0.0,0.0,523887860000.0,0.0,0.14,0.66
2025-04-12,0.03,34,10,15,6,1,0.01,0.04,0.44,0.0,0.0,0.0,0.0,0.0,523887860000.0,0.0,0.14,0.66
2025-04-11,0.03,33,10,16,6,1,0.01,0.04,0.56,0.0,0.0,0.0,0.0,0.0,523887860000.0,0.0,0.14,0.78
2025-04-10,0.03,32,12,15,6,1,0.01,0.05,0.54,0.0,0.0,0.0,0.0,0.0,523887860000.0,0.0,0.14,0.77
2025-04-09,0.03,32,13,15,5,1,0.01,0.05,0.54,0.0,0.0,0.0,0.0,0.0,523887860000.0,0.0,0.14,0.77
2025-04-08,0.03,32,12,16,5,1,0.01,0.05,0.54,0.0,0.0,0.0,0.0,0.0,523887860000.0,0.0,0.12,0.75
2025-04-07,0.03,33,12,15,5,1,0.01,0.05,0.53,0.0,0.0,0.0,0.0,0.0,523887860000.0,0.0,0.11,0.73
2025-04-06,0.03,32,13,14,6,1,0.01,0.05,0.56,0.0,0.0,0.0,0.0,0.0,523887860000.0,0.0,0.11,0.76
2025-04-05,0.03,32,13,14,6,1,0.01,0.05,0.56,0.0,0.0,0.0,0.0,0.0,523887860000.0,0.0,0.11,0.76
2025-04-04,0.03,32,13,14,6,1,0.01,0.05,0.56,0.0,0.0,0.0,0.0,0.0,523887860000.0,0.0,0.11,0.76
2025-04-03,0.03,32,14,12,6,2,0.01,0.05,0.64,0.0,0.0,0.0,0.0,0.0,523887860000.0,0.0,0.1,0.83
2025-04-02,0.03,31,14,13,6,2,0.01,0.05,0.65,0.0,0.0,0.0,0.0,0.0,523887860000.0,0.0,0.1,0.84
2025-04-01,0.03,31,14,12,7,2,0.01,0.05,0.65,0.0,0.0,0.0,0.0,0.0,523887860000.0,0.0,0.1,0.84
2025-03-31,0.03,31,14,12,7,2,0.01,0.05,0.65,0.0,0.0,0.0,0.0,0.0,523887860000.0,0.0,0.13,0.87
2025-03-30,0.03,31,14,12,7,2,0.01,0.05,0.65,0.0,0.0,0.0,0.0,0.0,523887860000.0,0.0,0.17,0.91
2025-03-29,0.03,31,13,13,7,2,0.01,0.05,0.68,0.0,0.0,0.0,0.0,0.0,523887860000.0,0.0,0.17,0.9400000000000001
2025-03-28,0.03,31,13,14,6,2,0.01,0.05,0.68,0.0,0.0,0.0,0.0,0.0,523887860000.0,0.0,0.17,0.9400000000000001
2025-03-27,0.03,31,13,14,6,2,0.01,0.05,0.68,0.0,0.0,0.0,0.0,0.0,523887860000.0,0.0,0.18,0.95
2025-03-26,0.03,31,13,14,7,1,0.01,0.05,0.68,0.0,0.0,0.0,0.0,0.0,523887860000.0,0.0,0.17,0.9400000000000001
2025-03-25,0.03,31,14,13,8,0,0.01,0.05,0.69,0.0,0.0,0.0,0.0,0.0,523887860000.0,0.0,0.17,0.95
2025-03-24,0.03,32,13,13,7,1,0.01,0.04,0.69,0.0,0.0,0.0,0.0,0.0,523887860000.0,0.01,0.18,0.96
2025-03-23,0.03,34,12,13,6,1,0.01,0.04,0.67,0.0,0.0,0.0,0.0,0.0,523887860000.0,0.01,0.18,0.94
2025-03-22,0.03,34,12,13,6,1,0.01,0.04,0.67,0.0,0.0,0.0,0.0,0.0,523887860000.0,0.01,0.18,0.94
2025-03-21,0.03,34,12,13,6,1,0.01,0.04,0.67,0.0,0.0,0.0,0.0,0.0,523887860000.0,0.01,0.19,0.95
2025-03-20,0.03,34,12,13,5,2,0.01,0.04,0.67,0.0,0.0,0.0,0.0,0.0,523887860000.0,0.01,0.19,0.95
2025-03-19,0.03,33,13,13,5,2,0.01,0.04,0.68,0.0,0.0,0.0,0.0,0.0,523887860000.0,0.01,0.19,0.96
2025-03-18,0.03,34,11,14,5,2,0.01,0.04,0.68,0.0,0.0,0.0,0.0,0.0,523887860000.0,0.01,0.17,0.9400000000000001
2025-03-17,0.03,34,11,14,5,2,0.01,0.04,0.7,0.0,0.0,0.0,0.0,0.0,523887860000.0,0.01,0.17,0.96
2025-03-16,0.03,33,12,14,6,1,0.01,0.04,0.7,0.0,0.0,0.0,0.0,0.0,523887860000.0,0.01,0.17,0.96
2025-03-15,0.03,33,12,14,6,1,0.01,0.04,0.7,0.0,0.0,0.0,0.0,0.0,523887860000.0,0.01,0.17,0.96
2025-03-14,0.03,33,11,15,5,2,0.01,0.04,0.7,0.0,0.01,0.0,0.0,0.0,523887860000.0,0.01,0.17,0.97
2025-03-13,0.03,33,10,15,6,2,0.01,0.04,0.69,0.0,0.01,0.0,0.0,0.0,523887860000.0,0.01,0.16,0.95
2025-03-12,0.03,33,10,15,6,2,0.01,0.04,0.71,0.0,0.01,0.0,0.0,0.0,523887860000.0,0.01,0.15,0.96
2025-03-11,0.03,33,10,15,6,2,0.01,0.04,0.71,0.0,0.01,0.0,0.0,0.0,523887860000.0,0.01,0.16,0.97
2025-03-10,0.03,33,11,14,6,2,0.01,0.04,0.71,0.0,0.01,0.0,0.0,0.0,523887860000.0,0.01,0.18,0.99
2025-03-09,0.03,33,11,14,6,2,0.01,0.05,0.71,0.0,0.01,0.0,0.0,0.0,523887860000.0,0.01,0.19,1.01
2025-03-08,0.03,33,11,14,6,2,0.01,0.05,0.71,0.0,0.01,0.0,0.0,0.0,523887860000.0,0.01,0.19,1.01
2025-03-07,0.03,32,13,13,6,2,0.01,0.05,0.73,0.0,0.01,0.0,0.0,0.0,523887860000.0,0.01,0.19,1.03
2025-03-06,0.03,33,12,13,6,2,0.01,0.05,0.73,0.0,0.01,0.0,0.0,0.0,523887860000.0,0.01,0.19,1.03
2025-03-05,0.03,34,9,15,5,3,0.01,0.03,0.74,0.0,0.01,0.0,0.0,0.0,523887860000.0,0.01,0.19,1.02
2025-03-04,0.03,33,10,14,5,4,0.01,0.03,0.75,0.0,0.01,0.0,0.0,0.0,523887860000.0,0.01,0.18,1.02
2025-03-03,0.03,33,11,13,5,4,0.01,0.03,0.76,0.0,0.01,0.0,0.0,0.0,523887860000.0,0.01,0.16,1.01
2025-03-02,0.03,33,10,14,6,3,0.01,0.03,0.76,0.0,0.01,0.0,0.0,0.0,523887860000.0,0.01,0.15,1.0
2025-03-01,0.03,33,10,14,6,3,0.01,0.03,0.76,0.0,0.01,0.0,0.0,0.0,523887860000.0,0.01,0.15,1.0
2025-02-28,0.03,32,11,14,6,3,0.01,0.03,0.77,0.0,0.01,0.0,0.0,0.0,523887860000.0,0.01,0.15,1.01
2025-02-27,0.03,32,11,14,7,2,0.01,0.03,0.77,0.0,0.01,0.0,0.0,0.0,523887860000.0,0.01,0.14,1.0
2025-02-26,0.03,32,11,14,6,3,0.01,0.03,0.77,0.0,0.01,0.0,0.0,0.0,523887860000.0,0.01,0.13,0.9900000000000001
2025-02-25,0.03,32,13,12,6,3,0.01,0.03,0.77,0.0,0.01,0.0,0.0,0.0,523887860000.0,0.01,0.13,0.9900000000000001
2025-02-24,0.03,33,13,12,5,3,0.01,0.03,0.76,0.0,0.01,0.0,0.0,0.0,523887860000.0,0.01,0.13,0.9800000000000001
2025-02-23,0.03,33,13,12,5,3,0.01,0.03,0.76,0.0,0.01,0.0,0.0,0.0,523887860000.0,0.01,0.12,0.9700000000000001
2025-02-22,0.03,33,13,12,5,3,0.01,0.03,0.76,0.0,0.01,0.0,0.0,0.0,523887860000.0,0.01,0.12,0.9700000000000001
2025-02-21,0.03,33,13,12,5,3,0.01,0.03,0.76,0.0,0.01,0.0,0.0,0.0,523887860000.0,0.01,0.12,0.9700000000000001
2025-02-20,0.03,34,12,12,6,2,0.01,0.03,0.75,0.0,0.01,0.0,0.0,0.0,523887860000.0,0.01,0.12,0.9600000000000001
2025-02-19,0.03,34,12,12,6,2,0.01,0.03,0.75,0.0,0.01,0.0,0.0,0.0,523887860000.0,0.01,0.13,0.9700000000000001
2025-02-18,0.03,34,12,12,6,2,0.01,0.03,0.75,0.0,0.01,0.0,0.0,0.0,523887860000.0,0.01,0.13,0.9700000000000001
2025-02-17,0.04,35,10,12,7,2,0.01,0.03,0.75,0.0,0.01,0.0,0.0,0.0,523887860000.0,0.01,0.13,0.98
2025-02-16,0.04,35,9,13,7,2,0.01,0.03,0.75,0.0,0.01,0.0,0.0,0.0,523887860000.0,0.01,0.14,0.99
2025-02-15,0.04,35,9,13,7,2,0.01,0.03,0.75,0.0,0.01,0.0,0.0,0.0,523887860000.0,0.01,0.14,0.99
2025-02-14,0.04,35,9,13,7,2,0.01,0.03,0.74,0.0,0.01,0.0,0.0,0.0,523887860000.0,0.01,0.14,0.98
2025-02-13,0.04,35,9,13,7,2,0.01,0.03,0.75,0.0,0.01,0.0,0.0,0.0,523887860000.0,0.01,0.14,0.99
2025-02-12,0.04,36,8,13,7,2,0.01,0.03,0.71,0.0,0.01,0.0,0.0,0.0,523887860000.0,0.01,0.14,0.95
2025-02-11,0.04,36,8,13,7,2,0.01,0.03,0.71,0.0,0.01,0.0,0.0,0.0,523887860000.0,0.01,0.14,0.95
2025-02-10,0.04,36,8,13,7,2,0.01,0.03,0.71,0.0,0.01,0.0,0.0,0.0,523887860000.0,0.01,0.14,0.95
2025-02-09,0.04,36,8,13,7,2,0.01,0.03,0.7,0.0,0.01,0.0,0.0,0.0,523887860000.0,0.01,0.14,0.94
2025-02-08,0.04,35,9,13,7,2,0.01,0.03,0.72,0.0,0.01,0.0,0.0,0.0,523887860000.0,0.01,0.14,0.96
2025-02-07,0.04,35,9,13,7,2,0.01,0.03,0.72,0.0,0.01,0.0,0.0,0.0,523887860000.0,0.01,0.14,0.96
2025-02-06,0.04,35,9,14,6,2,0.01,0.03,0.73,0.0,0.01,0.0,0.0,0.0,523887860000.0,0.01,0.07,0.8999999999999999
2025-02-05,0.03,34,10,14,6,2,0.01,0.03,0.72,0.0,0.01,0.0,0.0,0.0,523887860000.0,0.01,0.07,0.8800000000000001
2025-02-04,0.03,33,11,14,6,2,0.01,0.03,0.72,0.0,0.01,0.0,0.0,0.0,523887860000.0,0.01,0.07,0.8800000000000001
2025-02-03,0.03,33,11,14,6,2,0.01,0.03,0.73,0.0,0.01,0.0,0.0,0.0,523887860000.0,0.01,0.07,0.8900000000000001
2025-02-02,0.03,33,11,14,6,2,0.01,0.03,0.73,0.0,0.01,0.0,0.0,0.0,523887860000.0,0.01,0.07,0.8900000000000001
2025-02-01,0.03,33,11,14,6,2,0.01,0.03,0.73,0.0,0.01,0.0,0.0,0.0,523887860000.0,0.01,0.07,0.8900000000000001
2025-01-31,0.03,33,11,14,6,2,0.01,0.03,0.73,0.0,0.01,0.0,0.0,0.0,523887860000.0,0.01,0.07,0.8900000000000001
2025-01-30,0.03,33,11,14,6,2,0.01,0.03,0.73,0.0,0.01,0.0,0.0,0.0,523887860000.0,0.01,0.08,0.9
2025-01-29,0.03,33,12,13,6,2,0.01,0.03,0.72,0.0,0.01,0.0,0.0,0.0,523887860000.0,0.01,0.08,0.89
2025-01-28,0.03,35,10,14,4,3,0.01,0.01,0.71,0.0,0.01,0.0,0.0,0.0,523887860000.0,0.01,0.08,0.86
2025-01-27,0.03,35,10,14,4,3,0.01,0.01,0.71,0.0,0.01,0.0,0.0,0.0,523887860000.0,0.01,0.08,0.86
2025-01-26,0.03,35,11,12,5,3,0.01,0.01,0.7,0.0,0.01,0.0,0.0,0.0,523887860000.0,0.01,0.08,0.85
2025-01-25,0.03,35,11,12,5,3,0.01,0.01,0.7,0.0,0.01,0.0,0.0,0.0,523887860000.0,0.01,0.08,0.85
2025-01-24,0.03,35,11,12,5,3,0.01,0.01,0.7,0.0,0.01,0.0,0.0,0.0,523887860000.0,0.01,0.08,0.85
2025-01-23,0.03,35,11,12,5,3,0.01,0.01,0.7,0.0,0.01,0.0,0.0,0.0,523887860000.0,0.01,0.08,0.85
2025-01-22,0.03,35,12,11,5,3,0.01,0.01,0.7,0.0,0.01,0.0,0.0,0.0,523887860000.0,0.01,0.08,0.85
2025-01-21,0.03,35,12,11,5,3,0.01,0.01,0.69,0.0,0.01,0.0,0.0,0.0,523887860000.0,0.01,0.08,0.84
2025-01-20,0.03,34,13,10,5,4,0.01,0.01,0.72,0.0,0.01,0.0,0.0,0.0,523887860000.0,0.01,0.08,0.87
2025-01-19,0.03,33,14,10,5,4,0.01,0.01,0.72,0.0,0.01,0.0,0.0,0.0,523887860000.0,0.01,0.08,0.87
2025-01-18,0.03,33,14,10,5,4,0.01,0.01,0.72,0.0,0.01,0.0,0.0,0.0,523887860000.0,0.01,0.08,0.87
2025-01-17,0.03,33,14,10,5,4,0.01,0.01,0.72,0.0,0.01,0.0,0.0,0.0,523887860000.0,0.01,0.08,0.87
2025-01-16,0.03,33,14,10,5,4,0.01,0.01,0.72,0.0,0.01,0.0,0.0,0.0,523887860000.0,0.01,0.08,0.87
2025-01-15,0.03,33,14,10,5,4,0.01,0.01,0.72,0.0,0.01,0.0,0.0,0.0,523887860000.0,0.01,0.08,0.87
2025-01-14,0.03,33,14,10,5,4,0.01,0.01,0.72,0.0,0.01,0.0,0.0,0.0,523887860000.0,0.01,0.08,0.87
2025-01-13,0.03,34,13,10,5,4,0.01,0.01,0.72,0.0,0.01,0.0,0.0,0.0,523887860000.0,0.01,0.08,0.87
2025-01-12,0.03,34,13,10,5,4,0.01,0.01,0.72,0.0,0.01,0.0,0.0,0.0,523887860000.0,0.01,0.08,0.87
2025-01-11,0.03,34,13,10,5,4,0.01,0.01,0.72,0.0,0.01,0.0,0.0,0.0,523887860000.0,0.01,0.08,0.87
2025-01-10,0.03,34,13,10,5,4,0.01,0.01,0.72,0.0,0.01,0.0,0.0,0.0,523887860000.0,0.01,0.08,0.87
2025-01-09,0.03,34,13,9,6,4,0.01,0.02,0.72,0.0,0.01,0.0,0.0,0.0,523887860000.0,0.01,0.08,0.88
2025-01-08,0.02,34,13,9,6,4,0.01,0.02,0.72,0.0,0.01,0.0,0.0,0.0,523887860000.0,0.01,0.08,0.87
2025-01-07,0.01,35,13,8,6,4,0.01,0.02,0.71,0.0,0.01,0.0,0.0,0.0,523887860000.0,0.01,0.08,0.85
2025-01-06,0.01,35,14,7,6,4,0.0,0.02,0.71,0.0,0.01,0.0,0.0,0.0,523887860000.0,0.01,0.08,0.84
2025-01-05,0.01,35,13,9,6,3,0.0,0.02,0.72,0.0,0.01,0.0,0.0,0.0,523887860000.0,0.01,0.07,0.8400000000000001
2025-01-04,0.01,35,13,9,6,3,0.0,0.02,0.72,0.0,0.01,0.0,0.0,0.0,523887860000.0,0.01,0.07,0.8400000000000001
2025-01-03,0.01,35,13,9,6,3,0.0,0.02,0.72,0.0,0.01,0.0,0.0,0.0,523887860000.0,0.01,0.07,0.8400000000000001
2025-01-02,0.01,35,13,8,8,2,0.0,0.02,0.72,0.0,0.01,0.0,0.0,0.0,523887860000.0,0.01,0.07,0.8400000000000001
2025-01-01,0.01,35,13,8,8,2,0.0,0.02,0.72,0.0,0.01,0.0,0.0,0.0,523887860000.0,0.01,0.07,0.8400000000000001
2024-12-31,0.02,35,13,8,8,2,0.0,0.02,0.6,0.0,0.01,0.0,0.0,0.0,450511970000.0,0.01,0.07,0.73
2024-12-30,0.02,35,13,8,8,2,0.0,0.02,0.6,0.0,0.01,0.0,0.0,0.0,450511970000.0,0.01,0.07,0.73
2024-12-29,0.02,35,13,8,8,2,0.0,0.02,0.6,0.0,0.01,0.0,0.0,0.0,450511970000.0,0.01,0.07,0.73
2024-12-28,0.02,34,14,8,8,2,0.0,0.02,0.6,0.0,0.01,0.0,0.0,0.0,450511970000.0,0.01,0.07,0.73
2024-12-27,0.02,35,13,8,8,2,0.0,0.02,0.6,0.0,0.01,0.0,0.0,0.0,450511970000.0,0.01,0.07,0.73
2024-12-26,0.02,35,13,8,8,2,0.0,0.02,0.6,0.0,0.01,0.0,0.0,0.0,450511970000.0,0.01,0.07,0.73
2024-12-25,0.02,35,13,8,8,2,0.0,0.02,0.6,0.0,0.01,0.0,0.0,0.0,450511970000.0,0.01,0.07,0.73
2024-12-24,0.02,35,13,8,7,3,0.0,0.02,0.6,0.0,0.01,0.0,0.0,0.0,450511970000.0,0.01,0.07,0.73
2024-12-23,0.02,35,13,8,7,3,0.0,0.02,0.6,0.0,0.01,0.0,0.0,0.0,450511970000.0,0.01,0.07,0.73
2024-12-22,0.02,35,13,8,7,3,0.0,0.02,0.6,0.0,0.01,0.0,0.0,0.0,450511970000.0,0.01,0.07,0.73
2024-12-21,0.02,35,13,8,7,3,0.0,0.02,0.6,0.0,0.01,0.0,0.0,0.0,450511970000.0,0.01,0.07,0.73
2024-12-20,0.02,34,14,8,7,3,0.0,0.02,0.6,0.0,0.01,0.0,0.0,0.0,450511970000.0,0.01,0.09,0.75
2024-12-19,0.02,32,16,9,6,3,0.0,0.02,0.6,0.0,0.01,0.0,0.0,0.0,450511970000.0,0.01,0.09,0.75
2024-12-18,0.02,34,14,10,6,2,0.0,0.02,0.59,0.0,0.01,0.0,0.0,0.0,450511970000.0,0.01,0.08,0.73
2024-12-17,0.02,34,14,10,6,2,0.0,0.02,0.59,0.0,0.01,0.0,0.0,0.0,450511970000.0,0.01,0.07,0.72
2024-12-16,0.02,34,14,10,6,2,0.0,0.02,0.59,0.0,0.01,0.0,0.0,0.0,450511970000.0,0.01,0.07,0.72
2024-12-15,0.02,34,14,10,6,2,0.0,0.02,0.59,0.0,0.01,0.0,0.0,0.0,450511970000.0,0.01,0.07,0.72
2024-12-14,0.02,34,14,10,6,2,0.0,0.02,0.59,0.0,0.01,0.0,0.0,0.0,450511970000.0,0.01,0.07,0.72
2024-12-13,0.02,34,14,12,5,1,0.0,0.02,0.55,0.0,0.01,0.0,0.0,0.0,450511970000.0,0.01,0.07,0.6800000000000002
2024-12-12,0.02,34,14,12,5,1,0.0,0.02,0.55,0.0,0.01,0.0,0.0,0.0,450511970000.0,0.01,0.07,0.6800000000000002
2024-12-11,0.02,34,14,12,5,1,0.0,0.02,0.55,0.0,0.01,0.0,0.0,0.0,450511970000.0,0.01,0.07,0.6800000000000002
2024-12-10,0.02,34,14,12,5,1,0.0,0.02,0.55,0.0,0.01,0.0,0.0,0.0,450511970000.0,0.01,0.07,0.6800000000000002
2024-12-09,0.02,33,14,13,5,1,0.0,0.02,0.55,0.0,0.01,0.0,0.0,0.0,450511970000.0,0.01,0.07,0.6800000000000002
2024-12-08,0.02,33,13,13,6,1,0.0,0.02,0.55,0.0,0.01,0.0,0.0,0.0,450511970000.0,0.01,0.07,0.6800000000000002
2024-12-07,0.02,33,13,13,6,1,0.0,0.02,0.55,0.0,0.01,0.0,0.0,0.0,450511970000.0,0.01,0.07,0.6800000000000002
2024-12-06,0.02,33,13,13,6,1,0.0,0.02,0.55,0.0,0.01,0.0,0.0,0.0,450511970000.0,0.01,0.07,0.6800000000000002
2024-12-05,0.02,34,12,10,8,2,0.0,0.02,0.6,0.0,0.01,0.0,0.0,0.0,450511970000.0,0.01,0.07,0.73
2024-12-04,0.02,34,13,9,8,2,0.0,0.02,0.6,0.0,0.01,0.0,0.0,0.0,450511970000.0,0.01,0.07,0.73
2024-12-03,0.02,34,13,8,9,2,0.0,0.02,0.61,0.0,0.01,0.0,0.0,0.0,450511970000.0,0.01,0.07,0.74
2024-12-02,0.02,34,13,8,9,2,0.0,0.02,0.61,0.0,0.01,0.0,0.0,0.0,450511970000.0,0.01,0.07,0.74
2024-12-01,0.02,34,13,8,9,2,0.0,0.02,0.61,0.0,0.01,0.0,0.0,0.0,450511970000.0,0.01,0.07,0.74
2024-11-30,0.02,34,13,8,9,2,0.0,0.02,0.61,0.0,0.01,0.0,0.0,0.0,450511970000.0,0.01,0.07,0.74
2024-11-29,0.02,34,13,7,10,2,0.0,0.02,0.62,0.0,0.01,0.0,0.0,0.0,450511970000.0,0.01,0.07,0.75
2024-11-28,0.02,34,13,8,9,2,0.0,0.02,0.62,0.0,0.01,0.0,0.0,0.0,450511970000.0,0.01,0.07,0.75
2024-11-27,0.02,32,15,8,9,2,0.0,0.02,0.63,0.0,0.01,0.0,0.0,0.0,450511970000.0,0.01,0.07,0.76
2024-11-26,0.02,32,15,8,9,2,0.0,0.02,0.59,0.0,0.01,0.0,0.0,0.0,450511970000.0,0.01,0.07,0.72
2024-11-25,0.02,32,15,8,9,2,0.0,0.02,0.59,0.0,0.01,0.0,0.0,0.0,450511970000.0,0.01,0.07,0.72
2024-11-24,0.02,32,15,8,9,2,0.0,0.02,0.6,0.0,0.01,0.0,0.0,0.0,450511970000.0,0.01,0.07,0.73
2024-11-23,0.02,32,15,8,9,2,0.0,0.02,0.6,0.0,0.01,0.0,0.0,0.0,450511970000.0,0.01,0.07,0.73
2024-11-22,0.02,32,15,8,9,2,0.0,0.02,0.6,0.0,0.01,0.0,0.0,0.0,450511970000.0,0.01,0.07,0.73
2024-11-21,0.02,32,15,9,7,3,0.0,0.02,0.59,0.0,0.01,0.0,0.0,0.0,450511970000.0,0.01,0.07,0.72
2024-11-20,0.02,32,15,9,7,3,0.0,0.02,0.62,0.0,0.0,0.0,0.0,0.0,450511970000.0,0.01,0.07,0.74
2024-11-19,0.02,32,15,9,8,2,0.0,0.02,0.62,0.0,0.0,0.0,0.0,0.0,450511970000.0,0.01,0.07,0.74
2024-11-18,0.02,32,16,7,9,2,0.0,0.02,0.61,0.0,0.0,0.0,0.0,0.0,450511970000.0,0.01,0.07,0.73
2024-11-17,0.02,31,17,7,9,2,0.0,0.02,0.62,0.0,0.0,0.0,0.0,0.0,450511970000.0,0.01,0.07,0.74
2024-11-16,0.02,31,17,7,9,2,0.0,0.02,0.62,0.0,0.0,0.0,0.0,0.0,450511970000.0,0.01,0.07,0.74
2024-11-15,0.05,31,17,6,10,2,0.0,0.02,0.62,0.0,0.0,0.0,0.0,0.0,450511970000.0,0.01,0.07,0.77
2024-11-14,0.05,30,18,6,10,2,0.0,0.02,0.61,0.0,0.0,0.0,0.0,0.0,450511970000.0,0.01,0.06,0.75
2024-11-13,0.05,30,18,5,11,2,0.0,0.02,0.61,0.0,0.0,0.0,0.0,0.0,450511970000.0,0.01,0.06,0.75
2024-11-12,0.05,30,18,5,11,2,0.0,0.02,0.61,0.0,0.01,0.0,0.0,0.0,450511970000.0,0.01,0.06,0.76
2024-11-11,0.05,31,16,6,11,2,0.0,0.07,0.61,0.0,0.0,0.0,0.0,0.0,450511970000.0,0.01,0.06,0.8
2024-11-10,0.05,31,17,5,11,2,0.0,0.07,0.6,0.0,0.0,0.0,0.0,0.0,450511970000.0,0.0,0.06,0.78
2024-11-09,0.05,31,17,5,11,2,0.0,0.07,0.6,0.0,0.0,0.0,0.0,0.0,450511970000.0,0.0,0.06,0.78
2024-11-08,0.05,31,17,5,11,2,0.0,0.07,0.6,0.0,0.0,0.0,0.0,0.0,450511970000.0,0.0,0.06,0.78
2024-11-07,0.05,31,17,5,12,1,0.0,0.07,0.6,0.0,0.0,0.0,0.0,0.0,450511970000.0,0.0,0.06,0.78
2024-11-06,0.05,32,15,5,13,1,0.0,0.07,0.57,0.0,0.0,0.0,0.0,0.0,450511970000.0,0.0,0.06,0.75
2024-11-05,0.05,33,14,5,13,1,0.0,0.07,0.57,0.0,0.0,0.0,0.0,0.0,450511970000.0,0.0,0.06,0.75
2024-11-04,0.05,32,15,5,13,1,0.0,0.07,0.58,0.0,0.0,0.0,0.0,0.0,450511970000.0,0.0,0.06,0.76
2024-11-03,0.05,32,15,5,13,1,0.0,0.07,0.58,0.0,0.0,0.0,0.0,0.0,450511970000.0,0.0,0.06,0.76
2024-11-02,0.05,32,15,5,13,1,0.0,0.07,0.58,0.0,0.0,0.0,0.0,0.0,450511970000.0,0.0,0.06,0.76
2024-11-01,0.05,32,15,4,14,1,0.0,0.07,0.58,0.0,0.0,0.0,0.0,0.0,450511970000.0,0.0,0.06,0.76
2024-10-31,0.05,32,15,4,15,0,0.0,0.07,0.58,0.0,0.0,0.0,0.0,0.0,450511970000.0,0.0,0.06,0.76
2024-10-30,0.05,33,14,4,15,0,0.0,0.07,0.58,0.0,0.0,0.0,0.0,0.0,450511970000.0,0.0,0.06,0.76
2024-10-29,0.05,33,14,4,15,0,0.0,0.07,0.58,0.0,0.0,0.0,0.0,0.0,450511970000.0,0.0,0.06,0.76
2024-10-28,0.05,33,16,2,15,0,0.0,0.07,0.52,0.0,0.0,0.0,0.0,0.0,450511970000.0,0.0,0.06,0.7
2024-10-27,0.05,32,16,3,15,0,0.0,0.1,0.51,0.0,0.0,0.0,0.0,0.0,450511970000.0,0.0,0.08,0.74
2024-10-26,0.05,32,15,3,16,0,0.0,0.1,0.51,0.0,0.02,0.0,0.0,0.0,450511970000.0,0.0,0.08,0.76
2024-10-25,0.05,32,15,3,16,0,0.0,0.1,0.51,0.0,0.02,0.0,0.0,0.0,450511970000.0,0.0,0.08,0.76
2024-10-24,0.05,32,15,3,15,1,0.0,0.1,0.51,0.0,0.02,0.0,0.0,0.0,450511970000.0,0.0,0.08,0.76
2024-10-23,0.05,32,14,4,15,1,0.0,0.1,0.51,0.0,0.02,0.0,0.0,0.0,450511970000.0,0.0,0.08,0.76
2024-10-22,0.05,31,15,4,15,1,0.0,0.1,0.52,0.0,0.02,0.0,0.0,0.0,450511970000.0,0.0,0.08,0.77
2024-10-21,0.06,32,14,4,15,1,0.0,0.1,0.52,0.0,0.02,0.0,0.0,0.0,450511970000.0,0.0,0.09,0.79
2024-10-20,0.06,31,15,4,15,1,0.0,0.1,0.53,0.0,0.02,0.0,0.0,0.0,450511970000.0,0.0,0.09,0.8
2024-10-19,0.06,31,15,4,15,1,0.0,0.1,0.53,0.0,0.02,0.0,0.0,0.0,450511970000.0,0.0,0.09,0.8
2024-10-18,0.06,31,15,4,15,1,0.0,0.1,0.53,0.0,0.02,0.0,0.0,0.0,450511970000.0,0.0,0.09,0.8
2024-10-17,0.05,31,15,5,14,1,0.0,0.1,0.53,0.0,0.02,0.0,0.0,0.0,450511970000.0,0.0,0.09,0.79
2024-10-16,0.06,31,16,4,14,1,0.0,0.1,0.53,0.0,0.02,0.0,0.0,0.0,450511970000.0,0.0,0.09,0.8
2024-10-15,0.07,31,16,4,14,1,0.0,0.1,0.54,0.0,0.02,0.0,0.0,0.0,450511970000.0,0.0,0.09,0.8200000000000001
2024-10-14,0.07,31,16,4,14,1,0.0,0.1,0.54,0.0,0.02,0.0,0.0,0.0,450511970000.0,0.0,0.1,0.8300000000000001
2024-10-13,0.07,31,16,4,14,1,0.0,0.1,0.49,0.0,0.02,0.0,0.0,0.0,450511970000.0,0.0,0.1,0.78
2024-10-12,0.07,30,17,4,14,1,0.0,0.1,0.49,0.0,0.02,0.0,0.0,0.0,450511970000.0,0.0,0.1,0.78
2024-10-11,0.07,30,18,3,14,1,0.0,0.1,0.49,0.0,0.02,0.0,0.0,0.0,450511970000.0,0.0,0.1,0.78
2024-10-10,0.07,30,17,3,13,3,0.0,0.1,0.65,0.0,0.02,0.0,0.0,0.0,450511970000.0,0.0,0.1,0.9400000000000001
2024-10-09,0.07,29,18,5,11,3,0.0,0.1,0.62,0.0,0.02,0.0,0.0,0.0,450511970000.0,0.0,0.1,0.91
2024-10-08,0.07,29,18,4,12,3,0.0,0.1,0.62,0.0,0.02,0.0,0.0,0.0,450511970000.0,0.0,0.1,0.91
2024-10-07,0.06,29,18,4,12,3,0.0,0.1,0.61,0.0,0.02,0.0,0.0,0.0,450511970000.0,0.0,0.1,0.89
2024-10-06,0.06,29,18,5,11,3,0.0,0.1,0.61,0.0,0.02,0.0,0.0,0.0,450511970000.0,0.0,0.1,0.89
2024-10-05,0.06,29,18,5,11,3,0.0,0.1,0.61,0.0,0.02,0.0,0.0,0.0,450511970000.0,0.0,0.1,0.89
2024-10-04,0.06,28,19,4,12,3,0.0,0.1,0.61,0.0,0.02,0.0,0.0,0.0,450511970000.0,0.0,0.1,0.89
2024-10-03,0.06,29,17,5,13,2,0.0,0.1,0.6,0.0,0.02,0.0,0.0,0.0,450511970000.0,0.0,0.1,0.88
2024-10-02,0.06,29,17,5,13,2,0.0,0.1,0.61,0.0,0.02,0.0,0.0,0.0,450511970000.0,0.0,0.1,0.89
2024-10-01,0.06,29,18,4,12,3,0.0,0.1,0.61,0.0,0.01,0.0,0.0,0.0,450511970000.0,0.0,0.1,0.88
2024-09-30,0.05,29,18,4,12,3,0.0,0.09,0.57,0.0,0.02,0.0,0.0,0.0,428188290000.0,0.0,0.1,0.83
2024-09-29,0.05,30,17,4,12,3,0.0,0.09,0.57,0.0,0.02,0.0,0.0,0.0,428188290000.0,0.0,0.1,0.83
2024-09-28,0.05,30,16,5,12,3,0.0,0.09,0.57,0.0,0.02,0.0,0.0,0.0,428188290000.0,0.0,0.11,0.84
2024-09-27,0.09,30,16,5,12,3,0.0,0.09,0.58,0.0,0.02,0.0,0.0,0.0,428188290000.0,0.0,0.11,0.89
2024-09-26,0.09,30,16,6,11,3,0.0,0.09,0.57,0.0,0.02,0.0,0.0,0.0,428188290000.0,0.0,0.11,0.88
2024-09-25,0.1,30,15,8,10,3,0.0,0.09,0.57,0.0,0.02,0.0,0.0,0.0,428188290000.0,0.0,0.11,0.89
2024-09-24,0.1,30,15,8,10,3,0.0,0.09,0.57,0.0,0.02,0.0,0.0,0.0,428188290000.0,0.0,0.11,0.89
2024-09-23,0.1,29,16,8,11,2,0.0,0.09,0.57,0.0,0.02,0.0,0.0,0.0,428188290000.0,0.0,0.11,0.89
2024-09-22,0.08,29,16,8,11,2,0.0,0.09,0.57,0.0,0.02,0.0,0.0,0.0,428188290000.0,0.0,0.11,0.87
2024-09-21,0.08,29,16,8,11,2,0.0,0.09,0.57,0.0,0.02,0.0,0.0,0.0,428188290000.0,0.0,0.11,0.87
2024-09-20,0.08,29,16,8,11,2,0.0,0.09,0.57,0.0,0.02,0.0,0.0,0.0,428188290000.0,0.0,0.11,0.87
2024-09-19,0.07,29,16,8,11,2,0.0,0.1,0.57,0.0,0.02,0.0,0.0,0.0,428188290000.0,0.0,0.11,0.87
2024-09-18,0.08,29,16,8,10,3,0.0,0.09,0.57,0.0,0.02,0.0,0.0,0.0,428188290000.0,0.0,0.11,0.87
2024-09-17,0.08,29,16,8,10,3,0.0,0.09,0.58,0.0,0.02,0.0,0.0,0.0,428188290000.0,0.0,0.11,0.88
2024-09-16,0.09,30,15,9,9,3,0.0,0.09,0.57,0.0,0.02,0.0,0.0,0.0,428188290000.0,0.0,0.11,0.88
2024-09-15,0.09,30,15,9,10,2,0.0,0.09,0.58,0.0,0.02,0.0,0.0,0.0,428188290000.0,0.0,0.11,0.89
2024-09-14,0.09,30,15,9,10,2,0.0,0.09,0.58,0.0,0.02,0.0,0.0,0.0,428188290000.0,0.0,0.11,0.89
2024-09-13,0.09,30,15,9,10,2,0.0,0.09,0.58,0.0,0.02,0.0,0.0,0.0,428188290000.0,0.0,0.11,0.89
2024-09-12,0.09,31,14,9,11,1,0.0,0.09,0.57,0.0,0.02,0.0,0.0,0.0,428188290000.0,0.0,0.11,0.88
2024-09-11,0.09,31,14,9,11,1,0.0,0.09,0.57,0.0,0.02,0.0,0.0,0.0,428188290000.0,0.0,0.11,0.88
2024-09-10,0.09,31,14,9,11,1,0.0,0.09,0.58,0.0,0.02,0.0,0.0,0.0,428188290000.0,0.0,0.11,0.89
2024-09-09,0.09,32,13,9,11,1,0.0,0.09,0.57,0.0,0.02,0.0,0.0,0.0,428188290000.0,0.0,0.11,0.88
2024-09-08,0.09,31,14,8,11,2,0.0,0.09,0.57,0.0,0.02,0.0,0.0,0.0,428188290000.0,0.0,0.11,0.88
2024-09-07,0.09,31,14,8,11,2,0.0,0.09,0.57,0.0,0.02,0.0,0.0,0.0,428188290000.0,0.0,0.11,0.88
2024-09-06,0.09,32,13,8,11,2,0.0,0.09,0.58,0.0,0.02,0.0,0.0,0.0,428188290000.0,0.0,0.11,0.89
2024-09-05,0.09,32,13,8,12,1,0.0,0.09,0.58,0.0,0.02,0.0,0.0,0.0,428188290000.0,0.0,0.11,0.89
2024-09-04,0.09,32,13,9,11,1,0.0,0.09,0.58,0.0,0.02,0.0,0.0,0.0,428188290000.0,0.0,0.11,0.89
2024-09-03,0.09,32,13,9,11,1,0.0,0.09,0.55,0.0,0.02,0.0,0.0,0.0,428188290000.0,0.0,0.11,0.86
2024-09-02,0.08,31,14,9,11,1,0.0,0.09,0.6,0.0,0.02,0.0,0.0,0.0,428188290000.0,0.0,0.11,0.9
2024-09-01,0.08,30,15,10,10,1,0.0,0.09,0.6,0.0,0.02,0.0,0.0,0.0,428188290000.0,0.0,0.11,0.9
2024-08-31,0.08,30,15,10,10,1,0.0,0.09,0.6,0.0,0.02,0.0,0.0,0.0,428188290000.0,0.0,0.11,0.9
2024-08-30,0.08,30,15,10,10,1,0.0,0.09,0.6,0.0,0.02,0.0,0.0,0.0,428188290000.0,0.0,0.11,0.9
2024-08-29,0.08,29,16,10,10,1,0.0,0.09,0.61,0.0,0.02,0.0,0.0,0.0,428188290000.0,0.0,0.11,0.91
2024-08-28,0.08,29,16,10,10,1,0.0,0.09,0.61,0.0,0.02,0.0,0.0,0.0,428188290000.0,0.0,0.11,0.91
2024-08-27,0.08,28,17,10,10,1,0.0,0.09,0.61,0.0,0.02,0.0,0.0,0.0,428188290000.0,0.0,0.11,0.91
2024-08-26,0.08,29,16,10,10,1,0.0,0.09,0.61,0.0,0.02,0.0,0.0,0.0,428188290000.0,0.0,0.11,0.91
2024-08-25,0.08,28,17,10,10,1,0.0,0.09,0.62,0.0,0.02,0.0,0.0,0.0,428188290000.0,0.0,0.11,0.92
2024-08-24,0.08,28,17,10,10,1,0.0,0.12,0.62,0.0,0.02,0.0,0.0,0.0,428188290000.0,0.0,0.11,0.9500000000000001
2024-08-23,0.08,28,17,10,10,1,0.0,0.12,0.62,0.0,0.02,0.0,0.0,0.0,428188290000.0,0.0,0.11,0.9500000000000001
2024-08-22,0.08,29,16,10,10,1,0.0,0.12,0.61,0.0,0.02,0.0,0.0,0.0,428188290000.0,0.0,0.11,0.9400000000000001
2024-08-21,0.08,29,16,10,10,1,0.0,0.12,0.61,0.0,0.02,0.0,0.0,0.0,428188290000.0,0.0,0.11,0.9400000000000001
2024-08-20,0.08,29,16,10,10,1,0.0,0.12,0.61,0.0,0.02,0.0,0.0,0.0,428188290000.0,0.0,0.11,0.9400000000000001
2024-08-19,0.08,31,14,9,11,1,0.0,0.12,0.61,0.0,0.02,0.0,0.0,0.0,428188290000.0,0.0,0.11,0.9400000000000001
2024-08-18,0.08,31,14,9,11,1,0.0,0.12,0.61,0.0,0.02,0.0,0.0,0.0,428188290000.0,0.0,0.11,0.9400000000000001
2024-08-17,0.08,31,14,9,11,1,0.0,0.12,0.61,0.0,0.02,0.0,0.0,0.0,428188290000.0,0.0,0.11,0.9400000000000001
2024-08-16,0.08,31,14,9,11,1,0.0,0.12,0.61,0.0,0.02,0.0,0.0,0.0,428188290000.0,0.0,0.11,0.9400000000000001
2024-08-15,0.08,30,15,8,12,1,0.0,0.12,0.61,0.0,0.02,0.0,0.0,0.0,428188290000.0,0.0,0.12,0.9500000000000001
2024-08-14,0.09,30,15,8,12,1,0.0,0.12,0.61,0.0,0.02,0.0,0.0,0.0,428188290000.0,0.0,0.12,0.96
2024-08-13,0.09,30,15,8,12,1,0.0,0.12,0.6,0.0,0.02,0.0,0.0,0.0,428188290000.0,0.0,0.12,0.95
2024-08-12,0.09,30,15,8,12,1,0.0,0.11,0.6,0.0,0.02,0.0,0.0,0.0,428188290000.0,0.0,0.12,0.9400000000000001
2024-08-11,0.09,29,16,9,11,1,0.0,0.11,0.6,0.0,0.02,0.0,0.0,0.0,428188290000.0,0.0,0.11,0.93
2024-08-10,0.09,29,16,9,11,1,0.0,0.11,0.6,0.0,0.02,0.0,0.0,0.0,428188290000.0,0.0,0.11,0.93
2024-08-09,0.09,29,16,9,11,1,0.0,0.11,0.6,0.0,0.02,0.0,0.0,0.0,428188290000.0,0.0,0.11,0.93
2024-08-08,0.09,29,16,9,11,1,0.0,0.11,0.6,0.0,0.02,0.0,0.0,0.0,428188290000.0,0.0,0.11,0.93
2024-08-07,0.09,29,16,10,10,1,0.0,0.11,0.63,0.0,0.02,0.0,0.0,0.0,428188290000.0,0.0,0.11,0.9600000000000001
2024-08-06,0.09,29,16,10,10,1,0.0,0.11,0.63,0.0,0.02,0.0,0.0,0.0,428188290000.0,0.0,0.11,0.9600000000000001
2024-08-05,0.1,28,17,9,11,1,0.0,0.12,0.7,0.0,0.02,0.0,0.0,0.0,428188290000.0,0.0,0.11,1.05
2024-08-04,0.08,27,18,9,11,1,0.0,0.12,0.7,0.0,0.02,0.0,0.0,0.0,428188290000.0,0.0,0.11,1.03
2024-08-03,0.08,27,18,8,12,1,0.0,0.12,0.81,0.0,0.02,0.0,0.0,0.0,428188290000.0,0.0,0.11,1.1400000000000001
2024-08-02,0.08,27,18,8,12,1,0.0,0.12,0.81,0.0,0.02,0.0,0.0,0.0,428188290000.0,0.0,0.11,1.1400000000000001
2024-08-01,0.08,27,18,8,12,1,0.0,0.12,0.81,0.0,0.02,0.0,0.0,0.0,428188290000.0,0.0,0.11,1.1400000000000001
2024-07-31,0.08,27,18,8,12,1,0.0,0.12,0.81,0.0,0.02,0.0,0.0,0.0,428188290000.0,0.0,0.11,1.1400000000000001
2024-07-30,0.08,28,17,7,13,1,0.0,0.11,0.81,0.0,0.02,0.0,0.0,0.0,428188290000.0,0.0,0.12,1.1400000000000001
2024-07-29,0.08,28,18,7,12,1,0.0,0.11,0.8,0.0,0.02,0.0,0.0,0.0,428188290000.0,0.0,0.12,1.13
2024-07-28,0.08,27,19,7,12,1,0.0,0.11,0.8,0.0,0.02,0.0,0.0,0.0,428188290000.0,0.0,0.12,1.13
2024-07-27,0.08,27,19,7,12,1,0.0,0.11,0.8,0.0,0.02,0.0,0.0,0.0,428188290000.0,0.0,0.12,1.13
2024-07-26,0.08,27,19,7,12,1,0.0,0.11,0.8,0.0,0.02,0.0,0.0,0.0,428188290000.0,0.0,0.12,1.13
2024-07-25,0.08,26,20,7,12,1,0.0,0.11,0.81,0.0,0.02,0.0,0.0,0.0,428188290000.0,0.0,0.12,1.1400000000000001
2024-07-24,0.08,26,20,7,12,1,0.0,0.11,0.81,0.0,0.02,0.0,0.0,0.0,428188290000.0,0.0,0.12,1.1400000000000001
2024-07-23,0.08,26,20,7,12,1,0.0,0.11,0.81,0.0,0.02,0.0,0.0,0.0,428188290000.0,0.0,0.12,1.1400000000000001
2024-07-22,0.07,26,20,7,12,1,0.0,0.11,0.81,0.0,0.02,0.0,0.0,0.0,428188290000.0,0.0,0.12,1.13
2024-07-21,0.07,26,20,7,12,1,0.0,0.11,0.81,0.0,0.02,0.0,0.0,0.0,428188290000.0,0.0,0.12,1.13
2024-07-20,0.07,26,20,7,12,1,0.0,0.11,0.81,0.0,0.02,0.0,0.0,0.0,428188290000.0,0.0,0.12,1.13
2024-07-19,0.07,27,19,7,12,1,0.0,0.11,0.8,0.0,0.02,0.0,0.0,0.0,428188290000.0,0.0,0.12,1.12
2024-07-18,0.07,27,19,9,10,1,0.0,0.11,0.81,0.0,0.0,0.0,0.0,0.0,428188290000.0,0.0,0.12,1.1099999999999999
2024-07-17,0.07,28,18,9,10,1,0.0,0.11,0.81,0.0,0.0,0.0,0.0,0.0,428188290000.0,0.0,0.12,1.1099999999999999
2024-07-16,0.07,28,18,9,10,1,0.0,0.11,0.8,0.0,0.0,0.0,0.0,0.0,428188290000.0,0.0,0.12,1.1
2024-07-15,0.06,28,18,9,10,1,0.0,0.11,0.8,0.0,0.0,0.0,0.0,0.0,428188290000.0,0.0,0.12,1.0899999999999999
2024-07-14,0.06,28,18,9,10,1,0.0,0.11,0.8,0.0,0.0,0.0,0.0,0.0,428188290000.0,0.0,0.12,1.0899999999999999
2024-07-13,0.06,28,18,9,10,1,0.0,0.11,0.8,0.0,0.0,0.0,0.0,0.0,428188290000.0,0.0,0.12,1.0899999999999999
2024-07-12,0.06,28,18,9,10,1,0.0,0.11,0.8,0.0,0.0,0.0,0.0,0.0,428188290000.0,0.0,0.12,1.0899999999999999
2024-07-11,0.06,27,18,10,9,2,0.0,0.12,0.81,0.0,0.0,0.0,0.0,0.0,428188290000.0,0.0,0.13,1.12
2024-07-10,0.06,28,17,9,11,1,0.0,0.12,0.81,0.0,0.01,0.0,0.0,0.0,428188290000.0,0.0,0.13,1.13
2024-07-09,0.07,28,17,9,11,1,0.0,0.12,0.81,0.0,0.01,0.0,0.0,0.0,428188290000.0,0.0,0.12,1.13
2024-07-08,0.07,27,19,6,13,1,0.0,0.1,0.81,0.0,0.01,0.0,0.0,0.0,428188290000.0,0.0,0.12,1.11
2024-07-07,0.07,28,18,6,13,1,0.0,0.1,0.8,0.0,0.01,0.0,0.0,0.0,428188290000.0,0.0,0.11,1.09
2024-07-06,0.07,28,18,6,13,1,0.0,0.1,0.8,0.0,0.01,0.0,0.0,0.0,428188290000.0,0.0,0.11,1.09
2024-07-05,0.07,28,17,7,13,1,0.0,0.1,0.82,0.0,0.01,0.0,0.0,0.0,428188290000.0,0.0,0.11,1.11
2024-07-04,0.07,29,16,8,12,1,0.0,0.1,0.82,0.0,0.01,0.0,0.0,0.0,428188290000.0,0.0,0.12,1.12
2024-07-03,0.07,28,17,8,11,2,0.0,0.1,0.82,0.0,0.02,0.0,0.0,0.0,428188290000.0,0.0,0.12,1.13
2024-07-02,0.07,28,18,6,12,2,0.0,0.1,0.8,0.0,0.02,0.0,0.0,0.0,428188290000.0,0.0,0.12,1.11
2024-07-01,0.07,27,18,7,12,2,0.0,0.1,0.82,0.0,0.02,0.0,0.0,0.0,428188290000.0,0.0,0.12,1.13
2024-06-30,0.06,27,17,9,11,2,0.0,0.1,0.79,0.0,0.01,0.0,0.0,0.0,410462560000.0,0.0,0.12,1.08
2024-06-29,0.06,27,17,9,11,2,0.0,0.1,0.79,0.0,0.01,0.0,0.0,0.0,410462560000.0,0.0,0.12,1.08
2024-06-28,0.06,27,17,8,12,2,0.0,0.1,0.8,0.0,0.01,0.0,0.0,0.0,410462560000.0,0.0,0.12,1.09
2024-06-27,0.06,27,17,8,12,2,0.0,0.1,0.8,0.0,0.01,0.0,0.0,0.0,410462560000.0,0.0,0.11,1.08
2024-06-26,0.06,27,18,7,12,2,0.0,0.1,0.79,0.0,0.01,0.0,0.0,0.0,410462560000.0,0.0,0.09,1.05
2024-06-25,0.06,27,18,7,12,2,0.0,0.1,0.79,0.0,0.01,0.0,0.0,0.0,410462560000.0,0.0,0.09,1.05
2024-06-24,0.06,28,17,7,12,2,0.0,0.1,0.81,0.0,0.01,0.0,0.0,0.0,410462560000.0,0.0,0.09,1.07
2024-06-23,0.06,28,18,7,11,2,0.0,0.1,0.81,0.0,0.0,0.0,0.0,0.0,410462560000.0,0.0,0.09,1.06
2024-06-22,0.07,28,18,7,11,2,0.0,0.1,0.81,0.0,0.0,0.0,0.0,0.0,410462560000.0,0.0,0.09,1.07
2024-06-21,0.07,29,17,7,11,2,0.0,0.1,0.81,0.0,0.0,0.0,0.0,0.0,410462560000.0,0.0,0.09,1.07
2024-06-20,0.07,29,17,7,11,2,0.0,0.1,0.8,0.0,0.0,0.0,0.0,0.0,410462560000.0,0.0,0.09,1.06
2024-06-19,0.07,30,16,7,11,2,0.0,0.09,0.8,0.0,0.0,0.0,0.0,0.0,410462560000.0,0.0,0.09,1.05
2024-06-18,0.07,30,16,7,11,2,0.0,0.09,0.81,0.0,0.0,0.0,0.0,0.0,410462560000.0,0.0,0.08,1.05
2024-06-17,0.07,30,16,7,11,2,0.0,0.09,0.81,0.0,0.0,0.0,0.0,0.0,410462560000.0,0.0,0.08,1.05
2024-06-16,0.07,30,16,8,10,2,0.0,0.09,0.81,0.0,0.0,0.0,0.0,0.0,410462560000.0,0.0,0.08,1.05
2024-06-15,0.07,30,16,8,10,2,0.0,0.09,0.81,0.0,0.0,0.0,0.0,0.0,410462560000.0,0.0,0.08,1.05
2024-06-14,0.07,30,16,8,10,2,0.0,0.09,0.81,0.0,0.0,0.0,0.0,0.0,410462560000.0,0.0,0.08,1.05
2024-06-13,0.07,29,17,8,10,2,0.0,0.09,0.82,0.0,0.0,0.0,0.0,0.0,410462560000.0,0.0,0.08,1.06
2024-06-12,0.07,29,17,8,10,2,0.0,0.09,0.81,0.0,0.0,0.0,0.0,0.0,410462560000.0,0.0,0.08,1.05
2024-06-11,0.07,31,15,8,10,2,0.0,0.07,0.82,0.0,0.0,0.0,0.0,0.0,410462560000.0,0.0,0.08,1.04
2024-06-10,0.07,30,16,8,10,2,0.0,0.07,0.82,0.0,0.0,0.0,0.0,0.0,410462560000.0,0.0,0.08,1.04
2024-06-09,0.07,30,16,9,9,2,0.0,0.07,0.83,0.0,0.0,0.0,0.0,0.0,410462560000.0,0.0,0.08,1.05
2024-06-08,0.07,30,16,9,9,2,0.0,0.07,0.83,0.0,0.0,0.0,0.0,0.0,410462560000.0,0.0,0.08,1.05
2024-06-07,0.07,30,17,8,9,2,0.0,0.07,0.83,0.0,0.0,0.0,0.0,0.0,410462560000.0,0.0,0.08,1.05
2024-06-06,0.07,30,17,8,9,2,0.0,0.07,0.82,0.0,0.0,0.0,0.0,0.0,410462560000.0,0.0,0.08,1.04
2024-06-05,0.07,31,16,8,9,2,0.0,0.07,0.79,0.0,0.0,0.0,0.0,0.0,410462560000.0,0.0,0.08,1.01
2024-06-04,0.07,30,17,8,9,2,0.0,0.07,0.79,0.0,0.0,0.0,0.0,0.0,410462560000.0,0.0,0.08,1.01
2024-06-03,0.07,31,16,8,9,2,0.0,0.07,0.79,0.0,0.0,0.0,0.0,0.0,410462560000.0,0.0,0.07,1.0
2024-06-02,0.07,32,15,8,9,2,0.0,0.06,0.79,0.0,0.0,0.0,0.0,0.0,410462560000.0,0.0,0.07,0.99
2024-06-01,0.07,32,15,8,9,2,0.0,0.06,0.79,0.0,0.0,0.0,0.0,0.0,410462560000.0,0.0,0.07,0.99
2024-05-31,0.07,32,15,8,9,2,0.0,0.06,0.79,0.0,0.0,0.0,0.0,0.0,410462560000.0,0.0,0.07,0.99
2024-05-30,0.07,32,14,9,10,1,0.0,0.06,0.79,0.0,0.0,0.0,0.0,0.0,410462560000.0,0.0,0.07,0.99
2024-05-29,0.07,32,14,9,10,1,0.0,0.06,0.79,0.0,0.0,0.0,0.0,0.0,410462560000.0,0.0,0.07,0.99
2024-05-28,0.07,33,13,9,10,1,0.0,0.06,0.79,0.0,0.0,0.0,0.0,0.0,410462560000.0,0.0,0.07,0.99
2024-05-27,0.05,33,13,9,9,2,0.0,0.06,0.8,0.0,0.0,0.0,0.0,0.0,410462560000.0,0.0,0.08,0.99
2024-05-26,0.04,34,13,8,9,2,0.0,0.06,0.8,0.0,0.0,0.0,0.0,0.0,410462560000.0,0.0,0.08,0.98
2024-05-25,0.04,34,13,8,9,2,0.0,0.06,0.8,0.0,0.0,0.0,0.0,0.0,410462560000.0,0.0,0.08,0.98
2024-05-24,0.04,34,13,8,9,2,0.0,0.06,0.8,0.0,0.0,0.0,0.0,0.0,410462560000.0,0.0,0.09,0.99
2024-05-23,0.04,34,13,8,9,2,0.0,0.06,0.8,0.0,0.0,0.0,0.0,0.0,410462560000.0,0.0,0.09,0.99
2024-05-22,0.04,35,13,7,9,2,0.0,0.06,0.79,0.0,0.0,0.0,0.0,0.0,410462560000.0,0.0,0.09,0.98
2024-05-21,0.04,35,13,7,9,2,0.0,0.06,0.79,0.0,0.0,0.0,0.0,0.0,410462560000.0,0.0,0.09,0.98
2024-05-20,0.04,34,14,7,9,2,0.0,0.06,0.79,0.0,0.0,0.0,0.0,0.0,410462560000.0,0.0,0.09,0.98
2024-05-19,0.04,34,14,7,9,2,0.0,0.06,0.79,0.0,0.0,0.0,0.0,0.0,410462560000.0,0.0,0.09,0.98
2024-05-18,0.04,34,14,7,9,2,0.0,0.06,0.79,0.0,0.0,0.0,0.0,0.0,410462560000.0,0.0,0.09,0.98
2024-05-17,0.04,33,14,8,9,2,0.0,0.06,0.79,0.0,0.0,0.0,0.0,0.0,410462560000.0,0.0,0.09,0.98
2024-05-16,0.04,34,13,8,9,2,0.0,0.06,0.79,0.0,0.0,0.0,0.0,0.0,410462560000.0,0.0,0.09,0.98
2024-05-15,0.04,33,14,8,9,2,0.0,0.06,0.79,0.0,0.0,0.0,0.0,0.0,410462560000.0,0.0,0.09,0.98
2024-05-14,0.04,33,14,8,9,2,0.0,0.05,0.79,0.0,0.0,0.0,0.0,0.0,410462560000.0,0.0,0.09,0.97
2024-05-13,0.04,34,13,8,10,1,0.0,0.05,0.78,0.0,0.0,0.0,0.0,0.0,410462560000.0,0.0,0.09,0.96
2024-05-12,0.04,35,12,8,10,1,0.0,0.05,0.78,0.0,0.0,0.0,0.0,0.0,410462560000.0,0.0,0.11,0.98
2024-05-11,0.04,35,12,8,10,1,0.0,0.05,0.78,0.0,0.0,0.0,0.0,0.0,410462560000.0,0.0,0.11,0.98
2024-05-10,0.04,35,12,8,10,1,0.0,0.05,0.78,0.0,0.0,0.0,0.0,0.0,410462560000.0,0.0,0.11,0.98
2024-05-09,0.04,35,13,7,9,2,0.0,0.05,0.78,0.0,0.0,0.0,0.0,0.0,410462560000.0,0.0,0.11,0.98
2024-05-08,0.03,35,13,7,9,2,0.0,0.05,0.78,0.0,0.0,0.0,0.0,0.0,410462560000.0,0.0,0.11,0.97
2024-05-07,0.03,35,13,7,9,2,0.0,0.05,0.78,0.0,0.0,0.0,0.0,0.0,410462560000.0,0.0,0.11,0.97
2024-05-06,0.04,36,12,7,9,2,0.0,0.06,0.77,0.0,0.0,0.0,0.0,0.0,410462560000.0,0.0,0.11,0.98
2024-05-05,0.04,36,13,6,9,2,0.0,0.06,0.76,0.0,0.0,0.0,0.0,0.0,410462560000.0,0.0,0.1,0.96
2024-05-04,0.04,36,13,6,9,2,0.0,0.06,0.76,0.0,0.0,0.0,0.0,0.0,410462560000.0,0.0,0.1,0.96
2024-05-03,0.04,37,11,7,9,2,0.0,0.06,0.76,0.0,0.0,0.0,0.0,0.0,410462560000.0,0.0,0.1,0.96
2024-05-02,0.03,38,10,7,9,2,0.0,0.06,0.71,0.0,0.0,0.0,0.0,0.0,410462560000.0,0.0,0.1,0.8999999999999999
2024-05-01,0.03,38,10,7,9,2,0.0,0.06,0.7,0.0,0.0,0.0,0.0,0.0,410462560000.0,0.0,0.1,0.8899999999999999
2024-04-30,0.03,38,10,7,9,2,0.0,0.06,0.7,0.0,0.0,0.0,0.0,0.0,410462560000.0,0.0,0.1,0.8899999999999999
2024-04-29,0.03,38,10,7,9,2,0.0,0.06,0.7,0.0,0.0,0.0,0.0,0.0,410462560000.0,0.0,0.1,0.8899999999999999
2024-04-28,0.03,38,11,7,8,2,0.0,0.06,0.7,0.0,0.0,0.0,0.0,0.0,410462560000.0,0.0,0.1,0.8899999999999999
2024-04-27,0.03,38,11,7,8,2,0.0,0.06,0.7,0.0,0.0,0.0,0.0,0.0,410462560000.0,0.0,0.1,0.8899999999999999
2024-04-26,0.03,38,11,7,8,2,0.0,0.06,0.7,0.0,0.0,0.0,0.0,0.0,410462560000.0,0.0,0.1,0.8899999999999999
2024-04-25,0.03,38,11,7,8,2,0.0,0.06,0.7,0.0,0.0,0.0,0.0,0.0,410462560000.0,0.0,0.1,0.8899999999999999
2024-04-24,0.0,38,11,7,7,3,0.0,0.06,0.7,0.0,0.0,0.0,0.0,0.0,410462560000.0,0.0,0.1,0.86
2024-04-23,0.0,37,12,7,8,2,0.0,0.06,0.7,0.0,0.0,0.0,0.0,0.0,410462560000.0,0.0,0.1,0.86
2024-04-22,0.0,37,12,7,8,2,0.0,0.06,0.71,0.0,0.0,0.0,0.0,0.0,410462560000.0,0.0,0.1,0.87
2024-04-21,0.0,36,13,7,8,2,0.0,0.06,0.71,0.0,0.0,0.0,0.0,0.0,410462560000.0,0.0,0.1,0.87
2024-04-20,0.0,36,13,7,8,2,0.0,0.06,0.71,0.0,0.0,0.0,0.0,0.0,410462560000.0,0.0,0.1,0.87
2024-04-19,0.04,36,13,7,8,2,0.0,0.06,0.71,0.0,0.0,0.0,0.0,0.0,410462560000.0,0.0,0.1,0.9099999999999999
2024-04-18,0.04,35,14,7,8,2,0.0,0.06,0.71,0.0,0.0,0.0,0.0,0.0,410462560000.0,0.0,0.1,0.9099999999999999
2024-04-17,0.04,36,13,8,7,2,0.0,0.06,0.71,0.0,0.0,0.0,0.0,0.0,410462560000.0,0.0,0.09,0.8999999999999999
2024-04-16,0.04,37,11,9,7,2,0.0,0.06,0.71,0.0,0.0,0.0,0.0,0.0,410462560000.0,0.0,0.09,0.8999999999999999
2024-04-15,0.04,37,11,9,7,2,0.0,0.06,0.55,0.0,0.0,0.0,0.0,0.0,410462560000.0,0.0,0.09,0.74
2024-04-14,0.04,37,11,9,7,2,0.0,0.06,0.55,0.0,0.0,0.0,0.0,0.0,410462560000.0,0.0,0.09,0.74
2024-04-13,0.04,36,12,9,7,2,0.0,0.06,0.55,0.0,0.0,0.0,0.0,0.0,410462560000.0,0.0,0.09,0.74
2024-04-12,0.04,36,12,9,7,2,0.0,0.06,0.56,0.0,0.0,0.0,0.0,0.0,410462560000.0,0.0,0.09,0.75
2024-04-11,0.04,36,12,10,6,2,0.0,0.06,0.55,0.0,0.0,0.0,0.0,0.0,410462560000.0,0.0,0.09,0.74
2024-04-10,0.04,36,13,8,7,2,0.0,0.05,0.54,0.0,0.0,0.0,0.0,0.0,410462560000.0,0.0,0.09,0.72
2024-04-09,0.04,35,15,7,7,2,0.0,0.03,0.53,0.0,0.0,0.0,0.0,0.0,410462560000.0,0.0,0.09,0.6900000000000001
2024-04-08,0.04,35,15,7,7,2,0.0,0.03,0.53,0.0,0.0,0.0,0.0,0.0,410462560000.0,0.0,0.07,0.6700000000000002
2024-04-07,0.04,35,15,7,7,2,0.0,0.03,0.69,0.0,0.0,0.0,0.0,0.0,410462560000.0,0.0,0.07,0.8300000000000001
2024-04-06,0.04,35,15,7,7,2,0.0,0.03,0.69,0.0,0.0,0.0,0.0,0.0,410462560000.0,0.0,0.07,0.8300000000000001
2024-04-05,0.04,35,15,7,7,2,0.0,0.03,0.7,0.0,0.0,0.0,0.0,0.0,410462560000.0,0.0,0.07,0.8400000000000001
2024-04-04,0.04,36,14,7,7,2,0.0,0.03,0.7,0.0,0.0,0.0,0.0,0.0,410462560000.0,0.0,0.07,0.8400000000000001
2024-04-03,0.04,35,15,7,7,2,0.0,0.03,0.69,0.0,0.0,0.0,0.0,0.0,410462560000.0,0.0,0.07,0.8300000000000001
2024-04-02,0.04,34,16,7,7,2,0.0,0.03,0.69,0.0,0.0,0.0,0.0,0.0,410462560000.0,0.0,0.07,0.8300000000000001
2024-04-01,0.04,34,16,7,7,2,0.0,0.03,0.68,0.0,0.0,0.0,0.0,0.0,410462560000.0,0.0,0.07,0.8200000000000001
2024-03-31,0.03,34,16,7,7,2,0.0,0.03,0.64,0.0,0.0,0.0,0.0,0.0,428877470000.0,0.0,0.07,0.77
2024-03-30,0.03,33,17,7,7,2,0.0,0.03,0.64,0.0,0.0,0.0,0.0,0.0,428877470000.0,0.0,0.07,0.77
2024-03-29,0.03,33,17,7,7,2,0.0,0.03,0.64,0.0,0.0,0.0,0.0,0.0,428877470000.0,0.0,0.07,0.77
2024-03-28,0.03,33,17,7,7,2,0.0,0.03,0.65,0.0,0.0,0.0,0.0,0.0,428877470000.0,0.0,0.07,0.78
2024-03-27,0.03,34,16,7,7,2,0.0,0.03,0.64,0.0,0.0,0.0,0.0,0.0,428877470000.0,0.0,0.07,0.77
2024-03-26,0.03,34,16,7,7,2,0.0,0.03,0.63,0.0,0.0,0.0,0.0,0.0,428877470000.0,0.0,0.07,0.76
2024-03-25,0.03,34,16,6,8,2,0.0,0.03,0.64,0.0,0.0,0.0,0.0,0.0,428877470000.0,0.0,0.07,0.77
2024-03-24,0.03,34,16,6,8,2,0.0,0.03,0.64,0.0,0.0,0.0,0.0,0.0,428877470000.0,0.0,0.07,0.77
2024-03-23,0.03,34,16,6,8,2,0.0,0.03,0.64,0.0,0.0,0.0,0.0,0.0,428877470000.0,0.0,0.07,0.77
2024-03-22,0.03,35,15,6,8,2,0.0,0.03,0.64,0.0,0.0,0.0,0.0,0.0,428877470000.0,0.0,0.07,0.77
2024-03-21,0.03,35,15,6,8,2,0.0,0.03,0.62,0.0,0.0,0.0,0.0,0.0,428877470000.0,0.0,0.07,0.75
2024-03-20,0.03,36,14,6,8,2,0.0,0.03,0.62,0.0,0.0,0.0,0.0,0.0,428877470000.0,0.0,0.07,0.75
2024-03-19,0.03,36,15,5,8,2,0.0,0.03,0.62,0.0,0.0,0.0,0.0,0.0,428877470000.0,0.0,0.07,0.75
2024-03-18,0.03,36,15,7,6,2,0.0,0.03,0.61,0.0,0.0,0.0,0.0,0.0,428877470000.0,0.0,0.07,0.74
2024-03-17,0.03,35,15,8,6,2,0.0,0.03,0.62,0.0,0.0,0.0,0.0,0.0,428877470000.0,0.0,0.07,0.75
2024-03-16,0.03,35,15,8,6,2,0.0,0.03,0.62,0.0,0.0,0.0,0.0,0.0,428877470000.0,0.0,0.07,0.75
2024-03-15,0.03,36,14,8,6,2,0.0,0.03,0.62,0.0,0.0,0.0,0.0,0.0,428877470000.0,0.0,0.08,0.7599999999999999
2024-03-14,0.03,35,15,7,7,2,0.0,0.03,0.63,0.0,0.0,0.0,0.0,0.0,428877470000.0,0.0,0.08,0.7699999999999999
2024-03-13,0.03,34,17,6,7,2,0.0,0.01,0.64,0.0,0.0,0.0,0.0,0.0,428877470000.0,0.0,0.09,0.77
2024-03-12,0.03,33,17,7,7,2,0.0,0.01,0.65,0.0,0.0,0.0,0.0,0.0,428877470000.0,0.0,0.09,0.78
2024-03-11,0.03,33,17,7,7,2,0.0,0.01,0.66,0.0,0.0,0.0,0.0,0.0,428877470000.0,0.0,0.09,0.79
2024-03-10,0.03,33,17,7,7,2,0.0,0.01,0.66,0.0,0.0,0.0,0.0,0.0,428877470000.0,0.0,0.08,0.78
2024-03-09,0.03,33,17,7,7,2,0.0,0.01,0.66,0.0,0.0,0.0,0.0,0.0,428877470000.0,0.0,0.08,0.78
2024-03-08,0.03,32,18,7,7,2,0.0,0.01,0.66,0.0,0.0,0.0,0.0,0.0,428877470000.0,0.0,0.08,0.78
2024-03-07,0.03,33,17,7,7,2,0.0,0.01,0.67,0.0,0.0,0.0,0.0,0.0,428877470000.0,0.0,0.08,0.79
2024-03-06,0.03,33,16,9,6,2,0.0,0.01,0.66,0.0,0.0,0.0,0.0,0.0,428877470000.0,0.0,0.08,0.78
2024-03-05,0.03,33,16,9,5,3,0.0,0.01,0.66,0.0,0.0,0.0,0.0,0.0,428877470000.0,0.0,0.09,0.79
2024-03-04,0.03,35,15,8,5,3,0.0,0.01,0.64,0.0,0.0,0.0,0.0,0.0,428877470000.0,0.0,0.09,0.77
2024-03-03,0.03,34,17,7,5,3,0.0,0.01,0.65,0.0,0.0,0.0,0.0,0.0,428877470000.0,0.0,0.09,0.78
2024-03-02,0.03,34,17,7,5,3,0.0,0.01,0.65,0.0,0.0,0.0,0.0,0.0,428877470000.0,0.0,0.09,0.78
2024-03-01,0.03,34,17,7,5,3,0.0,0.01,0.65,0.0,0.0,0.0,0.0,0.0,428877470000.0,0.0,0.09,0.78
2024-02-29,0.03,34,17,7,6,2,0.0,0.01,0.66,0.0,0.0,0.0,0.0,0.0,428877470000.0,0.0,0.09,0.79
2024-02-28,0.03,33,18,7,6,2,0.0,0.01,0.66,0.0,0.0,0.0,0.0,0.0,428877470000.0,0.0,0.08,0.78
2024-02-27,0.03,35,16,7,6,2,0.0,0.01,0.65,0.0,0.0,0.0,0.0,0.0,428877470000.0,0.0,0.08,0.77
2024-02-26,0.03,35,16,7,7,1,0.0,0.01,0.66,0.0,0.0,0.0,0.0,0.0,428877470000.0,0.0,0.08,0.78
2024-02-25,0.03,35,16,8,6,1,0.0,0.01,0.66,0.0,0.0,0.0,0.0,0.0,428877470000.0,0.0,0.08,0.78
2024-02-24,0.03,35,16,8,6,1,0.0,0.01,0.66,0.0,0.0,0.0,0.0,0.0,428877470000.0,0.0,0.08,0.78
2024-02-23,0.03,35,16,8,6,1,0.0,0.01,0.66,0.0,0.0,0.0,0.0,0.0,428877470000.0,0.0,0.08,0.78
2024-02-22,0.03,35,16,8,6,1,0.0,0.01,0.66,0.0,0.0,0.0,0.0,0.0,428877470000.0,0.0,0.08,0.78
2024-02-21,0.03,36,15,8,6,1,0.0,0.01,0.7,0.0,0.0,0.0,0.0,0.0,428877470000.0,0.0,0.08,0.82
2024-02-20,0.02,36,15,9,5,1,0.0,0.01,0.7,0.0,0.0,0.0,0.0,0.0,428877470000.0,0.0,0.08,0.8099999999999999
2024-02-19,0.02,34,17,9,5,1,0.0,0.01,0.7,0.0,0.0,0.0,0.0,0.0,428877470000.0,0.0,0.08,0.8099999999999999
2024-02-18,0.02,34,17,9,5,1,0.0,0.01,0.69,0.0,0.0,0.0,0.0,0.0,428877470000.0,0.0,0.08,0.7999999999999999
2024-02-17,0.02,34,17,9,5,1,0.0,0.01,0.69,0.0,0.0,0.0,0.0,0.0,428877470000.0,0.0,0.08,0.7999999999999999
2024-02-16,0.02,34,17,9,5,1,0.0,0.01,0.69,0.0,0.0,0.0,0.0,0.0,428877470000.0,0.0,0.08,0.7999999999999999
2024-02-15,0.02,34,16,10,5,1,0.0,0.01,0.69,0.0,0.0,0.0,0.0,0.0,428877470000.0,0.0,0.08,0.7999999999999999
2024-02-14,0.02,34,16,10,5,1,0.0,0.01,0.68,0.0,0.0,0.0,0.0,0.0,428877470000.0,0.0,0.08,0.79
2024-02-13,0.02,33,17,10,5,1,0.0,0.01,0.67,0.0,0.0,0.0,0.0,0.0,428877470000.0,0.0,0.08,0.78
2024-02-12,0.02,32,18,10,5,1,0.0,0.01,0.66,0.0,0.0,0.0,0.0,0.0,428877470000.0,0.0,0.08,0.77
2024-02-11,0.02,32,18,10,5,1,0.0,0.01,0.66,0.0,0.0,0.0,0.0,0.0,428877470000.0,0.0,0.08,0.77
2024-02-10,0.02,32,18,10,5,1,0.0,0.01,0.69,0.0,0.0,0.0,0.0,0.0,428877470000.0,0.0,0.08,0.7999999999999999
2024-02-09,0.02,31,18,11,5,1,0.0,0.01,0.69,0.0,0.0,0.0,0.0,0.0,428877470000.0,0.0,0.08,0.7999999999999999
2024-02-08,0.02,32,18,10,6,0,0.0,0.01,0.63,0.0,0.0,0.0,0.0,0.0,428877470000.0,0.0,0.08,0.74
2024-02-07,0.02,32,18,10,6,0,0.0,0.01,0.63,0.0,0.0,0.0,0.0,0.0,428877470000.0,0.0,0.09,0.75
2024-02-06,0.02,32,18,10,6,0,0.0,0.01,0.63,0.0,0.0,0.0,0.0,0.0,428877470000.0,0.0,0.09,0.75
2024-02-05,0.02,32,16,12,6,0,0.0,0.01,0.64,0.0,0.0,0.0,0.0,0.0,428877470000.0,0.0,0.09,0.76
2024-02-04,0.02,32,17,10,7,0,0.0,0.01,0.62,0.0,0.0,0.0,0.0,0.0,428877470000.0,0.0,0.09,0.74
2024-02-03,0.02,32,17,10,7,0,0.0,0.01,0.62,0.0,0.0,0.0,0.0,0.0,428877470000.0,0.0,0.09,0.74
2024-02-02,0.02,32,17,10,7,0,0.0,0.01,0.62,0.0,0.0,0.0,0.0,0.0,428877470000.0,0.0,0.09,0.74
2024-02-01,0.02,32,17,10,7,0,0.0,0.01,0.61,0.0,0.0,0.0,0.0,0.0,428877470000.0,0.0,0.09,0.73
2024-01-31,0.02,33,17,10,6,0,0.0,0.01,0.6,0.0,0.0,0.0,0.0,0.0,428877470000.0,0.0,0.08,0.71
2024-01-30,0.02,33,17,10,6,0,0.0,0.01,0.65,0.0,0.0,0.0,0.0,0.0,428877470000.0,0.0,0.08,0.76
2024-01-29,0.02,33,18,9,6,0,0.0,0.01,0.63,0.0,0.0,0.0,0.0,0.0,428877470000.0,0.0,0.08,0.74
2024-01-28,0.02,33,18,9,6,0,0.0,0.01,0.63,0.0,0.0,0.0,0.0,0.0,428877470000.0,0.0,0.09,0.75
2024-01-27,0.02,33,17,10,6,0,0.0,0.01,0.63,0.0,0.0,0.0,0.0,0.0,428877470000.0,0.0,0.09,0.75
2024-01-26,0.02,33,17,9,7,0,0.0,0.01,0.63,0.0,0.0,0.0,0.0,0.0,428877470000.0,0.0,0.09,0.75
2024-01-25,0.02,32,18,9,6,1,0.0,0.01,0.65,0.0,0.0,0.0,0.0,0.0,428877470000.0,0.0,0.09,0.77
2024-01-24,0.02,32,18,9,6,1,0.0,0.01,0.64,0.0,0.0,0.0,0.0,0.0,428877470000.0,0.0,0.09,0.76
2024-01-23,0.02,33,17,9,7,0,0.0,0.01,0.63,0.0,0.0,0.0,0.0,0.0,428877470000.0,0.0,0.06,0.72
2024-01-22,0.02,34,16,9,7,0,0.0,0.01,0.62,0.0,0.0,0.0,0.0,0.0,428877470000.0,0.0,0.06,0.71
2024-01-21,0.02,34,16,9,7,0,0.0,0.01,0.62,0.0,0.0,0.0,0.0,0.0,428877470000.0,0.0,0.06,0.71
2024-01-20,0.02,34,16,9,7,0,0.0,0.01,0.62,0.0,0.0,0.0,0.0,0.0,428877470000.0,0.0,0.06,0.71
2024-01-19,0.02,33,17,9,7,0,0.0,0.01,0.63,0.0,0.0,0.0,0.0,0.0,428877470000.0,0.0,0.06,0.72
2024-01-18,0.02,35,15,9,7,0,0.0,0.01,0.56,0.0,0.0,0.0,0.0,0.0,428877470000.0,0.0,0.06,0.6500000000000001
2024-01-17,0.02,36,14,9,7,0,0.0,0.01,0.54,0.0,0.0,0.0,0.0,0.0,428877470000.0,0.0,0.06,0.6300000000000001
2024-01-16,0.02,36,13,10,7,0,0.0,0.01,0.53,0.0,0.0,0.0,0.0,0.0,428877470000.0,0.0,0.06,0.6200000000000001
2024-01-15,0.02,36,14,9,7,0,0.0,0.01,0.52,0.0,0.0,0.0,0.0,0.0,428877470000.0,0.0,0.06,0.6100000000000001
2024-01-14,0.02,36,14,9,7,0,0.0,0.01,0.52,0.0,0.0,0.0,0.0,0.0,428877470000.0,0.0,0.06,0.6100000000000001
2024-01-13,0.02,36,14,9,7,0,0.0,0.01,0.52,0.0,0.0,0.0,0.0,0.0,428877470000.0,0.0,0.06,0.6100000000000001
2024-01-12,0.02,36,14,9,7,0,0.0,0.01,0.52,0.0,0.0,0.0,0.0,0.0,428877470000.0,0.0,0.06,0.6100000000000001
2024-01-11,0.02,36,15,8,7,0,0.0,0.02,0.51,0.0,0.0,0.0,0.0,0.0,428877470000.0,0.0,0.05,0.6000000000000001
2024-01-10,0.02,36,15,8,7,0,0.0,0.02,0.5,0.0,0.0,0.0,0.0,0.0,428877470000.0,0.0,0.05,0.5900000000000001
2024-01-09,0.02,36,15,8,7,0,0.0,0.02,0.5,0.0,0.0,0.0,0.0,0.0,428877470000.0,0.0,0.06,0.6000000000000001
2024-01-08,0.02,36,15,8,7,0,0.0,0.02,0.5,0.0,0.0,0.0,0.0,0.0,428877470000.0,0.0,0.06,0.6000000000000001
2024-01-07,0.02,36,15,8,7,0,0.0,0.02,0.5,0.0,0.0,0.0,0.0,0.0,428877470000.0,0.0,0.06,0.6000000000000001
2024-01-06,0.02,36,15,8,7,0,0.0,0.02,0.5,0.0,0.0,0.0,0.0,0.0,428877470000.0,0.0,0.06,0.6000000000000001
2024-01-05,0.02,35,16,8,7,0,0.0,0.02,0.5,0.0,0.0,0.0,0.0,0.0,428877470000.0,0.0,0.06,0.6000000000000001
2024-01-04,0.02,35,16,8,7,0,0.0,0.02,0.5,0.0,0.0,0.0,0.0,0.0,428877470000.0,0.0,0.06,0.6000000000000001
2024-01-03,0.02,36,15,8,7,0,0.0,0.02,0.51,0.0,0.0,0.0,0.0,0.0,428877470000.0,0.0,0.06,0.6100000000000001
2024-01-02,0.02,36,15,8,7,0,0.0,0.02,0.5,0.0,0.0,0.0,0.0,0.0,428877470000.0,0.0,0.06,0.6000000000000001
2024-01-01,0.02,36,16,7,7,0,0.0,0.02,0.5,0.0,0.0,0.0,0.0,0.0,428877470000.0,0.0,0.06,0.6000000000000001
2023-12-31,0.02,36,16,7,7,0,0.0,0.02,0.44,0.0,0.0,0.0,0.0,0.0,398590000000.0,0.0,0.05,0.53
2023-12-30,0.02,36,16,7,7,0,0.0,0.02,0.44,0.0,0.0,0.0,0.0,0.0,398590000000.0,0.0,0.05,0.53
2023-12-29,0.02,36,16,7,7,0,0.0,0.02,0.44,0.0,0.0,0.0,0.0,0.0,398590000000.0,0.0,0.05,0.53
2023-12-28,0.02,36,16,7,7,0,0.0,0.02,0.46,0.0,0.0,0.0,0.0,0.0,398590000000.0,0.0,0.05,0.55
2023-12-27,0.02,36,16,7,7,0,0.0,0.02,0.46,0.0,0.0,0.0,0.0,0.0,398590000000.0,0.0,0.05,0.55
2023-12-26,0.02,35,17,7,7,0,0.0,0.02,0.46,0.0,0.0,0.0,0.0,0.0,398590000000.0,0.0,0.05,0.55
2023-12-25,0.02,36,16,7,7,0,0.0,0.02,0.46,0.0,0.0,0.0,0.0,0.0,398590000000.0,0.0,0.05,0.55
2023-12-24,0.02,36,16,7,7,0,0.0,0.02,0.46,0.0,0.0,0.0,0.0,0.0,398590000000.0,0.0,0.05,0.55
2023-12-23,0.02,36,16,7,7,0,0.0,0.02,0.46,0.0,0.0,0.0,0.0,0.0,398590000000.0,0.0,0.05,0.55
2023-12-22,0.02,36,16,7,7,0,0.0,0.02,0.46,0.0,0.0,0.0,0.0,0.0,398590000000.0,0.0,0.05,0.55
2023-12-21,0.02,35,18,6,7,0,0.0,0.02,0.46,0.0,0.0,0.0,0.0,0.0,398590000000.0,0.0,0.05,0.55
2023-12-20,0.02,35,18,6,7,0,0.0,0.02,0.46,0.0,0.0,0.0,0.0,0.0,398590000000.0,0.0,0.05,0.55
2023-12-19,0.02,35,18,6,7,0,0.0,0.02,0.52,0.0,0.0,0.0,0.0,0.0,398590000000.0,0.0,0.05,0.6100000000000001
2023-12-18,0.02,35,18,6,7,0,0.0,0.02,0.52,0.0,0.0,0.0,0.0,0.0,398590000000.0,0.0,0.05,0.6100000000000001
2023-12-17,0.02,34,19,7,6,0,0.0,0.02,0.52,0.0,0.0,0.0,0.0,0.0,398590000000.0,0.0,0.05,0.6100000000000001
2023-12-16,0.02,34,19,7,6,0,0.0,0.02,0.52,0.0,0.0,0.0,0.0,0.0,398590000000.0,0.0,0.05,0.6100000000000001
2023-12-15,0.02,34,19,7,6,0,0.0,0.02,0.52,0.0,0.0,0.0,0.0,0.0,398590000000.0,0.0,0.05,0.6100000000000001
2023-12-14,0.02,33,20,7,6,0,0.0,0.02,0.53,0.0,0.0,0.0,0.0,0.0,398590000000.0,0.0,0.05,0.6200000000000001
2023-12-13,0.02,34,18,8,6,0,0.0,0.02,0.5,0.0,0.0,0.0,0.0,0.0,398590000000.0,0.0,0.04,0.5800000000000001
2023-12-12,0.02,34,18,8,6,0,0.0,0.02,0.5,0.0,0.0,0.0,0.0,0.0,398590000000.0,0.0,0.04,0.5800000000000001
2023-12-11,0.02,34,18,8,6,0,0.0,0.02,0.5,0.0,0.0,0.0,0.0,0.0,398590000000.0,0.0,0.03,0.5700000000000001
2023-12-10,0.02,35,17,8,6,0,0.0,0.02,0.49,0.0,0.0,0.0,0.0,0.0,398590000000.0,0.0,0.03,0.56
2023-12-09,0.02,35,17,8,6,0,0.0,0.02,0.49,0.0,0.0,0.0,0.0,0.0,398590000000.0,0.0,0.03,0.56
2023-12-08,0.02,35,17,8,6,0,0.0,0.02,0.52,0.0,0.0,0.0,0.0,0.0,398590000000.0,0.0,0.03,0.5900000000000001
2023-12-07,0.02,36,16,8,5,1,0.0,0.02,0.52,0.0,0.0,0.0,0.0,0.0,398590000000.0,0.0,0.04,0.6000000000000001
2023-12-06,0.02,36,17,7,5,1,0.0,0.02,0.5,0.0,0.0,0.0,0.0,0.0,398590000000.0,0.0,0.04,0.5800000000000001
2023-12-05,0.02,35,17,8,5,1,0.0,0.02,0.51,0.0,0.0,0.0,0.0,0.0,398590000000.0,0.0,0.04,0.5900000000000001
2023-12-04,0.02,35,17,8,5,1,0.0,0.02,0.51,0.0,0.0,0.0,0.0,0.0,398590000000.0,0.0,0.04,0.5900000000000001
2023-12-03,0.02,35,17,8,5,1,0.0,0.02,0.5,0.0,0.0,0.0,0.0,0.0,398590000000.0,0.0,0.04,0.5800000000000001
2023-12-02,0.02,35,17,8,5,1,0.0,0.02,0.5,0.0,0.0,0.0,0.0,0.0,398590000000.0,0.0,0.04,0.5800000000000001
2023-12-01,0.02,35,17,8,5,1,0.0,0.02,0.5,0.0,0.0,0.0,0.0,0.0,398590000000.0,0.0,0.04,0.5800000000000001
2023-11-30,0.02,34,18,8,5,1,0.0,0.02,0.5,0.0,0.0,0.0,0.0,0.0,398590000000.0,0.01,0.04,0.5900000000000001
2023-11-29,0.02,33,19,8,5,1,0.0,0.02,0.5,0.0,0.0,0.0,0.0,0.0,398590000000.0,0.01,0.04,0.5900000000000001
2023-11-28,0.02,35,17,8,5,1,0.0,0.02,0.49,0.0,0.0,0.0,0.0,0.0,398590000000.0,0.01,0.04,0.5800000000000001
2023-11-27,0.02,35,17,8,5,1,0.0,0.02,0.49,0.0,0.0,0.0,0.0,0.0,398590000000.0,0.01,0.04,0.5800000000000001
2023-11-26,0.02,35,17,8,5,1,0.0,0.02,0.49,0.0,0.0,0.0,0.0,0.0,398590000000.0,0.01,0.04,0.5800000000000001
2023-11-25,0.02,35,17,8,4,2,0.0,0.02,0.49,0.0,0.0,0.0,0.0,0.0,398590000000.0,0.01,0.04,0.5800000000000001
2023-11-24,0.02,35,16,9,4,2,0.0,0.02,0.5,0.0,0.0,0.0,0.0,0.0,398590000000.0,0.01,0.04,0.5900000000000001
2023-11-23,0.02,37,14,9,4,2,0.0,0.02,0.45,0.0,0.0,0.0,0.0,0.0,398590000000.0,0.01,0.04,0.54
2023-11-22,0.02,37,14,9,4,2,0.0,0.02,0.45,0.0,0.0,0.0,0.0,0.0,398590000000.0,0.01,0.05,0.55
2023-11-21,0.02,37,14,9,4,2,0.0,0.02,0.45,0.0,0.0,0.0,0.0,0.0,398590000000.0,0.01,0.05,0.55
2023-11-20,0.02,36,15,9,4,2,0.0,0.02,0.46,0.0,0.0,0.0,0.0,0.0,398590000000.0,0.01,0.05,0.56
2023-11-19,0.02,36,15,9,4,2,0.01,0.02,0.45,0.0,0.0,0.0,0.0,0.0,398590000000.0,0.01,0.05,0.56
2023-11-18,0.02,36,15,9,4,2,0.01,0.02,0.45,0.0,0.0,0.0,0.0,0.0,398590000000.0,0.01,0.05,0.56
2023-11-17,0.02,37,14,9,4,2,0.01,0.02,0.46,0.0,0.0,0.0,0.0,0.0,398590000000.0,0.01,0.05,0.5700000000000001
2023-11-16,0.02,36,15,9,4,2,0.01,0.02,0.47,0.0,0.0,0.0,0.0,0.0,398590000000.0,0.01,0.05,0.5800000000000001
2023-11-15,0.02,36,15,9,4,2,0.01,0.02,0.48,0.0,0.0,0.0,0.0,0.0,398590000000.0,0.01,0.05,0.5900000000000001
2023-11-14,0.02,36,15,9,4,2,0.01,0.02,0.47,0.0,0.0,0.0,0.0,0.0,398590000000.0,0.01,0.05,0.5800000000000001
2023-11-13,0.02,36,16,8,4,2,0.01,0.02,0.48,0.0,0.0,0.0,0.0,0.0,398590000000.0,0.01,0.05,0.5900000000000001
2023-11-12,0.02,36,16,8,3,3,0.01,0.02,0.48,0.0,0.0,0.0,0.0,0.0,398590000000.0,0.01,0.05,0.5900000000000001
2023-11-11,0.02,36,16,8,3,3,0.01,0.02,0.48,0.0,0.0,0.0,0.0,0.0,398590000000.0,0.01,0.05,0.5900000000000001
2023-11-10,0.02,36,15,9,3,3,0.01,0.02,0.49,0.0,0.0,0.0,0.0,0.0,398590000000.0,0.01,0.05,0.6000000000000001
2023-11-09,0.02,35,16,9,3,3,0.01,0.02,0.47,0.0,0.0,0.0,0.0,0.0,398590000000.0,0.01,0.05,0.5800000000000001
2023-11-08,0.02,35,17,8,3,3,0.01,0.02,0.48,0.0,0.0,0.0,0.0,0.0,398590000000.0,0.01,0.05,0.5900000000000001
2023-11-07,0.02,35,17,7,4,3,0.01,0.02,0.47,0.0,0.0,0.0,0.0,0.0,398590000000.0,0.01,0.05,0.5800000000000001
2023-11-06,0.02,36,16,7,4,3,0.01,0.02,0.47,0.0,0.0,0.0,0.0,0.0,398590000000.0,0.01,0.05,0.5800000000000001
2023-11-05,0.02,36,16,6,5,3,0.01,0.02,0.45,0.0,0.0,0.0,0.0,0.0,398590000000.0,0.01,0.05,0.56
2023-11-04,0.02,36,16,6,5,3,0.01,0.02,0.45,0.0,0.0,0.0,0.0,0.0,398590000000.0,0.01,0.05,0.56
2023-11-03,0.02,36,16,6,5,3,0.01,0.02,0.45,0.0,0.0,0.0,0.0,0.0,398590000000.0,0.01,0.06,0.5700000000000001
2023-11-02,0.02,36,16,7,4,3,0.01,0.02,0.45,0.0,0.0,0.0,0.0,0.0,398590000000.0,0.01,0.06,0.5700000000000001
2023-11-01,0.02,36,16,8,3,3,0.01,0.02,0.45,0.0,0.0,0.0,0.0,0.0,398590000000.0,0.01,0.06,0.5700000000000001
2023-10-31,0.02,36,16,9,2,3,0.01,0.02,0.45,0.0,0.0,0.0,0.0,0.0,398590000000.0,0.01,0.06,0.5700000000000001
2023-10-30,0.02,36,17,8,2,3,0.01,0.01,0.43,0.0,0.0,0.0,0.0,0.0,398590000000.0,0.01,0.06,0.54
2023-10-29,0.02,36,17,7,4,2,0.01,0.01,0.42,0.0,0.0,0.0,0.0,0.0,398590000000.0,0.01,0.05,0.52
2023-10-28,0.02,36,17,7,4,2,0.01,0.01,0.42,0.0,0.0,0.0,0.0,0.0,398590000000.0,0.01,0.05,0.52
2023-10-27,0.02,36,16,8,4,2,0.01,0.01,0.42,0.0,0.0,0.0,0.0,0.0,398590000000.0,0.01,0.06,0.53
2023-10-26,0.02,36,16,8,4,2,0.01,0.01,0.42,0.0,0.0,0.0,0.0,0.0,398590000000.0,0.01,0.06,0.53
2023-10-25,0.02,36,16,9,3,2,0.01,0.01,0.41,0.0,0.0,0.0,0.0,0.0,398590000000.0,0.01,0.06,0.52
2023-10-24,0.02,36,16,8,4,2,0.01,0.01,0.42,0.0,0.0,0.0,0.0,0.0,398590000000.0,0.01,0.06,0.53
2023-10-23,0.06,36,16,8,3,3,0.01,0.01,0.42,0.0,0.0,0.0,0.0,0.0,398590000000.0,0.01,0.06,0.5700000000000001
2023-10-22,0.06,37,14,10,3,2,0.01,0.01,0.38,0.0,0.0,0.0,0.0,0.0,398590000000.0,0.01,0.06,0.53
2023-10-21,0.06,37,14,10,3,2,0.01,0.01,0.38,0.0,0.0,0.0,0.0,0.0,398590000000.0,0.01,0.06,0.53
2023-10-20,0.06,37,14,10,3,2,0.01,0.01,0.38,0.0,0.0,0.0,0.0,0.0,398590000000.0,0.01,0.06,0.53
2023-10-19,0.06,38,13,9,4,2,0.01,0.01,0.37,0.0,0.0,0.0,0.0,0.0,398590000000.0,0.01,0.06,0.52
2023-10-18,0.06,39,12,8,5,2,0.01,0.01,0.37,0.0,0.0,0.0,0.0,0.0,398590000000.0,0.01,0.06,0.52
2023-10-17,0.06,39,12,8,5,2,0.01,0.01,0.37,0.0,0.0,0.0,0.0,0.0,398590000000.0,0.01,0.06,0.52
2023-10-16,0.06,38,13,10,3,2,0.01,0.01,0.36,0.0,0.0,0.0,0.0,0.0,398590000000.0,0.01,0.06,0.51
2023-10-15,0.06,39,12,10,3,2,0.01,0.01,0.36,0.0,0.0,0.0,0.0,0.0,398590000000.0,0.01,0.06,0.51
2023-10-14,0.06,39,12,10,3,2,0.01,0.01,0.36,0.0,0.0,0.0,0.0,0.0,398590000000.0,0.01,0.06,0.51
2023-10-13,0.06,39,12,10,3,2,0.01,0.01,0.36,0.0,0.0,0.0,0.0,0.0,398590000000.0,0.01,0.06,0.51
2023-10-12,0.06,39,12,9,4,2,0.01,0.01,0.37,0.0,0.0,0.0,0.0,0.0,398590000000.0,0.01,0.06,0.52
2023-10-11,0.06,39,12,9,4,2,0.01,0.01,0.37,0.0,0.0,0.0,0.0,0.0,398590000000.0,0.01,0.06,0.52
2023-10-10,0.06,38,13,9,4,2,0.01,0.01,0.37,0.0,0.0,0.0,0.0,0.0,398590000000.0,0.01,0.06,0.52
2023-10-09,0.06,39,13,8,4,2,0.01,0.01,0.37,0.0,0.0,0.0,0.0,0.0,398590000000.0,0.01,0.06,0.52
2023-10-08,0.06,39,13,8,4,2,0.01,0.01,0.36,0.0,0.0,0.0,0.0,0.0,398590000000.0,0.01,0.06,0.51
2023-10-07,0.06,39,13,8,4,2,0.01,0.01,0.36,0.0,0.0,0.0,0.0,0.0,398590000000.0,0.01,0.06,0.51
2023-10-06,0.06,39,13,8,4,2,0.01,0.01,0.36,0.0,0.0,0.0,0.0,0.0,398590000000.0,0.01,0.06,0.51
2023-10-05,0.06,39,12,8,5,2,0.01,0.01,0.36,0.0,0.0,0.0,0.0,0.0,398590000000.0,0.01,0.07,0.52
2023-10-04,0.06,39,13,8,4,2,0.01,0.01,0.36,0.0,0.0,0.0,0.0,0.0,398590000000.0,0.01,0.07,0.52
2023-10-03,0.06,39,13,8,4,2,0.01,0.01,0.36,0.0,0.0,0.0,0.0,0.0,398590000000.0,0.01,0.07,0.52
2023-10-02,0.06,39,13,9,3,2,0.01,0.01,0.35,0.0,0.0,0.0,0.0,0.0,398590000000.0,0.01,0.07,0.51
2023-10-01,0.06,38,15,8,3,2,0.01,0.01,0.33,0.0,0.0,0.0,0.0,0.0,398590000000.0,0.01,0.05,0.47000000000000003
2023-09-30,0.06,38,13,10,3,2,0.01,0.01,0.34,0.0,0.0,0.0,0.0,0.0,398319950000.0,0.01,0.06,0.49000000000000005
2023-09-29,0.06,38,13,10,3,2,0.01,0.01,0.34,0.0,0.0,0.0,0.0,0.0,398319950000.0,0.01,0.05,0.48000000000000004
2023-09-28,0.06,38,12,11,3,2,0.01,0.01,0.35,0.0,0.0,0.0,0.0,0.0,398319950000.0,0.01,0.05,0.48999999999999994
2023-09-27,0.06,38,12,11,3,2,0.01,0.01,0.34,0.0,0.0,0.0,0.0,0.0,398319950000.0,0.01,0.05,0.48000000000000004
2023-09-26,0.06,39,11,11,4,1,0.01,0.01,0.34,0.0,0.0,0.0,0.0,0.0,398319950000.0,0.01,0.05,0.48000000000000004
2023-09-25,0.06,39,11,11,4,1,0.01,0.01,0.34,0.0,0.0,0.0,0.0,0.0,398319950000.0,0.01,0.05,0.48000000000000004
2023-09-24,0.06,39,12,10,4,1,0.01,0.01,0.34,0.0,0.0,0.0,0.0,0.0,398319950000.0,0.01,0.05,0.48000000000000004
2023-09-23,0.06,39,12,10,4,1,0.01,0.01,0.34,0.0,0.0,0.0,0.0,0.0,398319950000.0,0.01,0.05,0.48000000000000004
2023-09-22,0.06,39,12,10,4,1,0.01,0.01,0.34,0.0,0.0,0.0,0.0,0.0,398319950000.0,0.01,0.05,0.48000000000000004
2023-09-21,0.06,39,12,10,4,1,0.01,0.01,0.34,0.0,0.0,0.0,0.0,0.0,398319950000.0,0.01,0.05,0.48000000000000004
2023-09-20,0.06,39,12,10,5,0,0.01,0.01,0.34,0.0,0.0,0.0,0.0,0.0,398319950000.0,0.01,0.06,0.49000000000000005
2023-09-19,0.06,39,10,11,6,0,0.01,0.01,0.35,0.0,0.0,0.0,0.0,0.0,398319950000.0,0.01,0.06,0.49999999999999994
2023-09-18,0.06,40,9,11,6,0,0.01,0.01,0.35,0.0,0.0,0.0,0.0,0.0,398319950000.0,0.01,0.05,0.48999999999999994
2023-09-17,0.06,40,9,11,6,0,0.01,0.01,0.35,0.0,0.0,0.0,0.0,0.0,398319950000.0,0.01,0.06,0.49999999999999994
2023-09-16,0.06,40,9,11,6,0,0.01,0.01,0.35,0.0,0.0,0.0,0.0,0.0,398319950000.0,0.01,0.06,0.49999999999999994
2023-09-15,0.06,39,10,11,6,0,0.01,0.01,0.35,0.0,0.0,0.0,0.0,0.0,398319950000.0,0.01,0.06,0.49999999999999994
2023-09-14,0.06,39,11,10,6,0,0.01,0.02,0.34,0.0,0.0,0.0,0.0,0.0,398319950000.0,0.01,0.06,0.5
2023-09-13,0.05,39,11,10,6,0,0.01,0.02,0.34,0.0,0.0,0.0,0.0,0.0,398319950000.0,0.01,0.06,0.49000000000000005
2023-09-12,0.05,39,11,11,5,0,0.01,0.02,0.33,0.0,0.0,0.0,0.0,0.0,398319950000.0,0.01,0.06,0.48000000000000004
2023-09-11,0.05,39,11,11,5,0,0.01,0.02,0.33,0.0,0.0,0.0,0.0,0.0,398319950000.0,0.01,0.06,0.48000000000000004
2023-09-10,0.05,39,11,11,4,1,0.01,0.02,0.32,0.0,0.0,0.0,0.0,0.0,398319950000.0,0.01,0.06,0.47000000000000003
2023-09-09,0.05,38,12,11,4,1,0.01,0.02,0.32,0.0,0.0,0.0,0.0,0.0,398319950000.0,0.01,0.06,0.47000000000000003
2023-09-08,0.05,37,13,11,4,1,0.01,0.02,0.33,0.0,0.0,0.0,0.0,0.0,398319950000.0,0.01,0.06,0.48000000000000004
2023-09-07,0.05,37,13,11,4,1,0.01,0.02,0.33,0.0,0.0,0.0,0.0,0.0,398319950000.0,0.01,0.06,0.48000000000000004
2023-09-06,0.05,37,13,11,4,1,0.01,0.02,0.33,0.0,0.0,0.0,0.0,0.0,398319950000.0,0.01,0.06,0.48000000000000004
2023-09-05,0.05,37,14,10,4,1,0.01,0.02,0.34,0.0,0.0,0.0,0.0,0.0,398319950000.0,0.01,0.06,0.49000000000000005
2023-09-04,0.05,37,14,10,4,1,0.01,0.02,0.34,0.0,0.0,0.0,0.0,0.0,398319950000.0,0.01,0.06,0.49000000000000005
2023-09-03,0.05,37,13,11,4,1,0.01,0.02,0.34,0.0,0.0,0.0,0.0,0.0,398319950000.0,0.01,0.06,0.49000000000000005
2023-09-02,0.05,37,13,11,4,1,0.01,0.02,0.34,0.0,0.0,0.0,0.0,0.0,398319950000.0,0.01,0.06,0.49000000000000005
2023-09-01,0.05,37,13,11,4,1,0.01,0.02,0.34,0.0,0.0,0.0,0.0,0.0,398319950000.0,0.01,0.06,0.49000000000000005
2023-08-31,0.05,38,12,11,4,1,0.01,0.02,0.33,0.0,0.0,0.0,0.0,0.0,398319950000.0,0.01,0.06,0.48000000000000004
2023-08-30,0.05,38,12,11,4,1,0.01,0.02,0.33,0.0,0.0,0.0,0.0,0.0,398319950000.0,0.01,0.06,0.48000000000000004
2023-08-29,0.05,39,11,11,4,1,0.01,0.02,0.33,0.0,0.0,0.0,0.0,0.0,398319950000.0,0.01,0.06,0.48000000000000004
2023-08-28,0.05,38,12,11,4,1,0.01,0.02,0.33,0.0,0.0,0.0,0.0,0.0,398319950000.0,0.01,0.05,0.47000000000000003
2023-08-27,0.05,38,12,11,4,1,0.01,0.02,0.33,0.0,0.0,0.0,0.0,0.0,398319950000.0,0.01,0.05,0.47000000000000003
2023-08-26,0.05,38,12,11,4,1,0.01,0.02,0.33,0.0,0.0,0.0,0.0,0.0,398319950000.0,0.01,0.05,0.47000000000000003
2023-08-25,0.05,38,12,11,4,1,0.01,0.02,0.35,0.0,0.0,0.0,0.0,0.0,398319950000.0,0.01,0.05,0.49
2023-08-24,0.05,38,12,11,4,1,0.01,0.02,0.35,0.0,0.0,0.0,0.0,0.0,398319950000.0,0.01,0.05,0.49
2023-08-23,0.05,38,12,11,4,1,0.01,0.01,0.34,0.0,0.0,0.0,0.0,0.0,398319950000.0,0.01,0.05,0.47000000000000003
2023-08-22,0.05,38,12,11,4,1,0.01,0.01,0.33,0.0,0.0,0.0,0.0,0.0,398319950000.0,0.01,0.05,0.46
2023-08-21,0.05,38,12,11,4,1,0.01,0.01,0.33,0.0,0.0,0.0,0.0,0.0,398319950000.0,0.01,0.05,0.46
2023-08-20,0.05,38,12,11,4,1,0.01,0.01,0.33,0.0,0.0,0.0,0.0,0.0,398319950000.0,0.01,0.06,0.47000000000000003
2023-08-19,0.05,38,12,11,4,1,0.01,0.01,0.33,0.0,0.0,0.0,0.0,0.0,398319950000.0,0.01,0.06,0.47000000000000003
2023-08-18,0.05,38,12,11,4,1,0.01,0.01,0.33,0.0,0.0,0.0,0.0,0.0,398319950000.0,0.01,0.06,0.47000000000000003
2023-08-17,0.05,38,12,11,4,1,0.01,0.01,0.33,0.0,0.0,0.0,0.0,0.0,398319950000.0,0.01,0.06,0.47000000000000003
2023-08-16,0.05,38,12,11,4,1,0.01,0.01,0.32,0.0,0.0,0.0,0.0,0.0,398319950000.0,0.01,0.06,0.46
2023-08-15,0.04,38,12,11,4,1,0.01,0.01,0.32,0.0,0.0,0.0,0.0,0.0,398319950000.0,0.01,0.06,0.45
2023-08-14,0.04,38,12,11,4,1,0.01,0.01,0.32,0.0,0.0,0.0,0.0,0.0,398319950000.0,0.01,0.06,0.45
2023-08-13,0.04,38,12,10,5,1,0.01,0.01,0.33,0.0,0.0,0.0,0.0,0.0,398319950000.0,0.01,0.06,0.46
2023-08-12,0.04,38,12,10,5,1,0.01,0.01,0.33,0.0,0.0,0.0,0.0,0.0,398319950000.0,0.01,0.06,0.46
2023-08-11,0.04,38,12,10,5,1,0.01,0.01,0.33,0.0,0.0,0.0,0.0,0.0,398319950000.0,0.01,0.06,0.46
2023-08-10,0.05,38,12,10,5,1,0.01,0.01,0.32,0.0,0.0,0.0,0.0,0.0,398319950000.0,0.01,0.06,0.46
2023-08-09,0.05,38,12,10,5,1,0.01,0.01,0.32,0.0,0.0,0.0,0.0,0.0,398319950000.0,0.01,0.06,0.46
2023-08-08,0.05,38,13,9,5,1,0.01,0.01,0.32,0.0,0.0,0.0,0.0,0.0,398319950000.0,0.01,0.06,0.46
2023-08-07,0.05,38,13,9,5,1,0.01,0.01,0.32,0.0,0.0,0.0,0.0,0.0,398319950000.0,0.01,0.06,0.46
2023-08-06,0.05,38,14,8,5,1,0.01,0.01,0.31,0.0,0.0,0.0,0.0,0.0,398319950000.0,0.01,0.06,0.45
2023-08-05,0.05,38,13,9,5,1,0.01,0.01,0.31,0.0,0.0,0.0,0.0,0.0,398319950000.0,0.01,0.06,0.45
2023-08-04,0.05,38,12,10,5,1,0.01,0.01,0.32,0.0,0.0,0.0,0.0,0.0,398319950000.0,0.01,0.06,0.46
2023-08-03,0.05,38,12,10,5,1,0.01,0.01,0.32,0.0,0.0,0.0,0.0,0.0,398319950000.0,0.01,0.06,0.46
2023-08-02,0.05,38,12,10,5,1,0.01,0.01,0.32,0.0,0.0,0.0,0.0,0.0,398319950000.0,0.01,0.06,0.46
2023-08-01,0.05,39,11,10,5,1,0.01,0.01,0.31,0.0,0.0,0.0,0.0,0.0,398319950000.0,0.01,0.06,0.45
2023-07-31,0.04,41,9,10,5,1,0.01,0.01,0.29,0.0,0.0,0.0,0.0,0.0,398319950000.0,0.01,0.06,0.42
2023-07-30,0.04,41,9,10,5,1,0.01,0.01,0.29,0.0,0.0,0.0,0.0,0.0,398319950000.0,0.01,0.06,0.42
2023-07-29,0.04,41,9,10,5,1,0.01,0.01,0.3,0.0,0.0,0.0,0.0,0.0,398319950000.0,0.01,0.06,0.43
2023-07-28,0.04,41,9,10,5,1,0.01,0.01,0.31,0.0,0.0,0.0,0.0,0.0,398319950000.0,0.01,0.06,0.44
2023-07-27,0.04,41,9,10,5,1,0.01,0.01,0.31,0.0,0.0,0.0,0.0,0.0,398319950000.0,0.01,0.06,0.44
2023-07-26,0.05,41,9,10,5,1,0.01,0.01,0.32,0.0,0.0,0.0,0.0,0.0,398319950000.0,0.01,0.06,0.46
2023-07-25,0.04,41,9,10,5,1,0.01,0.01,0.33,0.0,0.0,0.0,0.0,0.0,398319950000.0,0.01,0.06,0.46
2023-07-24,0.05,39,11,10,5,1,0.01,0.01,0.32,0.0,0.0,0.0,0.0,0.0,398319950000.0,0.01,0.06,0.46
2023-07-23,0.05,38,12,10,5,1,0.01,0.01,0.32,0.0,0.0,0.0,0.0,0.0,398319950000.0,0.01,0.06,0.46
2023-07-22,0.05,38,12,10,5,1,0.01,0.01,0.32,0.0,0.0,0.0,0.0,0.0,398319950000.0,0.01,0.06,0.46
2023-07-21,0.05,38,12,10,5,1,0.01,0.01,0.33,0.0,0.0,0.0,0.0,0.0,398319950000.0,0.01,0.06,0.47000000000000003
2023-07-20,0.05,38,12,10,5,1,0.01,0.01,0.33,0.0,0.0,0.0,0.0,0.0,398319950000.0,0.01,0.06,0.47000000000000003
2023-07-19,0.05,38,12,10,5,1,0.01,0.01,0.33,0.0,0.0,0.0,0.0,0.0,398319950000.0,0.01,0.06,0.47000000000000003
2023-07-18,0.05,38,13,9,5,1,0.01,0.01,0.32,0.0,0.0,0.0,0.0,0.0,398319950000.0,0.01,0.06,0.46
2023-07-17,0.05,37,14,9,5,1,0.01,0.01,0.32,0.0,0.0,0.0,0.0,0.0,398319950000.0,0.02,0.06,0.47000000000000003
2023-07-16,0.06,37,14,9,5,1,0.01,0.01,0.33,0.0,0.0,0.0,0.0,0.0,398319950000.0,0.02,0.06,0.49000000000000005
2023-07-15,0.06,37,14,8,6,1,0.01,0.01,0.33,0.0,0.0,0.0,0.0,0.0,398319950000.0,0.02,0.06,0.49000000000000005
2023-07-14,0.06,37,14,8,6,1,0.01,0.01,0.33,0.0,0.0,0.0,0.0,0.0,398319950000.0,0.02,0.06,0.49000000000000005
2023-07-13,0.06,38,13,8,6,1,0.01,0.01,0.33,0.0,0.0,0.0,0.0,0.0,398319950000.0,0.02,0.06,0.49000000000000005
2023-07-12,0.06,39,12,8,6,1,0.01,0.01,0.31,0.0,0.0,0.0,0.0,0.0,398319950000.0,0.02,0.06,0.47000000000000003
2023-07-11,0.06,39,12,8,6,1,0.01,0.01,0.32,0.0,0.0,0.0,0.0,0.0,398319950000.0,0.02,0.06,0.48000000000000004
2023-07-10,0.06,41,10,8,6,1,0.01,0.01,0.31,0.0,0.0,0.0,0.0,0.0,398319950000.0,0.02,0.06,0.47000000000000003
2023-07-09,0.06,41,10,8,6,1,0.01,0.01,0.31,0.0,0.0,0.0,0.0,0.0,398319950000.0,0.02,0.06,0.47000000000000003
2023-07-08,0.06,41,10,8,5,2,0.01,0.01,0.33,0.0,0.0,0.0,0.0,0.0,398319950000.0,0.02,0.06,0.49000000000000005
2023-07-07,0.06,41,10,8,5,2,0.01,0.01,0.33,0.0,0.0,0.0,0.0,0.0,398319950000.0,0.02,0.06,0.49000000000000005
2023-07-06,0.06,41,8,10,5,2,0.01,0.01,0.33,0.0,0.0,0.0,0.0,0.0,398319950000.0,0.01,0.06,0.48000000000000004
2023-07-05,0.06,41,9,9,6,1,0.01,0.01,0.33,0.0,0.0,0.0,0.0,0.0,398319950000.0,0.01,0.06,0.48000000000000004
2023-07-04,0.06,41,9,9,6,1,0.01,0.01,0.33,0.0,0.0,0.0,0.0,0.0,398319950000.0,0.01,0.06,0.48000000000000004
2023-07-03,0.06,41,9,9,6,1,0.01,0.01,0.31,0.0,0.0,0.0,0.0,0.0,398319950000.0,0.01,0.06,0.46
2023-07-02,0.06,41,9,9,6,1,0.01,0.01,0.31,0.0,0.0,0.0,0.0,0.0,398319950000.0,0.01,0.06,0.46
2023-07-01,0.06,41,9,9,6,1,0.01,0.01,0.31,0.0,0.0,0.0,0.0,0.0,398319950000.0,0.01,0.06,0.46
2023-06-30,0.06,41,9,9,6,1,0.01,0.01,0.32,0.0,0.0,0.0,0.0,0.0,398319950000.0,0.01,0.06,0.47000000000000003
2023-06-29,0.06,41,9,9,6,1,0.01,0.01,0.33,0.0,0.0,0.0,0.0,0.0,398319950000.0,0.01,0.06,0.48000000000000004
2023-06-28,0.06,41,9,9,6,1,0.01,0.01,0.32,0.0,0.0,0.0,0.0,0.0,398319950000.0,0.01,0.06,0.47000000000000003
2023-06-27,0.06,41,9,9,6,1,0.01,0.01,0.33,0.0,0.0,0.0,0.0,0.0,398319950000.0,0.01,0.06,0.48000000000000004
2023-06-26,0.06,41,9,9,6,1,0.01,0.01,0.33,0.0,0.0,0.0,0.0,0.0,398319950000.0,0.01,0.06,0.48000000000000004
2023-06-25,0.06,41,9,9,6,1,0.01,0.01,0.33,0.0,0.0,0.0,0.0,0.0,398319950000.0,0.01,0.06,0.48000000000000004
2023-06-24,0.06,40,10,9,6,1,0.01,0.01,0.34,0.0,0.0,0.0,0.0,0.0,398319950000.0,0.01,0.06,0.49000000000000005
2023-06-23,0.06,40,10,9,6,1,0.01,0.01,0.34,0.0,0.0,0.0,0.0,0.0,398319950000.0,0.01,0.06,0.49000000000000005
2023-06-22,0.06,41,9,9,6,1,0.01,0.01,0.32,0.0,0.0,0.0,0.0,0.0,398319950000.0,0.01,0.06,0.47000000000000003
2023-06-21,0.06,42,8,9,6,1,0.01,0.01,0.32,0.0,0.0,0.0,0.0,0.0,398319950000.0,0.01,0.06,0.47000000000000003
2023-06-20,0.06,42,9,8,6,1,0.01,0.01,0.31,0.0,0.0,0.0,0.0,0.0,398319950000.0,0.01,0.06,0.46
2023-06-19,0.06,42,9,8,6,1,0.01,0.01,0.31,0.0,0.0,0.0,0.0,0.0,398319950000.0,0.01,0.06,0.46
2023-06-18,0.06,42,9,8,6,1,0.01,0.01,0.31,0.0,0.0,0.0,0.0,0.0,398319950000.0,0.01,0.06,0.46
2023-06-17,0.06,42,9,8,6,1,0.01,0.01,0.31,0.0,0.0,0.0,0.0,0.0,398319950000.0,0.01,0.06,0.46
2023-06-16,0.06,42,8,9,6,1,0.01,0.01,0.32,0.0,0.0,0.0,0.0,0.0,398319950000.0,0.01,0.06,0.47000000000000003
2023-06-15,0.06,41,9,9,6,1,0.01,0.01,0.33,0.0,0.0,0.0,0.0,0.0,398319950000.0,0.01,0.06,0.48000000000000004
2023-06-14,0.06,41,9,9,6,1,0.01,0.01,0.32,0.0,0.0,0.0,0.0,0.0,398319950000.0,0.01,0.06,0.47000000000000003
2023-06-13,0.06,41,9,9,6,1,0.01,0.01,0.33,0.0,0.0,0.0,0.0,0.0,398319950000.0,0.01,0.06,0.48000000000000004
2023-06-12,0.06,41,8,10,6,1,0.01,0.01,0.33,0.0,0.0,0.0,0.0,0.0,398319950000.0,0.01,0.06,0.48000000000000004
2023-06-11,0.06,40,10,9,6,1,0.01,0.01,0.32,0.0,0.0,0.0,0.0,0.0,398319950000.0,0.01,0.06,0.47000000000000003
2023-06-10,0.06,40,10,9,6,1,0.01,0.01,0.32,0.0,0.0,0.0,0.0,0.0,398319950000.0,0.01,0.06,0.47000000000000003
2023-06-09,0.06,40,10,9,6,1,0.01,0.01,0.32,0.0,0.0,0.0,0.0,0.0,398319950000.0,0.01,0.06,0.47000000000000003
2023-06-08,0.06,40,10,9,6,1,0.01,0.01,0.32,0.0,0.0,0.0,0.0,0.0,398319950000.0,0.01,0.06,0.47000000000000003
2023-06-07,0.06,40,10,9,6,1,0.01,0.01,0.33,0.0,0.0,0.0,0.0,0.0,398319950000.0,0.01,0.06,0.48000000000000004
2023-06-06,0.06,41,9,9,6,1,0.01,0.01,0.31,0.0,0.0,0.0,0.0,0.0,398319950000.0,0.01,0.06,0.46
2023-06-05,0.06,41,9,9,6,1,0.01,0.01,0.31,0.0,0.0,0.0,0.0,0.0,398319950000.0,0.01,0.06,0.46
2023-06-04,0.06,41,9,9,6,1,0.01,0.01,0.31,0.0,0.0,0.0,0.0,0.0,398319950000.0,0.01,0.06,0.46
2023-06-03,0.06,41,9,9,6,1,0.01,0.01,0.31,0.0,0.0,0.0,0.0,0.0,398319950000.0,0.01,0.06,0.46
2023-06-02,0.06,41,9,9,6,1,0.01,0.01,0.31,0.0,0.0,0.0,0.0,0.0,398319950000.0,0.01,0.06,0.46
2023-06-01,0.06,41,9,9,6,1,0.01,0.01,0.31,0.0,0.0,0.0,0.0,0.0,398319950000.0,0.01,0.06,0.46
2023-05-31,0.06,41,9,9,6,1,0.01,0.01,0.32,0.0,0.0,0.0,0.0,0.0,398319950000.0,0.01,0.06,0.47000000000000003
2023-05-30,0.06,41,9,10,5,1,0.01,0.01,0.31,0.0,0.0,0.0,0.0,0.0,398319950000.0,0.01,0.06,0.46
2023-05-29,0.06,42,8,9,6,1,0.01,0.0,0.31,0.0,0.0,0.0,0.0,0.0,398319950000.0,0.01,0.06,0.45
2023-05-28,0.06,42,8,9,6,1,0.01,0.0,0.32,0.0,0.0,0.0,0.0,0.0,398319950000.0,0.01,0.06,0.46
2023-05-27,0.06,42,8,9,6,1,0.01,0.0,0.32,0.0,0.0,0.0,0.0,0.0,398319950000.0,0.01,0.06,0.46
2023-05-26,0.06,43,7,9,6,1,0.01,0.0,0.32,0.0,0.0,0.0,0.0,0.0,398319950000.0,0.01,0.06,0.46
2023-05-25,0.06,43,7,9,6,1,0.01,0.0,0.32,0.0,0.0,0.0,0.0,0.0,398319950000.0,0.01,0.06,0.46
2023-05-24,0.06,43,8,8,6,1,0.01,0.0,0.32,0.0,0.0,0.0,0.0,0.0,398319950000.0,0.01,0.06,0.46
2023-05-23,0.06,42,9,8,6,1,0.01,0.0,0.32,0.0,0.0,0.0,0.0,0.0,398319950000.0,0.01,0.06,0.46
2023-05-22,0.06,42,9,8,6,1,0.01,0.0,0.32,0.0,0.0,0.0,0.0,0.0,398319950000.0,0.01,0.06,0.46
2023-05-21,0.06,42,9,8,6,1,0.01,0.0,0.32,0.0,0.0,0.0,0.0,0.0,398319950000.0,0.01,0.06,0.46
2023-05-20,0.06,42,9,8,6,1,0.01,0.0,0.32,0.0,0.0,0.0,0.0,0.0,398319950000.0,0.01,0.06,0.46
2023-05-19,0.06,40,10,9,6,1,0.01,0.0,0.36,0.0,0.0,0.0,0.0,0.0,398319950000.0,0.01,0.06,0.5
2023-05-18,0.06,40,10,9,6,1,0.01,0.0,0.35,0.0,0.0,0.0,0.0,0.0,398319950000.0,0.01,0.06,0.49
2023-05-17,0.06,40,10,9,6,1,0.01,0.0,0.35,0.0,0.0,0.0,0.0,0.0,398319950000.0,0.01,0.06,0.49
2023-05-16,0.06,40,10,8,7,1,0.01,0.0,0.35,0.0,0.0,0.0,0.0,0.0,398319950000.0,0.01,0.06,0.49
2023-05-15,0.06,41,9,8,7,1,0.01,0.0,0.36,0.0,0.0,0.0,0.0,0.0,398319950000.0,0.01,0.06,0.5
2023-05-14,0.06,41,9,8,7,1,0.01,0.0,0.36,0.0,0.0,0.0,0.0,0.0,398319950000.0,0.01,0.06,0.5
2023-05-13,0.06,41,9,8,7,1,0.01,0.0,0.36,0.0,0.0,0.0,0.0,0.0,398319950000.0,0.01,0.06,0.5
2023-05-12,0.06,40,10,8,7,1,0.01,0.0,0.36,0.0,0.0,0.0,0.0,0.0,398319950000.0,0.01,0.06,0.5
2023-05-11,0.06,39,11,8,7,1,0.01,0.0,0.36,0.0,0.0,0.0,0.0,0.0,398319950000.0,0.01,0.06,0.5
2023-05-10,0.06,38,12,8,7,1,0.01,0.0,0.36,0.0,0.0,0.0,0.0,0.0,398319950000.0,0.01,0.06,0.5
