,-unknown-,<05,<1,<2,<5,>=5,CA,CH,FR,GB,HK,IE,IT,JE,Market_capitalization,NL,US,Total
2025-04-28,0.03,22,5,6,5,1,0.01,0.01,0.01,0.14,0.0,0.0,0.06,0.02,128503080000.0,0.01,0.12,0.41000000000000003
2025-04-27,0.03,22,5,6,5,1,0.01,0.01,0.01,0.14,0.0,0.0,0.06,0.02,128503080000.0,0.01,0.12,0.41000000000000003
2025-04-26,0.03,22,5,6,5,1,0.01,0.01,0.01,0.14,0.0,0.0,0.06,0.02,128503080000.0,0.01,0.12,0.41000000000000003
2025-04-25,0.03,22,5,6,5,1,0.01,0.01,0.01,0.14,0.0,0.0,0.06,0.02,128503080000.0,0.01,0.12,0.41000000000000003
2025-04-24,0.03,22,5,6,5,1,0.01,0.01,0.01,0.14,0.0,0.0,0.06,0.02,128503080000.0,0.01,0.13,0.42000000000000004
2025-04-23,0.03,22,5,6,5,1,0.01,0.01,0.01,0.14,0.0,0.0,0.06,0.02,128503080000.0,0.01,0.13,0.42000000000000004
2025-04-22,0.03,22,5,6,5,1,0.01,0.01,0.01,0.14,0.0,0.0,0.06,0.02,128503080000.0,0.01,0.13,0.42000000000000004
2025-04-21,0.03,22,5,6,5,1,0.01,0.01,0.01,0.14,0.0,0.0,0.06,0.02,128503080000.0,0.01,0.13,0.42000000000000004
2025-04-20,0.03,22,5,6,5,1,0.01,0.01,0.01,0.14,0.0,0.0,0.06,0.02,128503080000.0,0.01,0.13,0.42000000000000004
2025-04-19,0.03,22,5,6,5,1,0.01,0.01,0.01,0.14,0.0,0.0,0.06,0.02,128503080000.0,0.01,0.13,0.42000000000000004
2025-04-18,0.03,22,5,6,5,1,0.01,0.01,0.01,0.14,0.0,0.0,0.06,0.02,128503080000.0,0.01,0.13,0.42000000000000004
2025-04-17,0.03,22,5,6,5,1,0.01,0.01,0.01,0.14,0.0,0.0,0.06,0.02,128503080000.0,0.01,0.13,0.42000000000000004
2025-04-16,0.03,22,5,6,5,1,0.01,0.01,0.01,0.14,0.0,0.0,0.06,0.02,128503080000.0,0.01,0.13,0.42000000000000004
2025-04-15,0.03,22,5,6,5,1,0.01,0.01,0.01,0.13,0.0,0.0,0.06,0.02,128503080000.0,0.01,0.13,0.41000000000000003
2025-04-14,0.03,22,5,6,5,1,0.01,0.01,0.01,0.13,0.0,0.0,0.06,0.02,128503080000.0,0.01,0.13,0.41000000000000003
2025-04-13,0.03,23,4,6,5,1,0.01,0.01,0.01,0.13,0.0,0.0,0.06,0.02,128503080000.0,0.01,0.13,0.41000000000000003
2025-04-12,0.03,23,4,6,5,1,0.01,0.01,0.01,0.13,0.0,0.0,0.06,0.02,128503080000.0,0.01,0.13,0.41000000000000003
2025-04-11,0.03,23,4,6,5,1,0.01,0.01,0.01,0.14,0.0,0.0,0.06,0.02,128503080000.0,0.01,0.13,0.42000000000000004
2025-04-10,0.03,23,4,7,5,0,0.01,0.01,0.01,0.13,0.0,0.0,0.06,0.02,128503080000.0,0.01,0.12,0.4
2025-04-09,0.03,23,4,7,5,0,0.01,0.01,0.01,0.13,0.0,0.0,0.06,0.02,128503080000.0,0.01,0.12,0.4
2025-04-08,0.03,23,4,7,5,0,0.01,0.01,0.01,0.13,0.0,0.0,0.06,0.02,128503080000.0,0.01,0.12,0.4
2025-04-07,0.03,23,4,7,5,0,0.01,0.01,0.01,0.14,0.0,0.0,0.06,0.02,128503080000.0,0.01,0.12,0.41000000000000003
2025-04-06,0.03,23,4,6,6,0,0.01,0.01,0.01,0.13,0.0,0.0,0.06,0.02,128503080000.0,0.01,0.11,0.39
2025-04-05,0.03,23,4,6,6,0,0.01,0.01,0.01,0.13,0.0,0.0,0.06,0.02,128503080000.0,0.01,0.11,0.39
2025-04-04,0.03,23,4,6,6,0,0.01,0.01,0.01,0.14,0.0,0.0,0.06,0.02,128503080000.0,0.01,0.11,0.4
2025-04-03,0.03,23,4,6,6,0,0.01,0.01,0.01,0.14,0.0,0.0,0.06,0.02,128503080000.0,0.01,0.11,0.4
2025-04-02,0.03,24,3,6,6,0,0.01,0.02,0.01,0.15,0.0,0.0,0.06,0.02,128503080000.0,0.01,0.11,0.42
2025-04-01,0.03,24,3,5,7,0,0.01,0.02,0.01,0.16,0.0,0.0,0.06,0.02,128503080000.0,0.01,0.11,0.43
2025-03-31,0.03,24,3,5,7,0,0.01,0.02,0.01,0.16,0.0,0.0,0.06,0.02,128503080000.0,0.01,0.11,0.43
2025-03-30,0.05,24,3,5,7,0,0.01,0.02,0.01,0.16,0.0,0.0,0.06,0.02,128503080000.0,0.01,0.11,0.45
2025-03-29,0.05,24,3,5,7,0,0.01,0.02,0.01,0.16,0.0,0.0,0.06,0.02,128503080000.0,0.01,0.11,0.45
2025-03-28,0.05,24,3,5,7,0,0.01,0.02,0.01,0.16,0.0,0.0,0.06,0.02,128503080000.0,0.01,0.11,0.45
2025-03-27,0.05,24,4,4,7,0,0.01,0.02,0.01,0.16,0.0,0.0,0.06,0.02,128503080000.0,0.01,0.11,0.45
2025-03-26,0.05,24,4,4,7,0,0.01,0.02,0.01,0.16,0.0,0.0,0.06,0.02,128503080000.0,0.01,0.12,0.46
2025-03-25,0.05,24,4,4,7,0,0.01,0.02,0.01,0.15,0.0,0.0,0.06,0.02,128503080000.0,0.01,0.12,0.45
2025-03-24,0.05,24,4,4,7,0,0.01,0.02,0.01,0.16,0.0,0.0,0.06,0.02,128503080000.0,0.01,0.12,0.46
2025-03-23,0.05,23,5,4,7,0,0.01,0.02,0.01,0.16,0.0,0.0,0.06,0.02,128503080000.0,0.01,0.12,0.46
2025-03-22,0.05,23,5,4,7,0,0.01,0.02,0.01,0.16,0.0,0.0,0.06,0.02,128503080000.0,0.01,0.12,0.46
2025-03-21,0.05,23,5,4,7,0,0.01,0.02,0.01,0.16,0.0,0.0,0.06,0.02,128503080000.0,0.01,0.12,0.46
2025-03-20,0.05,23,5,5,6,0,0.01,0.02,0.01,0.14,0.0,0.0,0.06,0.02,128503080000.0,0.01,0.12,0.44000000000000006
2025-03-19,0.05,23,5,5,6,0,0.01,0.02,0.01,0.14,0.0,0.0,0.06,0.02,128503080000.0,0.01,0.12,0.44000000000000006
2025-03-18,0.05,23,5,5,6,0,0.01,0.02,0.01,0.14,0.0,0.0,0.06,0.02,128503080000.0,0.01,0.12,0.44000000000000006
2025-03-17,0.05,22,6,5,6,0,0.01,0.02,0.01,0.14,0.0,0.0,0.06,0.02,128503080000.0,0.01,0.12,0.44000000000000006
2025-03-16,0.05,22,7,5,5,0,0.01,0.02,0.01,0.14,0.0,0.0,0.06,0.02,128503080000.0,0.01,0.1,0.42000000000000004
2025-03-15,0.05,22,7,5,5,0,0.01,0.02,0.01,0.14,0.0,0.0,0.06,0.02,128503080000.0,0.01,0.1,0.42000000000000004
2025-03-14,0.05,22,7,5,5,0,0.01,0.02,0.01,0.14,0.0,0.0,0.06,0.02,128503080000.0,0.01,0.1,0.42000000000000004
2025-03-13,0.05,22,7,5,5,0,0.01,0.02,0.01,0.14,0.0,0.0,0.06,0.02,128503080000.0,0.01,0.1,0.42000000000000004
2025-03-12,0.05,22,7,5,5,0,0.01,0.02,0.01,0.17,0.0,0.0,0.06,0.02,128503080000.0,0.01,0.09,0.44000000000000006
2025-03-11,0.05,23,6,5,5,0,0.01,0.02,0.01,0.16,0.0,0.0,0.06,0.02,128503080000.0,0.01,0.08,0.42000000000000004
2025-03-10,0.05,22,7,3,7,0,0.01,0.02,0.01,0.17,0.0,0.0,0.06,0.02,128503080000.0,0.02,0.08,0.44000000000000006
2025-03-09,0.05,21,7,4,7,0,0.01,0.02,0.01,0.18,0.0,0.0,0.06,0.02,128503080000.0,0.02,0.08,0.45000000000000007
2025-03-08,0.05,21,7,4,7,0,0.01,0.02,0.01,0.18,0.0,0.0,0.06,0.02,128503080000.0,0.02,0.08,0.45000000000000007
2025-03-07,0.05,21,7,4,7,0,0.01,0.02,0.01,0.18,0.0,0.0,0.06,0.02,128503080000.0,0.02,0.08,0.45000000000000007
2025-03-06,0.05,21,7,4,7,0,0.01,0.02,0.01,0.18,0.0,0.0,0.06,0.02,128503080000.0,0.03,0.08,0.46
2025-03-05,0.05,21,7,3,8,0,0.01,0.02,0.01,0.18,0.0,0.0,0.06,0.02,128503080000.0,0.03,0.08,0.46
2025-03-04,0.05,21,7,3,8,0,0.01,0.02,0.01,0.19,0.0,0.0,0.06,0.02,128503080000.0,0.03,0.08,0.47000000000000003
2025-03-03,0.05,21,7,3,8,0,0.01,0.02,0.01,0.2,0.0,0.0,0.06,0.02,128503080000.0,0.03,0.08,0.48000000000000004
2025-03-02,0.05,21,7,3,8,0,0.01,0.02,0.01,0.2,0.0,0.0,0.06,0.02,128503080000.0,0.03,0.08,0.48000000000000004
2025-03-01,0.05,21,7,3,8,0,0.01,0.02,0.01,0.2,0.0,0.0,0.06,0.02,128503080000.0,0.03,0.08,0.48000000000000004
2025-02-28,0.05,21,7,3,8,0,0.01,0.02,0.01,0.2,0.0,0.0,0.06,0.02,128503080000.0,0.03,0.08,0.48000000000000004
2025-02-27,0.09,21,7,3,8,0,0.01,0.02,0.01,0.2,0.0,0.0,0.06,0.02,128503080000.0,0.03,0.08,0.52
2025-02-26,0.08,21,7,3,8,0,0.01,0.02,0.01,0.21,0.0,0.0,0.06,0.02,128503080000.0,0.03,0.08,0.5199999999999999
2025-02-25,0.08,21,7,3,8,0,0.01,0.02,0.01,0.21,0.0,0.0,0.06,0.02,128503080000.0,0.03,0.08,0.5199999999999999
2025-02-24,0.07,21,7,3,8,0,0.01,0.02,0.01,0.21,0.0,0.0,0.06,0.02,128503080000.0,0.03,0.08,0.51
2025-02-23,0.07,21,7,3,8,0,0.01,0.02,0.01,0.21,0.0,0.0,0.06,0.02,128503080000.0,0.03,0.08,0.51
2025-02-22,0.07,21,7,3,8,0,0.01,0.02,0.01,0.21,0.0,0.0,0.06,0.02,128503080000.0,0.03,0.08,0.51
2025-02-21,0.07,21,7,3,8,0,0.01,0.02,0.01,0.21,0.0,0.0,0.06,0.02,128503080000.0,0.03,0.08,0.51
2025-02-20,0.07,21,7,3,8,0,0.01,0.02,0.01,0.21,0.0,0.0,0.06,0.02,128503080000.0,0.03,0.08,0.51
2025-02-19,0.07,21,7,3,8,0,0.01,0.02,0.01,0.21,0.0,0.0,0.06,0.02,128503080000.0,0.03,0.08,0.51
2025-02-18,0.07,21,7,3,8,0,0.01,0.02,0.01,0.21,0.0,0.0,0.06,0.02,128503080000.0,0.03,0.08,0.51
2025-02-17,0.06,22,6,3,8,0,0.01,0.02,0.01,0.21,0.0,0.0,0.06,0.02,128503080000.0,0.03,0.08,0.5
2025-02-16,0.06,22,6,3,8,0,0.01,0.02,0.01,0.21,0.0,0.0,0.06,0.02,128503080000.0,0.03,0.08,0.5
2025-02-15,0.06,22,6,3,8,0,0.03,0.02,0.01,0.21,0.0,0.0,0.06,0.02,128503080000.0,0.03,0.08,0.5199999999999999
2025-02-14,0.06,22,6,3,8,0,0.03,0.02,0.01,0.21,0.0,0.0,0.06,0.02,128503080000.0,0.03,0.08,0.5199999999999999
2025-02-13,0.06,22,7,2,8,0,0.03,0.02,0.01,0.21,0.0,0.0,0.06,0.02,128503080000.0,0.03,0.08,0.5199999999999999
2025-02-12,0.06,21,8,2,8,0,0.03,0.02,0.01,0.21,0.0,0.0,0.06,0.02,128503080000.0,0.03,0.08,0.5199999999999999
2025-02-11,0.06,22,7,2,8,0,0.03,0.02,0.01,0.21,0.0,0.0,0.06,0.02,128503080000.0,0.03,0.08,0.5199999999999999
2025-02-10,0.06,22,7,2,8,0,0.03,0.02,0.01,0.21,0.0,0.0,0.06,0.02,128503080000.0,0.03,0.08,0.5199999999999999
2025-02-09,0.06,22,7,2,8,0,0.03,0.02,0.01,0.21,0.0,0.0,0.06,0.02,128503080000.0,0.03,0.08,0.5199999999999999
2025-02-08,0.06,22,7,2,8,0,0.03,0.02,0.01,0.21,0.0,0.0,0.06,0.02,128503080000.0,0.03,0.08,0.5199999999999999
2025-02-07,0.06,22,7,2,8,0,0.03,0.02,0.01,0.21,0.0,0.0,0.06,0.02,128503080000.0,0.03,0.08,0.5199999999999999
2025-02-06,0.06,23,6,3,7,0,0.03,0.02,0.01,0.21,0.0,0.0,0.06,0.02,128503080000.0,0.03,0.06,0.49999999999999994
2025-02-05,0.05,23,6,3,7,0,0.03,0.02,0.01,0.21,0.0,0.0,0.06,0.02,128503080000.0,0.03,0.06,0.49000000000000005
2025-02-04,0.05,23,6,3,7,0,0.03,0.02,0.01,0.21,0.0,0.0,0.06,0.02,128503080000.0,0.03,0.06,0.49000000000000005
2025-02-03,0.05,23,5,5,6,0,0.03,0.02,0.01,0.21,0.0,0.0,0.06,0.02,128503080000.0,0.03,0.06,0.49000000000000005
2025-02-02,0.05,23,5,5,6,0,0.03,0.02,0.01,0.21,0.0,0.0,0.06,0.02,128503080000.0,0.03,0.06,0.49000000000000005
2025-02-01,0.05,23,5,5,6,0,0.03,0.02,0.01,0.21,0.0,0.0,0.06,0.02,128503080000.0,0.03,0.06,0.49000000000000005
2025-01-31,0.05,23,5,5,6,0,0.03,0.02,0.01,0.22,0.0,0.0,0.06,0.02,128473080000.0,0.03,0.06,0.5
2025-01-30,0.05,23,5,5,6,0,0.03,0.02,0.01,0.22,0.0,0.0,0.06,0.02,128473080000.0,0.03,0.06,0.5
2025-01-29,0.05,23,5,5,6,0,0.03,0.02,0.01,0.22,0.0,0.0,0.06,0.02,128473080000.0,0.03,0.06,0.5
2025-01-28,0.05,23,4,6,6,0,0.03,0.02,0.01,0.22,0.0,0.0,0.06,0.02,128473080000.0,0.03,0.06,0.5
2025-01-27,0.05,23,4,6,6,0,0.03,0.02,0.01,0.22,0.0,0.0,0.06,0.02,128473080000.0,0.03,0.06,0.5
2025-01-26,0.05,21,7,5,6,0,0.03,0.02,0.01,0.21,0.0,0.0,0.06,0.02,128473080000.0,0.03,0.06,0.49000000000000005
2025-01-25,0.05,21,7,5,6,0,0.03,0.02,0.01,0.21,0.0,0.0,0.06,0.02,128473080000.0,0.03,0.06,0.49000000000000005
2025-01-24,0.05,21,7,5,6,0,0.03,0.02,0.01,0.21,0.0,0.0,0.06,0.02,128473080000.0,0.03,0.06,0.49000000000000005
2025-01-23,0.05,21,7,5,6,0,0.03,0.02,0.01,0.21,0.0,0.0,0.06,0.02,128473080000.0,0.03,0.06,0.49000000000000005
2025-01-22,0.05,21,7,5,6,0,0.03,0.02,0.01,0.21,0.0,0.0,0.06,0.02,128473080000.0,0.03,0.06,0.49000000000000005
2025-01-21,0.05,21,7,5,6,0,0.03,0.02,0.01,0.2,0.0,0.0,0.06,0.02,128473080000.0,0.03,0.06,0.48000000000000004
2025-01-20,0.05,21,7,4,6,1,0.02,0.02,0.01,0.21,0.0,0.0,0.06,0.02,128473080000.0,0.03,0.07,0.49000000000000005
2025-01-19,0.05,21,7,4,6,1,0.02,0.02,0.01,0.21,0.0,0.0,0.06,0.02,128473080000.0,0.03,0.07,0.49000000000000005
2025-01-18,0.05,21,7,4,6,1,0.02,0.02,0.01,0.21,0.0,0.0,0.06,0.02,128473080000.0,0.03,0.07,0.49000000000000005
2025-01-17,0.05,20,7,5,6,1,0.02,0.02,0.01,0.21,0.0,0.0,0.06,0.02,128473080000.0,0.03,0.07,0.49000000000000005
2025-01-16,0.05,20,6,6,6,1,0.02,0.02,0.01,0.22,0.0,0.0,0.06,0.02,128473080000.0,0.03,0.07,0.5
2025-01-15,0.06,20,6,6,6,1,0.02,0.02,0.01,0.22,0.0,0.0,0.06,0.02,128473080000.0,0.03,0.07,0.51
2025-01-14,0.05,20,6,6,6,1,0.02,0.02,0.01,0.22,0.0,0.0,0.06,0.02,128473080000.0,0.03,0.07,0.5
2025-01-13,0.05,20,6,6,6,1,0.02,0.02,0.01,0.22,0.0,0.0,0.06,0.02,128473080000.0,0.03,0.07,0.5
2025-01-12,0.05,20,6,6,6,1,0.02,0.02,0.01,0.22,0.0,0.0,0.06,0.02,128473080000.0,0.03,0.07,0.5
2025-01-11,0.05,20,6,6,6,1,0.02,0.02,0.01,0.22,0.0,0.0,0.06,0.02,128473080000.0,0.03,0.07,0.5
2025-01-10,0.05,20,6,6,6,1,0.02,0.02,0.01,0.22,0.0,0.0,0.06,0.02,128473080000.0,0.03,0.07,0.5
2025-01-09,0.05,20,6,6,6,1,0.02,0.02,0.01,0.22,0.0,0.0,0.06,0.02,128473080000.0,0.03,0.07,0.5
2025-01-08,0.05,20,6,6,6,1,0.02,0.02,0.01,0.22,0.0,0.0,0.06,0.02,128473080000.0,0.03,0.07,0.5
2025-01-07,0.05,20,7,5,6,1,0.02,0.02,0.01,0.21,0.0,0.0,0.06,0.02,128473080000.0,0.03,0.07,0.49000000000000005
2025-01-06,0.05,20,7,5,6,1,0.02,0.02,0.01,0.22,0.0,0.0,0.06,0.02,128473080000.0,0.03,0.07,0.5
2025-01-05,0.05,20,7,5,6,1,0.02,0.02,0.01,0.22,0.0,0.0,0.06,0.02,128473080000.0,0.03,0.07,0.5
2025-01-04,0.05,20,7,5,6,1,0.02,0.02,0.0,0.22,0.0,0.0,0.06,0.02,128473080000.0,0.03,0.07,0.49000000000000005
2025-01-03,0.05,20,7,5,6,1,0.02,0.02,0.0,0.22,0.0,0.0,0.06,0.02,128473080000.0,0.03,0.07,0.49000000000000005
2025-01-02,0.05,20,7,5,6,1,0.02,0.02,0.0,0.22,0.0,0.0,0.06,0.02,128473080000.0,0.03,0.06,0.48000000000000004
2025-01-01,0.05,20,7,5,6,1,0.02,0.02,0.0,0.22,0.0,0.0,0.06,0.02,128473080000.0,0.03,0.06,0.48000000000000004
2024-12-31,0.05,20,7,5,6,1,0.02,0.02,0.0,0.22,0.0,0.0,0.06,0.02,127618790000.0,0.03,0.07,0.49000000000000005
2024-12-30,0.05,19,8,5,6,1,0.02,0.02,0.0,0.22,0.0,0.0,0.06,0.02,127618790000.0,0.03,0.07,0.49000000000000005
2024-12-29,0.05,19,8,5,6,1,0.02,0.02,0.0,0.21,0.0,0.0,0.06,0.02,127618790000.0,0.03,0.06,0.47000000000000003
2024-12-28,0.05,19,8,5,6,1,0.02,0.02,0.0,0.21,0.0,0.0,0.06,0.02,127618790000.0,0.03,0.06,0.47000000000000003
2024-12-27,0.05,19,8,5,6,1,0.02,0.02,0.0,0.21,0.0,0.0,0.06,0.02,127618790000.0,0.03,0.06,0.47000000000000003
2024-12-26,0.05,19,9,4,6,1,0.02,0.02,0.0,0.22,0.0,0.0,0.06,0.02,127618790000.0,0.03,0.06,0.48000000000000004
2024-12-25,0.05,19,8,5,6,1,0.02,0.02,0.0,0.22,0.0,0.0,0.06,0.02,127618790000.0,0.03,0.06,0.48000000000000004
2024-12-24,0.05,19,8,5,6,1,0.02,0.02,0.0,0.22,0.0,0.0,0.06,0.02,127618790000.0,0.03,0.06,0.48000000000000004
2024-12-23,0.05,20,8,4,6,1,0.02,0.02,0.0,0.22,0.0,0.0,0.06,0.02,127618790000.0,0.03,0.07,0.49000000000000005
2024-12-22,0.05,19,9,4,6,1,0.02,0.02,0.0,0.22,0.0,0.0,0.06,0.02,127618790000.0,0.03,0.07,0.49000000000000005
2024-12-21,0.05,19,9,4,6,1,0.02,0.02,0.0,0.22,0.0,0.0,0.06,0.02,127618790000.0,0.03,0.07,0.49000000000000005
2024-12-20,0.05,19,9,4,6,1,0.02,0.02,0.0,0.22,0.0,0.0,0.06,0.02,127618790000.0,0.03,0.07,0.49000000000000005
2024-12-19,0.05,22,7,3,6,1,0.02,0.02,0.0,0.22,0.0,0.0,0.0,0.02,127618790000.0,0.04,0.06,0.43
2024-12-18,0.05,22,7,4,5,1,0.02,0.02,0.0,0.22,0.0,0.0,0.0,0.02,127618790000.0,0.04,0.06,0.43
2024-12-17,0.05,20,8,4,6,1,0.02,0.02,0.0,0.23,0.0,0.01,0.0,0.02,127618790000.0,0.04,0.06,0.45
2024-12-16,0.05,20,8,4,6,1,0.02,0.02,0.0,0.23,0.0,0.01,0.0,0.02,127618790000.0,0.04,0.06,0.45
2024-12-15,0.05,21,7,4,6,1,0.02,0.02,0.0,0.23,0.0,0.01,0.0,0.02,127618790000.0,0.04,0.06,0.45
2024-12-14,0.05,21,7,4,6,1,0.02,0.02,0.0,0.23,0.0,0.01,0.0,0.02,127618790000.0,0.04,0.06,0.45
2024-12-13,0.05,21,7,4,6,1,0.02,0.02,0.0,0.23,0.0,0.01,0.0,0.02,127618790000.0,0.04,0.06,0.45
2024-12-12,0.05,21,7,5,5,1,0.02,0.02,0.0,0.23,0.0,0.0,0.0,0.02,127618790000.0,0.04,0.06,0.44
2024-12-11,0.05,21,7,5,5,1,0.02,0.02,0.0,0.23,0.0,0.0,0.0,0.02,127618790000.0,0.04,0.06,0.44
2024-12-10,0.05,21,7,4,6,1,0.02,0.02,0.0,0.24,0.0,0.0,0.0,0.02,127618790000.0,0.04,0.06,0.45
2024-12-09,0.05,21,7,4,5,2,0.02,0.02,0.0,0.75,0.0,0.0,0.0,0.02,127618790000.0,0.04,0.07,0.97
2024-12-08,0.05,21,7,4,5,2,0.02,0.02,0.0,0.75,0.0,0.0,0.0,0.02,127618790000.0,0.04,0.07,0.97
2024-12-07,0.05,21,7,4,5,2,0.02,0.02,0.0,0.75,0.0,0.0,0.0,0.02,127618790000.0,0.04,0.07,0.97
2024-12-06,0.05,21,7,4,5,2,0.02,0.02,0.0,0.75,0.0,0.0,0.0,0.02,127618790000.0,0.04,0.09,0.99
2024-12-05,0.05,21,6,4,5,3,0.02,0.02,0.0,0.31,0.0,0.0,0.0,0.02,127618790000.0,0.04,0.09,0.55
2024-12-04,0.05,21,6,4,5,3,0.02,0.02,0.0,0.31,0.0,0.0,0.0,0.02,127618790000.0,0.04,0.09,0.55
2024-12-03,0.05,21,6,4,5,3,0.02,0.02,0.0,0.31,0.0,0.0,0.0,0.02,127618790000.0,0.04,0.09,0.55
2024-12-02,0.04,21,7,4,4,3,0.02,0.02,0.0,0.31,0.0,0.0,0.0,0.02,127618790000.0,0.04,0.08,0.53
2024-12-01,0.04,21,7,4,4,3,0.02,0.02,0.0,0.31,0.0,0.0,0.0,0.02,127618790000.0,0.04,0.08,0.53
2024-11-30,0.04,21,7,4,4,3,0.02,0.02,0.0,0.31,0.0,0.0,0.0,0.02,127618790000.0,0.04,0.08,0.53
2024-11-29,0.04,21,7,4,4,3,0.02,0.02,0.0,0.33,0.0,0.0,0.0,0.02,127618790000.0,0.04,0.08,0.55
2024-11-28,0.04,22,6,4,4,3,0.02,0.02,0.0,0.32,0.0,0.0,0.0,0.02,127618790000.0,0.04,0.08,0.54
2024-11-27,0.03,21,8,3,4,3,0.02,0.02,0.0,0.32,0.0,0.0,0.0,0.02,127618790000.0,0.04,0.08,0.53
2024-11-26,0.03,21,8,3,4,3,0.02,0.02,0.0,0.32,0.0,0.0,0.0,0.02,127618790000.0,0.04,0.08,0.53
2024-11-25,0.03,21,8,3,4,3,0.02,0.02,0.0,0.32,0.0,0.0,0.0,0.02,127618790000.0,0.04,0.08,0.53
2024-11-24,0.03,21,8,3,4,3,0.02,0.02,0.0,0.32,0.0,0.0,0.0,0.02,127618790000.0,0.04,0.09,0.54
2024-11-23,0.03,21,8,3,4,3,0.02,0.02,0.0,0.32,0.0,0.0,0.0,0.02,127618790000.0,0.04,0.09,0.54
2024-11-22,0.03,21,8,3,4,3,0.02,0.02,0.0,0.32,0.0,0.0,0.0,0.02,127618790000.0,0.04,0.09,0.54
2024-11-21,0.03,21,8,3,4,3,0.02,0.02,0.0,0.32,0.0,0.0,0.0,0.02,127618790000.0,0.04,0.09,0.54
2024-11-20,0.03,21,8,3,4,3,0.02,0.02,0.0,0.32,0.0,0.0,0.0,0.02,127618790000.0,0.04,0.08,0.53
2024-11-19,0.03,21,8,3,4,3,0.02,0.02,0.0,0.32,0.0,0.0,0.0,0.02,127618790000.0,0.04,0.08,0.53
2024-11-18,0.03,21,7,4,4,3,0.02,0.02,0.0,0.32,0.0,0.0,0.0,0.02,127618790000.0,0.04,0.09,0.54
2024-11-17,0.03,20,7,5,4,3,0.02,0.02,0.0,0.32,0.0,0.0,0.06,0.02,127618790000.0,0.04,0.08,0.59
2024-11-16,0.03,20,7,5,4,3,0.02,0.02,0.0,0.32,0.0,0.0,0.06,0.02,127618790000.0,0.04,0.08,0.59
2024-11-15,0.03,20,7,5,4,3,0.02,0.02,0.0,0.32,0.0,0.0,0.06,0.02,127618790000.0,0.04,0.08,0.59
2024-11-14,0.03,20,7,5,4,3,0.02,0.02,0.0,0.32,0.0,0.0,0.06,0.02,127618790000.0,0.04,0.08,0.59
2024-11-13,0.03,20,7,5,4,3,0.02,0.02,0.0,0.32,0.0,0.0,0.06,0.02,127618790000.0,0.04,0.08,0.59
2024-11-12,0.03,20,7,5,4,3,0.02,0.02,0.0,0.32,0.0,0.0,0.06,0.02,127618790000.0,0.04,0.08,0.59
2024-11-11,0.02,21,6,5,4,3,0.02,0.02,0.0,0.31,0.0,0.0,0.06,0.02,127618790000.0,0.04,0.08,0.57
2024-11-10,0.02,22,5,5,4,3,0.02,0.02,0.0,0.31,0.0,0.0,0.06,0.02,127618790000.0,0.04,0.08,0.57
2024-11-09,0.02,22,5,5,4,3,0.02,0.02,0.0,0.31,0.0,0.0,0.06,0.02,127618790000.0,0.04,0.08,0.57
2024-11-08,0.02,22,5,5,4,3,0.02,0.02,0.0,0.31,0.0,0.0,0.06,0.02,127618790000.0,0.04,0.08,0.57
2024-11-07,0.03,24,3,5,4,3,0.02,0.02,0.0,0.31,0.0,0.0,0.06,0.02,127618790000.0,0.04,0.08,0.58
2024-11-06,0.03,24,3,5,4,3,0.02,0.02,0.0,0.31,0.0,0.0,0.06,0.02,127618790000.0,0.04,0.08,0.58
2024-11-05,0.03,23,4,5,4,3,0.02,0.02,0.0,0.31,0.0,0.0,0.06,0.02,127618790000.0,0.04,0.08,0.58
2024-11-04,0.03,23,4,5,4,3,0.02,0.02,0.0,0.31,0.0,0.0,0.06,0.02,127618790000.0,0.04,0.08,0.58
2024-11-03,0.03,23,4,5,4,3,0.02,0.02,0.0,0.31,0.0,0.0,0.06,0.02,127618790000.0,0.04,0.08,0.58
2024-11-02,0.03,23,4,5,4,3,0.02,0.02,0.0,0.31,0.0,0.0,0.06,0.02,127618790000.0,0.04,0.08,0.58
2024-11-01,0.03,23,4,5,4,3,0.02,0.02,0.0,0.31,0.0,0.0,0.06,0.02,127618790000.0,0.04,0.08,0.58
2024-10-31,0.03,23,4,5,4,3,0.02,0.02,0.0,0.31,0.0,0.0,0.06,0.02,127798790000.0,0.03,0.08,0.57
2024-10-30,0.03,23,4,5,4,3,0.02,0.02,0.0,0.3,0.0,0.0,0.06,0.02,127798790000.0,0.03,0.08,0.5599999999999999
2024-10-29,0.02,23,4,5,4,3,0.02,0.02,0.0,0.3,0.0,0.0,0.06,0.02,127798790000.0,0.03,0.08,0.5499999999999999
2024-10-28,0.02,24,3,5,4,3,0.02,0.02,0.0,0.3,0.0,0.0,0.06,0.02,127798790000.0,0.03,0.08,0.5499999999999999
2024-10-27,0.02,24,3,5,4,3,0.02,0.02,0.0,0.3,0.0,0.0,0.06,0.02,127798790000.0,0.03,0.08,0.5499999999999999
2024-10-26,0.02,24,3,5,4,3,0.02,0.02,0.0,0.3,0.0,0.0,0.06,0.02,127798790000.0,0.03,0.08,0.5499999999999999
2024-10-25,0.02,24,3,5,4,3,0.02,0.02,0.0,0.3,0.0,0.0,0.06,0.02,127798790000.0,0.03,0.08,0.5499999999999999
2024-10-24,0.02,25,2,5,4,3,0.02,0.02,0.0,0.3,0.0,0.0,0.06,0.02,127798790000.0,0.03,0.08,0.5499999999999999
2024-10-23,0.02,25,3,4,4,3,0.02,0.02,0.0,0.3,0.0,0.0,0.06,0.02,127798790000.0,0.03,0.08,0.5499999999999999
2024-10-22,0.02,25,3,4,4,3,0.02,0.02,0.0,0.3,0.0,0.0,0.06,0.02,127798790000.0,0.03,0.08,0.5499999999999999
2024-10-21,0.02,24,4,5,3,3,0.02,0.02,0.0,0.29,0.0,0.0,0.06,0.02,127798790000.0,0.03,0.1,0.5599999999999999
2024-10-20,0.02,24,4,5,3,3,0.02,0.02,0.0,0.29,0.0,0.0,0.06,0.02,127798790000.0,0.03,0.1,0.5599999999999999
2024-10-19,0.02,24,4,5,3,3,0.02,0.02,0.0,0.29,0.0,0.0,0.06,0.02,127798790000.0,0.03,0.1,0.5599999999999999
2024-10-18,0.02,24,4,5,3,3,0.02,0.02,0.0,0.29,0.0,0.0,0.06,0.02,127798790000.0,0.03,0.1,0.5599999999999999
2024-10-17,0.02,24,4,5,3,3,0.02,0.02,0.0,0.29,0.0,0.0,0.06,0.02,127798790000.0,0.03,0.1,0.5599999999999999
2024-10-16,0.02,24,3,6,3,3,0.02,0.02,0.0,0.29,0.0,0.0,0.06,0.02,127798790000.0,0.03,0.11,0.57
2024-10-15,0.02,24,3,6,3,3,0.02,0.02,0.0,0.29,0.0,0.0,0.06,0.02,127798790000.0,0.03,0.11,0.57
2024-10-14,0.02,24,3,6,3,3,0.02,0.02,0.0,0.29,0.0,0.0,0.06,0.02,127798790000.0,0.03,0.12,0.58
2024-10-13,0.02,24,3,5,4,3,0.02,0.02,0.0,0.33,0.0,0.0,0.06,0.02,127798790000.0,0.03,0.12,0.62
2024-10-12,0.02,24,3,5,4,3,0.02,0.02,0.0,0.33,0.0,0.0,0.06,0.02,127798790000.0,0.03,0.12,0.62
2024-10-11,0.02,24,3,5,4,3,0.02,0.02,0.0,0.33,0.0,0.0,0.06,0.02,127798790000.0,0.03,0.12,0.62
2024-10-10,0.02,24,4,4,4,3,0.02,0.02,0.0,0.35,0.0,0.0,0.06,0.02,127798790000.0,0.03,0.12,0.64
2024-10-09,0.02,24,4,4,4,3,0.02,0.02,0.0,0.35,0.0,0.0,0.06,0.02,127798790000.0,0.03,0.12,0.64
2024-10-08,0.02,25,3,4,4,3,0.02,0.02,0.0,0.35,0.0,0.0,0.06,0.02,127798790000.0,0.03,0.12,0.64
2024-10-07,0.02,24,4,4,4,3,0.02,0.02,0.0,0.36,0.0,0.0,0.06,0.02,127798790000.0,0.03,0.12,0.65
2024-10-06,0.02,24,4,4,4,3,0.02,0.02,0.0,0.35,0.0,0.0,0.06,0.02,127798790000.0,0.03,0.12,0.64
2024-10-05,0.02,24,4,4,4,3,0.02,0.02,0.0,0.35,0.0,0.0,0.06,0.02,127798790000.0,0.03,0.12,0.64
2024-10-04,0.02,24,4,4,4,3,0.02,0.02,0.0,0.35,0.0,0.0,0.06,0.02,127798790000.0,0.03,0.12,0.64
2024-10-03,0.02,23,5,4,4,3,0.02,0.02,0.0,0.35,0.0,0.0,0.06,0.02,127798790000.0,0.03,0.12,0.64
2024-10-02,0.02,23,5,4,4,3,0.02,0.02,0.0,0.35,0.0,0.0,0.06,0.02,127798790000.0,0.03,0.12,0.64
2024-10-01,0.01,23,5,4,4,3,0.02,0.02,0.0,0.35,0.0,0.0,0.06,0.02,127798790000.0,0.03,0.12,0.63
2024-09-30,0.02,23,5,4,4,3,0.02,0.02,0.0,0.36,0.0,0.0,0.05,0.02,131263010000.0,0.03,0.12,0.64
2024-09-29,0.02,23,5,4,4,3,0.02,0.02,0.0,0.36,0.0,0.0,0.05,0.02,131263010000.0,0.03,0.12,0.64
2024-09-28,0.02,23,5,4,4,3,0.02,0.02,0.0,0.36,0.0,0.0,0.05,0.02,131263010000.0,0.03,0.12,0.64
2024-09-27,0.02,23,5,4,4,3,0.02,0.02,0.0,0.36,0.0,0.0,0.05,0.02,131263010000.0,0.03,0.12,0.64
2024-09-26,0.02,22,5,5,5,2,0.02,0.02,0.0,0.36,0.0,0.0,0.05,0.02,131263010000.0,0.03,0.12,0.64
2024-09-25,0.02,22,5,5,4,3,0.02,0.02,0.0,0.36,0.0,0.0,0.05,0.02,131263010000.0,0.03,0.12,0.64
2024-09-24,0.02,22,5,5,5,2,0.02,0.02,0.0,0.36,0.0,0.0,0.05,0.01,131263010000.0,0.03,0.12,0.63
2024-09-23,0.02,22,5,5,5,2,0.02,0.02,0.0,0.37,0.0,0.0,0.05,0.01,131263010000.0,0.03,0.12,0.64
2024-09-22,0.02,22,5,5,5,2,0.02,0.02,0.0,0.38,0.0,0.0,0.05,0.01,131263010000.0,0.03,0.12,0.65
2024-09-21,0.02,22,5,5,5,2,0.02,0.02,0.0,0.38,0.0,0.0,0.05,0.01,131263010000.0,0.03,0.12,0.65
2024-09-20,0.02,22,5,5,5,2,0.02,0.02,0.0,0.4,0.0,0.0,0.05,0.01,131263010000.0,0.03,0.12,0.67
2024-09-19,0.02,22,5,4,6,2,0.02,0.02,0.0,0.4,0.0,0.0,0.05,0.01,131263010000.0,0.03,0.13,0.68
2024-09-18,0.02,22,5,4,6,2,0.02,0.02,0.0,0.4,0.0,0.0,0.05,0.01,131263010000.0,0.03,0.13,0.68
2024-09-17,0.02,21,6,4,6,2,0.02,0.02,0.0,0.4,0.0,0.0,0.05,0.01,131263010000.0,0.03,0.13,0.68
2024-09-16,0.02,21,6,4,6,2,0.02,0.02,0.0,0.4,0.0,0.0,0.05,0.01,131263010000.0,0.03,0.14,0.6900000000000001
2024-09-15,0.02,21,6,5,6,1,0.02,0.02,0.0,0.39,0.0,0.0,0.05,0.01,131263010000.0,0.03,0.14,0.68
2024-09-14,0.02,21,6,5,6,1,0.02,0.02,0.0,0.39,0.0,0.0,0.05,0.01,131263010000.0,0.03,0.14,0.68
2024-09-13,0.02,21,6,5,6,1,0.02,0.02,0.0,0.39,0.0,0.0,0.05,0.01,131263010000.0,0.03,0.14,0.68
2024-09-12,0.02,21,7,4,6,1,0.02,0.02,0.0,0.4,0.0,0.0,0.05,0.01,131263010000.0,0.03,0.14,0.6900000000000001
2024-09-11,0.02,21,6,5,6,1,0.02,0.02,0.0,0.4,0.0,0.0,0.05,0.01,131263010000.0,0.03,0.14,0.6900000000000001
2024-09-10,0.02,22,5,5,6,1,0.02,0.02,0.0,0.4,0.0,0.0,0.05,0.01,131263010000.0,0.03,0.14,0.6900000000000001
2024-09-09,0.02,22,5,5,6,1,0.02,0.02,0.0,0.39,0.0,0.0,0.05,0.01,131263010000.0,0.03,0.14,0.68
2024-09-08,0.02,23,4,5,6,1,0.02,0.02,0.0,0.39,0.0,0.0,0.05,0.01,131263010000.0,0.03,0.14,0.68
2024-09-07,0.02,23,4,5,6,1,0.02,0.02,0.0,0.39,0.0,0.0,0.05,0.01,131263010000.0,0.03,0.14,0.68
2024-09-06,0.02,23,4,5,6,1,0.02,0.02,0.0,0.39,0.0,0.0,0.05,0.01,131263010000.0,0.03,0.14,0.68
2024-09-05,0.02,23,4,5,6,1,0.02,0.02,0.0,0.39,0.0,0.0,0.05,0.01,131263010000.0,0.03,0.14,0.68
2024-09-04,0.02,23,4,5,6,1,0.02,0.02,0.0,0.39,0.0,0.0,0.05,0.01,131263010000.0,0.03,0.14,0.68
2024-09-03,0.02,23,4,5,6,1,0.02,0.02,0.0,0.41,0.0,0.0,0.05,0.01,131263010000.0,0.03,0.14,0.7000000000000001
2024-09-02,0.02,24,3,5,6,1,0.02,0.02,0.0,0.41,0.0,0.0,0.05,0.01,131263010000.0,0.03,0.14,0.7000000000000001
2024-09-01,0.02,24,3,5,6,1,0.02,0.02,0.0,0.41,0.0,0.0,0.05,0.01,131263010000.0,0.03,0.14,0.7000000000000001
2024-08-31,0.02,24,3,5,6,1,0.02,0.02,0.0,0.41,0.0,0.0,0.05,0.01,131263010000.0,0.03,0.14,0.7000000000000001
2024-08-30,0.02,24,3,5,6,1,0.02,0.02,0.0,0.41,0.0,0.0,0.05,0.01,131263010000.0,0.03,0.14,0.7000000000000001
2024-08-29,0.02,23,4,5,6,1,0.02,0.02,0.0,0.42,0.0,0.0,0.05,0.01,131263010000.0,0.03,0.14,0.7100000000000001
2024-08-28,0.02,23,4,5,5,2,0.02,0.02,0.0,0.42,0.0,0.0,0.05,0.01,131263010000.0,0.03,0.14,0.7100000000000001
2024-08-27,0.02,23,4,5,5,2,0.02,0.02,0.0,0.43,0.0,0.0,0.05,0.01,131263010000.0,0.03,0.13,0.7100000000000001
2024-08-26,0.02,23,4,5,5,2,0.02,0.02,0.0,0.43,0.0,0.0,0.05,0.01,131263010000.0,0.03,0.13,0.7100000000000001
2024-08-25,0.02,23,4,5,5,2,0.02,0.02,0.0,0.43,0.0,0.0,0.05,0.01,131263010000.0,0.03,0.13,0.7100000000000001
2024-08-24,0.02,23,4,5,5,2,0.02,0.02,0.0,0.43,0.0,0.0,0.05,0.01,131263010000.0,0.03,0.13,0.7100000000000001
2024-08-23,0.02,23,4,5,5,2,0.02,0.02,0.0,0.43,0.0,0.0,0.05,0.01,131263010000.0,0.03,0.13,0.7100000000000001
2024-08-22,0.02,23,4,5,5,2,0.02,0.02,0.0,0.43,0.0,0.0,0.05,0.01,131263010000.0,0.03,0.13,0.7100000000000001
2024-08-21,0.02,23,4,5,5,2,0.02,0.02,0.0,0.43,0.0,0.0,0.05,0.01,131263010000.0,0.03,0.13,0.7100000000000001
2024-08-20,0.02,23,4,5,5,2,0.02,0.02,0.0,0.43,0.0,0.0,0.05,0.01,131263010000.0,0.03,0.13,0.7100000000000001
2024-08-19,0.02,23,4,5,5,2,0.02,0.02,0.0,0.43,0.0,0.0,0.05,0.01,131263010000.0,0.03,0.13,0.7100000000000001
2024-08-18,0.02,23,4,5,5,2,0.02,0.02,0.0,0.43,0.0,0.0,0.05,0.01,131263010000.0,0.04,0.13,0.7200000000000001
2024-08-17,0.02,23,4,5,5,2,0.02,0.02,0.0,0.43,0.0,0.0,0.05,0.01,131263010000.0,0.04,0.13,0.7200000000000001
2024-08-16,0.02,23,4,5,5,2,0.02,0.02,0.0,0.43,0.0,0.0,0.05,0.01,131263010000.0,0.04,0.13,0.7200000000000001
2024-08-15,0.02,23,4,5,5,2,0.02,0.02,0.0,0.43,0.0,0.0,0.05,0.01,131263010000.0,0.04,0.13,0.7200000000000001
2024-08-14,0.02,23,4,5,5,2,0.02,0.02,0.0,0.44,0.0,0.0,0.05,0.01,131263010000.0,0.04,0.13,0.7300000000000001
2024-08-13,0.02,23,4,5,5,2,0.02,0.02,0.0,0.44,0.0,0.0,0.05,0.01,131263010000.0,0.04,0.12,0.7200000000000001
2024-08-12,0.02,23,4,5,5,2,0.02,0.02,0.0,0.44,0.0,0.0,0.05,0.01,131263010000.0,0.04,0.12,0.7200000000000001
2024-08-11,0.02,23,4,5,5,2,0.02,0.02,0.0,0.43,0.0,0.0,0.05,0.01,131263010000.0,0.04,0.12,0.7100000000000001
2024-08-10,0.02,23,4,5,5,2,0.02,0.02,0.0,0.43,0.0,0.0,0.05,0.01,131263010000.0,0.04,0.12,0.7100000000000001
2024-08-09,0.02,23,4,5,5,2,0.02,0.02,0.0,0.43,0.0,0.0,0.05,0.01,131263010000.0,0.04,0.12,0.7100000000000001
2024-08-08,0.02,23,4,5,5,2,0.02,0.02,0.0,0.43,0.0,0.0,0.05,0.01,131263010000.0,0.04,0.12,0.7100000000000001
2024-08-07,0.02,23,4,5,5,2,0.02,0.02,0.0,0.43,0.0,0.0,0.05,0.01,131263010000.0,0.04,0.12,0.7100000000000001
2024-08-06,0.02,23,4,5,5,2,0.02,0.02,0.0,0.43,0.0,0.0,0.05,0.01,131263010000.0,0.04,0.12,0.7100000000000001
2024-08-05,0.02,23,5,4,5,2,0.0,0.02,0.0,0.43,0.0,0.0,0.05,0.01,131263010000.0,0.04,0.12,0.6900000000000001
2024-08-04,0.02,23,5,4,5,2,0.0,0.02,0.0,0.44,0.0,0.0,0.05,0.01,131263010000.0,0.04,0.12,0.7000000000000001
2024-08-03,0.02,23,5,4,5,2,0.0,0.02,0.0,0.44,0.0,0.0,0.05,0.01,131263010000.0,0.04,0.12,0.7000000000000001
2024-08-02,0.02,23,5,4,5,2,0.0,0.02,0.0,0.44,0.0,0.0,0.05,0.01,131263010000.0,0.04,0.12,0.7000000000000001
2024-08-01,0.02,23,5,4,5,2,0.0,0.02,0.0,0.44,0.0,0.0,0.05,0.01,131263010000.0,0.04,0.13,0.7100000000000001
2024-07-31,0.02,24,4,4,5,2,0.0,0.02,0.0,0.45,0.0,0.0,0.05,0.01,131603010000.0,0.04,0.13,0.7200000000000001
2024-07-30,0.02,24,4,4,5,2,0.0,0.02,0.0,0.45,0.0,0.0,0.05,0.01,131603010000.0,0.04,0.11,0.7000000000000001
2024-07-29,0.02,24,4,4,5,2,0.0,0.02,0.0,0.48,0.0,0.0,0.05,0.01,131603010000.0,0.04,0.12,0.7400000000000001
2024-07-28,0.02,24,4,4,5,2,0.0,0.02,0.0,0.48,0.0,0.0,0.05,0.01,131603010000.0,0.04,0.12,0.7400000000000001
2024-07-27,0.02,24,4,4,5,2,0.0,0.02,0.0,0.48,0.0,0.0,0.05,0.01,131603010000.0,0.04,0.12,0.7400000000000001
2024-07-26,0.03,24,4,4,5,2,0.0,0.02,0.0,0.48,0.0,0.0,0.05,0.01,131603010000.0,0.04,0.12,0.7500000000000001
2024-07-25,0.03,24,4,4,5,2,0.0,0.02,0.0,0.48,0.0,0.01,0.05,0.01,131603010000.0,0.04,0.12,0.7600000000000001
2024-07-24,0.03,23,5,4,5,2,0.0,0.02,0.0,0.49,0.0,0.01,0.05,0.01,131603010000.0,0.04,0.12,0.7700000000000001
2024-07-23,0.03,23,5,4,5,2,0.0,0.02,0.0,0.49,0.0,0.01,0.05,0.01,131603010000.0,0.04,0.12,0.7700000000000001
2024-07-22,0.03,23,5,4,5,2,0.0,0.02,0.0,0.48,0.0,0.01,0.05,0.01,131603010000.0,0.04,0.11,0.7500000000000001
2024-07-21,0.03,23,5,4,5,2,0.0,0.02,0.0,0.48,0.0,0.01,0.05,0.01,131603010000.0,0.04,0.12,0.7600000000000001
2024-07-20,0.03,23,5,4,5,2,0.0,0.02,0.0,0.48,0.0,0.01,0.05,0.01,131603010000.0,0.04,0.12,0.7600000000000001
2024-07-19,0.03,23,5,4,5,2,0.0,0.02,0.0,0.48,0.0,0.01,0.05,0.01,131603010000.0,0.04,0.12,0.7600000000000001
2024-07-18,0.03,23,5,4,5,2,0.0,0.02,0.0,0.61,0.0,0.01,0.05,0.01,131603010000.0,0.04,0.12,0.8900000000000001
2024-07-17,0.03,24,5,3,5,2,0.0,0.02,0.0,0.61,0.0,0.01,0.0,0.01,131603010000.0,0.04,0.12,0.8400000000000001
2024-07-16,0.03,25,4,3,5,2,0.0,0.02,0.0,0.58,0.0,0.01,0.0,0.01,131603010000.0,0.04,0.12,0.81
2024-07-15,0.03,25,4,3,5,2,0.0,0.02,0.0,0.59,0.0,0.01,0.0,0.01,131603010000.0,0.04,0.12,0.8200000000000001
2024-07-14,0.03,25,4,3,5,2,0.0,0.02,0.0,0.59,0.0,0.01,0.0,0.01,131603010000.0,0.04,0.12,0.8200000000000001
2024-07-13,0.03,25,4,3,5,2,0.0,0.02,0.0,0.59,0.0,0.01,0.0,0.01,131603010000.0,0.04,0.12,0.8200000000000001
2024-07-12,0.03,25,4,3,5,2,0.0,0.02,0.0,0.59,0.0,0.01,0.0,0.01,131603010000.0,0.04,0.12,0.8200000000000001
2024-07-11,0.03,26,3,3,5,2,0.0,0.02,0.0,0.59,0.0,0.01,0.0,0.01,131603010000.0,0.03,0.12,0.81
2024-07-10,0.03,26,3,3,5,2,0.0,0.02,0.0,0.59,0.0,0.01,0.0,0.01,131603010000.0,0.03,0.12,0.81
2024-07-09,0.03,26,3,3,5,2,0.0,0.02,0.0,0.59,0.0,0.01,0.0,0.01,131603010000.0,0.03,0.12,0.81
2024-07-08,0.03,26,3,3,5,2,0.0,0.02,0.0,0.59,0.0,0.01,0.0,0.01,131603010000.0,0.03,0.12,0.81
2024-07-07,0.03,26,3,3,5,2,0.0,0.02,0.0,0.58,0.0,0.01,0.0,0.01,131603010000.0,0.03,0.12,0.8
2024-07-06,0.03,26,3,3,5,2,0.0,0.02,0.0,0.58,0.0,0.01,0.0,0.01,131603010000.0,0.03,0.12,0.8
2024-07-05,0.03,26,3,3,5,2,0.0,0.02,0.0,0.58,0.0,0.01,0.0,0.01,131603010000.0,0.03,0.12,0.8
2024-07-04,0.03,26,3,3,5,2,0.0,0.02,0.0,0.58,0.0,0.01,0.0,0.01,131603010000.0,0.03,0.12,0.8
2024-07-03,0.03,26,3,3,5,2,0.0,0.02,0.0,0.58,0.0,0.01,0.0,0.01,131603010000.0,0.03,0.12,0.8
2024-07-02,0.03,26,3,3,5,2,0.0,0.02,0.0,0.57,0.0,0.01,0.0,0.01,131603010000.0,0.03,0.12,0.79
2024-07-01,0.03,26,3,3,5,2,0.0,0.02,0.0,0.57,0.0,0.01,0.0,0.01,131603010000.0,0.03,0.12,0.79
2024-06-30,0.04,26,3,3,5,2,0.0,0.02,0.0,0.57,0.0,0.01,0.0,0.01,136673530000.0,0.03,0.13,0.8099999999999999
2024-06-29,0.04,26,3,3,5,2,0.0,0.02,0.0,0.57,0.0,0.01,0.0,0.01,136673530000.0,0.03,0.13,0.8099999999999999
2024-06-28,0.04,26,3,3,5,2,0.0,0.02,0.0,0.57,0.0,0.01,0.0,0.01,136673530000.0,0.03,0.13,0.8099999999999999
2024-06-27,0.04,26,3,3,5,2,0.0,0.02,0.0,0.57,0.0,0.01,0.0,0.01,136673530000.0,0.03,0.13,0.8099999999999999
2024-06-26,0.04,26,3,3,5,2,0.0,0.02,0.0,0.56,0.0,0.01,0.0,0.01,136673530000.0,0.03,0.13,0.8000000000000002
2024-06-25,0.04,26,3,3,5,2,0.0,0.02,0.0,0.57,0.0,0.01,0.0,0.01,136673530000.0,0.03,0.13,0.8099999999999999
2024-06-24,0.04,27,2,3,5,2,0.0,0.02,0.0,0.55,0.0,0.01,0.0,0.01,136673530000.0,0.03,0.13,0.7900000000000001
2024-06-23,0.04,26,3,3,5,2,0.0,0.02,0.0,0.55,0.0,0.01,0.0,0.01,136673530000.0,0.03,0.13,0.7900000000000001
2024-06-22,0.04,26,3,3,5,2,0.0,0.02,0.0,0.55,0.0,0.01,0.0,0.01,136673530000.0,0.03,0.13,0.7900000000000001
2024-06-21,0.04,26,3,3,5,2,0.0,0.02,0.0,0.55,0.0,0.01,0.0,0.01,136673530000.0,0.03,0.13,0.7900000000000001
2024-06-20,0.04,26,3,3,5,2,0.0,0.02,0.0,0.55,0.0,0.01,0.0,0.01,136673530000.0,0.03,0.13,0.7900000000000001
2024-06-19,0.04,26,3,3,5,2,0.0,0.02,0.0,0.56,0.0,0.01,0.0,0.01,136673530000.0,0.03,0.13,0.8000000000000002
2024-06-18,0.04,26,3,3,5,2,0.0,0.02,0.0,0.56,0.0,0.01,0.0,0.01,136673530000.0,0.03,0.13,0.8000000000000002
2024-06-17,0.04,26,3,3,5,2,0.0,0.02,0.0,0.56,0.0,0.01,0.0,0.01,136673530000.0,0.03,0.12,0.7900000000000001
2024-06-16,0.04,26,3,3,5,2,0.0,0.02,0.0,0.56,0.0,0.01,0.0,0.01,136673530000.0,0.03,0.12,0.7900000000000001
2024-06-15,0.04,26,3,3,5,2,0.0,0.02,0.0,0.56,0.0,0.01,0.0,0.01,136673530000.0,0.03,0.12,0.7900000000000001
2024-06-14,0.04,26,3,3,5,2,0.0,0.02,0.0,0.56,0.0,0.01,0.0,0.01,136673530000.0,0.03,0.12,0.7900000000000001
2024-06-13,0.04,26,3,3,6,1,0.0,0.02,0.0,0.56,0.0,0.01,0.0,0.01,136673530000.0,0.03,0.12,0.7900000000000001
2024-06-12,0.04,26,3,3,6,1,0.0,0.02,0.0,0.56,0.0,0.01,0.0,0.01,136673530000.0,0.03,0.11,0.7800000000000001
2024-06-11,0.03,26,3,3,6,1,0.0,0.02,0.0,0.57,0.0,0.01,0.0,0.01,136673530000.0,0.03,0.11,0.78
2024-06-10,0.03,26,3,3,6,1,0.0,0.02,0.0,0.56,0.0,0.01,0.0,0.01,136673530000.0,0.03,0.11,0.7700000000000001
2024-06-09,0.03,26,3,3,6,1,0.0,0.02,0.0,0.56,0.0,0.01,0.0,0.01,136673530000.0,0.03,0.11,0.7700000000000001
2024-06-08,0.03,26,3,3,6,1,0.0,0.02,0.0,0.56,0.0,0.01,0.0,0.01,136673530000.0,0.03,0.11,0.7700000000000001
2024-06-07,0.03,26,3,3,6,1,0.0,0.02,0.0,0.57,0.0,0.01,0.0,0.01,136673530000.0,0.03,0.11,0.78
2024-06-06,0.03,26,3,3,6,1,0.0,0.02,0.0,0.56,0.0,0.01,0.0,0.01,136673530000.0,0.03,0.11,0.7700000000000001
2024-06-05,0.03,26,3,3,6,1,0.0,0.02,0.0,0.56,0.0,0.01,0.0,0.01,136673530000.0,0.03,0.1,0.7600000000000001
2024-06-04,0.03,26,3,3,6,1,0.0,0.02,0.0,0.57,0.0,0.01,0.0,0.01,136673530000.0,0.03,0.1,0.77
2024-06-03,0.03,26,3,3,6,1,0.0,0.02,0.0,0.57,0.0,0.01,0.0,0.01,136673530000.0,0.03,0.1,0.77
2024-06-02,0.03,26,3,3,6,1,0.0,0.02,0.0,0.56,0.0,0.01,0.0,0.01,136673530000.0,0.03,0.1,0.7600000000000001
2024-06-01,0.03,26,3,3,6,1,0.0,0.02,0.0,0.56,0.0,0.01,0.0,0.01,136673530000.0,0.03,0.1,0.7600000000000001
2024-05-31,0.03,26,3,3,6,1,0.0,0.02,0.0,0.56,0.0,0.01,0.0,0.01,136673530000.0,0.03,0.1,0.7600000000000001
2024-05-30,0.03,26,3,3,5,2,0.0,0.02,0.0,0.58,0.0,0.01,0.0,0.01,136673530000.0,0.03,0.11,0.79
2024-05-29,0.03,26,3,3,5,2,0.0,0.02,0.0,0.58,0.0,0.01,0.0,0.01,136673530000.0,0.03,0.1,0.78
2024-05-28,0.03,26,3,3,6,1,0.0,0.02,0.0,0.57,0.0,0.01,0.0,0.01,136673530000.0,0.03,0.11,0.78
2024-05-27,0.03,26,3,3,5,2,0.0,0.02,0.0,0.58,0.0,0.01,0.0,0.01,136673530000.0,0.03,0.11,0.79
2024-05-26,0.03,26,3,3,6,1,0.0,0.02,0.0,0.57,0.0,0.01,0.0,0.01,136673530000.0,0.03,0.11,0.78
2024-05-25,0.03,26,3,3,6,1,0.0,0.02,0.0,0.57,0.0,0.01,0.0,0.01,136673530000.0,0.03,0.11,0.78
2024-05-24,0.03,26,3,3,6,1,0.0,0.02,0.0,0.57,0.0,0.01,0.0,0.01,136673530000.0,0.03,0.11,0.78
2024-05-23,0.03,26,3,3,6,1,0.0,0.03,0.0,0.56,0.0,0.01,0.0,0.01,136673530000.0,0.03,0.11,0.7800000000000001
2024-05-22,0.03,25,4,3,6,1,0.0,0.03,0.0,0.56,0.0,0.01,0.0,0.01,136673530000.0,0.03,0.11,0.7800000000000001
2024-05-21,0.03,25,4,3,6,1,0.0,0.03,0.0,0.56,0.0,0.01,0.0,0.01,136673530000.0,0.03,0.11,0.7800000000000001
2024-05-20,0.04,25,4,3,6,1,0.0,0.03,0.0,0.58,0.0,0.01,0.0,0.01,136673530000.0,0.03,0.13,0.83
2024-05-19,0.04,25,4,3,6,1,0.0,0.03,0.0,0.57,0.0,0.01,0.0,0.01,136673530000.0,0.03,0.13,0.82
2024-05-18,0.04,25,4,3,6,1,0.0,0.03,0.0,0.57,0.0,0.01,0.0,0.01,136673530000.0,0.03,0.13,0.82
2024-05-17,0.04,25,4,3,6,1,0.0,0.03,0.0,0.57,0.0,0.01,0.0,0.01,136673530000.0,0.03,0.13,0.82
2024-05-16,0.04,25,3,4,6,1,0.0,0.03,0.0,0.57,0.0,0.01,0.0,0.01,136673530000.0,0.03,0.13,0.82
2024-05-15,0.04,25,3,4,6,1,0.0,0.03,0.0,0.58,0.0,0.01,0.0,0.01,136673530000.0,0.03,0.13,0.83
2024-05-14,0.04,25,3,4,6,1,0.0,0.03,0.0,0.56,0.0,0.01,0.0,0.01,136673530000.0,0.03,0.13,0.8100000000000002
2024-05-13,0.04,25,3,4,6,1,0.0,0.03,0.0,0.56,0.0,0.01,0.0,0.01,136673530000.0,0.03,0.13,0.8100000000000002
2024-05-12,0.04,25,3,4,6,1,0.0,0.03,0.0,0.56,0.0,0.01,0.0,0.01,136673530000.0,0.03,0.13,0.8100000000000002
2024-05-11,0.04,25,3,4,6,1,0.0,0.03,0.0,0.56,0.0,0.01,0.0,0.01,136673530000.0,0.03,0.13,0.8100000000000002
2024-05-10,0.04,25,3,4,6,1,0.0,0.03,0.0,0.56,0.0,0.01,0.0,0.01,136673530000.0,0.03,0.13,0.8100000000000002
2024-05-09,0.04,25,3,4,6,1,0.0,0.04,0.0,0.56,0.0,0.01,0.0,0.01,136673530000.0,0.03,0.13,0.8200000000000001
2024-05-08,0.04,25,3,4,6,1,0.0,0.04,0.0,0.56,0.0,0.01,0.0,0.01,136673530000.0,0.03,0.13,0.8200000000000001
2024-05-07,0.04,25,3,4,6,1,0.0,0.04,0.0,0.56,0.0,0.01,0.0,0.01,136673530000.0,0.03,0.12,0.81
2024-05-06,0.04,25,3,4,6,1,0.0,0.04,0.0,0.57,0.0,0.01,0.0,0.01,136673530000.0,0.03,0.12,0.82
2024-05-05,0.04,25,3,4,6,1,0.0,0.04,0.0,0.57,0.0,0.01,0.0,0.01,136673530000.0,0.03,0.12,0.82
2024-05-04,0.04,25,3,4,6,1,0.0,0.04,0.0,0.57,0.0,0.01,0.0,0.01,136673530000.0,0.03,0.12,0.82
2024-05-03,0.04,25,3,4,6,1,0.0,0.04,0.0,0.57,0.0,0.01,0.0,0.01,136673530000.0,0.03,0.12,0.82
2024-05-02,0.04,25,3,4,6,1,0.0,0.04,0.0,0.57,0.0,0.01,0.0,0.01,136673530000.0,0.03,0.12,0.82
2024-05-01,0.04,25,3,4,6,1,0.0,0.04,0.0,0.57,0.0,0.01,0.0,0.01,136673530000.0,0.03,0.12,0.82
2024-04-30,0.04,25,3,4,6,1,0.0,0.04,0.0,0.57,0.0,0.01,0.0,0.01,136613530000.0,0.03,0.12,0.82
2024-04-29,0.04,25,3,4,6,1,0.0,0.04,0.0,0.55,0.0,0.01,0.0,0.01,136613530000.0,0.03,0.11,0.79
2024-04-28,0.04,25,3,4,6,1,0.0,0.04,0.0,0.55,0.0,0.01,0.0,0.01,136613530000.0,0.03,0.11,0.79
2024-04-27,0.04,25,3,4,6,1,0.0,0.04,0.0,0.55,0.0,0.01,0.0,0.01,136613530000.0,0.03,0.11,0.79
2024-04-26,0.04,25,3,4,6,1,0.0,0.04,0.0,0.55,0.0,0.01,0.0,0.01,136613530000.0,0.03,0.11,0.79
2024-04-25,0.04,25,3,4,6,1,0.0,0.05,0.0,0.55,0.0,0.01,0.0,0.01,136613530000.0,0.03,0.11,0.8
2024-04-24,0.04,25,3,4,6,1,0.01,0.05,0.0,0.54,0.0,0.01,0.0,0.01,136613530000.0,0.03,0.11,0.8
2024-04-23,0.04,25,3,4,6,1,0.01,0.05,0.0,0.54,0.0,0.01,0.0,0.01,136613530000.0,0.03,0.12,0.81
2024-04-22,0.04,25,3,5,5,1,0.01,0.0,0.0,0.53,0.0,0.01,0.0,0.01,136613530000.0,0.03,0.12,0.7500000000000001
2024-04-21,0.03,25,3,4,6,1,0.01,0.0,0.0,0.52,0.0,0.01,0.0,0.01,136613530000.0,0.03,0.12,0.7300000000000001
2024-04-20,0.03,25,3,4,6,1,0.01,0.0,0.0,0.52,0.0,0.01,0.0,0.01,136613530000.0,0.03,0.12,0.7300000000000001
2024-04-19,0.03,25,3,4,6,1,0.01,0.0,0.0,0.52,0.0,0.01,0.0,0.01,136613530000.0,0.03,0.12,0.7300000000000001
2024-04-18,0.03,25,3,4,6,1,0.01,0.0,0.0,0.52,0.0,0.01,0.0,0.01,136613530000.0,0.03,0.13,0.7400000000000001
2024-04-17,0.03,25,2,5,6,1,0.01,0.0,0.0,0.5,0.0,0.01,0.0,0.01,136613530000.0,0.03,0.13,0.7200000000000001
2024-04-16,0.03,25,2,5,6,1,0.01,0.0,0.0,0.5,0.0,0.01,0.0,0.01,136613530000.0,0.03,0.13,0.7200000000000001
2024-04-15,0.03,25,2,6,5,1,0.01,0.0,0.0,0.49,0.0,0.01,0.0,0.01,136613530000.0,0.03,0.13,0.7100000000000001
2024-04-14,0.03,25,2,6,5,1,0.01,0.0,0.0,0.49,0.0,0.01,0.0,0.01,136613530000.0,0.03,0.14,0.7200000000000001
2024-04-13,0.03,25,2,6,5,1,0.01,0.0,0.0,0.49,0.0,0.01,0.0,0.01,136613530000.0,0.03,0.14,0.7200000000000001
2024-04-12,0.03,25,2,6,5,1,0.01,0.0,0.0,0.49,0.0,0.01,0.0,0.01,136613530000.0,0.03,0.14,0.7200000000000001
2024-04-11,0.03,25,2,6,5,1,0.01,0.0,0.0,0.48,0.0,0.01,0.0,0.01,136613530000.0,0.03,0.14,0.7100000000000001
2024-04-10,0.04,25,2,6,5,1,0.01,0.0,0.0,0.47,0.0,0.01,0.0,0.01,136613530000.0,0.03,0.14,0.7100000000000001
2024-04-09,0.04,25,2,6,5,1,0.01,0.0,0.0,0.48,0.0,0.01,0.0,0.01,136613530000.0,0.03,0.14,0.7200000000000001
2024-04-08,0.03,25,2,6,5,1,0.01,0.0,0.0,0.48,0.0,0.01,0.0,0.01,136613530000.0,0.03,0.15,0.7200000000000001
2024-04-07,0.03,25,2,6,5,1,0.01,0.0,0.0,0.47,0.0,0.01,0.0,0.01,136613530000.0,0.03,0.15,0.7100000000000001
2024-04-06,0.03,25,2,6,5,1,0.01,0.0,0.0,0.47,0.0,0.01,0.0,0.01,136613530000.0,0.03,0.15,0.7100000000000001
2024-04-05,0.03,25,2,6,5,1,0.01,0.0,0.0,0.47,0.0,0.01,0.0,0.01,136613530000.0,0.03,0.15,0.7100000000000001
2024-04-04,0.03,25,3,6,4,1,0.01,0.0,0.0,0.47,0.0,0.01,0.0,0.01,136613530000.0,0.03,0.14,0.7000000000000001
2024-04-03,0.04,24,4,6,4,1,0.01,0.0,0.0,0.47,0.0,0.01,0.0,0.01,136613530000.0,0.03,0.14,0.7100000000000001
2024-04-02,0.04,25,3,6,4,1,0.01,0.0,0.0,0.48,0.0,0.01,0.0,0.01,136613530000.0,0.03,0.14,0.7200000000000001
2024-04-01,0.04,25,3,6,4,1,0.01,0.0,0.0,0.48,0.0,0.01,0.0,0.01,136613530000.0,0.03,0.16,0.7400000000000001
2024-03-31,0.05,25,3,6,4,1,0.01,0.0,0.0,0.49,0.0,0.01,0.0,0.01,135702390000.0,0.03,0.17,0.7700000000000001
2024-03-30,0.05,25,3,6,4,1,0.01,0.0,0.0,0.49,0.0,0.01,0.0,0.01,135702390000.0,0.03,0.17,0.7700000000000001
2024-03-29,0.05,25,3,6,4,1,0.01,0.0,0.0,0.49,0.0,0.01,0.0,0.01,135702390000.0,0.03,0.17,0.7700000000000001
2024-03-28,0.05,25,3,6,4,1,0.01,0.0,0.0,0.49,0.0,0.01,0.0,0.01,135702390000.0,0.03,0.17,0.7700000000000001
2024-03-27,0.05,25,3,6,4,1,0.01,0.0,0.0,0.5,0.0,0.01,0.0,0.01,135702390000.0,0.03,0.17,0.7800000000000001
2024-03-26,0.05,25,4,5,4,1,0.01,0.0,0.0,0.46,0.0,0.01,0.0,0.01,135702390000.0,0.03,0.16,0.7300000000000001
2024-03-25,0.05,25,4,5,4,1,0.01,0.0,0.0,0.46,0.0,0.01,0.0,0.01,135702390000.0,0.03,0.16,0.7300000000000001
2024-03-24,0.06,25,4,5,4,1,0.01,0.0,0.0,0.46,0.0,0.01,0.0,0.01,135702390000.0,0.03,0.16,0.7400000000000001
2024-03-23,0.06,25,4,5,4,1,0.01,0.0,0.0,0.46,0.0,0.01,0.0,0.01,135702390000.0,0.03,0.16,0.7400000000000001
2024-03-22,0.06,25,4,5,4,1,0.01,0.0,0.0,0.46,0.0,0.01,0.0,0.01,135702390000.0,0.03,0.16,0.7400000000000001
2024-03-21,0.06,25,4,5,4,1,0.01,0.0,0.0,0.46,0.0,0.01,0.0,0.01,135702390000.0,0.03,0.16,0.7400000000000001
2024-03-20,0.06,27,2,5,4,1,0.01,0.0,0.0,0.44,0.0,0.01,0.0,0.01,135702390000.0,0.03,0.16,0.7200000000000001
2024-03-19,0.06,26,3,5,4,1,0.01,0.0,0.0,0.44,0.0,0.01,0.0,0.01,135702390000.0,0.03,0.16,0.7200000000000001
2024-03-18,0.06,26,2,5,5,1,0.01,0.0,0.0,0.52,0.0,0.01,0.0,0.01,135702390000.0,0.03,0.16,0.8
2024-03-17,0.06,25,3,5,5,1,0.01,0.0,0.0,0.6,0.0,0.01,0.0,0.01,135702390000.0,0.03,0.16,0.88
2024-03-16,0.06,25,3,5,5,1,0.01,0.0,0.0,0.6,0.0,0.01,0.0,0.01,135702390000.0,0.03,0.16,0.88
2024-03-15,0.06,25,3,5,5,1,0.01,0.0,0.0,0.6,0.0,0.01,0.0,0.01,135702390000.0,0.03,0.16,0.88
2024-03-14,0.06,25,3,5,5,1,0.01,0.0,0.0,0.55,0.0,0.01,0.0,0.01,135702390000.0,0.03,0.16,0.8300000000000001
2024-03-13,0.06,24,4,5,5,1,0.01,0.0,0.0,0.57,0.0,0.01,0.0,0.01,135702390000.0,0.03,0.16,0.85
2024-03-12,0.05,24,4,5,5,1,0.01,0.0,0.0,0.42,0.0,0.01,0.0,0.01,135702390000.0,0.03,0.16,0.6900000000000001
2024-03-11,0.05,23,5,6,4,1,0.01,0.0,0.0,0.42,0.0,0.01,0.0,0.0,135702390000.0,0.03,0.17,0.6900000000000001
2024-03-10,0.05,23,5,5,5,1,0.01,0.0,0.0,0.43,0.0,0.01,0.0,0.0,135702390000.0,0.03,0.17,0.7000000000000001
2024-03-09,0.05,23,5,5,5,1,0.01,0.0,0.0,0.43,0.0,0.01,0.0,0.0,135702390000.0,0.03,0.17,0.7000000000000001
2024-03-08,0.05,23,5,5,5,1,0.01,0.0,0.0,0.43,0.0,0.01,0.0,0.0,135702390000.0,0.03,0.17,0.7000000000000001
2024-03-07,0.05,23,5,5,5,1,0.01,0.0,0.0,0.43,0.0,0.01,0.0,0.0,135702390000.0,0.03,0.17,0.7000000000000001
2024-03-06,0.05,23,5,5,5,1,0.01,0.0,0.0,0.44,0.0,0.01,0.0,0.0,135702390000.0,0.03,0.16,0.7000000000000001
2024-03-05,0.05,23,5,5,5,1,0.01,0.0,0.0,0.44,0.0,0.01,0.0,0.0,135702390000.0,0.03,0.16,0.7000000000000001
2024-03-04,0.05,23,5,5,5,1,0.01,0.0,0.0,0.43,0.0,0.01,0.0,0.0,135702390000.0,0.03,0.16,0.6900000000000001
2024-03-03,0.05,23,5,5,5,1,0.01,0.0,0.0,0.44,0.0,0.01,0.0,0.0,135702390000.0,0.03,0.16,0.7000000000000001
2024-03-02,0.05,23,5,5,5,1,0.01,0.0,0.0,0.44,0.0,0.01,0.0,0.0,135702390000.0,0.03,0.16,0.7000000000000001
2024-03-01,0.05,23,5,5,5,1,0.01,0.0,0.0,0.44,0.0,0.01,0.0,0.0,135702390000.0,0.03,0.16,0.7000000000000001
2024-02-29,0.05,23,5,5,5,1,0.01,0.0,0.0,0.44,0.0,0.01,0.0,0.0,135702390000.0,0.03,0.16,0.7000000000000001
2024-02-28,0.05,23,6,5,4,1,0.01,0.0,0.0,0.43,0.0,0.01,0.0,0.0,135702390000.0,0.03,0.09,0.62
2024-02-27,0.05,23,6,5,4,1,0.01,0.0,0.0,0.43,0.0,0.01,0.0,0.0,135702390000.0,0.03,0.09,0.62
2024-02-26,0.06,23,5,6,3,2,0.01,0.0,0.0,0.43,0.0,0.01,0.0,0.0,135702390000.0,0.03,0.09,0.63
2024-02-25,0.06,23,4,7,3,2,0.01,0.0,0.0,0.43,0.0,0.01,0.0,0.0,135702390000.0,0.03,0.09,0.63
2024-02-24,0.06,23,4,7,3,2,0.01,0.0,0.0,0.43,0.0,0.01,0.0,0.0,135702390000.0,0.03,0.09,0.63
2024-02-23,0.06,23,4,7,3,2,0.01,0.0,0.0,0.44,0.0,0.01,0.0,0.0,135702390000.0,0.03,0.09,0.64
2024-02-22,0.06,23,4,7,4,1,0.01,0.0,0.0,0.43,0.0,0.01,0.0,0.0,135702390000.0,0.03,0.09,0.63
2024-02-21,0.06,23,6,5,4,1,0.01,0.0,0.0,0.42,0.0,0.01,0.0,0.0,135702390000.0,0.03,0.09,0.62
2024-02-20,0.06,23,6,5,3,2,0.01,0.0,0.0,0.42,0.0,0.01,0.0,0.0,135702390000.0,0.03,0.09,0.62
2024-02-19,0.06,23,6,5,3,2,0.01,0.0,0.0,0.42,0.0,0.01,0.0,0.0,135702390000.0,0.03,0.1,0.63
2024-02-18,0.06,22,7,5,3,2,0.01,0.0,0.0,0.42,0.0,0.01,0.0,0.0,135702390000.0,0.03,0.1,0.63
2024-02-17,0.06,22,7,5,3,2,0.01,0.0,0.0,0.42,0.0,0.01,0.0,0.0,135702390000.0,0.03,0.1,0.63
2024-02-16,0.06,22,7,4,4,2,0.01,0.0,0.0,0.42,0.0,0.01,0.0,0.0,135702390000.0,0.03,0.12,0.65
2024-02-15,0.06,22,7,4,4,2,0.01,0.0,0.0,0.43,0.0,0.01,0.0,0.0,135702390000.0,0.03,0.12,0.66
2024-02-14,0.05,22,7,5,3,2,0.01,0.0,0.0,0.42,0.0,0.01,0.0,0.0,135702390000.0,0.03,0.11,0.63
2024-02-13,0.05,22,7,6,2,2,0.01,0.0,0.0,0.42,0.0,0.01,0.0,0.0,135702390000.0,0.03,0.11,0.63
2024-02-12,0.05,22,7,7,1,2,0.01,0.0,0.0,0.41,0.0,0.01,0.0,0.0,135702390000.0,0.03,0.11,0.62
2024-02-11,0.05,22,7,7,1,2,0.01,0.0,0.0,0.41,0.0,0.01,0.0,0.0,135702390000.0,0.03,0.09,0.6
2024-02-10,0.05,22,7,7,1,2,0.01,0.0,0.0,0.41,0.0,0.01,0.0,0.0,135702390000.0,0.03,0.09,0.6
2024-02-09,0.05,22,7,7,1,2,0.01,0.0,0.0,0.41,0.0,0.01,0.0,0.0,135702390000.0,0.03,0.09,0.6
2024-02-08,0.05,22,7,7,1,2,0.01,0.0,0.0,0.41,0.0,0.01,0.0,0.0,135702390000.0,0.03,0.09,0.6
2024-02-07,0.05,23,6,7,1,2,0.01,0.0,0.0,0.4,0.0,0.01,0.0,0.0,135702390000.0,0.03,0.09,0.59
2024-02-06,0.05,23,7,5,2,2,0.01,0.0,0.0,0.4,0.0,0.01,0.0,0.0,135702390000.0,0.03,0.09,0.59
2024-02-05,0.05,24,6,5,2,2,0.01,0.0,0.0,0.38,0.0,0.01,0.0,0.0,135702390000.0,0.03,0.09,0.57
2024-02-04,0.05,24,6,5,2,2,0.01,0.0,0.0,0.37,0.0,0.01,0.0,0.0,135702390000.0,0.03,0.09,0.5599999999999999
2024-02-03,0.05,24,6,5,2,2,0.01,0.0,0.0,0.37,0.0,0.01,0.0,0.0,135702390000.0,0.03,0.09,0.5599999999999999
2024-02-02,0.05,24,5,6,2,2,0.01,0.0,0.0,0.4,0.0,0.01,0.0,0.0,135702390000.0,0.03,0.09,0.59
2024-02-01,0.05,24,5,6,2,2,0.01,0.0,0.0,0.4,0.0,0.01,0.0,0.0,135702390000.0,0.03,0.09,0.59
2024-01-31,0.05,24,5,6,2,2,0.01,0.0,0.0,0.4,0.0,0.01,0.0,0.0,136142390000.0,0.03,0.09,0.59
2024-01-30,0.05,24,5,5,3,2,0.01,0.0,0.01,0.4,0.0,0.01,0.0,0.0,136142390000.0,0.03,0.12,0.63
2024-01-29,0.05,24,5,6,2,2,0.01,0.0,0.01,0.37,0.0,0.01,0.0,0.0,136142390000.0,0.03,0.12,0.6
2024-01-28,0.05,24,5,6,2,2,0.01,0.0,0.01,0.37,0.0,0.01,0.0,0.0,136142390000.0,0.03,0.12,0.6
2024-01-27,0.05,24,5,6,2,2,0.01,0.0,0.01,0.37,0.0,0.01,0.0,0.0,136142390000.0,0.03,0.12,0.6
2024-01-26,0.05,24,5,6,2,2,0.01,0.0,0.01,0.37,0.0,0.01,0.0,0.0,136142390000.0,0.03,0.12,0.6
2024-01-25,0.05,23,6,6,2,2,0.01,0.0,0.01,0.38,0.0,0.01,0.0,0.0,136142390000.0,0.03,0.12,0.61
2024-01-24,0.05,23,6,6,2,2,0.01,0.0,0.01,0.37,0.0,0.01,0.0,0.0,136142390000.0,0.03,0.12,0.6
2024-01-23,0.05,23,6,5,3,2,0.01,0.0,0.01,0.37,0.0,0.01,0.0,0.0,136142390000.0,0.03,0.13,0.61
2024-01-22,0.05,23,7,5,2,2,0.01,0.0,0.01,0.37,0.0,0.01,0.0,0.0,136142390000.0,0.03,0.12,0.6
2024-01-21,0.05,23,7,5,2,2,0.01,0.0,0.01,0.38,0.0,0.01,0.0,0.0,136142390000.0,0.03,0.13,0.62
2024-01-20,0.05,23,7,5,2,2,0.01,0.0,0.01,0.38,0.0,0.01,0.0,0.0,136142390000.0,0.03,0.13,0.62
2024-01-19,0.05,23,7,5,2,2,0.01,0.0,0.01,0.38,0.0,0.01,0.0,0.0,136142390000.0,0.03,0.13,0.62
2024-01-18,0.05,23,6,6,2,2,0.01,0.0,0.01,0.37,0.0,0.01,0.0,0.0,136142390000.0,0.03,0.13,0.61
2024-01-17,0.05,23,6,6,2,2,0.01,0.0,0.01,0.38,0.0,0.01,0.0,0.0,136142390000.0,0.03,0.13,0.62
2024-01-16,0.05,23,6,6,2,2,0.01,0.0,0.01,0.38,0.0,0.01,0.0,0.0,136142390000.0,0.03,0.12,0.61
2024-01-15,0.05,23,6,6,2,2,0.01,0.0,0.01,0.38,0.0,0.01,0.0,0.0,136142390000.0,0.03,0.12,0.61
2024-01-14,0.05,23,6,6,2,2,0.01,0.0,0.01,0.38,0.0,0.01,0.0,0.0,136142390000.0,0.03,0.12,0.61
2024-01-13,0.05,23,6,6,2,2,0.01,0.0,0.01,0.38,0.0,0.01,0.0,0.0,136142390000.0,0.03,0.12,0.61
2024-01-12,0.05,23,6,6,2,2,0.01,0.0,0.01,0.4,0.0,0.01,0.0,0.0,136142390000.0,0.03,0.12,0.63
2024-01-11,0.05,23,7,5,2,2,0.01,0.0,0.01,0.39,0.0,0.0,0.0,0.0,136142390000.0,0.03,0.13,0.62
2024-01-10,0.04,23,7,5,2,2,0.01,0.0,0.01,0.39,0.0,0.0,0.0,0.0,136142390000.0,0.03,0.13,0.61
2024-01-09,0.04,23,7,5,2,2,0.01,0.0,0.01,0.4,0.0,0.0,0.0,0.0,136142390000.0,0.03,0.13,0.62
2024-01-08,0.03,23,7,5,2,2,0.01,0.0,0.01,0.4,0.0,0.0,0.0,0.0,136142390000.0,0.03,0.13,0.61
2024-01-07,0.03,22,8,5,2,2,0.01,0.0,0.01,0.4,0.0,0.0,0.0,0.0,136142390000.0,0.03,0.13,0.61
2024-01-06,0.03,22,8,5,2,2,0.01,0.0,0.01,0.4,0.0,0.0,0.0,0.0,136142390000.0,0.03,0.13,0.61
2024-01-05,0.03,22,8,5,2,2,0.01,0.0,0.01,0.4,0.0,0.0,0.0,0.0,136142390000.0,0.03,0.13,0.61
2024-01-04,0.03,22,8,5,2,2,0.01,0.0,0.01,0.4,0.0,0.0,0.0,0.0,136142390000.0,0.03,0.13,0.61
2024-01-03,0.03,22,8,5,2,2,0.01,0.0,0.01,0.4,0.0,0.0,0.0,0.0,136142390000.0,0.03,0.13,0.61
2024-01-02,0.03,21,9,5,2,2,0.01,0.0,0.01,0.4,0.0,0.0,0.0,0.0,136142390000.0,0.03,0.13,0.61
2024-01-01,0.03,21,9,5,2,2,0.01,0.0,0.01,0.4,0.0,0.0,0.0,0.0,136142390000.0,0.03,0.13,0.61
2023-12-31,0.03,21,9,5,2,2,0.01,0.0,0.01,0.38,0.0,0.0,0.0,0.0,145132840000.0,0.03,0.12,0.58
2023-12-30,0.03,21,9,5,2,2,0.01,0.0,0.01,0.38,0.0,0.0,0.0,0.0,145132840000.0,0.03,0.12,0.58
2023-12-29,0.03,21,9,5,2,2,0.01,0.0,0.01,0.38,0.0,0.0,0.0,0.0,145132840000.0,0.03,0.12,0.58
2023-12-28,0.03,21,9,5,2,2,0.01,0.0,0.01,0.38,0.0,0.0,0.0,0.0,145132840000.0,0.03,0.12,0.58
2023-12-27,0.03,21,9,5,2,2,0.01,0.0,0.01,0.37,0.0,0.0,0.0,0.0,145132840000.0,0.03,0.12,0.57
2023-12-26,0.03,21,9,5,2,2,0.01,0.0,0.01,0.37,0.0,0.0,0.0,0.0,145132840000.0,0.03,0.12,0.57
2023-12-25,0.03,21,9,5,2,2,0.01,0.0,0.01,0.37,0.0,0.0,0.0,0.0,145132840000.0,0.03,0.12,0.57
2023-12-24,0.03,21,9,5,2,2,0.01,0.0,0.01,0.37,0.0,0.0,0.0,0.0,145132840000.0,0.03,0.12,0.57
2023-12-23,0.03,21,9,5,2,2,0.01,0.0,0.01,0.37,0.0,0.0,0.0,0.0,145132840000.0,0.03,0.12,0.57
2023-12-22,0.03,21,9,5,2,2,0.01,0.0,0.01,0.37,0.0,0.0,0.0,0.0,145132840000.0,0.03,0.12,0.57
2023-12-21,0.03,21,9,5,2,2,0.01,0.0,0.01,0.37,0.0,0.0,0.0,0.0,145132840000.0,0.03,0.12,0.57
2023-12-20,0.03,21,9,5,2,2,0.01,0.0,0.01,0.37,0.0,0.0,0.0,0.0,145132840000.0,0.03,0.12,0.57
2023-12-19,0.03,21,9,5,2,2,0.01,0.0,0.01,0.37,0.0,0.0,0.0,0.0,145132840000.0,0.03,0.13,0.58
2023-12-18,0.03,21,9,5,2,2,0.01,0.0,0.01,0.37,0.0,0.0,0.0,0.0,145132840000.0,0.03,0.13,0.58
2023-12-17,0.03,21,9,5,2,2,0.01,0.0,0.01,0.37,0.0,0.0,0.0,0.0,145132840000.0,0.03,0.13,0.58
2023-12-16,0.03,21,9,5,2,2,0.01,0.0,0.01,0.38,0.0,0.0,0.0,0.0,145132840000.0,0.03,0.13,0.59
2023-12-15,0.03,21,9,5,2,2,0.01,0.0,0.01,0.38,0.0,0.0,0.0,0.0,145132840000.0,0.03,0.13,0.59
2023-12-14,0.03,21,9,5,2,2,0.01,0.0,0.01,0.38,0.0,0.0,0.0,0.0,145132840000.0,0.03,0.15,0.61
2023-12-13,0.03,22,9,4,2,2,0.01,0.0,0.01,0.36,0.0,0.0,0.0,0.0,145132840000.0,0.03,0.15,0.59
2023-12-12,0.03,22,9,4,2,2,0.01,0.0,0.01,0.36,0.0,0.0,0.0,0.0,145132840000.0,0.03,0.15,0.59
2023-12-11,0.03,22,9,4,2,2,0.01,0.0,0.01,0.36,0.0,0.0,0.0,0.0,145132840000.0,0.03,0.15,0.59
2023-12-10,0.03,22,9,3,3,2,0.01,0.0,0.01,0.36,0.0,0.0,0.0,0.0,145132840000.0,0.03,0.13,0.57
2023-12-09,0.03,22,9,3,3,2,0.01,0.0,0.01,0.36,0.0,0.0,0.0,0.0,145132840000.0,0.03,0.13,0.57
2023-12-08,0.03,22,9,3,3,2,0.01,0.0,0.01,0.36,0.0,0.0,0.0,0.0,145132840000.0,0.03,0.13,0.57
2023-12-07,0.03,23,8,3,3,2,0.01,0.0,0.01,0.36,0.0,0.0,0.0,0.0,145132840000.0,0.03,0.14,0.58
2023-12-06,0.03,23,8,3,3,2,0.01,0.0,0.01,0.36,0.0,0.0,0.0,0.0,145132840000.0,0.03,0.14,0.58
2023-12-05,0.03,23,8,3,3,2,0.01,0.0,0.01,0.37,0.0,0.0,0.0,0.0,145132840000.0,0.03,0.14,0.59
2023-12-04,0.03,23,7,3,4,2,0.01,0.05,0.01,0.38,0.0,0.0,0.0,0.0,145132840000.0,0.03,0.14,0.65
2023-12-03,0.03,23,7,3,4,2,0.01,0.05,0.01,0.38,0.0,0.0,0.0,0.0,145132840000.0,0.03,0.15,0.66
2023-12-02,0.03,23,7,3,4,2,0.01,0.05,0.01,0.38,0.0,0.0,0.0,0.0,145132840000.0,0.03,0.15,0.66
2023-12-01,0.03,23,7,3,4,2,0.01,0.05,0.01,0.38,0.0,0.0,0.0,0.0,145132840000.0,0.03,0.16,0.67
2023-11-30,0.02,22,9,2,4,2,0.01,0.05,0.01,0.37,0.0,0.0,0.0,0.0,145132840000.0,0.03,0.17,0.66
2023-11-29,0.02,22,9,2,4,2,0.01,0.05,0.0,0.37,0.0,0.0,0.0,0.0,145132840000.0,0.03,0.17,0.65
2023-11-28,0.02,23,8,1,5,2,0.01,0.05,0.0,0.37,0.0,0.0,0.0,0.0,145132840000.0,0.03,0.17,0.65
2023-11-27,0.02,23,8,1,5,2,0.01,0.05,0.0,0.37,0.0,0.0,0.0,0.0,145132840000.0,0.03,0.17,0.65
2023-11-26,0.02,23,8,1,5,2,0.01,0.05,0.0,0.37,0.0,0.0,0.0,0.0,145132840000.0,0.03,0.17,0.65
2023-11-25,0.02,23,8,1,5,2,0.01,0.05,0.0,0.37,0.0,0.0,0.0,0.0,145132840000.0,0.03,0.17,0.65
2023-11-24,0.02,23,8,1,5,2,0.01,0.05,0.0,0.37,0.0,0.0,0.0,0.0,145132840000.0,0.03,0.17,0.65
2023-11-23,0.03,22,9,1,5,2,0.01,0.05,0.0,0.38,0.0,0.0,0.0,0.0,145132840000.0,0.03,0.17,0.67
2023-11-22,0.03,22,9,1,5,2,0.01,0.05,0.0,0.37,0.0,0.0,0.0,0.0,145132840000.0,0.03,0.17,0.66
2023-11-21,0.02,22,9,1,5,2,0.01,0.05,0.0,0.37,0.0,0.0,0.0,0.0,145132840000.0,0.03,0.17,0.65
2023-11-20,0.02,22,9,1,5,2,0.01,0.05,0.0,0.36,0.0,0.0,0.0,0.0,145132840000.0,0.03,0.17,0.64
2023-11-19,0.02,22,9,2,4,2,0.01,0.05,0.0,0.36,0.0,0.0,0.0,0.0,145132840000.0,0.03,0.17,0.64
2023-11-18,0.02,22,9,2,4,2,0.01,0.05,0.0,0.36,0.0,0.0,0.0,0.0,145132840000.0,0.03,0.17,0.64
2023-11-17,0.02,22,9,2,4,2,0.01,0.05,0.0,0.36,0.0,0.0,0.0,0.0,145132840000.0,0.03,0.17,0.64
2023-11-16,0.02,22,9,1,5,2,0.01,0.05,0.0,0.36,0.0,0.0,0.0,0.0,145132840000.0,0.03,0.17,0.64
2023-11-15,0.02,22,9,1,5,2,0.01,0.05,0.0,0.36,0.0,0.0,0.0,0.0,145132840000.0,0.03,0.14,0.61
2023-11-14,0.02,23,8,1,5,2,0.01,0.05,0.0,0.36,0.0,0.0,0.0,0.0,145132840000.0,0.03,0.15,0.62
2023-11-13,0.02,23,8,1,5,2,0.01,0.05,0.0,0.36,0.0,0.0,0.0,0.0,145132840000.0,0.03,0.14,0.61
2023-11-12,0.03,24,7,1,5,2,0.01,0.05,0.0,0.34,0.0,0.0,0.0,0.0,145132840000.0,0.03,0.14,0.6000000000000001
2023-11-11,0.03,24,7,1,5,2,0.01,0.05,0.0,0.34,0.0,0.0,0.0,0.0,145132840000.0,0.03,0.14,0.6000000000000001
2023-11-10,0.03,24,7,1,5,2,0.01,0.05,0.0,0.34,0.0,0.0,0.0,0.0,145132840000.0,0.03,0.14,0.6000000000000001
2023-11-09,0.03,24,7,1,5,2,0.01,0.05,0.0,0.34,0.0,0.0,0.0,0.0,145132840000.0,0.03,0.14,0.6000000000000001
2023-11-08,0.03,24,7,1,5,2,0.01,0.05,0.0,0.34,0.0,0.0,0.0,0.0,145132840000.0,0.03,0.14,0.6000000000000001
2023-11-07,0.03,24,7,1,5,2,0.01,0.05,0.0,0.34,0.0,0.0,0.0,0.0,145132840000.0,0.03,0.14,0.6000000000000001
2023-11-06,0.03,23,8,1,5,2,0.01,0.05,0.0,0.34,0.0,0.0,0.0,0.0,145132840000.0,0.03,0.14,0.6000000000000001
2023-11-05,0.03,24,7,1,5,2,0.01,0.05,0.0,0.34,0.0,0.0,0.0,0.0,145132840000.0,0.03,0.14,0.6000000000000001
2023-11-04,0.03,24,7,1,5,2,0.01,0.05,0.0,0.34,0.0,0.0,0.0,0.0,145132840000.0,0.03,0.14,0.6000000000000001
2023-11-03,0.03,24,7,1,5,2,0.01,0.05,0.0,0.34,0.0,0.0,0.0,0.0,145132840000.0,0.03,0.14,0.6000000000000001
2023-11-02,0.03,24,7,1,5,2,0.01,0.05,0.0,0.36,0.0,0.0,0.0,0.0,145132840000.0,0.03,0.14,0.62
2023-11-01,0.03,24,7,1,6,1,0.01,0.05,0.0,0.35,0.0,0.0,0.0,0.0,145132840000.0,0.03,0.14,0.61
2023-10-31,0.03,24,7,1,6,1,0.01,0.05,0.0,0.35,0.0,0.0,0.0,0.0,145132840000.0,0.03,0.14,0.61
2023-10-30,0.03,24,7,1,6,1,0.01,0.05,0.0,0.35,0.0,0.0,0.0,0.0,145132840000.0,0.03,0.14,0.61
2023-10-29,0.02,24,7,1,6,1,0.01,0.05,0.0,0.35,0.0,0.0,0.0,0.0,145132840000.0,0.03,0.13,0.59
2023-10-28,0.02,24,7,1,6,1,0.01,0.05,0.0,0.35,0.0,0.0,0.0,0.0,145132840000.0,0.03,0.13,0.59
2023-10-27,0.02,24,7,1,6,1,0.01,0.05,0.0,0.35,0.0,0.0,0.0,0.0,145132840000.0,0.03,0.13,0.59
2023-10-26,0.02,24,7,1,6,1,0.01,0.05,0.0,0.32,0.0,0.0,0.0,0.0,145132840000.0,0.03,0.13,0.56
2023-10-25,0.02,22,9,1,6,1,0.01,0.05,0.0,0.33,0.0,0.0,0.0,0.0,145132840000.0,0.03,0.13,0.5700000000000001
2023-10-24,0.02,22,7,3,6,1,0.01,0.05,0.0,0.32,0.0,0.0,0.0,0.0,145132840000.0,0.03,0.13,0.56
2023-10-23,0.02,23,6,3,6,1,0.01,0.05,0.0,0.33,0.0,0.0,0.0,0.0,145132840000.0,0.03,0.13,0.5700000000000001
2023-10-22,0.02,22,7,3,6,1,0.01,0.05,0.0,0.33,0.0,0.0,0.0,0.0,145132840000.0,0.03,0.14,0.5800000000000001
2023-10-21,0.02,22,7,3,6,1,0.01,0.05,0.0,0.33,0.0,0.0,0.0,0.0,145132840000.0,0.03,0.14,0.5800000000000001
2023-10-20,0.02,22,7,3,6,1,0.01,0.05,0.0,0.33,0.0,0.0,0.0,0.0,145132840000.0,0.03,0.14,0.5800000000000001
2023-10-19,0.02,22,7,3,6,1,0.01,0.05,0.0,0.33,0.0,0.0,0.0,0.0,145132840000.0,0.03,0.14,0.5800000000000001
2023-10-18,0.02,23,6,3,6,1,0.01,0.05,0.0,0.33,0.0,0.0,0.0,0.0,145132840000.0,0.03,0.14,0.5800000000000001
2023-10-17,0.02,23,6,3,6,1,0.01,0.05,0.0,0.33,0.0,0.0,0.0,0.0,145132840000.0,0.03,0.14,0.5800000000000001
2023-10-16,0.02,23,6,3,6,1,0.01,0.05,0.0,0.33,0.0,0.0,0.0,0.0,145132840000.0,0.03,0.14,0.5800000000000001
2023-10-15,0.02,24,5,3,6,1,0.01,0.05,0.0,0.25,0.0,0.0,0.0,0.0,145132840000.0,0.03,0.14,0.5
2023-10-14,0.02,24,5,3,6,1,0.01,0.05,0.0,0.25,0.0,0.0,0.0,0.0,145132840000.0,0.03,0.14,0.5
2023-10-13,0.02,24,5,3,6,1,0.01,0.05,0.0,0.26,0.0,0.0,0.0,0.0,145132840000.0,0.03,0.14,0.51
2023-10-12,0.02,24,5,3,6,1,0.01,0.05,0.0,0.25,0.0,0.0,0.0,0.0,145132840000.0,0.03,0.14,0.5
2023-10-11,0.02,24,5,3,6,1,0.01,0.05,0.0,0.25,0.0,0.0,0.0,0.0,145132840000.0,0.03,0.14,0.5
2023-10-10,0.02,24,5,4,4,2,0.01,0.05,0.0,0.25,0.0,0.0,0.0,0.0,145132840000.0,0.05,0.14,0.52
2023-10-09,0.02,24,5,4,4,2,0.01,0.05,0.0,0.25,0.0,0.0,0.0,0.0,145132840000.0,0.05,0.14,0.52
2023-10-08,0.02,24,5,4,4,2,0.01,0.05,0.0,0.25,0.0,0.0,0.0,0.0,145132840000.0,0.05,0.14,0.52
2023-10-07,0.02,24,5,4,4,2,0.01,0.05,0.0,0.25,0.0,0.0,0.0,0.0,145132840000.0,0.05,0.14,0.52
2023-10-06,0.02,24,5,4,4,2,0.01,0.05,0.0,0.25,0.0,0.0,0.0,0.0,145132840000.0,0.05,0.14,0.52
2023-10-05,0.02,24,5,4,4,2,0.01,0.05,0.0,0.25,0.0,0.0,0.0,0.0,145132840000.0,0.05,0.14,0.52
2023-10-04,0.02,24,5,4,4,2,0.01,0.05,0.0,0.25,0.0,0.0,0.0,0.0,145132840000.0,0.05,0.14,0.52
2023-10-03,0.02,24,6,3,4,2,0.01,0.05,0.0,0.25,0.0,0.0,0.0,0.0,145132840000.0,0.05,0.13,0.51
2023-10-02,0.02,25,5,3,4,2,0.01,0.05,0.0,0.24,0.0,0.0,0.0,0.0,145132840000.0,0.05,0.13,0.5
2023-10-01,0.02,25,5,3,4,2,0.01,0.05,0.0,0.24,0.0,0.0,0.0,0.0,145132840000.0,0.05,0.11,0.48
2023-09-30,0.02,25,5,3,4,2,0.01,0.05,0.0,0.24,0.0,0.0,0.0,0.0,144281090000.0,0.05,0.11,0.48
2023-09-29,0.02,25,5,3,4,2,0.01,0.05,0.0,0.24,0.0,0.0,0.0,0.0,144281090000.0,0.05,0.11,0.48
2023-09-28,0.02,25,5,3,4,2,0.01,0.05,0.0,0.24,0.0,0.0,0.0,0.0,144281090000.0,0.05,0.11,0.48
2023-09-27,0.02,25,5,3,4,2,0.01,0.05,0.0,0.24,0.0,0.0,0.0,0.0,144281090000.0,0.05,0.11,0.48
2023-09-26,0.02,25,5,3,4,2,0.01,0.05,0.0,0.24,0.0,0.0,0.0,0.0,144281090000.0,0.05,0.11,0.48
2023-09-25,0.02,25,5,3,4,2,0.01,0.05,0.0,0.24,0.0,0.0,0.0,0.0,144281090000.0,0.05,0.11,0.48
2023-09-24,0.02,25,5,3,4,2,0.01,0.05,0.0,0.24,0.0,0.0,0.0,0.0,144281090000.0,0.05,0.11,0.48
2023-09-23,0.02,25,5,3,4,2,0.01,0.05,0.0,0.24,0.0,0.0,0.0,0.0,144281090000.0,0.05,0.11,0.48
2023-09-22,0.02,24,5,4,4,2,0.01,0.05,0.0,0.28,0.0,0.0,0.0,0.0,144281090000.0,0.05,0.11,0.52
2023-09-21,0.02,24,5,4,4,2,0.01,0.05,0.0,0.28,0.0,0.0,0.0,0.0,144281090000.0,0.05,0.11,0.52
2023-09-20,0.02,25,4,4,4,2,0.01,0.05,0.0,0.27,0.0,0.0,0.0,0.0,144281090000.0,0.05,0.11,0.51
2023-09-19,0.02,25,4,4,4,2,0.01,0.05,0.0,0.27,0.0,0.0,0.0,0.0,144281090000.0,0.05,0.11,0.51
2023-09-18,0.02,25,4,4,4,2,0.01,0.05,0.0,0.27,0.0,0.0,0.0,0.0,144281090000.0,0.05,0.11,0.51
2023-09-17,0.02,25,4,4,4,2,0.01,0.05,0.0,0.27,0.0,0.0,0.0,0.0,144281090000.0,0.05,0.11,0.51
2023-09-16,0.02,25,4,4,4,2,0.01,0.05,0.0,0.27,0.0,0.0,0.0,0.0,144281090000.0,0.05,0.11,0.51
2023-09-15,0.02,25,4,4,4,2,0.01,0.05,0.0,0.27,0.0,0.0,0.0,0.0,144281090000.0,0.05,0.11,0.51
2023-09-14,0.02,25,4,4,4,2,0.01,0.05,0.0,0.27,0.0,0.0,0.0,0.0,144281090000.0,0.05,0.11,0.51
2023-09-13,0.02,25,4,4,4,2,0.01,0.05,0.0,0.26,0.0,0.0,0.0,0.0,144281090000.0,0.05,0.11,0.5
2023-09-12,0.02,25,3,4,5,2,0.01,0.05,0.0,0.26,0.0,0.0,0.0,0.0,144281090000.0,0.05,0.12,0.51
2023-09-11,0.02,25,3,4,5,2,0.01,0.05,0.0,0.27,0.0,0.0,0.0,0.0,144281090000.0,0.05,0.12,0.52
2023-09-10,0.02,25,3,4,5,2,0.01,0.05,0.0,0.27,0.0,0.0,0.0,0.0,144281090000.0,0.05,0.12,0.52
2023-09-09,0.02,25,3,4,5,2,0.01,0.05,0.0,0.27,0.0,0.0,0.0,0.0,144281090000.0,0.05,0.12,0.52
2023-09-08,0.02,25,3,4,5,2,0.01,0.05,0.0,0.27,0.0,0.0,0.0,0.0,144281090000.0,0.05,0.12,0.52
2023-09-07,0.02,25,3,4,5,2,0.01,0.05,0.0,0.27,0.0,0.0,0.0,0.0,144281090000.0,0.05,0.13,0.53
2023-09-06,0.02,25,3,4,5,2,0.01,0.05,0.0,0.27,0.0,0.0,0.0,0.0,144281090000.0,0.05,0.12,0.52
2023-09-05,0.02,25,3,4,5,2,0.01,0.05,0.0,0.27,0.0,0.0,0.0,0.0,144281090000.0,0.05,0.12,0.52
2023-09-04,0.02,25,3,4,5,2,0.01,0.05,0.0,0.27,0.0,0.0,0.0,0.0,144281090000.0,0.05,0.12,0.52
2023-09-03,0.02,25,3,4,5,2,0.01,0.05,0.0,0.27,0.0,0.0,0.0,0.0,144281090000.0,0.05,0.12,0.52
2023-09-02,0.02,25,3,4,5,2,0.01,0.05,0.0,0.27,0.0,0.0,0.0,0.0,144281090000.0,0.05,0.12,0.52
2023-09-01,0.02,25,3,4,5,2,0.01,0.05,0.0,0.27,0.0,0.0,0.0,0.0,144281090000.0,0.05,0.12,0.52
2023-08-31,0.02,25,3,4,5,2,0.01,0.05,0.0,0.27,0.0,0.0,0.0,0.0,144281090000.0,0.05,0.12,0.52
2023-08-30,0.02,25,3,4,5,2,0.01,0.05,0.0,0.27,0.0,0.0,0.0,0.0,144281090000.0,0.05,0.12,0.52
2023-08-29,0.02,25,3,4,5,2,0.01,0.05,0.0,0.26,0.0,0.0,0.0,0.0,144281090000.0,0.05,0.12,0.51
2023-08-28,0.02,25,4,3,5,2,0.01,0.05,0.0,0.26,0.0,0.0,0.0,0.0,144281090000.0,0.05,0.12,0.51
2023-08-27,0.02,25,4,3,5,2,0.01,0.05,0.0,0.26,0.0,0.0,0.0,0.0,144281090000.0,0.05,0.12,0.51
2023-08-26,0.02,25,4,3,5,2,0.01,0.05,0.0,0.26,0.0,0.0,0.0,0.0,144281090000.0,0.05,0.12,0.51
2023-08-25,0.02,25,4,3,5,2,0.01,0.05,0.0,0.26,0.0,0.0,0.0,0.0,144281090000.0,0.05,0.12,0.51
2023-08-24,0.02,25,4,3,5,2,0.01,0.05,0.0,0.26,0.0,0.0,0.0,0.0,144281090000.0,0.05,0.12,0.51
2023-08-23,0.02,25,4,3,5,2,0.01,0.05,0.0,0.26,0.0,0.0,0.0,0.0,144281090000.0,0.05,0.12,0.51
2023-08-22,0.02,25,4,3,5,2,0.01,0.05,0.0,0.26,0.0,0.0,0.0,0.0,144281090000.0,0.05,0.12,0.51
2023-08-21,0.02,25,4,3,5,2,0.01,0.05,0.0,0.26,0.0,0.0,0.0,0.0,144281090000.0,0.05,0.12,0.51
2023-08-20,0.02,25,4,3,6,1,0.01,0.05,0.0,0.26,0.0,0.0,0.0,0.0,144281090000.0,0.05,0.12,0.51
2023-08-19,0.02,25,4,3,6,1,0.01,0.05,0.0,0.26,0.0,0.0,0.0,0.0,144281090000.0,0.05,0.12,0.51
2023-08-18,0.02,25,4,3,6,1,0.01,0.05,0.0,0.26,0.0,0.0,0.0,0.0,144281090000.0,0.05,0.12,0.51
2023-08-17,0.02,25,4,3,6,1,0.01,0.05,0.0,0.26,0.0,0.0,0.0,0.0,144281090000.0,0.05,0.12,0.51
2023-08-16,0.02,25,4,3,6,1,0.01,0.05,0.0,0.26,0.0,0.0,0.0,0.0,144281090000.0,0.05,0.12,0.51
2023-08-15,0.02,24,5,3,6,1,0.01,0.05,0.0,0.26,0.0,0.0,0.0,0.0,144281090000.0,0.05,0.12,0.51
2023-08-14,0.02,24,5,3,6,1,0.01,0.05,0.0,0.26,0.0,0.0,0.0,0.0,144281090000.0,0.05,0.12,0.51
2023-08-13,0.02,24,5,3,6,1,0.01,0.05,0.0,0.26,0.0,0.0,0.0,0.0,144281090000.0,0.05,0.12,0.51
2023-08-12,0.02,24,5,3,6,1,0.01,0.05,0.0,0.26,0.0,0.0,0.0,0.0,144281090000.0,0.05,0.12,0.51
2023-08-11,0.02,24,5,3,6,1,0.01,0.05,0.0,0.27,0.0,0.0,0.0,0.0,144281090000.0,0.05,0.12,0.52
2023-08-10,0.02,24,5,3,6,1,0.01,0.05,0.0,0.27,0.0,0.0,0.0,0.0,144281090000.0,0.05,0.12,0.52
2023-08-09,0.01,24,5,3,6,1,0.01,0.05,0.0,0.27,0.0,0.0,0.0,0.0,144281090000.0,0.05,0.12,0.51
2023-08-08,0.01,24,5,3,6,1,0.01,0.05,0.0,0.27,0.0,0.0,0.0,0.0,144281090000.0,0.05,0.12,0.51
2023-08-07,0.01,24,5,3,6,1,0.01,0.05,0.0,0.27,0.0,0.0,0.0,0.0,144281090000.0,0.05,0.12,0.51
2023-08-06,0.01,24,5,3,6,1,0.01,0.05,0.0,0.27,0.0,0.0,0.0,0.0,144281090000.0,0.05,0.12,0.51
2023-08-05,0.01,24,5,3,6,1,0.01,0.05,0.0,0.27,0.0,0.0,0.0,0.0,144281090000.0,0.05,0.12,0.51
2023-08-04,0.01,24,5,3,6,1,0.01,0.05,0.0,0.27,0.0,0.0,0.0,0.0,144281090000.0,0.05,0.12,0.51
2023-08-03,0.01,24,5,3,6,1,0.01,0.05,0.0,0.27,0.0,0.0,0.0,0.0,144281090000.0,0.05,0.12,0.51
2023-08-02,0.01,24,5,3,6,1,0.01,0.05,0.0,0.26,0.0,0.0,0.0,0.0,144281090000.0,0.05,0.11,0.49
2023-08-01,0.01,24,5,3,6,1,0.01,0.05,0.0,0.26,0.0,0.0,0.0,0.0,144281090000.0,0.05,0.11,0.49
2023-07-31,0.01,23,6,3,6,1,0.01,0.05,0.0,0.27,0.0,0.0,0.0,0.0,144281090000.0,0.05,0.12,0.51
2023-07-30,0.01,22,6,4,6,1,0.01,0.05,0.0,0.28,0.0,0.0,0.0,0.0,144281090000.0,0.05,0.12,0.52
2023-07-29,0.01,22,6,4,6,1,0.01,0.05,0.0,0.28,0.0,0.0,0.0,0.0,144281090000.0,0.05,0.12,0.52
2023-07-28,0.01,22,6,4,6,1,0.01,0.05,0.0,0.28,0.0,0.0,0.0,0.0,144281090000.0,0.05,0.12,0.52
2023-07-27,0.01,22,6,5,5,1,0.01,0.05,0.0,0.28,0.0,0.0,0.0,0.0,144281090000.0,0.05,0.11,0.51
2023-07-26,0.01,22,6,5,5,1,0.01,0.05,0.0,0.28,0.0,0.0,0.0,0.0,144281090000.0,0.05,0.11,0.51
2023-07-25,0.01,22,6,5,5,1,0.01,0.05,0.0,0.29,0.0,0.0,0.0,0.0,144281090000.0,0.05,0.11,0.52
2023-07-24,0.01,22,6,5,4,2,0.01,0.05,0.0,0.3,0.0,0.0,0.0,0.0,144281090000.0,0.05,0.11,0.53
2023-07-23,0.02,21,7,5,4,2,0.01,0.05,0.0,0.3,0.0,0.0,0.0,0.0,144281090000.0,0.05,0.11,0.54
2023-07-22,0.02,21,7,5,4,2,0.01,0.05,0.0,0.3,0.0,0.0,0.0,0.0,144281090000.0,0.05,0.11,0.54
2023-07-21,0.02,21,7,5,4,2,0.01,0.05,0.0,0.3,0.0,0.0,0.0,0.0,144281090000.0,0.05,0.11,0.54
2023-07-20,0.02,21,7,5,4,2,0.01,0.05,0.0,0.3,0.0,0.0,0.0,0.0,144281090000.0,0.05,0.11,0.54
2023-07-19,0.02,21,7,5,4,2,0.01,0.05,0.0,0.3,0.0,0.0,0.0,0.0,144281090000.0,0.05,0.11,0.54
2023-07-18,0.02,21,7,5,4,2,0.01,0.05,0.0,0.3,0.0,0.0,0.0,0.0,144281090000.0,0.05,0.11,0.54
2023-07-17,0.02,21,7,5,4,2,0.01,0.05,0.0,0.3,0.0,0.0,0.0,0.0,144281090000.0,0.05,0.11,0.54
2023-07-16,0.02,21,7,5,5,1,0.01,0.05,0.0,0.3,0.0,0.0,0.0,0.0,144281090000.0,0.05,0.1,0.53
2023-07-15,0.02,21,7,5,5,1,0.01,0.05,0.0,0.3,0.0,0.0,0.0,0.0,144281090000.0,0.05,0.1,0.53
2023-07-14,0.02,21,7,5,5,1,0.01,0.05,0.0,0.3,0.0,0.0,0.0,0.0,144281090000.0,0.05,0.1,0.53
2023-07-13,0.02,21,7,5,5,1,0.01,0.05,0.0,0.31,0.0,0.0,0.0,0.0,144281090000.0,0.05,0.1,0.54
2023-07-12,0.02,21,7,5,5,1,0.01,0.05,0.0,0.31,0.0,0.0,0.0,0.0,144281090000.0,0.05,0.1,0.54
2023-07-11,0.02,21,7,5,5,1,0.01,0.05,0.0,0.31,0.0,0.0,0.0,0.0,144281090000.0,0.05,0.1,0.54
2023-07-10,0.02,21,7,5,5,1,0.01,0.05,0.0,0.31,0.0,0.0,0.0,0.0,144281090000.0,0.05,0.1,0.54
2023-07-09,0.02,21,7,5,5,1,0.01,0.05,0.0,0.31,0.0,0.0,0.0,0.0,144281090000.0,0.05,0.1,0.54
2023-07-08,0.02,21,7,5,5,1,0.01,0.05,0.0,0.31,0.0,0.0,0.0,0.0,144281090000.0,0.05,0.1,0.54
2023-07-07,0.02,21,7,5,5,1,0.01,0.05,0.0,0.31,0.0,0.0,0.0,0.0,144281090000.0,0.05,0.1,0.54
2023-07-06,0.02,21,7,5,5,1,0.01,0.05,0.0,0.31,0.0,0.0,0.0,0.0,144281090000.0,0.05,0.1,0.54
2023-07-05,0.01,22,6,4,6,1,0.01,0.05,0.0,0.31,0.0,0.0,0.0,0.0,144281090000.0,0.05,0.1,0.53
2023-07-04,0.01,22,6,4,6,1,0.01,0.05,0.0,0.31,0.0,0.0,0.0,0.0,144281090000.0,0.05,0.1,0.53
2023-07-03,0.01,22,6,4,6,1,0.01,0.05,0.0,0.32,0.0,0.0,0.0,0.0,144281090000.0,0.05,0.1,0.54
2023-07-02,0.01,23,5,4,6,1,0.01,0.05,0.0,0.3,0.0,0.0,0.0,0.0,144281090000.0,0.05,0.1,0.52
2023-07-01,0.01,23,5,4,6,1,0.01,0.05,0.0,0.3,0.0,0.0,0.0,0.0,144281090000.0,0.05,0.1,0.52
2023-06-30,0.01,23,5,4,6,1,0.01,0.05,0.0,0.3,0.0,0.0,0.0,0.0,144281090000.0,0.05,0.1,0.52
2023-06-29,0.01,23,5,4,6,1,0.01,0.05,0.0,0.3,0.0,0.0,0.0,0.0,144281090000.0,0.05,0.11,0.53
2023-06-28,0.01,23,5,4,6,1,0.01,0.05,0.0,0.3,0.0,0.0,0.0,0.0,144281090000.0,0.05,0.11,0.53
2023-06-27,0.01,23,6,3,5,2,0.01,0.05,0.0,0.31,0.0,0.0,0.0,0.0,144281090000.0,0.05,0.1,0.53
2023-06-26,0.01,23,7,2,5,2,0.01,0.05,0.0,0.31,0.0,0.0,0.0,0.0,144281090000.0,0.05,0.1,0.53
2023-06-25,0.01,23,7,2,5,2,0.01,0.05,0.0,0.31,0.0,0.0,0.0,0.0,144281090000.0,0.05,0.1,0.53
2023-06-24,0.01,23,7,2,5,2,0.01,0.05,0.0,0.31,0.0,0.0,0.0,0.0,144281090000.0,0.05,0.1,0.53
2023-06-23,0.01,23,7,2,5,2,0.01,0.05,0.0,0.31,0.0,0.0,0.0,0.0,144281090000.0,0.05,0.1,0.53
2023-06-22,0.01,23,7,2,5,2,0.01,0.05,0.0,0.32,0.0,0.0,0.0,0.0,144281090000.0,0.05,0.1,0.54
2023-06-21,0.01,24,6,2,5,2,0.01,0.05,0.0,0.31,0.0,0.0,0.0,0.0,144281090000.0,0.05,0.1,0.53
2023-06-20,0.01,24,6,2,5,2,0.01,0.05,0.0,0.3,0.0,0.0,0.0,0.0,144281090000.0,0.05,0.09,0.51
2023-06-19,0.01,23,7,2,5,2,0.01,0.05,0.0,0.29,0.0,0.0,0.0,0.0,144281090000.0,0.05,0.13,0.54
2023-06-18,0.01,23,7,2,5,2,0.01,0.05,0.0,0.29,0.0,0.0,0.0,0.0,144281090000.0,0.05,0.13,0.54
2023-06-17,0.01,23,7,2,5,2,0.01,0.05,0.0,0.29,0.0,0.0,0.0,0.0,144281090000.0,0.05,0.13,0.54
2023-06-16,0.01,23,7,2,5,2,0.01,0.05,0.0,0.29,0.0,0.0,0.0,0.0,144281090000.0,0.05,0.13,0.54
2023-06-15,0.01,23,7,2,5,2,0.01,0.05,0.0,0.29,0.0,0.0,0.0,0.0,144281090000.0,0.05,0.14,0.55
2023-06-14,0.01,23,7,2,6,1,0.01,0.05,0.0,0.29,0.0,0.0,0.0,0.0,144281090000.0,0.05,0.13,0.54
2023-06-13,0.01,23,7,2,6,1,0.01,0.05,0.0,0.29,0.0,0.0,0.0,0.0,144281090000.0,0.05,0.13,0.54
2023-06-12,0.01,23,6,3,6,1,0.01,0.05,0.0,0.3,0.0,0.0,0.0,0.0,144281090000.0,0.05,0.13,0.55
2023-06-11,0.01,23,6,3,6,1,0.01,0.05,0.0,0.31,0.0,0.0,0.0,0.0,144281090000.0,0.05,0.14,0.5700000000000001
2023-06-10,0.01,23,6,3,6,1,0.01,0.05,0.0,0.31,0.0,0.0,0.0,0.0,144281090000.0,0.05,0.14,0.5700000000000001
2023-06-09,0.01,23,6,3,6,1,0.01,0.05,0.0,0.31,0.0,0.0,0.0,0.0,144281090000.0,0.05,0.15,0.58
2023-06-08,0.01,23,6,3,6,1,0.01,0.05,0.0,0.32,0.0,0.0,0.0,0.0,144281090000.0,0.05,0.15,0.59
2023-06-07,0.01,23,6,3,6,1,0.01,0.05,0.0,0.32,0.0,0.0,0.0,0.0,144281090000.0,0.04,0.15,0.58
2023-06-06,0.0,23,6,3,6,1,0.01,0.05,0.0,0.32,0.0,0.0,0.0,0.0,144281090000.0,0.04,0.15,0.57
2023-06-05,0.0,23,6,3,6,1,0.01,0.05,0.0,0.32,0.0,0.0,0.0,0.0,144281090000.0,0.04,0.15,0.57
2023-06-04,0.0,23,6,3,6,1,0.01,0.05,0.0,0.32,0.0,0.0,0.0,0.0,144281090000.0,0.04,0.15,0.57
2023-06-03,0.0,23,6,3,6,1,0.01,0.05,0.0,0.32,0.0,0.0,0.0,0.0,144281090000.0,0.04,0.15,0.57
2023-06-02,0.0,23,6,3,6,1,0.01,0.05,0.0,0.32,0.0,0.0,0.0,0.0,144281090000.0,0.04,0.15,0.57
2023-06-01,0.0,24,5,3,6,1,0.01,0.05,0.0,0.32,0.0,0.0,0.0,0.0,144281090000.0,0.04,0.15,0.57
2023-05-31,0.0,24,5,3,6,1,0.01,0.05,0.0,0.32,0.0,0.0,0.0,0.0,144281090000.0,0.04,0.15,0.57
2023-05-30,0.0,24,5,3,6,1,0.01,0.05,0.0,0.31,0.0,0.0,0.0,0.0,144281090000.0,0.04,0.15,0.5599999999999999
2023-05-29,0.0,24,5,4,5,1,0.01,0.05,0.0,0.3,0.0,0.0,0.0,0.0,144281090000.0,0.04,0.15,0.5499999999999999
2023-05-28,0.0,24,5,4,5,1,0.01,0.05,0.0,0.3,0.0,0.0,0.0,0.0,144281090000.0,0.04,0.15,0.5499999999999999
2023-05-27,0.0,24,5,4,5,1,0.01,0.05,0.0,0.3,0.0,0.0,0.0,0.0,144281090000.0,0.04,0.15,0.5499999999999999
2023-05-26,0.0,24,5,4,5,1,0.01,0.05,0.0,0.3,0.0,0.0,0.0,0.0,144281090000.0,0.04,0.15,0.5499999999999999
2023-05-25,0.0,24,5,4,5,1,0.01,0.05,0.0,0.3,0.0,0.0,0.0,0.0,144281090000.0,0.04,0.15,0.5499999999999999
2023-05-24,0.0,24,5,5,4,1,0.01,0.05,0.0,0.31,0.0,0.0,0.0,0.0,144281090000.0,0.04,0.15,0.5599999999999999
2023-05-23,0.0,23,6,5,4,1,0.01,0.05,0.0,0.3,0.0,0.0,0.0,0.0,144281090000.0,0.08,0.15,0.59
2023-05-22,0.0,24,6,4,4,1,0.01,0.05,0.0,0.26,0.0,0.0,0.0,0.0,144281090000.0,0.08,0.14,0.54
2023-05-21,0.0,23,7,4,4,1,0.01,0.05,0.0,0.26,0.0,0.0,0.0,0.0,144281090000.0,0.07,0.14,0.53
2023-05-20,0.0,22,8,4,4,1,0.01,0.05,0.0,0.26,0.0,0.0,0.0,0.0,144281090000.0,0.07,0.16,0.55
2023-05-19,0.0,22,8,4,4,1,0.01,0.05,0.0,0.26,0.0,0.0,0.0,0.0,144281090000.0,0.07,0.16,0.55
2023-05-18,0.0,22,8,4,4,1,0.01,0.05,0.0,0.26,0.0,0.0,0.0,0.0,144281090000.0,0.07,0.16,0.55
2023-05-17,0.0,22,8,4,4,1,0.01,0.05,0.0,0.26,0.0,0.0,0.0,0.0,144281090000.0,0.07,0.16,0.55
2023-05-16,0.0,23,7,4,4,1,0.01,0.05,0.0,0.26,0.0,0.0,0.0,0.0,144281090000.0,0.07,0.16,0.55
2023-05-15,0.0,24,7,3,4,1,0.01,0.05,0.0,0.26,0.0,0.0,0.0,0.0,144281090000.0,0.07,0.16,0.55
2023-05-14,0.0,24,7,3,4,1,0.01,0.05,0.0,0.25,0.0,0.0,0.0,0.0,144281090000.0,0.07,0.15,0.53
2023-05-13,0.0,24,7,3,4,1,0.01,0.05,0.0,0.26,0.0,0.0,0.0,0.0,144281090000.0,0.07,0.15,0.54
2023-05-12,0.0,24,7,3,4,1,0.01,0.05,0.0,0.26,0.0,0.0,0.0,0.0,144281090000.0,0.07,0.15,0.54
2023-05-11,0.0,24,7,3,4,1,0.01,0.05,0.0,0.25,0.0,0.0,0.0,0.0,144281090000.0,0.07,0.15,0.53
2023-05-10,0.0,24,7,3,4,1,0.01,0.05,0.0,0.24,0.0,0.0,0.0,0.0,144281090000.0,0.07,0.15,0.52
2023-05-09,0.0,24,7,3,4,1,0.01,0.05,0.0,0.24,0.0,0.0,0.0,0.0,144281090000.0,0.07,0.14,0.51
2023-05-08,0.0,24,7,3,4,1,0.01,0.05,0.0,0.24,0.0,0.0,0.0,0.0,144281090000.0,0.07,0.14,0.51
2023-05-07,0.0,23,8,3,4,1,0.01,0.05,0.0,0.24,0.0,0.0,0.0,0.0,144281090000.0,0.07,0.15,0.52
2023-05-06,0.0,23,8,3,4,1,0.01,0.05,0.0,0.24,0.0,0.0,0.0,0.0,144281090000.0,0.07,0.15,0.52
2023-05-05,0.0,23,8,3,4,1,0.01,0.05,0.0,0.24,0.0,0.0,0.0,0.0,144281090000.0,0.07,0.15,0.52
2023-05-04,0.0,23,8,3,4,1,0.01,0.05,0.0,0.24,0.0,0.0,0.0,0.0,144281090000.0,0.07,0.15,0.52
2023-05-03,0.0,23,8,3,4,1,0.01,0.05,0.0,0.24,0.0,0.0,0.0,0.0,144281090000.0,0.07,0.15,0.52
2023-05-02,0.0,22,10,2,4,1,0.01,0.05,0.0,0.26,0.0,0.0,0.0,0.0,144281090000.0,0.07,0.15,0.54
2023-05-01,0.0,22,10,2,4,1,0.01,0.05,0.0,0.26,0.0,0.0,0.0,0.0,144281090000.0,0.07,0.15,0.54
2023-04-30,0.0,22,10,2,4,1,0.01,0.05,0.0,0.26,0.0,0.0,0.0,0.0,144281090000.0,0.07,0.15,0.54
